uid,gloss,duration,category
--7-rCNOiK0_1,branch,6,flora and fauna
-02y2VaVBmw,divorce petition,11,legal
-03Dju3yPHE,air conditioner,5,machine
-0Oo1kPonYQ,stapoo,6,sport
-0XujLX2_9I_2,application,6,action
-0gxfDidW6U,purple flowered plants,11,flora and fauna
-1AseGWh7vU,school uniform,4,wearable
-1aXmLMzHUI_1,squeeze,7,action
-2_NUxX4PVA_2,electrical energy,9,physics
-2iGhOnza38_1,raid,7,event
-37kn1vV9gc_1,defend,5,action
-3db5Hhn4mI_1,win,5,comparator
-4MbWP5T-cU,thank you,3,gesture
-5QTvDlGTcs_1,preliminary,7,attribute
-5lgXJQG0EM_1,doctor,7,profession
-5p4hn8J87A_2,hour,7,time
-65ryXubYjo,testify,14,action
-7IkPH6iIQA,uncle,3,relation
-8CjLUfRlbw_1,pig,7,flora and fauna
-A1P5WbuNo8,ladder,6,transport
-AvE2V_2a-c_1,cup,6,utility item
-C18cQCkCcw,pencil,4,utility item
-DDBcacIfeA_1,cosmetics,7,substance
-DHtnmdlaGk,agra,5,geography
-DsyH0Vd_7E,halter top,11,wearable
-E1n5hTjako_1,compact disc,8,computer
-EGNTwA_sEE_1,land acquisition,9,legal
-Em79Yvwac4_1,think,7,action
-F7HjAaemJU,sexual reproduction,13,biology
-HOXFEzH00I_1,circus,6,entertainment
-H_VzAnfyKk,coconut,4,foods and drinks
-I0sjwzg0tY_2,amplitude,15,physics
-IInvCVJXas,mushroom production,7,process
-IKgn_mGZrw_2,immiscibility,8,attribute
-It9bwqowig,twitter,4,internet
-JYukZxN6wQ_1,ugly,7,quality
-JcpfOHc0nE,blood pressure,6,medical
-Jr9EZz7Epo_1,eclipse,7,event
-Lnou_Pop1o,reservation,13,group
-MS1EdYqs48,gujarat,5,geography
-MjxNEvHUFw,rollerpaint,8,instrument
-N-gNuk_5PQ_1,unencumbered,8,banking
-NAB02gnpgo,polo shrit,6,wearable
-NCwiz-skM0_1,lame,7,biology
-NIz596Y27Q,severally,7,quantity
-NIz596Y27Q_1,severally,7,quantity
-NQKa7Pmhx4,nine,4,math
-NXGOOSb2sk,increase,5,comparator
-NpA8OS_Oj0_1,tennis,6,sport
-Oq_e89164c_1,deer,7,flora and fauna
-PFwmd8NQgI_1,fixed rate,7,banking
-PGXFLhDfS0_1,teacher,6,profession
-QF3_AuexYY,yolk,8,foods and drinks
-R02rqkyxHc_1,can,6,attribute
-RTVD5tM__A_1,hot,6,sensation
-SVSp2VtfRw_1,tired,7,sensation
-Sbg5dqo9cQ_1,undertaking,10,legal
-Tfg5XTzi0c_1,complaint,7,process
-UjDGBnJuQE,basic,5,quality
-V3IfRctpxQ_1,kilometer,7,metric
-VvuJx-TroA_1,day after,6,time
-W13ICFg13E,calendar year,12,time
-WuiIyEI6JU_1,prospectus,7,utility item
-XHIq_olkt0,ripe,5,quality
-ZJNHmctH-g_2,neutral,10,physics
-_axtLgdFao_1,diaeases,8,medical
-_ecaCc5kEM_1,par - above,8,comparator
-_ozohdfbV0,arrest,3,legal
-ayQ9-eEVPk,rafter,15,construction
-bUi5WuO58M_1,negligence,9,attribute
-cw3ySwZG-0_1,trouble,7,stage
-erR2LqPMDo_1,insects,7,flora and fauna
-i21y0g32n8,family tree,14,group
-i5XH3VNyZc_1,cobbler,7,profession
-j9UB4-TMdw,blouse,6,wearable
-js9xT4ze2M_1,difference,8,comparator
-kAnMQUsNqY,cancel,5,action
-kNkN1zSAfc,sometimes,4,abstract
-mGXVBz8pfs_1,criticize,6,action
-nITY8LhYgc,iron,5,metal and minerals
-ntsKq84BZI_2,statlonary wave,10,physics
-oJL0D3n2e0,best,3,quality
-oLpcbfuNIc_2,speclfic heat,8,physics
-oy6L89CeWU_1,cry,7,behavior
-p-Uj-p_Gso,see you tomorrow,4,greeting
-pH80nLq8FY,table tennis,5,sport
-pOaEEbLhEY_1,invent,6,process
-pc9BOR8QtA,panaji,4,geography
-qAGBp1JAh4_1,ruler,6,utility item
-qEvxlqG6xs_1,taxable,9,legal
-qhN2FaYkUc,anonymous,4,abstract
-qzWfnV26kw_1,with,6,abstract
-rahbCV2Pp4,understand,4,action
-rwYVwVdHns_1,trust deed,8,banking
-s7h4Re7Atk_1,residence,9,construction
-syzD8b7Uog,fork,5,utility item
-tXNpnzr08M,hack saw blade,7,instrument
-vcgtHff_po,motivate,4,action
-wpVNpcGvFk,yellow flowered plants,11,attribute
-x6DzWY7lmk,united nations,5,organisation
-x6oHEcUExQ,subtract,4,math
-xNmG6y1-9E,air vistara,6,transport
-y-dWznF2js_1,rough,7,sensation
0-pxIcGvk3w,brown,7,attribute
01THMylW6Mw,lok janshakti party,4,politics
01UZKDp47Ao_1,boil,6,action
039-5dIML0I_2,depth,9,attribute
03N4I9dc3RQ_1,spendthrift,7,action
03UqtTd9opc,pani puri,5,foods and drinks
04qLwQo-2MM,what is your name,4,abstract
06C4S0EBhBg_1,average,9,math
06FBQEEqthQ_1,seizure,10,medical
06lnhzFJMgo,idle talk,4,process
06tYXs9inPk_1,branch,6,flora and fauna
07jCt4FqQxY,method,5,math
08E4Dr0zyKk_2,difference,7,comparator
08z_-ESgSP0,bucket,5,utility item
09G-3IZyKrI_1,judge,6,authority
09qovLrSjow_1,whale,8,flora and fauna
0AH93vop9YA_1,frock,8,wearable
0AUmueBrflo,notesheet,5,utility item
0AW9acHJhNI,bharatiya janata party,3,politics
0BC8wWXW_wc,driver,5,profession
0BOyMqB1KUQ_1,accommodation,11,construction
0C-nMsdpftw,designer,11,profession
0CUyYc1R3OA,colombia,4,geography
0CvaaVM5mNs,leaders,14,authority
0DYb-qL1t0A,tomorrow,3,time
0DYcaZmhlkY,weather,7,weather
0E2yd3OjjsU,movie,4,entertainment
0EQEGldp9YA_1,footpath,7,construction
0ETSwMTLaac_2,attractive force,9,physics
0F7sYNf4uxU,put,4,action
0FHckg-WrEo,diving,5,sport
0F_szwrQs1g_2,artificial,8,abstract
0G7Xo4NN4fk,polisher,14,profession
0GYeM3IGjn8_1,school bus,6,transport
0HNvZZloffc_1,light,6,quantity
0IF3Nx6idPQ_1,zonal,9,geography
0IQ02IKMzUk_1,torch,7,electronic and electrical
0IhvPwnhGOg,national capital region,5,geography
0JIsxA88oss_2,grey,9,colour
0Kcn-1OPd84,reverse,3,abstract
0KeSJQiRAgo_1,coolie,6,profession
0LXJqXx8dVU,sari,4,wearable
0N47JPzl2Ow_1,adjustment,11,metric
0NMbSbEZ7G8_1,disappear,5,action
0NPpa4rNMoI_1,input,8,process
0NUyw07V03g,promotion,4,organisation
0O7xxbvMct0,institution,7,organisation
0OMlCdUKFSg,backdoor,4,miscellaneous object
0OxY1muGJhc,godet,14,wearable
0PKQWh0-C8o,slip,4,action
0PQM_cS1Jyg_1,funny,7,sensation
0PwKF0pTwpg,receipt,6,banking
0QITb6bNnHc,hearing,4,sound
0Qk8-_ZEmHM_2,precaution,7,abstract
0R6qq874H4c,propeller pump,15,instrument
0REGTy6eqSc,team,4,group
0RIpHMSqV4c,bank of maharashtra,4,banking
0RiCicL3Zg8_1,interest,9,banking
0RlsG9iQ6rk_1,window dressing,8,banking
0TGJCFJv2iU,mahavir jayanti,4,event
0ThvAhpHsDM,squirrel,4,flora and fauna
0UyMbBSxbM4,minority,4,group
0VSRJo2xZfI,breeds of poultry,11,flora and fauna
0VvmrIYSsR0_1,marth,6,human
0Xhmme0IrvU,mature,13,behavior
0YIk1iTjDVY_1,monday,6,time
0ZMXZUybS9M_1,until,6,time
0_3gIUNTp8U,translate,4,action
0_aBnLgwYuk,backdate,4,time
0_dU4pT_Ch4,conference,5,group
0cLdo9cL7y4,full stomach,5,sensation
0dz5Em9gsjk,sacrifice,4,action
0eCFVHc06YA_1,bell,5,miscellaneous object
0eNooDbmED4,oviparous,13,biology
0egx6MUyz0w,exporting graphics,15,computer
0fKqgIRvg-8,jharkhand,5,geography
0fO9xNyE9eU_1,obedience,7,behavior
0fdRLmUIlZE_2,indigo,10,colour
0ggPraT35p0,ranveer singh,4,human
0hEQ8ufcIQU,amritsar,4,geography
0hZluINun1Y,paraguay,3,geography
0hhs7A5uf3E,vision,4,abstract
0hkuayZghpM_1,circle,11,math
0i1qCUd3BdM_1,increase,8,comparator
0ijcVXYEvY8_2,tldal energy,9,physics
0klM2u7dV9M,aam aadmi party,4,politics
0kr-oJWV_wI_2,circular motion,11,physics
0lrX7s_3ScY,bowled out,4,sport
0ly7tC51g_o_1,sundry debtors,9,group
0msmxYxchSc,meditate,7,action
0nJrw8f2FLs_1,scold,6,action
0nVI2GBhbUQ_1,particulars,10,attribute
0n_FeKAXjUI,manage,4,action
0oJ_jMGRJCE,roof garden,8,construction
0oWHR36xnT8_1,this,5,relation
0p_iET-2TRw,pencil,4,utility item
0q7mwfrGneM_1,monday,5,time
0qDR-9wAiXk,diesel,6,transport
0rN_yoKLCRw_1,vault,10,banking
0sE5EMDNsDo,sorry,3,greeting
0t5NaJwemgI_1,mother,9,relation
0tUzIPQ31n8_1,drop,6,action
0uvuluJqqAM,listen,3,action
0vbtRdb9zTI_2,telephone,7,electronic and electrical
0vx6xWIEP_0_1,night,6,time
0wB165T8JuA,dirndl  skirt,13,wearable
0wY8TKOu5z0_1,audiologist,7,profession
0xVWH6F3Fz0,lose,4,sport
0xrgLBuhXG0,milter hat,8,wearable
0xxg0V8sb3w_1,audit,10,banking
0ykPPmSC3Wk,box pleats,6,wearable
0zTZkTkBAoU,world federation of the deaf youth section,4,organisation
0zqOg8HwQiM,ball bearing,13,machine
1-Zz07NcsKM,eleven,4,math
1-wpwyfm1Mg_1,angry,7,emotion
10KuxOH6cYM_1,interest,7,behavior
11derBixy2I_1,day,5,time
12zIYqZt4m8_1,person,9,human
14AboByr9GE_1,kind,8,behavior
14yNmnzY7X0_1,legal,8,legal
16P4ngMXeLM,4g,3,internet
17ar03dZ7bQ_1,security,9,legal
17sdVu62Og4,cut  line,12,instrument
181pBJw-eWg,july,4,time
18NS94mBGS4,grow,5,time
18Os6IiQRes_2,metre,8,metric
18Wi03A6brU,national,4,geography
18bO_HQbsF4_1,hurt,5,sensation
18f9RKQp4zw,resign,4,action
18hKLmAVIMg_1,june,6,time
1AId61ylQL0,v neck,9,wearable
1B-XlHxT32g_1,parents,10,relation
1B3HK-qQTHI_1,share,7,action
1B_wGNSS-uY,pink,6,abstract
1CVlY8md0JI_1,hire charges,10,banking
1DMSk1W0LSY_1,amritsar,6,geography
1EoEG8Pvc8Q,wifi,4,internet
1F-Blrvtuos_2,south pole,12,geography
1FXtTMWGzMY_1,matchbox,7,miscellaneous object
1FirQ_71-j0,ellipse tool,10,instrument
1FnNbApsiHg,poultry science,12,flora and fauna
1G3VZ_HWTWI,expertise,4,quality
1GJkBoBf-S0_1,stand,7,action
1HI4TKdLMOw,sign,3,gesture
1IQ2ygYhtG0_1,pure,7,attribute
1IZPvJn7an0,discuss,5,process
1Ih8aIET1t8,air deccan,5,transport
1KCDw7XLgU0,mahavir jayanti,4,event
1L1W-NyiguQ_1,mouth,8,biology
1MKJ9LGRot8_1,race,6,event
1MPaj2JcH1c,kotak mahindra bank,5,banking
1Mh8DMTca88,tap,5,utility item
1N2-vwG1gMs_1,elbow,7,biology
1NNgGxZWunM_2,semi solid,8,math
1NcamL3P63A,safe,4,attribute
1NqEYBhtmZE,sign,5,gesture
1O3tCXovrw8,humid,5,weather
1O9PueJaMDw_1,dhothi,7,wearable
1OGWcDShnx4_1,lorry,6,transport
1OPTSnDAImg,private,5,attribute
1OZTqBF7fFg,deposit slip,8,banking
1PVMa5B3rMs,soup,5,foods and drinks
1QOS_slPJS4,device setting,9,electronic and electrical
1R3n6vTHqzs_1,it,6,language
1Rdm3h9voMQ_1,nepal,6,geography
1RxiKpQqaJM,online banking,5,banking
1SPhtgudjI4_1,year of harvest,8,time
1STccvjvCKQ,selfish,3,behavior
1SWHwkSeN5M,assume,6,action
1SkZMNfDITQ,hard drive,5,electronic and electrical
1T-rlcPbebo,hygiene,5,attribute
1TZXeenr980_1,hope,7,action
1TiirpYN_W8,line,6,math
1ULJICYKp4E,grammar,5,language
1VHhWnMU21Y,ninth,6,math
1VMQKUMCDqc,yoke,9,wearable
1VYE8MAF6yY_1,hanuman,6,religious
1XEZmymH4e4,pisciculture,13,biology
1XFe7SCIQKw,anonymous,15,abstract
1XGaQTl0iQs_1,draftsmen,7,profession
1XLi2MXWjGc_1,today,6,time
1Xr-mIMAgvY,ground water,11,substance
1Zy29R7mOcM,suffer,5,action
1_PI2OxnryQ_1,gas stove,7,instrument
1aZYCh3HDZY,before,4,spatial position
1d0uOp_sG00,kidney cancer renal cell,4,biology
1d6PKNBVh04,sample,5,abstract
1dsbO78Qh5I,ready,4,abstract
1dzqHHOtvXI,vietnam,3,geography
1eodwdZ3isc,deadline,3,time
1f6OchgCQrE,me,5,human
1gZ9QlblgGs_1,syndication,10,commerce
1h164VbpnFo_1,pay,7,banking
1hBXvK7TuNo_1,prime minister,7,authority
1hghU7py9HI_1,corruption,7,legal
1hobNL7ofvg_2,resonance,11,sound
1hzdxU-RztQ_1,mountain,9,geography
1iCtgbRsFnE,popcorn,5,foods and drinks
1iZij0vXGiQ_1,client,15,human
1iqG_Rkp7f0,volkswagen,4,organisation
1js4OwpNYrc,attitude,4,behavior
1kJrmgJ0EMs,all india foundation of deaf women,4,organisation
1kRjJqOY1q0_1,double entry,11,banking
1kasuHeFIuw,language,3,language
1lGwbhBsuu4,backache,8,medical
1leH92mkoBI_1,snakes,6,flora and fauna
1mWlliCFyxM,escape,4,action
1nnXT-QVPpI_1,wrestling,6,sport
1ocgYJL04To_1,skirt,7,wearable
1p0Yw8NfadM_1,balance,8,banking
1pTz3GSNi6w_1,elbow,8,biology
1qV27cyAjEY,insect,7,flora and fauna
1rPm_3Csg8M_1,stock closing,9,banking
1rjhkQSKHSI,gold,4,metal and minerals
1s1-9Ve6LN8_1,thief,6,profession
1s1kck3BMLM,gulab jamun,5,foods and drinks
1sZ4BSOC8nc,grandmother,5,relation
1tA9YYn3oys,e office portal,9,internet
1tIRnOnG1LI_1,tuberculosis,9,medical
1tRmBdfaCwQ,reward,4,miscellaneous object
1tst7-aazJo,warn,3,action
1tyx9hWefCk,similar,5,comparator
1uQyCwx-fEE_1,announce,6,action
1uiUwkOZyis,milk bottle,5,utility item
1vIbJ1xeH6c_1,berth,8,transport
1vPiHLNlbBw,engineer,5,profession
1vj0PwGPGss,death certificate,3,readable
1vjgq4r7OQs,lacing,11,process
1vpIZUFKZpQ,lunch,3,foods and drinks
1wTikbR4vsE,scared,4,emotion
1wVR6wsoIfw_2,complete,8,process
1w_bYsmoFKA,email,4,internet
1wmnjSPpUHs,calculator,5,math
1x9a9JTehm8,dissent,5,action
1xOrQM7AP9g,vector graphics,8,computer
1xTATM3v8k4,umbrella,3,utility item
1yVn9e5zDKU,isl,5,language
1yd6Uo25Ge0_1,hate,7,emotion
1yd8COXSRrg_2,simultaneous,10,time
1z5RuDOokzk,guilt,5,emotion
1zOTclxTpZ0_1,drive,6,transport
2-0sLH5bX0k,oriya,6,language
2-6FnMinc3U,knife,5,utility item
2-VcJVXUBKw_1,leave compensatory,10,profession
2-YiNRKp7xI,legged robots,13,electronic and electrical
2-oX2aeeV9M,welding hand screen,6,miscellaneous object
203WGsHFjhI,divorce,6,legal
20ZBNdEFT6c_1,police,6,profession
21Y0f3QHoKo,rupee,5,banking
23L4Zan3GuY,shaving razor,4,utility item
23kjqyecBwE,fine,4,emotion
25Ju8FP3zV8,parliament,5,legal
267RgFdcIM8_2,mho,9,metric
26vEFQYbzvc,krishna,5,religious
27q3W_M38Ts_1,flood,9,event
299nspHeeag_2,colllsion,8,physics
2AGfP7x3obk_1,sit,7,action
2BI51rfBot0_1,decrease,9,comparator
2CbOSGxS80s,video relay service,4,electronic and electrical
2Cf1btUy1NI,nephew,5,relation
2CjHiFW898s,jasminum sambac,9,flora and fauna
2CrAogKMFeo_1,balcony,9,construction
2DAexoF0SsA_1,thief,6,profession
2DspG3QZfrU,taste,14,sensation
2EgTWnIIS3Q_1,matchbox,8,miscellaneous object
2GL0HkOQVmA,shy,4,behavior
2GS4eJRYIi8,get up,4,process
2GYl9B7mF4A_2,straight,8,spatial position
2HZkAQx4QXg_1,laboratary,8,education
2Hp-Yy2Qwn0_1,suspend,11,legal
2JY-9q3ehfY,ladder,6,transport
2KrNWzeY_dU,paytm payments bank,6,banking
2LLe-kRAu0o,inauguration,4,event
2L_H8HYM5hE,accounts,4,banking
2MlaLGpWk74,keying,14,action
2MvrW4Vw7ZU,indigo,6,colour
2NNiSDCb0ek_1,deaf,7,medical
2OZj2Tt8dAA_1,sugar,6,foods and drinks
2Os6w6jmxIg,scissors,4,utility item
2PcBSQ4A8XM,parrot,5,flora and fauna
2QrMULTorPY,meghalaya,4,geography
2R_HbT1AO0c,flush door,5,construction
2SBugE72qbg_1,nose,8,biology
2U643_QFXA8_2,engine,9,machine
2UL2iPLFUTE,rank,5,organisation
2VUCXrEllWo_1,ghee,6,foods and drinks
2VssiV_sEIo,burden,15,emotion
2WBsjTVGFDw_1,thursday,6,time
2WzVp7AncT4_2,coherent,7,physics
2XXjH0ZsdTg_1,heavy,7,attribute
2XbRuRKOfRE,kuwait,4,geography
2ZARB_EzwH4_1,term of office,11,legal
2ZMZ0wFUmdI_1,toothbrush,7,utility item
2bDOqi4YXtI,paragraph,4,language
2bxNtdmwWmo_1,salary,8,banking
2c8it0IZnyw_1,miss,5,emotion
2cCGTlNYZCQ,manipur,4,geography
2cDgDbxkXFE,parents,4,relation
2cNWWG800gc_1,memo,7,legal
2cW9Z4UPvgA_1,bill,7,banking
2dd7JFwQPh0,permanent,4,attribute
2e5SUxTjVvI,delhi,4,geography
2gAXTX3_db8_1,servant,7,profession
2iB4Rwtng94,albania,4,geography
2iWRUv6eMls,twenty,4,quantity
2ieSeOjAJZE,dustbin,5,utility item
2kHyMlPqHpg_1,majority,9,quantity
2kg98yjEHcE,summon,11,legal
2kiOvqNPlEE,soldier,5,profession
2lPUKkvlZvE,mean,4,behavior
2lX7iTDBWP8_1,april,6,time
2mKv8y9bYI0,powerlines,10,electronic and electrical
2mZBDcRjP-Q_1,weaver,6,profession
2nQwUc_jbRY_1,stars,7,astronomical
2oHjc0njDdo,election,5,event
2oYEEIt4HFs,each,4,quantity
2p00fwBvXEs_1,state,5,geography
2pjUxRe91qU_1,teeth,7,biology
2praG1zS_-c_1,breathe,8,action
2qRR4hQZAdA_1,change,4,action
2qV_PsuKKvE_1,peteti,8,event
2tX3eQTM1Lc_2,colour filter,12,colour
2tawxaYAZcA,panama,3,geography
2tp3AspW6TA,karnataka,4,geography
2u2aH81FDWM,preposition,7,language
2uRtqd5Mxmc,riverine,15,geography
2vUvW-0XfUE,bharatiya janata party,4,politics
2vdw_PjA8FE,role,4,action
2vfL9h_KiJE_1,peon,7,profession
2w6c7g7ZPKo_1,labourer,9,profession
2wA4J_9FFIc_1,foot,7,biology
2yARXoO8Nrg_2,amount,8,metric
2yDcFJQ3t8Y,zebra crossing,6,transport
2yJXBFhvqk0_1,shop,6,action
2yqiuXXxZ3Y_1,cheque postdated,12,banking
2zv3MpREUNA,private secretaryps,14,profession
3-JaJnYcae8_1,durga,6,religious
30OIyeGhcQM,swallow,7,biology
31IAr_rm054_1,face,7,biology
31l98A8z-h4,sikhism,4,religious
32OshNWYUgE_1,evening,7,time
32SWjSJrL0s_1,spot exchange,8,banking
33mc9fTI8tE_1,goods,10,utility item
33nznChivz8_1,hang,6,action
34UjBeye-E0_1,advertisement,7,internet
34WMjwYFdsI,dissent,5,action
36-jdo8Gt4o,sun,3,astronomical
37KfHOkm_mM_1,lnaugurate,7,process
37bLyyxKZKs,punish,4,action
37i_Xt_w0Rs,capable,6,attribute
37z5dnLqYms,ovi viviparous,15,biology
380a54uCumQ,bike suspension,9,machine
38_FvLAz4Lo_1,police,7,profession
38hLbeCJAtA_1,decrease,6,comparator
39tZrKjvdQM,hard,5,quality
3Azhh428me8,october,5,time
3BJDzOlCGcc_1,down,5,spatial position
3DOyNnKRg0c_1,tribal,8,group
3DSsRKPkiGI,nappy,6,utility item
3DVy0Znsfj0_1,title,12,attribute
3DeQ1zZ5pjo_1,delhi,6,geography
3ETJPlFTcwk_1,spilt,7,action
3EU1DcenjJw,tripura,5,geography
3Eq8FeSFJpY,scan,5,action
3FY7bYQBJ8M,alcohol,4,foods and drinks
3FhNDV9UDzc,ruthless,5,behavior
3FlXNEmG6h0,lemon,5,foods and drinks
3GbJlbAKUy8_2,erect,6,attribute
3GlZqV3RSp0,jump,6,process
3HMUM-9pQj0,archery,4,sport
3I1fwIgGXv8,name,3,language
3I2-zG4Ymb4,force,4,physics
3IHHaKspcfA,pole vault,5,miscellaneous object
3KS9SiHwRVI,africa,4,geography
3L80qKk4daI_2,printed circuit board,11,electronic and electrical
3MeFx_eYZK0_1,under subscribed,7,banking
3MoTC6iB3xQ,organization,4,organisation
3MxE482U2Ns,pull someone's leg,3,action
3NIFg2ExoMs,scratch,5,action
3NPxIy6OXzg_1,drawer,8,construction
3NUcsb2W1OQ_1,tusks,6,biology
3OHkLPutuYM,legalese,15,legal
3R3KvYV43nQ_1,shop,6,action
3RKj4XQRxkc_2,metal,9,metal and minerals
3Rn7sqmjgWo_2,osmosis,7,physics
3S1RLtVj7PE,sweater,4,wearable
3SBcHgw6wRM,minor,8,behavior
3SIXJfwYlFw,anniversary,9,event
3SRihi99gjc_1,home,8,geography
3SRqBpgSrqI_1,week,6,time
3SS49K8MK1w,belt loops,7,wearable
3Sct_ii1-yQ_1,drawer,11,construction
3T5RJ1_NFrM_1,milk,6,foods and drinks
3TNpBwr-Cxo_2,transformation of energy,9,physics
3TSVb2e1zJw_1,saturday,6,time
3UYC9939yQw_1,improve,5,time
3VP2rlxefJI,magnetic ink character recognition,15,computer
3VSNwJnUmdA,adobe acrobat reader,9,computer
3WEkK4AaiV4,kidney beans,6,foods and drinks
3X2TOqyDgv8,peas,4,foods and drinks
3X7DZIiH2ZQ,uzbekistan,4,geography
3XCX0YETmuk_1,sunday,6,time
3Y7KPnUv9kA,animals,4,flora and fauna
3aJtWIMsFx8,cpi,4,education
3bAW9KtLSXk,gardener,5,profession
3bV2PgWlc7M,peas,4,foods and drinks
3cluYDK8u08_1,acting,11,action
3cp85oNRRj8_1,tongs,6,instrument
3dJCO6ExmY0,real estate agent,6,profession
3e4K5QbywVc,ports tab,5,electronic and electrical
3fG2P5D8Jm0_1,open,6,action
3fKtgE9aQso,yesterday,3,time
3g-VyVR_iyU,nervous,4,emotion
3gymi4f7hps_1,lay off,8,banking
3h4uBHZ4J2Q_1,december,6,time
3hIkQEZ923Q_1,joumal entry,10,readable
3hTK036o_F4_1,group,9,group
3ir8Rnwx8TY,potato,4,foods and drinks
3jg1TpRzkGs,ear,5,biology
3kNaobravCU,office,3,organisation
3kbyPG13anw_1,tell,7,action
3lMNHGXNQ3Q,uganda,4,geography
3muHDD0neyo,warm,3,weather
3n8cKQOSZfM,semicircle,4,math
3ncXcBiwveA,magician,4,profession
3nnG7x_qkck_1,night,7,time
3pZp4IFQCuA,parts,3,math
3ppf7DdzKvA,search,4,action
3pqDm0UKO14,first coat,10,wearable
3qKiJRMOzsc,watermelon,4,foods and drinks
3sX8OzIgyIc_2,capacity,11,quantity
3snObAxKXOQ,dress,3,wearable
3t63THdE5wM,each,5,quantity
3tFefLfXIn4_1,september,6,time
3uHfsQnqReY_1,bathroom,11,construction
3uW2Y--Yd9U,sand paper,14,utility item
3uyNF9yZCCw_1,sand,9,geography
3v5Id7dDttk,buddha purnima,6,religious
3vAxsFOJdVo,germany,4,geography
3vXJ605MFbU,maybe,3,language
3wKsYea6rfs_1,wood,7,miscellaneous object
3wgPDtFtXWE_1,waive,5,action
3xKJDf869EY,value,3,attribute
3y-nQO6e5iQ,go air,5,organisation
3y4vcRJBNs0,restart,6,action
3yRZjuvtEd0_1,arm,8,biology
3ymIgijDrC0,owl,5,flora and fauna
3zXseLcBn4A_1,entertainment,5,entertainment
3zbf5Y2id1U_2,universe,12,astronomical
4--6iRQ6-7A,amazon,5,organisation
4-LrYNRVVZk_1,delete,8,action
4-d6EGJjZNk,travel,4,action
40AA6WkT-Ys_2,centrifugal,14,physics
413unEDKRXQ,dwarf,6,attribute
41OGaqeAUMg,glass block,9,substance
42CmhRt0ANs_2,electric charge,9,physics
42WTTq2hqh8_1,bill,8,banking
42axCoiER4s,similar,4,comparator
42cPzLjkVEs_1,statement of account,9,banking
44mCQaeKBVw,last month,5,time
44ueVmAA5W4,acceptance letter,6,education
46-lhzhJf78,praise,4,action
461WaV7kRxw_1,sky,6,abstract
46EMlBxuYAU,tailor,5,profession
46eCCVvkyIc,jawaharlal nehru,4,human
46tD7Du6BNs,measuring tape,5,instrument
48ODiLP2VgA,summary,5,education
49bdeG9jPdM,nematode control,15,biology
49c0qMhaE20,hydraulic sprayer,10,utility item
4AMULo6htKw,disconnect,7,action
4ANEdd5HfAs,withdraw money from bank,6,banking
4BBTQpBwAXw_1,rectification,8,chemistry
4BNqHj-lQaE,list,5,readable
4C5snSNt79Q_1,hours,6,time
4CrR5m-eSIs,ring spanner,11,instrument
4EihrPe_PfY,recent,5,time
4FQuX9bwT2I,flower for medical importance,10,flora and fauna
4FldxWjLykY,arunachal pradesh,4,geography
4GH0wBiRfX4_1,security continuing,10,legal
4HMKoVmJQ0E_1,key,7,utility item
4I-jm9Ng7YU_1,minimum,9,comparator
4ILXbXTUUp4,periods,3,biology
4IR40ptGTIU_1,rat,6,flora and fauna
4Irn82ukR2M_1,post card,8,readable
4J5r3KmJCPU_1,follow,8,action
4JLkY7vGCHM_1,typist,6,profession
4JPQ0EUdcbg,repair,4,action
4K-4FU5l7cY_1,time,6,time
4KOdh-2oe8Y,cop,6,profession
4KjtR4PwJVM_1,differential rate of interest,11,banking
4KttVgLezuY_1,mysore,7,geography
4LM1k8KifiY,situation,4,time
4LndvMQ2dO0,weightlifting,3,sport
4MB7jUMQvac,autumn,10,time
4MDuw5Pj-94_1,balance closing,10,banking
4NzoLuGTigs,electric bus,13,transport
4OMY6uJx-O4_1,fresh,8,quality
4Os2Hh06GPc_1,earth,8,geography
4P7EFM3C4MM,smog,15,chemistry
4Q0ANLHhzwk_1,sun,6,astronomical
4QdYqEbZu8Q,recently,5,time
4QkxfvOC3go_1,how much,6,quantity
4Qm7AgT_VKg_1,income tax,8,banking
4RBAWNsG8Hk_1,geometry,8,math
4RNnYGS3E34_1,feather,7,flora and fauna
4RTN56hfFTM_2,nuclear reactor,13,physics
4Ruem9NXrqw_1,std,9,medical
4SRWa0Z5c8Q,hollow blocks,10,construction
4SlMtTeUkEE_1,monday,5,time
4TLvls1tSgA_1,company,10,organisation
4TXbOxz60R4,online,6,internet
4TubhVVN1ds_1,father-in-law,11,relation
4TymgqvinvY,socks,3,wearable
4UMMRCc0Iak,addendum,7,readable
4UvD29cSe1U_1,duration,10,time
4Vj5NM9KRzY,tuberculosis,4,medical
4WDhqg6s8lw_1,take,5,action
4WuV_HD-hZ0_1,vegetarian,6,foods and drinks
4XFgnsejElI,photocopy,5,miscellaneous object
4XYSXKlhpE0_1,suspend payment,12,banking
4ZGhwybcIc0,separate,4,action
4ZJOFmnUXOI_1,acknowledgement,13,action
4ZhRcyVJKu4_1,way,6,process
4aB00bo7A5M_2,diesel,10,transport
4accXsYqRnA,what,3,abstract
4aqQ1oxaHVU_1,measure,6,math
4bEmX9n5WqQ,aunt,6,relation
4bUNNgy6hOg_1,air,7,substance
4bjLAMYZciw,strange,5,behavior
4bzRDATIEGY,ladder,8,transport
4ee_deI0hZA_1,olympics,5,sport
4epyVRUXIWA,computer,4,computer
4f7OqHEUjDs,elevation,15,geography
4fOrzw3MpL4_1,reservation,7,group
4fPciu-8Bmw_1,sing,6,action
4g99hQUlSd4_1,climb down,6,action
4gyV6cLT2o4_1,form,9,readable
4gzoWw7xiig,date of retirement,13,time
4hI14OUpXoc,reaper bainder,15,instrument
4i5RCrOMoZk_1,kerala,6,geography
4iLJjksh3C8,smoke,4,chemistry
4imVoSmU5vc,mauritius,4,geography
4iyCzQFjHV4,construction,5,construction
4jSr_zyFag0_2,radiation,10,physics
4joUJiIztMI_1,bad,8,quality
4kKAKsQ5mGU_2,force,11,physics
4lQ5qbaS0Gg_1,cupboard,8,utility item
4m7m4ClAPJA,unfair dismissal,12,action
4mBsmsNlAco,classification of fungus,9,action
4mzBkoNvj34,queue,3,group
4nHooc3YAYI_1,india,8,geography
4oJ4RzPUxyQ_1,city,5,geography
4oV0XT2-nKE_2,solld fueis,9,substance
4onhprzwUMw,everyday,4,time
4pCZtQ36l1k,informal,5,attribute
4qH-OH2VhXk,appliances control,13,electronic and electrical
4rK-NM-p-Fw_2,pump,8,machine
4rworePKeMo,wavy hair,5,attribute
4tKpSwmWzRc,ten thousand,6,math
4uvlneM9L7I,blue flowered plants,11,flora and fauna
4w17tl-wULc_1,resignation,7,action
4w6FgMm-XfU_1,remember,7,action
4wFoBAr9SJk,mating method of poultry,14,biology
4xXU89_oMx0,sub directory,10,computer
4xoxfnCknFc,advantages of drainage,12,construction
4xykTArwSSg,air india,6,transport
4yEYl3wJ-2g_1,mandatory,7,legal
4yJrFqyUKuA,asystole,5,medical
4yr92W_JhD0_2,microwave,8,electronic and electrical
4zUppDrDP-Q_1,officer,7,profession
5-DDBSyDDqM_1,bedsheet,9,utility item
5-Twa3eHlf4,slap,3,action
5-YpUXKTx2Q_1,grandson,11,relation
5-vEsZ3vXPs,like social media,4,internet
5-z6W_-oGLA,htc mobile,6,organisation
50A9vnIaQNE,biscuit,3,foods and drinks
50Age2AKB6g,infection,15,biology
50ifEC4lOTQ,funeral pyre,5,construction
50jD8JNDy1s,already,3,time
50rdgc3m1wM_1,lotus,6,flora and fauna
51zM9pARAnY_1,blood,8,biology
52KfVYsiiXw,shooting,3,action
52PLBwiKgNs_1,irrevocable,11,attribute
52TTzIUKAAI,monday,4,time
52a1sCV-74w_1,do,6,action
53Srb_Pjvt0_1,pyjama,7,wearable
53i9PPrlt6o_1,narrow,7,quality
543L-qWLyCY_1,slip,6,action
54Y12afDi_M_2,potentiometer,10,instrument
55QkR-ok9Wg_2,alternate current,8,physics
56068bo3XzU_2,acceleration,7,physics
562GxmYvvsg_1,guwahati,5,geography
56AJoGhwvLI_1,retail,10,quantity
56SnemyXYDM_1,monetary,7,banking
575bTm_lAtE,hsbc bank,5,organisation
57wK5eB74gw,consultant,6,profession
58CE934Cxk0_1,ride,8,attribute
59fqI8xBVzw_1,allow,6,action
59i-nVlaygI,triangle,3,math
5AqV_omHThc_1,rate,5,banking
5B0lLJXGREY_1,calcutta,6,geography
5BpSu2_wXqs_1,smooth,8,quality
5BwB9bxmvGY_1,account day,8,banking
5C7Uj6oTrCI_2,coordinate,8,action
5DK7JulpR9g_1,duster,6,utility item
5DjHf74Wzyk,late,4,time
5Dmdenxy5PQ_1,triangle,10,math
5FInx5vD418,musician,7,profession
5FSC6Og1RBQ_2,water,8,substance
5G6-x1aI0yI_1,nominate,6,action
5GWUar402WQ,paytm,5,banking
5GbIspbaNZA_2,rubber,9,utility item
5HcRMHu5vNM,rotating tool,12,instrument
5IDn1RRczUo_1,computer,8,computer
5ISUVe2dXX8_1,agriculture,10,profession
5J8efbi3d6A,bobbinet,8,wearable
5Joy5x30t6E,deer,4,flora and fauna
5Jr5AHU6DQI_1,throat,7,biology
5JrVqdElpw4,cabbage,5,foods and drinks
5MpBZLk82m8_1,litre,6,metric
5MtZYbYZhIo,astronaut,7,profession
5NZ2WDtePsU_1,goat,6,flora and fauna
5NwQvEmIQdY,manner,4,emotion
5NyBQ0If_iA,environment,4,biology
5PHRpx9Lqzc,tongs,5,instrument
5PLTkywHZ50,red flowered plants,11,flora and fauna
5QEBvIx9U0w,gun,3,machine
5QIrV6DdCG0,co accused,14,legal
5QOHsTpMPlM_1,fire,8,substance
5QnbWBcMSSA_2,independent,10,attribute
5Qu6asXdlFs,interview,6,process
5RD0XpWkclQ,kilometre,9,metric
5SkNxNsxu_E_1,date,5,time
5T4-x5twTKo_2,distribute,7,action
5TJpvP7Ksbk,indoor gardening,11,profession
5TWOGQz75xc,paan,5,foods and drinks
5TdjY77NHDE_1,funny,6,sensation
5ToU3NVFX_Q,weekly,11,time
5U9kzmEMhoA,soil physics,15,physics
5Vs-9iTD6nA,ingadulicis,13,flora and fauna
5WFDWbMDynQ,vodka,4,foods and drinks
5WjkSj17yjE_1,wait,6,action
5YO6JToom0U,public,4,attribute
5YiMdn9qyYw,seam ripper,11,instrument
5Yw2lTDlGnY_1,wednesday,5,time
5ZQ26qxo_qY_1,fall,5,action
5Z_Rm0W-HgE,indian sign language research and training centre,5,organisation
5Zpf5yMNgc0_1,hot,5,sensation
5_XwDbt8TGc,grass,4,flora and fauna
5abyQsJRQIY,kidney beans,4,foods and drinks
5anbkZmuIaQ,age,4,stage
5at6UD4G24k_1,valid,7,legal
5b-82ujbB1g,glass cutter,14,instrument
5buFHMBPDy4,wound,4,medical
5bwdijeaEjE_1,fear,7,emotion
5c0M_nkTsmg,knock,3,gesture
5cNi4x3S8RA,reporter,4,profession
5cQsAM_VpBw,beam,7,construction
5dKLdjBujo4_1,scope,9,abstract
5dPJr4Pent8,peacock,4,flora and fauna
5dvE8jj59zQ_1,account charges,13,banking
5fAIyKZuqjs_1,puja,6,religious
5gyfQ4lGoao_1,page,6,utility item
5j6Yr6SF5fE_1,wolf,5,flora and fauna
5jDsH5VpFBo,play,4,action
5johRx7KP7k,stone masonry,7,construction
5js6qwxEL3Y,on the basis of major causal agents,15,biology
5ketMObfFu8_1,torch,7,electronic and electrical
5kpV_69sODk_1,lightning,6,weather
5lUAbnLn8YU_2,thermal energy,8,physics
5luUUDnqHL0,guava,4,foods and drinks
5mMQLQbzvuU_1,national anthem,8,sound
5mRd9gulCKs,rubber,5,utility item
5n-rJGblvPA,abscond,4,action
5nM7nJBkrvA_2,stearn engine,9,transport
5naqubp3l2I_1,games,6,sport
5nlcoXAOqFQ,return,4,action
5oIuAvPIeUc_1,christian,6,religious
5oJk09B7YN4_2,upward,7,spatial position
5ov1E2nBePg_1,office,6,organisation
5oxAsvVFIqs,banner,4,miscellaneous object
5p0_OOFy_NY,indonesia,4,geography
5p6D25oVSyI_1,knowledge working,11,abstract
5pRxQFocP7I,yak,5,flora and fauna
5pVbyAyMows_2,power,8,attribute
5pXM8FVyL7Y_2,chain reaction,10,chemistry
5pYCIsZH-H4,pencil,4,utility item
5rAIznB2Sg0,range,5,math
5reXwGDh438,seventy,4,math
5rku2NSGq94,bathroom,4,construction
5sQnSTQKZgw_1,bill,9,banking
5sfiu9fyEt8,lady,3,human
5smQtXAYAKM,thrice,5,comparator
5uBzL7htLvA_1,oath,6,legal
5udtEzoi0Lo,niger,3,geography
5ul1ArPWA-U_1,lic,10,banking
5uzypvZIzOI,jaipur,5,geography
5vSILe--brU_2,mile,8,metric
5vj022EoOLA,outdo,4,action
5vyTHPBq4Sg_1,badminton,6,sport
5xLVmxL3p0k,muslim,4,religious
5xmJG9zQ9jw,alive,4,stage
5xpCpxYgLGg,accompany,4,group
5y3eMNykOsA,apartment,4,construction
5y87G_irytQ,unite,4,action
5yEAIUigL8o_2,cohesive,8,physics
5ye1yjh3Z20,make a long story short,4,process
5yfuRyFh-qs_1,embroidery,7,wearable
5zBLuemgyH8,individual,5,quantity
5zGzPqCNdn0_1,surat,6,geography
5zUlp2QmgiA_1,pyjama,7,wearable
6-puAJsTDRQ,england,5,geography
60gcpXhOpxg,pen,4,utility item
614YmkupYl0_1,lie,6,action
622-g3xXvgw_1,mug,7,utility item
63BPw0sMbtQ_1,calculator,7,math
63LBwsyLl5s,tall,4,attribute
63NSXGtnLNQ,science,4,education
63ziYT2F6ps,jasmine,5,flora and fauna
64Cdgzetaxs,capital,5,legal
64cEWCYIWDo,cereal disease,10,medical
655X55UP2HM_1,vote,8,action
65N0VvcXr_Y,parricide,10,legal
65whLEBzOCw,e-book,4,readable
66XVsuuo9BA,researcher,6,human
672SUsSwn10,day,4,time
67RFKb9R-Rs,potential,10,attribute
67rzuuIBt2A,architect,14,profession
690vMI8P9Zc_1,management,7,profession
696laBQvzaA_2,volcano,7,geography
6AZvFIaf6UU_1,restore,7,action
6BHgvzr83E8,toothpick,4,utility item
6BxN42ZQweM,newsreader,8,computer
6CF-GjN1qCs,noun,4,language
6D-tRJn3T6E,day after,9,time
6Dzj5-OjQzU,rock drill machine,8,machine
6E8c6WGZH_8_1,hollow,6,spatial position
6EeXmMuxrQc_1,silk,9,wearable
6GToY6IT_Pg_1,confident,7,emotion
6J46Gkv1CzI,column,14,construction
6JEcTQfX4yI_1,belief,7,abstract
6Jc3GEN51ks,visa,4,legal
6KSKyvfyJGs,full,4,sensation
6M1rP2r672o_1,aeroplane,7,transport
6MpvtbLWDbo,permanent,5,attribute
6MxUXd3IEfM_1,pond,9,geography
6N1X5V0C5d8,doe,10,flora and fauna
6NiPfrusu8E_1,unregistered,7,legal
6OIXmWk9mhY_1,groundnut,6,foods and drinks
6O_VhGkView_1,lie,6,action
6P3Z2nkQD3c,gutka,3,foods and drinks
6QAnPWF0rLk_2,infrasonic,8,physics
6RB0s_hkY_o_1,repurchase,6,action
6RFwCF9xelU_1,thursday,7,time
6SG2o63BKdM_1,stock in hand,8,banking
6SgubmEkZQM_1,wash,6,action
6T7sRjrH2hU,same,4,comparator
6UUmcqXYDLA_1,brinjal,6,foods and drinks
6UkQusxL7SI_1,know,7,action
6X8mSzwuKWw_1,drink,6,action
6Xyl6CNQ_f4,one crore,5,math
6YLxdNCHGpg,determined,12,emotion
6YdDaQpd7-E_1,bangalore,5,geography
6ZWrFKv-PrI,noon,4,time
6ZaYY0vo6pk_1,train,6,transport
6_vArDwgWLI_1,reservation,7,group
6adOKxf2hJY_2,vibration,6,physics
6al4AYYeD6A,cobbler,5,profession
6ao-N2yvDYc_1,letter,7,readable
6aqON2kGdHA_1,swim,7,action
6bb5IDbiyzw,rehabilitation,3,process
6bhBP3kbyds,war,5,abstract
6buysVt7T14,bertha,9,wearable
6c8Zy5HvpQQ,fog,5,weather
6d6qF1tF1yk,bushes,8,flora and fauna
6e0T9ObBi14_1,overcharge,6,banking
6eCbHVCJ9N0,lead,4,authority
6f0v-e468AI,community,5,group
6f5kXjfqcU0_1,avoid,5,action
6gXuMMAxOm0,interest,5,behavior
6iHv9-pIldQ,sailor pants,10,wearable
6ij6_5cxcfk,trip,5,event
6ivNgy-ppH8_1,year financial,7,banking
6jQ0I8KDlHg_2,slower,7,comparator
6kVsL2YCP7I,grapes,4,foods and drinks
6l6GxuCUthA_2,conductor,12,physics
6l8NQiTrf_M_1,chat,8,action
6lJS7YqGLVU,service,3,action
6m-jzzkuyGM,politics,4,politics
6mdmCIxWWfo_1,pf,6,banking
6nKQbhX9QHo,strong,5,quality
6nV_USsOh4w_2,mathematical,8,math
6oKB5PY2M64,swim,5,action
6oic47Y6lcc_1,si,9,metric
6pGyXMLfphA_1,lucky,7,quality
6q-qrk-VdXw_1,valley,8,geography
6r8MMPO3o9w_1,deposit,10,banking
6rTPgPHDnGU,attitude,4,behavior
6rot7kh6uZ8_1,warehouse,10,construction
6s4UdZ5D58o,january,3,time
6sMzCN4STPU_1,loose leaf binder,11,utility item
6sQeR9LXn-U_2,yellow,9,attribute
6t3agerx9rQ_2,oscillation,11,physics
6tAfiAYopfo_1,share holder,9,banking
6u077PZEv0Y_1,bottle,6,utility item
6uCWIe3S0tI,backup,4,abstract
6vWqgLivxJg_2,rest,8,action
6wOOntcIJjE,rum,4,foods and drinks
6wXGUZtHp5w,twenty one,5,quantity
6x41e1s898c_1,group,9,group
6xUFRFEzi4Y_2,compass,15,instrument
6y6ylBP0yc8,cheque,6,banking
6zIJ0xpo2xM_1,grass,6,flora and fauna
6zvOKDKmWRc_1,blouse,7,wearable
7-U7JLrcGHo,aeroplane,4,transport
7-b8CgRyOtY_1,profession,7,profession
70EhU8eg6hQ,ammeter,11,physics
70hVqYWQIpc_1,waves,8,physics
70wTMPGmS-U,secret,4,attribute
71MQl0F0_No,letter,5,readable
71ZZmuGbkO8_1,unbalance,9,banking
71zRPKBG0Sw,sloped roof,5,construction
748qVYC4N1s,chennai,4,geography
74CMVSgSmuQ_1,registrar,7,profession
76BfFrybs0c,back date,15,time
76nlaB0l3kk,december,4,time
779eNGeW_Fo,draft,4,legal
77A4jL_zT1I,view,5,action
77Mi-wPnSZQ,typographical error,15,action
780_wVKvhts_1,sunflower,7,flora and fauna
78YXhG9tLvk_1,orange,9,abstract
78hb7LPYmDU,divide,4,action
7AvSjQ7GV3c_1,sphere,10,abstract
7BK0J1hZ7_Q,vacation,4,event
7BS16GXaOrY_2,pole,14,astronomical
7ChtWi4wz8E_1,friday,6,time
7D-_Ilut5Ns,union bank of india,5,organisation
7DFNLpdTyc8_1,praise,7,action
7EAhIFjcLPw_1,post dated,9,time
7EWF3Rsjn6Y,salt,5,foods and drinks
7Ef8k8x0ESQ_1,bud,6,flora and fauna
7EmJ9RQmT_w_1,bury,8,action
7F5-fio5ipg,beading needles,14,utility item
7FcFS0hXehs,hundred,4,math
7Fi1Cawh4YY_2,radio,7,electronic and electrical
7FmS5KzjtL0_1,account closed,12,banking
7FspuW_vgNc,cowl  sleeve,12,wearable
7HFTUAIevO8,percentage,5,math
7HfVuSW5Alw_1,guilty,7,emotion
7Hpx20l91V8,stationary work,14,physics
7I3kECWTA4w,coat,3,wearable
7JXTpPBaS8I,owner,4,human
7JdpsRQl8eY,bharatiya janata party,4,politics
7KWNMKoNe8g,bicycle shorts,13,wearable
7LIiVsJI6W8_1,over head projector,8,instrument
7LIrmOTBAok_1,finish,5,action
7LMLwdCweAs,agave fillifera,14,flora and fauna
7LWzbtBSOi0_2,machines,8,machine
7LXVtTEP_IU_1,sea,8,geography
7Le7IfihZ0g,shock,3,behavior
7MBisqj8VbE,sheep,5,flora and fauna
7MItzb6gz2c_1,deputation,10,authority
7MN-nFtrnjs_1,bill,9,banking
7O43NW_PICc,dog,4,flora and fauna
7OMdIhQ7zzM_1,loan,7,banking
7OSI0FK-ka8_1,enemy,8,relation
7P34KxZ_KLE_1,territorial,11,banking
7P9YL1tEnVs,bright,4,attribute
7PKlEo-ZLME,example,4,abstract
7R_b_tfp5lM,tuesday,3,time
7RjhIe4sKm0,washerman,7,profession
7Rl3OaaGNkY,necklace,5,utility item
7Rq6uvvCPd0,september,4,time
7S1IJ8OrInU,escape,4,action
7SZTGACgaMk_1,vada,6,foods and drinks
7TAkooD4Lyc,might,3,language
7VB_sLH5j4Q_1,there,6,geography
7ViTNBqzX6o_2,frictional force,10,physics
7Vn056hXh9U_1,red,10,abstract
7Vn_Dto8Vq4_1,famous,7,attribute
7W6zp8la1G4,energy meter,9,physics
7WLX7jxH84k_1,tuesday,5,time
7YQ0D3swwMk,profession,6,profession
7ZQ4WwqhthM,nap fabrick,9,utility item
7_VrNljOvzI_1,real,7,attribute
7aIfkOrtlBM_1,video cassette recorder,9,electronic and electrical
7al_t9swbtA,snail,4,flora and fauna
7bb5Lg8QKIs_1,hair,8,biology
7bqtiz4KRnE,why,3,abstract
7c7A8VNHDg0,burundi,3,geography
7ehztIhH_uA_2,gas,10,physics
7fO_vanzHOw_1,priest,6,profession
7fdPaEyfc9Y_1,your,7,relation
7gX_v77CcuU_1,press,6,action
7ghzTv4t-MU_1,papaya,7,foods and drinks
7gjYUfW4BEs_1,semi urban,10,attribute
7h45o7GDrlo,juhu beach,4,geography
7hICMJlI2hQ_2,resistor,11,physics
7hQwjcb-qlU,natural numbers,9,math
7iPa6A1bwuE,asymmetrical design,8,attribute
7j8hKnkT0yw_1,face,8,biology
7kEbmn2BWIA,india,5,geography
7kHYT1bESao,external parasite,11,biology
7kHhJbwb-xg,interest,5,banking
7kqD46WoJWQ_1,brave,6,emotion
7ktA4sMqKSo_1,grow,6,time
7n50MsM5c7A,bugle,5,sound
7nOhCp26zqo,netherlands,3,geography
7nTC398KiPM,therapist,11,profession
7ob8md8RHzg_1,hop,6,action
7poFsrrVPVk,commerce,5,commerce
7qLPwuH3tVw,they,4,relation
7r-E5BNnbZU,shocked,3,behavior
7rmoeayLR8Y_1,steel,8,metal and minerals
7rvnsRkA5WU_2,area,10,geography
7s75Cr5aSJI,shutdown,5,process
7sR29KFzUog,touch,6,sensation
7spvXhsm6k0,proof,4,miscellaneous object
7swvJrXBA3I_1,family,9,group
7tUKe_6Lxpk,baton,11,instrument
7u54vvW1UKQ,rajdhani train,3,transport
7usxzuFAysI_1,year,5,time
7vVeFsNN7uA,mason,5,profession
7veKecqLRlM_1,stove,8,utility item
7w2Aev6pww0,rule,4,authority
7xLp4cKj5eo_2,spherical mirror,9,physics
7xT3gRg4lpk_1,wealth,9,abstract
7zKiKasH-ec_2,pink,12,abstract
7zYJmIUn870_1,earn,9,profession
8-KFF8qu6IY_1,vadodara,6,geography
8-ifVHALpCw_1,endorsement,9,banking
816BojVf1nk,tata mobile,5,electronic and electrical
81n3FI_Di84_1,interrogation,10,legal
82w5E_szSfs_2,cylinder,12,math
83gKsBHpPOM,aspiration,4,abstract
83vmd1I6Q4U,carcinoid tumor,8,medical
83zhg0Uf5jE,ceiling,13,construction
84G6by8Z7Ak,surface water,14,geography
870f18p-XdE,save,4,action
88Uj27nX_f4_1,bad debts,8,banking
88cVTMvw2fw,garden,4,construction
890291gO6Io_1,debt doubtful,10,banking
8A3qKZoz1ik,degree,5,education
8AKc3tUUqso,sweet,4,attribute
8CfsiPsHoQs_1,hearing aid,8,sound
8CsqDF-3gGA,suppress,4,action
8D3_VYGa8Zk_1,terrace,9,construction
8DJVQADbpd0_1,cook,5,foods and drinks
8Dx2cvy46lU,yardstick,8,utility item
8EF9j5VqHzw,calendar,4,time
8FU08s4mBkI_1,iron,7,metal and minerals
8FkwA1OENww_1,cold,5,sensation
8FuV0BKlSrc_1,punctual,7,attribute
8G5NgkTRK8s,capital,4,legal
8HEymPeiThc,network,9,internet
8I__oqg4_eE,total,4,quantity
8JwPiK_tqTA,jet airways,6,transport
8K2LbLuX1_s_2,noise,9,sound
8KHW8o8XZb0_1,drama,6,action
8L3-sQV1BmU,divide,5,action
8NUflCsxZS0_1,frank,6,behavior
8NqmODtSLgI_2,red,6,abstract
8O-mQYCFWoA,pakistan,4,geography
8ODE1njkZv0,committee,4,group
8OS9z5a2VfI_1,depreciation,9,comparator
8PEVM1nTgqg_1,respect,7,gesture
8TKDYaZqEFA,puppet,8,miscellaneous object
8TXKaIN4emc_1,yellow,8,attribute
8Tsv4klWWuY,mechanic,6,profession
8UMcB8ZkgTk_1,payee,8,banking
8VeV3_Y6Olw_1,fax,8,electronic and electrical
8W0rN_UGUDM,positive,4,abstract
8WAJ_vejYOo,vegetables,4,foods and drinks
8WNV-TgaJTs_1,revenue,9,banking
8WOkDhrU_Rg,sleeve band,10,utility item
8ZD3FvK3NYY_1,yesterday,6,time
8Z_T-zrBEr8,royal enfield,5,organisation
8Zq6uAa16MQ_1,daughter,10,relation
8_1PBGMAj9w_1,giraffe,6,flora and fauna
8aKZBVKWE5g_2,orbit,13,astronomical
8arkJfd_jyQ,writer,3,human
8axJ8fy9vI4_1,hate,6,emotion
8bC_BlQw_eQ_1,earthquake,7,event
8biyNZmIKsk,limit,4,metric
8c6jcLTId-8_1,hire purchase,10,banking
8cHmxgUpFyM_2,inelastic,8,substance
8cz9vIAyOPE,period time,5,time
8eae5jZQ1zo,clever,5,behavior
8edWFVV1lo4,projector,4,instrument
8fqQ2nm3B4Q,stare,6,action
8fuKz0wYhWw_1,uncertainity,8,time
8gAE5cho4ck,office,3,organisation
8gOeGenGvfg_1,card,5,utility item
8gULClzsbQE,video card,13,electronic and electrical
8gdHlsqexzI_1,insect,8,flora and fauna
8gg1c5ZzWQc_1,toilet,6,construction
8gs46_Woylk_1,monkey,6,flora and fauna
8hLvImVhOJM_1,fingers,7,human
8hPNnF65IMg,good afternoon,4,greeting
8iMs1y81En0_1,temperature,7,weather
8j0lxGLcgRo_2,property,9,banking
8jmBwGIKPmg_1,lfc,9,banking
8lbfynog1yQ_1,annual report,14,banking
8m3p1BEhCUw,virus,5,medical
8mXwd_VuW1k_1,our,5,relation
8m_WUuSGZHg,pencil leg,12,wearable
8m_cHzTpmeY_1,satisfactory,6,attribute
8mb_jgrFdeE_1,crayons,11,utility item
8pLSdUH-S5U,amritsar,4,geography
8pXV8kLacAI_2,interval,10,time
8pfW3gmsue8,away,4,spatial position
8r5QmLFv9Jc,bath tub,5,utility item
8rbvjjFfIPQ_2,gamma ray,10,physics
8snFGrMOv8c_2,reversible,7,attribute
8tC5fhomuPw,row house,14,construction
8tF644BWKNo_1,ganapathi,6,religious
8tgBgXrOn6Y_1,rice,5,foods and drinks
8ucWkX-wRrk,pilot,5,profession
8vtQX3cugYc_1,proceeding,8,legal
8w-jGg00BJ4_1,necessary,6,comparator
8wI11m_OvYo,business,5,banking
8wgrPnyzpMw,where,3,abstract
8xNtPv0InYE,mild steel rod,8,instrument
8yWcdPX31pM_1,village,6,geography
8z04XWMENWY,secretary,4,profession
8z32TzNwU7U_1,proud,6,attribute
8zNQTYikGX0_1,him,7,language
8zVGtdn_NLc,cropping tool,8,instrument
8zg5kbu8ZMA_1,pant,6,wearable
91WkA3SEDpM,noise pollution,6,sound
9200bHjUzac_1,germany,7,geography
922S3GXI7eI,meet,4,group
92HuQ3Vr13Q_1,curved,6,math
933fIHNLS9s,nurse,6,profession
93GUaFv2z84_1,bury,8,action
945eoq95GKM,rhinoceros,5,flora and fauna
94KSlCCbBf0_1,dollar,6,commerce
94r3k7n7oTs,prove,4,action
94yey9jGdsE_1,dish,7,utility item
95KlTHhKlmk,weekly,4,time
96JTPuAvmno,hard,4,quality
977nahhu-Zk,socket,5,electronic and electrical
97UeCMhqWxw,top,4,comparator
98QpyN3f8ZU,jackfrui,6,foods and drinks
98UHa9YGWMg_1,confirmed member,10,human
98wq5RZYq90_1,age,8,stage
99N6O7wQL6o,online editing,12,internet
9A6I1vyyc4s,summer,5,weather
9AR3EYXYTNk_1,valuable consideration,8,abstract
9B91YNQuBTg_1,purchase,6,action
9BJ5ZQixW34,die,4,stage
9BMHwqCSjag,georgia,4,geography
9BvwAQ7c9-c,cd,4,computer
9D6zt9-uP88_1,flexible,6,attribute
9E_Rr4c5UUc_1,island,9,geography
9FCa_zHS4-k,recognize,5,action
9GJUdPIquG4,newly married,12,geography
9Gb8falrx1Q,adoptive parent,12,relation
9Gl6dhM-XAY,law,4,legal
9GqUoFtKfNE,title bar,15,attribute
9HSEWDsdxgI_1,chair,6,utility item
9HpOx_E5Q9Q_1,cough,6,medical
9IFKjY7Uuw0_1,museum,6,geography
9Iq8DWRoeJA_2,gram,8,metric
9JgVee1UGmI,on the basis of propagation,15,physics
9KMPc_T4bU8,guess,5,foods and drinks
9KZbTecPlh0_1,singapore,7,geography
9LDQGtFRVhI,christmas,4,event
9LMQNfNdfRQ,high court,11,legal
9LWMsCmHhaQ,piece,7,miscellaneous object
9LXAp02OXko_1,pilot,8,profession
9LjYLI7ma7Y_1,retire,8,action
9MUevtG3yYc_2,optical fiber cable,11,electronic and electrical
9NyNlhJnyng,tortoise,5,flora and fauna
9OWi_u40bd4_1,paws,6,flora and fauna
9QPvSQjo2oQ_1,cash book,10,banking
9QYn422W2pU_1,tax profession,10,legal
9R8mO744RdM,cell,9,abstract
9RdiJAmwOtw_1,age,8,stage
9TAdXqb-qcs_2,year under report,9,banking
9TcOdm_p8dc,during,6,time
9TzR_2DZEKk,muffler,9,wearable
9VYxltnFK9k,hemophilia,11,biology
9VvSEg2LUHw_1,rent,6,legal
9WpI_sLgb00,christmas,4,event
9ZFVsuD_DOA_1,month,6,time
9ZaH5h9D4yI,auger,7,instrument
9_PxbDV7BcU_1,camel,6,flora and fauna
9bDbETVM0r4,offline editing,9,action
9bU0eltCrYQ,world association of sign language interpreters,4,organisation
9bwbusx_8ik_1,square,13,math
9cFEgJEFFB8_1,horns,7,biology
9cRQJXVdE3I_1,instigate,7,action
9c_bONRs12w,geography,3,geography
9e62cz2TIdo_1,angry,6,emotion
9e7G2jc3tso_1,christmas,7,event
9gARyCGe8sY_1,cow,7,flora and fauna
9gZg_sd9G88,sheep,6,flora and fauna
9h1DKNgyPZM,cuffs,11,instrument
9hfrwKx2js8_1,concentrate,8,sensation
9hyc0l2c7I4,complainant and complaint,10,legal
9in2Hz7k60U_1,house,8,construction
9j49KqnHN3s,blindness and low vision,6,medical
9jIu7tBsX70,herps virus,5,flora and fauna
9jYJjEHnKTw,bank of baroda,5,banking
9lETXfWFER8_1,shoulder,8,biology
9l_mPRyG3Lw_2,wave length,12,physics
9nYAc6GEbNo_1,oath,5,legal
9odwds_amPo_1,medicine,7,substance
9oigD1xSV-g_1,warning,6,legal
9oo3hDRFIhM_1,brain,9,biology
9pEAebpmkS0,carpet,6,utility item
9pRb9SzUagk,curing,13,medical
9qIeBRYxhjI_1,partnership deed,10,relation
9qLTvYXHLdU,amount,5,metric
9qhBPFXW-b0,cross belt drive,13,machine
9qlCI50wdzY_1,unlucky,7,attribute
9r4aaMyWBvo_1,teller,10,human
9r5BkbHQKg4,sailboat,5,transport
9rOnDWXhyaU,should,3,language
9sK2PFaxoHw,upset,4,behavior
9tcU1uGTnFo,composition of milk,6,foods and drinks
9tph00_pAf4,winner,4,human
9uNB69GAxtk_1,plumber,6,profession
9uSE_BJx1Po,bad,3,quality
9vvemJ0nr-E,without,5,abstract
9wsyF_yvjfQ,nematology,13,biology
9xgeOH9Jl9U,wake,4,action
9y_XoHypC2Q_1,coat,7,wearable
9yuJzZDgPRw_1,birth,9,stage
9zh_TIspgro_1,seconds,6,time
A-DmE3OOAfU,electricity,4,physics
A-OYsPfNlNA_2,horizontal,7,spatial position
A-XKL0nXLoA_2,explain,8,action
A0JzS62h92w_1,butterfly,6,flora and fauna
A0fQyTZj4Mk_2,electromagnetic wave,12,physics
A131AL5rAPU_2,reflection,8,physics
A2flwWtlgdQ,politician,4,profession
A2t3ucbTnzg_1,debit advice,11,banking
A3E7kL78NRs_1,shiva,6,religious
A3QOVwivz4Q_1,foreign,7,geography
A3v05__5wIs,types of farm planning,13,flora and fauna
A3vRjp3UwrE_1,legal claim,9,legal
A4RELg59BW8,butter,6,foods and drinks
A4WC9h-V7gg_2,cone,12,miscellaneous object
A4s4g4tpDwQ_2,electrode,10,chemistry
A6OkMmLkj50_1,tear sheet,9,action
A6f3QRzvHV0,next year,4,time
A7GtKqvxPNA,can,11,utility item
A7Z8eaNDLGg,director,6,authority
A8fPXgxSQ-k,aeroplane,4,transport
AApcKicSfHU,haji ali dargah,6,religious
ABHbs7wII44,security guard,4,profession
ABSyPhV0SCw,thread gauge,14,instrument
ACJG5VeKrvQ,dust,6,miscellaneous object
AD8RcVimCyw_1,distribute,5,action
ADOlYPfw_T8,funds,6,banking
ADgKP4UpMkg,raster graphics,15,computer
ADtWeEnpLfY,wind,6,weather
AEfFAtmkt6o,that,5,relation
AEjUapb4Iwc,assam,5,geography
AF8n5CAR0m0_1,hole,6,spatial position
AFV4rZ8HFUI_2,electronics,10,electronic and electrical
AGADAbFPPH4_1,shoulder,7,biology
AGSQnRV3FY8_1,full moon day,9,event
AHrIksqU13s,earth rammer,9,machine
AJ0UWA48X-g,abdicate,15,action
AJ0hvy4jJXY_1,duck,7,flora and fauna
AJyoUbv1lzs,bilingual,4,language
AKpYk0-0v8s_1,drawing,10,action
ALdikJXEJtc,club,4,organisation
ALw4b7WFOR4_1,waste,6,abstract
AMSxEvyhESk,professor,5,profession
ANfL9O6wy4Y,two days after,3,time
ANgOOb951fE_1,words and figures,8,language
ANxPvptCW6w_1,punjabi,7,language
AO9vAsL-gXg,masonry bit,14,instrument
AQ_ba6r2-YM,carpenter,4,profession
ARS_u1Op3gw,types of water garden,11,flora and fauna
ARSm5la19W4_1,maharastra,7,geography
AUnzt1FRoRk,qualification,4,abstract
AUqBZl760Lg_1,principal,7,authority
AV6KYwLsbfY,infanticide,13,action
AVjyszuck8E,freeze,3,process
AW-lxiaveRY,sand,5,geography
AWMcypBB9WY_1,ring,6,miscellaneous object
AX7RoHSCLPk_1,jesus,5,religious
AXkvz_N39pg,wifi,4,internet
AXzNbOMMZ6Y,bodice,7,wearable
AY5ZDfd57vc,pen drive,5,electronic and electrical
AYTEzWH7BYY,assistant professor,5,profession
AZ71WPBDNuM,format,15,attribute
AZBsekRB7zY_1,track,8,construction
A_ghucv_daw,panic,5,emotion
Aa8BKFLPRYs_1,bite,7,action
AaHFB_q7AO0,headache,4,biology
AaHmdX-mi5s,costa rica,4,geography
Aahly6_Ya3w_1,in front of,6,spatial position
AbYawF3ki0k_1,discover,8,process
AcAbORUCKbM,lines and pins,15,utility item
AclEDgleQ6M,variable,10,math
AdV7Zn6p0yg_1,snake,6,flora and fauna
Adn8_szuH5A,select,4,action
AectM0u3HLI_1,ahemedabad,6,geography
Aeq2jo3tSdA,topic,4,attribute
AfgaiVsTy_k,reporter,7,profession
AfzXlh8OgnI,promote,5,action
AgAIB4T8Z04,tiles cutter,15,instrument
AgB-ICcX7Fg,egypt,3,geography
Ah8zB8BQYek,take a bath,5,action
AhDjpH0xZAU,nineteen,4,math
Ai8GHDxnOzE_2,clinical thermometer,10,medical
AjSoS7r4qJI_1,hard,7,quality
AjWZkexuKVI_2,action,8,action
AkDOjtOtGGA_1,holi,6,event
AkY2zmS18v0,kidney disease,6,biology
AmPGr5AueGI_1,dress,7,wearable
AmbZ5vym81g_1,blow,6,action
AnzLnEIXCI4_1,lake,10,geography
Ap36VoRZatU,neck band,6,utility item
ApkQwiV28bY,cajanus inducus,11,foods and drinks
Aq_A-TmNfwk,delegation,13,organisation
ArXzUJR5Vic,salyx tetra sperma,13,biology
ArcfZOVJyc4,carrom,3,sport
ArrUPiaqzHA,license,5,legal
AuCxXmjvztU,drug abuse and addiction,9,stage
AuTgOkqjmKs,pick axe,4,instrument
Aup_XGd3EqQ,roofing tiles,6,utility item
AwsLVn18lwo_2,least count,8,metric
AygZ8ATgf_c,vaishno devi,6,religious
AzOpSq_iZCo_1,complain,6,process
AzVqMQPhOWI_1,we,5,group
Azhplpvwi6Q,calculator,4,math
B0JKoyG_q0g,eyebrow,5,biology
B0eoeNCs3RI_1,add,7,math
B0wM7GT2PKU_2,formula,8,math
B1plqHKGoW4_1,deer,6,flora and fauna
B2JFlPUsxQY,form,8,readable
B2eH7OwcKQ0,relay race,5,event
B34E37rWGWA_1,term technical,10,banking
B34fwmoOvvI_1,false,6,abstract
B3ViGdozfp4,kidnap,4,group
B4Anc1i1S1E,software developer,11,profession
B4_sWGyQgrA,maths,3,math
B5Qtp_-1gmo_1,liquor,6,substance
B6UQh9WuYAY,once,4,math
B6XbxlOZXm4_1,discharge,9,action
B6dVHrpiFws,onion,4,foods and drinks
B71wV1k7n4M,pain,4,sensation
B9gcbXjMQwg_1,small coin depot,11,construction
BAuCEJ4uKgE,together,4,group
BCVSsSZSqm4,australia,5,geography
BD-PPGZahtU_1,loose,6,quality
BD6ADUnsyio_1,clock,8,utility item
BDSIilJRj-4,passbook printing machine,6,banking
BDyD3b5IvEA_1,tusks,6,biology
BEBfzPkE3EY,tree,5,flora and fauna
BEEOC2ZXhsg,not,4,abstract
BFYTOi2N1w8,big,3,attribute
BGIG-XfX4BI,niece,4,relation
BGfcBh4woVU_1,fight,5,action
BGjmN9lRDH0,legal,4,legal
BI1IkyUrBT0,possible,4,attribute
BI57SSk_cGU,cartoon,4,entertainment
BIO33uNK_pY_1,bus stand,6,construction
BJ_XRbrwsk0_1,bear,6,flora and fauna
BJgvTIe5avM,shaving trimmer,6,utility item
BLazXqvPnKk,in,4,spatial position
BMKm42g0s08_2,mechanics,9,physics
BMsUiLpUFQQ_1,repairer,7,human
BMzjPIvzVfU,answer,3,action
BN8N3UwtL00,exclude,5,action
BNNY7s6UnX4_1,india,7,geography
BNnUgdUKtf0,nagaland,4,geography
BPC5XCxTQDE_1,cremate,12,action
BPWGQ-KcisU_1,library,8,readable
BPXMuyXJai8_2,energy,11,physics
BQU7PK2GEw8,afghanistan,4,geography
BSJyINZgfWY,ball cricket,5,sport
BS_TcCb8q0s_1,bengali,6,language
BSezNX5k4dA_2,law,7,legal
BSztT4FmVvg,button down,5,action
BT9rDLe3e_8,shears,7,instrument
BTWoG55D4ns_2,fluid pressure,10,physics
BU67b7LtyE0,gujarati,3,geography
BUOXpYbLzTI_1,wide,6,attribute
BUdAJ_WWdxo_1,foot,7,biology
BUt4lIrC0E8_1,slow,7,attribute
BUv48pwD90o,exam,6,education
BVtBleg0HgA,message video,5,internet
BVyAGCPGC9I,bacteria,5,biology
BWKieNmLY2c,beer,4,foods and drinks
BWWtThOnwkE,interest on savings account,7,banking
BX15HPM6TzE,interpret,4,action
BXw0xmFB8pQ_1,she,6,abstract
BYY1nIP7J-E,kali mata,5,religious
BYnUpQfk3Ts,five,5,math
BaDaIkw-dmQ,appearance,12,attribute
BaXoF_r5D4w,pain,3,sensation
BauK2i6mmK4,younger sister,4,relation
Bc5uO2zRNJA,throat,4,biology
Bc_Km33uz74,level,4,abstract
BdQCN4niLds,cooker,5,foods and drinks
BdxydPFxfAA,storm,6,weather
Bf2FG9YBics_1,mogra,7,flora and fauna
Bh9e-exemes_1,class room,7,education
BiqToLUGbec_2,spiral,12,abstract
Bir6ea5EZ1c,association of sign language interpreters,4,organisation
BkPmz2DBMEo,underground symptoms,12,medical
BlV_8p_hgLA_1,horns,6,biology
Bl_SheTtSt0,body,4,biology
BmNYiO_-qFU_1,mat,8,utility item
Bmq6b73OAQ4_1,watermelon,7,foods and drinks
BnIXdnAD2EA_2,bimetallic,8,metal and minerals
BnRQjGF_dIc_1,those,5,relation
BnTXPFA6gHA_1,small pox,6,medical
Bo35LBOce64,wine,3,foods and drinks
BoTn3ZPqyjk_1,switch,6,electronic and electrical
BpDvz3q-6pU_1,learn,6,action
Bpg2wRBxGPI_1,terms of service,11,legal
BpheOwGP6ZE_2,east,8,spatial position
BqgTzj7IeZ0,bhubaneswar,4,geography
Bqq4Ir8T9Og_1,ratio,7,math
Br0rMI_5PzA_2,film,9,instrument
BrDv3nkZnCE_1,full,6,sensation
Brqv7-rpdTQ,teach,3,action
BtseOFOQ9j8,carnivorus fishes,12,flora and fauna
BvOKe8KiGPU,tall,4,attribute
Bw8_jmAk28w_1,soft,7,quality
BxxS_OuUUv4_1,vault safe deposit,8,banking
BzQFZNqQVsc_1,flag,7,miscellaneous object
BzgPNh4W3GI_1,pillow,9,utility item
C-rIgD-yIvg,busy,6,behavior
C0UywICFPWw_1,wedding,7,event
C0znUIY2osY,east,3,spatial position
C15CAFPqP9g_1,cockroach,7,flora and fauna
C201-UUFUDg,nationalist congress party,5,politics
C2FMG7QWfCo,avalanche,7,event
C34PxLKD8OM_1,toes,9,biology
C39QX6etLxw_1,business,6,banking
C4B6Nezrmxw_2,original,9,attribute
C5DI23vAhYo_1,lion,6,flora and fauna
C5lKWeivlFY,youth association of the deaf india,3,organisation
C6Lf2U0ZDmQ_1,angry,6,emotion
C6NYbD05HIo,bank branch name,6,banking
C7tQarNFXJo_1,voluntarily,6,behavior
C7zW-Cuv3tU_1,parrot,7,flora and fauna
C8NKSCbnodM_1,sea,8,geography
C9ZLmgNDV_Y,salman khan,4,human
CAKl640s6UE,reason,3,abstract
CBXCId8jHAA,teaser bull,14,medical
CBdApLFUzYs_1,far,6,spatial position
CBgYsD9T-uI_1,watch,8,action
CCLHQe8fETs_2,projectile motion,10,physics
CD7q4E7thng,true,4,abstract
CDd6olbtjWE,local,5,spatial position
CEHCaHC8hK0,sit,3,action
CELYbb3X9fk,mechanic,6,profession
CEiO3djH-zg_2,superposltion,9,physics
CEsvPmZQ7c4_1,slim,7,attribute
CGNDUJWk96I_2,positive error,9,math
CGWUtV3bpgc_1,kanpur,6,geography
CH_cyrmtUd0_1,mixer,6,machine
CHt94rpZVOI,vodafone,5,organisation
CKCqZpXdLU4_1,bridge,6,construction
CKRWnL9qBDo_1,hide,5,spatial position
CKkHv_YeHWU,corn,5,foods and drinks
CLjivq1wW6E,bile duct cancer,15,medical
CLxxQFQiTic,zip,4,utility item
CNIlm20ulSs_1,expensive,7,attribute
CNL5igD7Z9U_1,twins,9,biology
CNfxuVjZuh4_1,inch,6,metric
CNnZQINfB8E,college,6,education
CO-YipjVoj4_1,certificate,6,readable
COAl-bQOrFU_2,refractive index,10,physics
CPPp4bkc2M0,classification of hedges,11,action
CPitVthnjH4,love marriage,15,relation
CPzNAqruek8,post office,4,construction
CR2NKbXEI-A,rail road switch,7,transport
CRdSfDtdSj8_2,pole,12,astronomical
CSY_YI5A3uw_1,september,6,time
CTZLTOTcRtg_2,velocity,7,physics
CU60FAVcxnc_1,solicitor,9,profession
CUNH7UOyYGI_1,spider,6,flora and fauna
CXEDTo1PXCg,no,4,abstract
CXLZ3svHfGc,lace edge binding,9,process
CXOPG4pJxDI_1,hear,8,sound
CX_0sOJ8AiI_1,bus,6,transport
CXzmFPBwjzs_2,north pole,11,geography
CYE_fagx7yo_2,liquid fuels,11,substance
C_7MNhDkut4,tripura,5,geography
C_H7DeMnOQ8,abuttal,8,legal
C_HK0uWAt8I,november,5,time
C_VE9wu76So,potty,4,biology
C_VIItfSFdU,ewe,10,flora and fauna
C_pnntfY2qw,l square,7,instrument
CbscRBBGtT8,tractor,4,transport
Cc7VwcMMTqk,gas tractor,8,transport
CcX4eD-UArI_2,circle,13,math
CcsJ-D4YAMI_1,morning,7,time
Cd0f7fvtGTg,absent,5,abstract
Cdb8BFpFWqo,division,3,action
CeGVf78K8jg,anorak,8,wearable
CfFtNMRV6Y8_1,cap,6,wearable
CfNlpbflIQU,court hall,9,legal
CfRFZ0IFp3Y_2,thermometer,9,miscellaneous object
CgJ5_Y60Uu0_2,piston,9,miscellaneous object
CggX-rNVSxc_1,omit,6,action
Cgk-fX-KFhw,livelihood,5,abstract
Cgs1MibMXJ0,eat,4,action
Ci-i1-FzGTU,superfast express,6,transport
CjL55F1EpNk,contractual,6,legal
CjZKfMv3QsA_2,increase,9,comparator
ClLC-JSUEq4,coloured follage shrubs,10,flora and fauna
ClwPsyQ5iKQ_1,late,6,time
ClxK5dEsoZk_1,abeyance,8,banking
CmAtK2kV6GY,pray,4,action
Cn1Q6q6XtMI,skiing,3,sport
CoA255C3aAU_2,inverse,9,math
CoKtBDPhPbg,self-reflect,5,attribute
CoMoRzQiKm8_1,coin,9,banking
Codai31kUpE_1,give,6,action
CowXY9IdbxA_2,uniform,8,quantity
CoxdEUEw9Lw,wolf,6,flora and fauna
CpYIKn7qaIY,left,4,spatial position
CpbiUt_BR3U,process,4,event
CqOegR2Dg14,dwarf ornamental hedges,14,flora and fauna
CqbFltbrM-s_1,lock,8,machine
CqilPDcjxRc,fly,4,flora and fauna
Cqtgx6BSkRk,umpire,5,human
CrKUKDtOtSw,foundation,10,construction
CsVqdOkFe4Y_1,pick,6,action
Csudbq04CV0,cook,5,foods and drinks
CtWGmhj6scQ_1,vehicles,7,transport
Ctij9uzbRTU,younger,4,comparator
Ctsn9y9OSCk,stationery,6,utility item
CuOhMZjaUS8_2,magnet,9,physics
CujxTrMxQEw_1,declaration,12,action
CvB9G9rAoNY,stuck,5,stage
CveKv8LNSOI_1,insult,6,action
CvkYlSWEfL4_2,simple  microscope,8,instrument
CvppYfpiXyM,wood plane,10,miscellaneous object
Cw13fIyVSNA,take,4,action
CwdQO_zlNyE,side mirror,6,utility item
CyV5-k-6JFk,mizoram,5,geography
CyY-qOh0k4U_1,account closing,14,banking
Cyn1WPoqLHM_1,town,6,geography
Cz3KCbolavI,camel,5,flora and fauna
D-6BxGJ0ru8_1,wish,7,abstract
D-6KziM3_ac,monkey,7,flora and fauna
D-DoLPV-QRg_1,unlawful,7,legal
D12hlBiVjck,opposite,4,comparator
D19X5MhzZcE,english,3,language
D1NuUfSrJq8_1,yellow,8,attribute
D2Ayu0l7M78,tonic,4,substance
D2r4zIgoqkg,andhra pradesh,4,geography
D2w1j6MXK-s_2,hydrautic lift,12,machine
D3-jY-B3kFo,unix,7,computer
D38jZfxOtFs_1,europe,8,geography
D3MeXacclFw,breathalyzer test,12,medical
D3USBJo5zLA_1,introduce,6,action
D4mWoGRHBYc_1,disapproval,9,gesture
D5jXj8nf-Sg_1,spoil,7,action
D5ynpqL8HC4_1,multiply,7,math
D6MP5temHtg_1,chocolate,6,foods and drinks
D6jjiguTEmI_1,account profit and loss,15,banking
D7hi8QdSnq8,middle,4,comparator
D9ihUabRKIQ_2,green,8,colour
D9jI_HByl1Q,united arab emirates,4,geography
DA0Ma_9R3HU,pick,3,action
DAgfV9RRVsw_1,umbrella,8,utility item
DAhaM4E1wSM,candle,6,utility item
DAkf0SjQpuk_1,alive,6,stage
DBMZ92qq6fY_1,bible,6,readable
DBUTlAHjWlI,fine,4,legal
DCH3d-S6BlI,endure,4,action
DCRybq5sYAA_1,winding up,7,action
DCjd5dJLuF4,zebra,5,flora and fauna
DCwA5BuGHa8_1,they,4,relation
DD9K1ojKj_k,taj hotel,7,construction
DDusbrXIyaA,tailor,5,profession
DF_pD6nnqRk,monocotyledonae,11,flora and fauna
DG2hfDpWdMQ_1,good,7,quality
DHihi8AG0ck_1,cancel,6,action
DHr0LlZd0cs_2,attraction,8,physics
DJzxcG2JLTA,experiment,6,process
DKuMCtyj8ik_2,infinity,8,math
DMDAXFRPJBs_1,rose,7,flora and fauna
DM_xL10khbo_1,skin,9,biology
DMaN0jUw3pU,pickle,7,foods and drinks
DMxZHUZ7u88_1,seat,6,utility item
DNF5QY7x2Lc_1,hardworking,8,behavior
DNP9-5px_mA,hook worm disease,9,biology
DNVOzTx47ew,gas lighter,5,utility item
DNk0c1RwBJ0_1,solve,7,action
DOHpEalcflo,podium,8,miscellaneous object
DPFh6Vtj8nY,indian sign language interpreters association,3,organisation
DPQ-TcGykDw_1,baby,9,stage
DPb0Ariw5Ic,event,5,event
DQZ8UEoRnUs_1,fool,6,behavior
DQg2gfZHQ_0,subdivision,5,authority
DQstNLzwuNg,concealment of identity,14,legal
DRvjyDqrHq4_1,floor,8,construction
DSL5R_AGIiU,computing,13,computer
DSpymhe73eM_1,seed,7,foods and drinks
DSr0qd_JY8w,india gate,6,construction
DTOsm_OuWLM,kindhearted,6,attribute
DTWS5Oy3kcY,maharashtra,4,geography
DU-O8ssmBHg_2,diagonal,10,math
DU-odPNLPio_1,attachment of property,13,banking
DV2QK-flhpc,absolve,12,legal
DVe5knz8gh8,triple,4,quantity
DXj1A4BNsQg,traffic,5,abstract
DY9ZAVPwT8o,stumps,5,sport
DZ55uUFJfTA_2,lunar eclipse,12,astronomical
DZ6eHdrXGC8,green hand,9,behavior
DbQXU9hA1AA_1,mix,6,process
DbWWsUmMXUA_1,banana,7,foods and drinks
DbfHSSkk3Ss,nail cutter,5,utility item
Dbt8wFNY5RI_1,straight,6,spatial position
Dbz-hAaPPvg,chain surveying,9,metric
DcEY17TDRIw_1,aluminium,8,metal and minerals
DcJKQkC-JjY_1,transport,7,transport
DcRRjyNfFJs_1,destroy,6,action
DdEgmEhWnRA,parkinsonia aculeata,15,biology
DfohDPZVlrA_1,mother,9,relation
Dg1FJhcTg2E_2,east,8,spatial position
Dg95uOLJogg_1,copper,9,metal and minerals
DgF0m14DBG0,to retailers,12,process
Dgq7SU6Khls_1,tomorrow,7,time
Dh69YPn9pzU,tractor,7,transport
Dhg5hNpQxQU,tube well,11,construction
DhydZXrTFJ4_2,pentode,11,electronic and electrical
DjEe79bR1M4,sunset,5,event
DkjjHEZzsHE_1,husband,9,relation
DlLsAg0WL68_1,careful,7,attribute
DlTdx-rVtfo,unfair dismissal,6,action
DlyWuMwYeVc_2,orange,12,abstract
Dom49pxvY-M_2,translation of motion,10,physics
DpoUiyIlk2k,forget,4,action
DqnTDIwMoFc,system of feeding poultry,13,organisation
Dr99eNeltzU,3g,3,internet
Ds0rhfDqBrM_1,profit,6,banking
DsIehsrzx7o,pizza,4,foods and drinks
DtVx1FUTYaA_2,sink,9,process
DtZFOZG8tTQ,stair tread,8,construction
DtdeOvkYLo4_1,egg,6,foods and drinks
Dteba6UR1uY,plastering,11,action
Dvpc0R8CfI0,quantity,4,quantity
DwUajipOhHY,motor,6,electronic and electrical
DwrOgyG1P7E_2,carburetor,7,machine
DxotcbkEnMY,general secretary,4,profession
Dy9J-D3RVDw_1,coimbatore,5,geography
DyoiyeHahko_1,small farmer,10,profession
Dywl939W0wU,introduce,4,action
Dz2avlvSTYQ_1,read,6,action
Dz9dFM4Pg3g,allow,3,action
DzL4k1Vy3gc,sandwich,4,foods and drinks
DzyfpdJYBwg,profile levelling,14,physics
E1bMcpst-p8_1,flood,9,event
E1g2vckJJek_1,wheat,5,foods and drinks
E2-FY4q-Kbg,debate,5,action
E2FirzckC_U_1,weak,7,quality
E2GOvDBZhdI_1,resume,8,action
E2SKFVvnt0s,veteran,13,human
E3CEiwzCU94_1,conciliation,11,process
E3IAqXfMjWA,lassi,5,foods and drinks
E4A1ApJjUkE_1,main,9,quality
E4Kp5d5orgA_1,land improvement reform,10,legal
E4_sAfIiflQ,demand draft,6,banking
E4hL5jUFwCk,gloves,4,wearable
E4rnCudFi8c,disappear,5,action
E5mWb7nGYmQ,vishnu,5,religious
E5teJWyr2rA,coach,6,sport
E6-Q2xXxUmc,varieties of mushroom,10,foods and drinks
E6XeodyBzYs_1,deed of sale,12,event
E6yxMBZEYhs,notify,3,action
E7ASHBd0kDs,canada,4,geography
E7okhzFRINQ_1,plate,7,utility item
E7upPuPpLIY_1,poor,7,abstract
E8uf2VM3KCo,get,4,action
E91cfQBn8_4_1,help,7,process
E93MkvU8Hs8,balcony garden,7,construction
E99L8qeeuVk_1,bench,6,utility item
EBdRrVvw25g_2,liquid,10,physics
ED7sE5v2jKE,solve,4,action
EDDN3o-FX9Q,manipur,4,geography
EDEbbnnbHeo_1,july,6,time
EDW7RoRvZOg_2,minute,8,time
EDX7B93iM9k_1,hip,7,biology
ED_25-_F0MI,bookshelf,6,utility item
EDxRoZlrq5A_1,measles,7,biology
EE1cuwsn1IY,hate,5,emotion
EE_BDdMNWTI_1,sector,10,math
EEn5WhsNLfA,minister,4,authority
EF3PXbHGGUM_1,yearly,8,time
EFBQAgXgXEk_1,sheet charge,9,legal
EFPl9sfDRkM,prefer,5,action
EFd9_rQVW6k,pizza,4,foods and drinks
EFuaKRVN4Yw,week,4,time
EGt1EA-YBNw,conclude,6,process
EHWONrQWsVE,baldness,8,attribute
EI3Z7yP6_JQ,my,3,language
EI4ConsbYws_2,geography,10,geography
EIS2HUEopZM_1,sweets,5,foods and drinks
EI_dA2lZLds_1,reasonable notice,7,legal
EJ0UG10b714,wise,4,attribute
EJF-HPyHiYE,post,4,action
EJo7NBj1Qx4,serial killer,10,human
EK6tORg211g_1,devil,5,religious
EKWgFRGdMwU,antartica,5,geography
EKZWNoQFQuw,palm tree,6,flora and fauna
EKp6wIukZRc,kilogram,8,metric
EKr1gGcQlXk_1,kerala,7,geography
EL4UAMc2Kmc_2,circuit,10,physics
ELCvZrWheyk,initiative,8,behavior
ELX_Ak3IKgE_1,north pole,8,geography
ENY1YTTzKao_1,pepper,6,foods and drinks
EPIpofZRHBY_1,purchase,8,action
EQ1yzB0YoPY,delegate west bengal,3,authority
EQMR3agty8g_1,bearer,10,banking
EQpjjm6rZTw,peon,11,profession
EQwPLL2v2bU,neck,4,biology
ERX99VRsSPA_1,walk,8,action
EUJyZCB8UoE,skin,4,biology
EVLxRwi3cNY_2,technoiogy,9,abstract
EVNgPUE-tys_1,milkman,6,profession
EVs45zQ6mTQ,on the basis of use of pond,15,biology
EW6ZzbkYD9g_1,penal interest,8,banking
EWDMPkRnEHI,radish,4,foods and drinks
EWPzum2d02w_1,curtain,9,utility item
EWUNJsze6aE,housefly,6,flora and fauna
EXEEDnScQ8g_1,shares redeemable,9,banking
EXJmDDFi-5g,door,4,construction
EXSLF0azSNs_2,number system,12,math
EXdh8IAeyUk_2,rotational motion,12,physics
EXoZ4SeF5as_1,then,7,time
EYWI_5mkrbc_1,free,7,behavior
EYcuu4ETc4Y,herpes,7,biology
EYhsfoO3_ME_1,shirt,7,wearable
EZ9S6g3CBzM,sweep,9,action
EZpZvb2wicY,okay,4,gesture
EZtR1UdIiBE,peru,4,geography
E_bwQ8SGo8w,foundation organization,7,organisation
Eakl221Gpsg,floppy disk,12,computer
Eakrhy1WezE,share,4,action
Eb1zmjEoyGQ,oriya,6,language
EbmFC4EitxU,pencil,3,utility item
EcCzQVbFiwE,support,5,action
EdGBkBi0xQ4,cold,4,sensation
EdGYkgo-nX0_1,authorised signature,10,authority
EekMLY_SxPo_1,in advance,9,time
EfIcGuRmc84,footage,11,computer
Eg7eVi4c11k,grow,3,time
EgYYB3nHbyU_1,sum,8,math
EgeA95Yf9IQ,soil,6,geography
EgeuAsy-wmc_1,leak,7,process
EgnE1hPwGRs,manjira,6,sound
EhE2_Jd7F-o_2,weekly return,6,banking
EhErcUPHNgg_1,questions,5,abstract
Ehm9mwSc-JU_2,direction,11,geography
Eic6GMcQ9Tc,sing,4,action
EilGxC4fZ4g_1,plate,7,utility item
Ejk3rD52uc0_1,tonic,8,substance
EkK_DEi9vog,mobile,4,electronic and electrical
EkaFWDZrh2E,spur,5,action
EkfwGwI4c6E,fast growing temporary hedges,12,flora and fauna
Ekmr93MXzCE,portugal,3,geography
EktuCHkw7Ss,shoot,4,action
ElXP4DjT3H8_1,friend,10,relation
EmUsRBX9664_2,day,8,time
En8MHpUgipg_1,recurring,6,abstract
EnH0HaNPtsc_1,horse cart,7,transport
EnILR2WEkzc,shoulder pads,13,utility item
EnNw43_8YjY_1,argue,6,behavior
Eni6gYBX_-g,saturday,4,time
EnyO2ToSA20_1,bat,6,sport
EopinjD2-4I_1,knowledge,6,abstract
Eoz8FUQDCKY_2,repulsive force,11,physics
Ep_W1M6FWe0_1,active,7,behavior
EpxAKEtJbdI,itself,3,language
EqGyUaKwRjg,virat kohli,4,human
EsvQpLP_28E,steel rack,10,utility item
EuU5L4V0jsA,flower for recreation,10,flora and fauna
EvZvymz1nRo,karate,3,sport
Evw-przGUxo_2,s.i unit,10,metric
EvwF_HCmPxY,lg mobile,5,organisation
EwbZoVWQ6II,religion,5,religious
EwcX2aXTmUQ,tulip sleeve,9,wearable
ExEPNAW_Zk4,swimming,5,process
Ey1sb2Mq-00_1,belt,6,wearable
EyHkbtQEH4w_2,west,8,spatial position
EzA7vpG_mnw,kitchen,6,foods and drinks
F-NlKJvZ17E_1,cover,6,action
F-aZRY9C6HY_2,osclllatory motion,12,physics
F-nZwpViPqM,perform,6,action
F0Yx7_4Ox0c,shine,4,attribute
F1AvK4jxMuA,nearly,5,attribute
F2SfSlbRkj0,sympathy,6,emotion
F2oFyH9CkpI,psychology,4,biology
F2qZXlYNo38_1,white collar job,9,profession
F3qQXP8EtRs,basic pay,9,banking
F6sn_h1Xea0,nice to meet you,4,greeting
F7s5GtLbtGE,tinda,5,flora and fauna
F7wUQReGNEw,earth,4,geography
F8ZmweysvHM,deaf,4,medical
F9JOa0fXPI4,few,4,quantity
F9qYkNV06NE,fir,10,legal
F9v9eNr0daA_1,vendor,6,profession
F9xcw575Q-A,zoo,6,geography
FAOHczmX7Kc,rolls royce,5,organisation
FCHXqa0qVDo,mile,7,metric
FCMh8YKvD-8_1,like,7,comparator
FCNV_86edvI_1,alone,6,emotion
FD8LpV-MqEM,deadline,5,time
FDV5iLDQiFs_1,bolt,6,instrument
FDpm4DIIUqI,cut,3,action
FEGl-ICREeE_1,newspaper,7,readable
FEi50jcTxxI_1,stop,5,stage
FFAd29BYBxs,self,3,relation
FG0lFws-PWo_1,brown,8,attribute
FGFEkUDv0Xs,policy,5,legal
FHJGiOwpmJ8_1,surname,10,group
FHwjyQeLNuY,stop,5,stage
FIUecHseRiA,light fixture,7,electronic and electrical
FIYZhJAQ3Qo,passbook bank,5,banking
FIj5kYw23Og,sikkim,4,religious
FKzGaTqUqGY_1,prosecution,6,legal
FLG6F5h_LiY_1,tuesday,5,time
FMNrbQN6pX0_1,boxing,5,sport
FNM7gqdOCzQ_1,russia,7,geography
FNwSw0aI6yk,success,4,stage
FOXxYHFHzto_2,material,7,substance
FP83TXugYq4_1,shooting,7,action
FPuKLNX3uKI,star,5,astronomical
FQYd1BVpZ54,sit,3,action
FR_SoS24QTs_1,clever,7,behavior
FSKTNkpTx5Q_1,october,6,time
FTNGNvDqp-g,hair,4,biology
FWGaBkksG7c,submerged weeds,15,flora and fauna
FX4qWqaO0aE_2,bolling point,10,chemistry
FXDVdq4xfbw_1,nervous,7,emotion
FXkWue_0HsY_1,push,6,action
FYU1yAIBMKk,teach,4,action
FYxrZhkb5Zc_2,bread board,10,electronic and electrical
FZ5a1t1hKpw_1,ticket checker,8,profession
FZFeKGTeQ5k_1,owe,5,action
FZrTVPMOSTk_1,august,6,time
F_Bi2czPDcc,greedy,4,behavior
F_es2B9Sgo0,things,4,miscellaneous object
F_ssKRakSBs,goal,4,abstract
F_zWSg0n04A_2,uitraviolet ray,10,physics
FathKZe6_LI,key,5,utility item
FdxGN0ru6F8,india,4,geography
FeI5iTWw_6w_2,refraction,9,physics
Fep0HNXm84k_1,grandfather,11,relation
FfuRz0AuxMs,pay,3,banking
FgId5lNxRyM_1,magnet,7,physics
Fgkks8MEUi8_1,wool,9,utility item
FhgAT_pNTIE,meat,5,foods and drinks
FhsR37rUlRo_1,easter,8,religious
FiEj2MNIRAs_1,fill,5,action
Fjx9s0fJjEA_1,want,6,abstract
FkCaUqcqwpA,drug,3,substance
FkJ_uBF9n88_2,water pollution,8,geography
FlB4FQhBm5M,silver,4,metal and minerals
FlZ8Xekr-JA,work,3,action
FlaNoLJsw-s,remove,4,action
Fls8pLxuhZs,confirm,5,process
FmDMlXXPl9c_1,want,6,abstract
FmR82ugp5Ug_1,shimla,6,geography
FnSIbbCAQ3s,sculptor,11,profession
FnTehW6ik-Y_2,altitude,8,geography
FogwGS1HzIQ,fat test of milk,12,process
Fq1Pqke8_pE,floppy drive,13,computer
FqtbCwFHFrw_1,fraud,5,banking
FrcAMp9yi1k_1,urgent,7,time
Fty9TY6f37g_1,sweat,8,biology
Fu11XkNRBis,simultaneous,4,time
Fu6JYe2kAkg_1,pass,9,abstract
FuP3ROsNQoU,grommets,12,machine
FuoBm8C2wRg_2,interruption,8,action
Fw0sNnw7Jd8,bigamy,12,relation
FxpR_7U84nQ,ally,14,group
G-5rBFFWEIk_1,herself,6,language
G-MJMctXHkY,peter pan collar,9,wearable
G-xw6dwoiBc,balance,4,banking
G-zchviTHUI_1,cricket,5,sport
G0Ii_arG_iA_1,rule,5,authority
G1M2g_Bp2iM,roughages,15,foods and drinks
G1kA8fiQM3Q,cartoon,12,entertainment
G1v0EK67zuc_1,hot to feel,7,sensation
G2Lhs-1HRys,uncomfortable,5,behavior
G3noibPzJ1w_1,fish,6,foods and drinks
G4VFlxK9srU,kinds of germination,13,biology
G6aKn9zvQ8g,cheque drop box,8,banking
G7LqVtoayeo,brain,7,biology
G9ClKgFVe4U,mumbai,4,geography
G9MUHd-IjF4_1,election,8,event
GA00BzF9EpE_2,photographic plate,8,instrument
GAP_IrJE0F0_1,before,5,spatial position
GBvOlmOfz7s,photoperiodism,14,biology
GDbeg02GKjA_2,latitude,14,geography
GE77ptzmP6g,duffle,9,wearable
GES06kpvMl4_1,account current,8,banking
GFWW1CO5rf0_1,selfish,7,behavior
GGBp_AxOgjE_2,average,8,math
GGK97cywvBc,bag,4,utility item
GGV55DgjlHM,nokia mobile,6,electronic and electrical
GGbmYniJ_EM,principal,4,authority
GH5LgcALHiM,tooth,4,biology
GHDSqpqhyUo,budget,5,banking
GHEnNurHKWk_1,leave medical,9,profession
GHp2q1IoF6I,seventeen,4,math
GIoPLi8lba4,name,5,language
GK1Zc8T40Yo,pan,8,utility item
GKyaVPkBIvU,stapler,4,utility item
GLLwgmHVTGM_1,over,6,spatial position
GM5YzHlNbtQ_1,cloth,8,wearable
GMAuU7yQo1k_1,cucumber,7,foods and drinks
GN8ge3CZFWE_2,molecuiar motion,14,physics
GN8sm5YR2kg,subway,6,construction
GNOV9MdthUU_1,tomato,7,foods and drinks
GNULrNz8c64,scraping,6,action
GOwke9T4QOU,verb,4,language
GOxL9etVT9c_1,under developed,7,quality
GPDJy25-tN8_2,audio frequency,10,sound
GPntxbUpP8E,full frame,15,attribute
GQaw-x-oXM0,pencil,4,utility item
GRvD6_yvvdc_2,prism,9,instrument
GSMQDwI83aI,hair clip,4,utility item
GSeKuIBIGWs_1,concentrate,8,sensation
GTNV1gmJDSk,climb,5,action
GUA7UJE53Qc,concrete,6,construction
GWE16XtuLOE_2,wind,8,weather
GWPzuYBtXA4_1,unauthorised,8,legal
GWQ3h3xY7os,pressure cooker,4,utility item
GWXw1ra-nu0_1,leave extraordinary,8,profession
GWn73nB7NsA,reservation,5,group
GXhOBQRBsb4,instagram,3,internet
GXpfHLOLU_4,meghalaya,4,geography
GYVZ3VpzJRI,banana,4,foods and drinks
GZSpfYjY3lM,pause,5,time
GZTuJ6NMvbw,piano,8,instrument
GZagTSm_qhM,shade,7,utility item
GZq28EIBmQs,good,4,quality
GcR4QYxAdmY,enemy,3,relation
Gch0TZZQ_90_1,public,10,attribute
Ge1eIkRgtJk,gold,7,metal and minerals
GeVnlqGHpEA,surat,4,geography
GeeCVBhDSKs,own,4,relation
Gf-58Ft9qEA_1,butter,6,foods and drinks
Gf4_V9dRgZk_1,diabeletes,8,medical
Gfmu5xPqDlI_1,versus,8,comparator
GgsIWmqqgoU,janitor,6,profession
Gh-mMyOy1UY,on,4,spatial position
GhK-KsZ6mlo,bull,5,flora and fauna
GhYMzZZMMJw_1,hand,7,biology
GiOVSFEP2UQ,call,5,action
GjOTwnRW2RM,foolish,6,behavior
GjY2iudi9lM,association,4,organisation
GjqR1Zt5Yjw,pune,4,geography
GkpQNio4dSE,shy,3,behavior
GktQpaPsNAk_2,main scale,9,instrument
Gl6b4xJGc5k_1,friday,5,time
GleVWSS5dmo,pen drive,4,electronic and electrical
GlsK0Ejjyhg,blackboard duster,8,education
Gm2HCSz7Jqg_1,father,9,relation
GoDqsUZU5yk_1,woman,10,human
GoO-VsRxG18,losses due to exessive water,10,biology
GogzZTi_jfM_1,reform,12,action
Gpjn1Iun6CI,warm,7,weather
GppkFygxOyQ_1,dislike,6,comparator
GqCMtSaTMwQ_1,november,5,time
GrNwG3wnIsI_1,capital,7,legal
GsXkUJU2csA,methods of drainage,9,instrument
Gsl-Lhf3-PQ_1,year book,7,readable
Gt1EHmS3kN0,kerning,12,attribute
GtNAGLonyLA_2,nucleus,11,physics
GtaZHYq-u_M_1,dig,5,action
Gu2kSZvVPUs_1,mason,7,profession
Gv8Q72yX4Yk,environment,4,biology
GvXNaIt8FiA_1,idd,8,event
GvfT7dP2zhk_2,sunlight,10,physics
Gvg-342aMWE_1,finance,7,banking
Gw8cGxVbFZY_1,head,7,biology
GxT75TdGS5E_1,strong room,8,quality
GxrEeXKP7mQ_2,input,9,process
Gy0xJk_gGZ8_1,operation,6,medical
GyQ1wh7tiaU_1,bear,6,flora and fauna
GybjWmdp4jM,suzuki car,5,transport
GyhrF2L7s74,vocation,5,profession
GzUACVmJWyc,misunderstand,4,emotion
H-CvK4W6-SM,week,6,time
H-PnLVGWrto_1,shy,6,behavior
H-QyPKHdBpo_1,examination,7,education
H-ZAN_q1XtI_1,lose,5,sport
H0G_jCcuCWU,which,4,abstract
H0k_c6twr-Y_1,date,5,time
H1BtHoJ_5gs_1,reply,6,action
H1Zt1GDnh-8,startle,6,behavior
H2RHQ43Nly4_1,fat,6,attribute
H4L55c2xeMI_1,plough,6,instrument
H4pn0Iqrg8A,notify,5,action
H4ymr2I-3P4_1,level rate,11,banking
H5ta0C2Sz2I,baby,9,stage
H5vUC_UZZfQ_1,cancer,8,medical
H6hAtqg32n8_2,speed,7,physics
H6zu3PFDwnc_1,mumps,6,biology
H84q83Jmhhk,return,4,action
H90EE4ZyShY,arunachal pradesh,5,geography
H9nx2rpmH04,straight,3,spatial position
HB3JdzM5I8g_1,disolution,10,banking
HBz_sjo1RHM,decide,7,action
HCLav_Tthvk,tamil,4,language
HCpfu2Ud4GE,supreme court,12,construction
HDx7Jb5t5L0,swine farming,11,process
HE1mqIDP_Ik,punjab national bank,5,organisation
HE7cOw_O6cA,century,11,time
HG8PkQFk6po_1,cut,6,action
HIZYnYZpipc,split,4,action
HJLgJ0K4-pk,reduce,5,action
HJVvCxf2J4Y,west indies,4,geography
HK6mbwMGSew,insult,4,action
HKlXMGJXHZs,triangle,9,math
HLCUp2wfqLg_1,joumal,13,readable
HLHBZen5qdE,font weight,7,attribute
HLJXFFx-auI,stressed,4,behavior
HLLUUMdZkFk_1,sweep,7,action
HLngaK2mDAo,bosnia-herzegovina,4,geography
HMR5t5IGwCQ,epistaxis,10,medical
HMd3blEQ8g4,namibia,3,geography
HNF-z7j8p0A,repeat,4,action
HN_Fa-Ow650_1,sc,9,group
HPhGTpO7cvc_1,bowl,5,utility item
HRUodmwylRw_1,sunflower,7,flora and fauna
HSEV-Y2g3A8,come,3,process
HSL4JTtYSXk_2,size,8,quantity
HSVMcyMhWvI_2,heat engine,10,machine
HSxlr1h3TyM,pamphlet,6,utility item
HTLUdvrsUTU,to consumers,7,process
HT_22dYhzpI_1,shoe,7,wearable
HToUF5z-YGw_1,urdu,7,language
HTy7MUaROK8,january,6,time
HUax1aYesBo,nothing,4,abstract
HV7L78k5KeE,seventh,6,math
HWCGrOC9jmo_2,revolution,12,event
HWsnuUvNGuM_1,immediate,8,time
HYVbXUFLsno_1,milli litre,6,metric
HZDbJEL4RA4_1,parental,10,relation
HZJbA05pxEg_1,ooty,6,geography
HZKmJZ3VpIg,style,3,attribute
HZkFyzvt5LA,power hacksaw,10,instrument
HaYoTqtme1k_1,designing,6,action
HahAjlg8Uxc_2,destroy,8,action
HbU2GkRlLb0,ball pein hammer,15,utility item
HbZjNSy4OHE_1,waterfall,7,geography
Hbj74PbhIzc,hygiene,15,attribute
Hcp9WsOvexQ,jack plane,4,instrument
Hdt6acHjd3I_1,meet,6,group
HdtJulX0Koo_2,direct current,10,physics
Hdvjnsplcx8_1,knife,6,utility item
Hg3An9HPABQ,milter stripes,9,wearable
Hgv4G60B5Fc_2,development,9,action
Hh69480i03w,transgender,5,group
Hh7uTyKr5ck_1,office hours,8,time
Hi65fS8-pjc,html,15,internet
HiKegjOx1kw,friend,10,relation
His11C0YFps,picture,4,miscellaneous object
Hj28Cttz1Rs,recurring deposit,4,banking
Hj4QeQhtsdQ,tubelight,8,electronic and electrical
HjBMp6eChiY,allergy,7,medical
HjQ5ftX3H1c,theirs,4,relation
Hk0qqXk8-nU,wales,3,geography
HkPXGBLKhKM,mouth organ,5,biology
Hkv0JPEwiEE,explain,4,action
HlY4I1V3Wn8,railway hedges,15,transport
HnVaM3dWOO4_1,chandigarh,5,geography
HnmeVz4t4Xk,supervisor,6,action
HnmjmqSfmPs,make a long story short,11,process
HnydoJ4McR8,litre,5,metric
Ho8vUmQ7Y1s_1,receipt,6,banking
Homd_Xpbpac_1,initial,8,time
Hoyh1m0u62U,ball point needle,9,utility item
HpwU9tXDfpM,inheritance,13,relation
HqCWS-Gh9zY,shank button,13,wearable
HqEam06JRKo,aeroplane,4,transport
HqsZI1n6pGU,handkerchief,4,utility item
HrYfUg6i8DY_2,distance,8,metric
HsgYLaLxP5o_1,knit,7,process
Ht6fXw6roFc,four cricket,4,sport
HtG9j-D3n8c,varanasi,4,geography
HuPD22JS5QA,diet,6,foods and drinks
HufgJPpb1kQ,bus,4,transport
Hv3CUeYzFGk,one and a half hours,4,time
HvwdD5t8Llo_2,pressure,8,physics
HwgChfSHtlI,a lot,4,quantity
HyYH_y65nQs_1,not negotiable,8,attribute
HymdtSakcww,label,4,action
HyqvSSccYGM,things,7,miscellaneous object
Hz77BEDzZ-E_1,cutout,7,sound
I1i5r5rd7vI_1,camera,7,electronic and electrical
I1pC7URd7qM_1,tease,6,behavior
I2q6piLBbPo_1,priority,7,attribute
I2xOiEMrgM0_2,chemical energy,8,chemistry
I3_S8sTuQT0,deputy director,5,authority
I3haAOluERo,wait,5,action
I4ZsuU5C6aw,right now,4,time
I4pibKfr0jU,buffalo,5,flora and fauna
I5A2blkb1T8_1,cycle,6,transport
I5GA0QFoDos_1,copy,7,action
I5IcpZp0BfE,mean,4,behavior
I5Nw8MVpZt8,mirror,5,physics
I6kZM0sKraQ,score,7,metric
I77KHj-yyWQ,debit card,4,banking
I8TH3Ef1yls_1,allah,6,religious
I9OiCuVT6TQ,bus,4,transport
IA-RnnxesfI,button hole,8,wearable
IATnhKazi7g,technology,4,abstract
IAd2idq-iPI_1,coin,6,banking
IAqSm0HcDDI_2,electron,12,physics
IB4I1T_sQxo,ifsc,5,readable
IBYqJ-C2FsA,nurse,5,profession
ICWffEGAP5Q,drug overdose,8,stage
ICiBChM7NL0_1,sweet,6,attribute
IER9rPq_O8o_1,source,7,stage
IE_CEe3ZkCI_1,tonic,8,substance
IGNLe81lZ-M,seamline pocket,10,wearable
IGR8WsvfoXs,tap,5,utility item
IGogDBcwAnU_1,clever,8,behavior
IGsDuTIs2ZU,quickly,4,time
IGuFuS-aMpo,sharp,6,attribute
IH3kcXKQgt4,barricade,5,miscellaneous object
IIeXWQPIlqA_2,spectrometer,12,instrument
IIkkBf5KDmg,fast track court,14,legal
IItJ7hdAf_g,company secretary,6,profession
IL9zmsdJg5g,cervical cancer,10,medical
ILXJO86NsG8,reliance mobile,6,electronic and electrical
ILinyrxnsEs,sixty,5,quantity
ILv9XMPLqoo,very wealthy person,5,human
IMZb4D-ulNs,percentage,5,math
IMlXe5o44pc_1,address,8,geography
IMzhNeb2ziQ_1,juice,6,foods and drinks
INYvz3YRvT4,wedding reception,13,event
INdSYgk8Ed0_1,island,9,geography
IO-b4Lt249Y,suspect,5,legal
IO0nQfhpxh8,education,5,education
IOS2_Xy4yg0,friday,5,time
IOUl-SHyP4Y_1,testify,9,action
IOaZtwg1czk_1,interest,12,banking
IOcKAmXpVUA,gionee,6,organisation
IOp7Ml6b4sk,right,3,spatial position
IOz0Yx8IpHU_1,across,6,spatial position
IP9M9Q_sJlU_1,six monthly,8,time
IPRNWTt4NDY_1,objection,6,action
IPUJ9bHGQgM,waterfall,5,geography
IQS9ORLYumE_1,additional,8,quantity
IQdo3niLRus_1,bug,6,flora and fauna
IRT4-x0KYrI_1,tree,6,flora and fauna
IRUYQfpLjhY,tornado,5,weather
IRmlHHtW_Q0_1,thank you,6,gesture
IRpEcHFlSk0_1,stay,7,action
ITV9-ymtK_M_1,exchange,5,action
ITnvvRnzDsI_1,self,7,relation
ITtZaBbXqyE_1,farm,7,construction
IUj1aN_hzQ8_1,birthday,7,event
IUxURsL66jY,huge,4,math
IVY4EYIVHMI,food,4,foods and drinks
IWBVW-QyFEw,fox,6,flora and fauna
IWCiPFCUzI0,janmashtami,5,event
IWWZql-w610,leave,7,profession
IWxnrliK3Mk_1,bath,6,action
IYf_zhHRbWw_1,eat,7,action
IZ5P9dAvZ5A_1,default,12,stage
I_TQyqgYvoA,area,4,geography
Ic7hCwzP2PI_1,irregular,10,attribute
IctKxBrrjJI,interpreter,4,profession
IdF3Z-HI8QY_1,on,5,spatial position
IdTIbvWgePA,muharram,5,event
Idb2wQQ85ho,brahma,5,religious
Idc4ADhTayI,leaf,4,flora and fauna
Idq3nOcunPw,deepika padukone,4,human
IdrYzD-b0MU_1,march,7,time
IeGTCdw-lFQ_1,account commission,9,banking
IfL2BoxCI_U_1,remember,7,action
IghFboP-goM,slovakia,4,geography
IgilYoGrZlg,repair,4,action
IhUPDOGqMaw,true,4,abstract
IhaMUrrY6yw_2,physics,14,physics
IhoXleQ5yy8_1,point,8,math
Ii2bgYmdoQo,vegetable preservation,15,process
IiAx8ef2Rwo,hidden file,6,utility item
IihwJw1jkfA_1,allotment,11,banking
IijA65GKXKc,surgeon,5,profession
IioAwnwu91s,mali,3,geography
Iiz4Zy_pAGA_2,voltmeter,10,instrument
IjJkyhtkX58,numpad,12,computer
Iji2l3tYxHc,today,3,time
IjyH501MJjY_1,agra,5,geography
IkEVVymlfjk,non access,14,abstract
Ika-iBJ4-Ns,wash,4,action
IkmV2lTGHL8_1,under review,6,process
Il9Z5pMnfDo,cheque,5,banking
IlFz5jLv0HA,christian,6,religious
IlO3fdD1Ytk,shoulder,4,biology
IljBrnpRkLI,over,5,spatial position
IommKlI9JqQ_1,feel,6,sensation
IphLasWnRHk_1,bank,5,banking
Iplh792WyLM,flower for beautification,8,flora and fauna
Ipvw2kyzr_w_1,final accounts,10,banking
IqAQQves3xE,essel world,5,entertainment
IqVx7zjG9s0_1,hill,9,geography
Iqjt_znBgeE,gas stove,4,instrument
Ir-Qe2kkROw,wifi,4,internet
IsvFw88fne8,shillong,4,geography
ItV99Fhz1X8_1,merger,8,organisation
ItvaPW9FnxE,algeria,4,geography
Iu0WhShkyw0,pause,6,time
Iu1aKegaeek,funeral,9,event
IuIV6N8k4Ik_1,thursday,6,time
Iub1Yb-tOAI,video,3,computer
IvHyCTGWTOc,biased,8,attribute
IvWnYjnrMZg_1,himachal pradesh,7,geography
IwjaiMCqRSk,cinema,4,entertainment
IxDZyvc3cRM,president,4,authority
IylKyQ_81Zo,licence,15,legal
Iz9sVAKjbMU_1,iron,7,metal and minerals
IzIT4zP2sTU,parameter,8,computer
J06ynDbTJDY,mtnl,5,organisation
J0D4SC4WJQQ_1,institute,7,organisation
J0Jx4BIuGn0,television,4,electronic and electrical
J0OaU0o7cL8,pond on the basis of situation,14,geography
J0vgYiSZ0Zk_1,profit,7,banking
J36iHjTW6Jo,reward,4,miscellaneous object
J3BJa0TWc8U_1,incompetence,7,attribute
J4G3ltp807A,notify,5,action
J6YkOCzKPpA_1,coconut,7,foods and drinks
J79s05Z0NZ8,whatever,3,abstract
J7Bq-xjpcvs_1,leader,7,authority
J81k9pkL1tg,tvs bike,5,transport
J84aAikfD88,sweater,4,wearable
J9ZYf-S-gNI,wall garden,15,construction
J9rhbSDTm4w_1,black,8,quality
JAoQ3a0DIXQ,spanner,9,instrument
JAvrviPNIOI_1,illiterate,7,education
JBO4vOeqQxs_1,parent,10,relation
JC80hJOObmg,mango,4,foods and drinks
JD1NFsUtYrg_1,pan,8,utility item
JDFAUSbxIhk_2,compare,8,process
JDvfWq3CAAU_1,kangaroo,6,flora and fauna
JE_6hkeERgY,donkey,5,flora and fauna
JFVB97UDh6o,category,4,abstract
JFrHbTIRXp0_1,hard,7,quality
JG9WnZMN5ZA_1,account suit filed,12,banking
JGDj06htv-A_1,few,5,quantity
JGiAZZ8byeU_1,forget,7,action
JGmPOUUxRzE,stairs,4,construction
JHK7flaSzzM,applause,4,action
JHh44ooGaY4,school bag,4,utility item
JHyzbf0wbL0,youtube,5,internet
JIm7aysFevs_1,order,7,action
JJ2y6sfvlUA_1,tongs,7,instrument
JJ4iKa2vdoM_1,floor,8,construction
JJamPbb5o_A,same,4,comparator
JKKejwob7W8_1,eye,6,biology
JLwyU0Pd35Y,tolerate,5,behavior
JMafDHZmr8s_1,recruitment,6,action
JN0xDQF2NWs,tunic,10,wearable
JO6xA9yQgUA,track ball,13,action
JPGOxP4NRRw_1,stitch,7,process
JPvEO-Q1N08,personal,4,relation
JQ0W7D0nvlY,starve,7,action
JRE6SRmb_yI_2,clockwise,11,spatial position
JSEGoqKaQM0,job,5,profession
JSf7HjXTT78_1,yellow,10,attribute
JSgfX7o3cCI_1,cow,7,flora and fauna
JTfbRXxg4mU_1,false,7,abstract
JUMBB2W1Q94,glue,4,substance
JVplYs4HTtE,piping,12,wearable
JW9yPJ2REK0_1,difficult,5,attribute
JWG3G2AfAO4_1,cement,6,construction
JWbMe5M36V8,aquatic plants of various colour,13,flora and fauna
JWsKWK1W9q4_1,regret,7,emotion
JXkN1Nb0WmI_1,gloves,6,wearable
JXtbhw70wpY_1,credit,10,banking
JYvB-eiJP-I,catch,4,action
JZLbNmS3Lu4_1,duck,7,flora and fauna
JZRAOigBYnM,personality,12,attribute
JZtlpCJqR-M_1,delegate,10,authority
J_iH6uAoAJM,orissa,4,geography
JabTaO_zQ-M_2,key,7,utility item
Jarh1WMa868_1,happy,7,emotion
Jaw_nTMEwzY_1,gossip,6,action
JbG_KfmEYm4_1,script,9,readable
JckFhrO4KD0_1,ramzan,9,event
Jd-pxhXGefA_1,stop gap,6,quantity
Jd3to2MXy6s,medal,5,utility item
Je-ZDJTfVsw_1,promise,7,action
JeJLv2tM3nY_1,breakfast,6,foods and drinks
Jedn1-9fyXw,bridegroom,9,human
Jh4PPOr7tjo,annual plants,14,flora and fauna
JiPwL-4i6Uo_1,establishment,9,organisation
JjDVZDpPjbc,store,4,action
JjQDPdI82Tw_1,twins,9,biology
Jm23ZwhmPlQ,clumsy,12,behavior
Jm2j6rZhGXo,delicious,5,attribute
Jm8OXSwWnCY,audi,6,organisation
JmBmx8jNivk,classification of vegetables,9,action
JmPgvxIFzGE,oriental bank of commerce,6,organisation
JmsjCb19HB4_1,coffee,6,foods and drinks
Jn9jwPcSKag,plate,5,utility item
JqBJjFOxuLk,dithering,12,sound
JqPK7r2pB_8_2,south,7,spatial position
JqUNaUjxigE,job,6,profession
JqZFdQuy3QU,false flooring,9,construction
JqwXMlzSPoM,poultry feeds,13,flora and fauna
JsdNgRcC4wU_1,bring,6,action
JtWmt2W6g-4_1,immovable property,8,legal
Jtk0QePDuds_1,sofa,7,utility item
JtykP_hFReg,message,4,readable
JumxHKPgPsw,shark,6,flora and fauna
JvZwKXBG8sQ_1,predecessor,10,stage
JwE82vJ5lF4,sweet lime,4,foods and drinks
JwvgzR8JBQw,leaf,4,flora and fauna
JxEGnvLxNu4_2,contraction,9,physics
JxiY9s8T8eg,drainage,15,miscellaneous object
JyAbrgrmXFQ,drip irrigation,14,process
JybAScc2Ppo_1,speech therapist,7,profession
JzyZDgP62tM_1,refrigerater,7,utility item
K-cAmlbGqqE_1,direct appointment,8,authority
K0EyqFbG2N0_1,charge sheet,11,banking
K0VsSQMEtMU,west bengal,4,geography
K1N6oh0nYvo_1,faith,6,abstract
K3pj5alsYHc,valley,5,geography
K4bb2bBt1uY,same,4,comparator
K5K6_yItMbc,hill garden,12,geography
K5qR4GaiYqc,form,7,readable
K5xvRicYsgQ,agricultural robot,15,electronic and electrical
K6ef6wLNV6A_2,negative error,9,math
K8Se1Eiyqq8_2,vaccum,11,physics
K9BFoOaBA18_1,body,6,biology
KAkggm-5ApA_2,merchant,9,profession
KAsaLUHY0y4,former,5,comparator
KAyF64u5G0w,english,4,language
KB2cTekqy38,flower for controlling soil erosion,11,flora and fauna
KBfrB3Kx5Kw_1,always,6,time
KCFYiQAly-Q_1,fare,9,banking
KDUJ4CR6_dE,panaji,4,geography
KD_mAE7nypI,manager,6,profession
KEa28LtX2W4_1,mixer,7,machine
KEcsIGtSp88_1,chennai,6,geography
KEhIkzsFVhk_2,eletronegative force,10,physics
KF_6TkQc5Ag_2,beaker,8,chemistry
KG_OHYYtnoQ_1,red,10,abstract
KGd-YJ5cDTM,paper,5,utility item
KHbIUov_fKY,noun,6,language
KIoc3qEV7No_1,outstanding,10,quality
KJl7MI-S9ag_1,verification,8,legal
KKOqbdFgAgo,nutrition,13,medical
KKPPaj3WuIM_1,sitar,7,instrument
KKXbxgBsRoQ_1,mistake,6,abstract
KKfE1JlLal8_1,basketball,6,sport
KLWmJJC8WvA,millionaire,6,behavior
KLpXMM5NiYQ,triangle,4,math
KMAl51jbqD8_1,nose stud,5,wearable
KMB0F5vWexE_1,during,6,time
KN6wMRGjxGk,government,4,authority
KNYxG5Owm6Y_1,unclaimed,9,banking
KNZbdGWxDfw,outside,3,spatial position
KNepaNAPVHM,apiculture bee keeping,15,profession
KNshT57aEW8_1,spill,5,action
KO4tS6VabH0_1,lazy,8,attribute
KOn9NUTFkp8_1,glass,7,substance
KP83EtWUOqQ_2,minimum,8,comparator
KPIxtz5y-AQ,paytm,4,banking
KRiQ8XKAhxY_1,bone,8,medical
KRnfvBZ_V14,doubt,4,attribute
KT6xge7oPak_2,distribution,11,action
KTCV2tyighk_1,toast,5,action
KTNP8wR6a_I,sharpening stone,11,instrument
KU3jXLCl5ng,snow,6,weather
KVIEAqtUyxE_1,soldier,7,profession
KVe4agrfeOA_1,fingers,9,human
KVhmMplAyTE_1,ghost,6,religious
KVnMqcijBkQ_1,pretend,7,action
KVxHxFu6C1U,relay race,4,event
KXNl6DtK84A,jamun,5,foods and drinks
KXnSguJGdN8,sorry,4,greeting
KXzzVhXY0F4_1,light,6,physics
KYU0N1_c7so_1,cremate,12,action
KYWyFwglnCE,mouthwash,5,substance
KYknqu3Sq8o,bump cutter,10,construction
KYqKLRfxPQs_1,sunrise,8,event
KZkI_RcaNjI_1,rajasthan,7,geography
K_d8eu4SgG0_1,explain,6,action
K_lfla-AAV4,compass surveying,13,process
KbF95Py-dZI,crawler loader,6,machine
Kb_ozOWxAfQ_1,my,7,language
KbmqszvRUmQ,policy,5,legal
KcJguZ4bFWU_1,what time,6,abstract
KcNbuobK5GI,skating,5,sport
KcxcXM11Lmo,mushroom,4,foods and drinks
KeXpYtzYCGo_2,random,8,abstract
KfY5FcxSBFk_2,globe,9,geography
KfqRU_5sing,guinea,4,geography
Kh30NOSJmBc,fornication,15,action
KhHs-1AePDw,bless,5,action
KicAz88jtLU_1,tariff,7,legal
KicV8fyFj2U_2,voit,8,metric
KjuOnxtgNrs_1,touch,6,sensation
KkLXMOjfW1M_1,bihar,6,geography
KlLTWfYX95g,milling cutter convex,6,instrument
Km1_9ZLW-w0,query,4,abstract
Km4I-9zMWD4,soil survey,12,geography
KmAO72itjok_1,crow,8,flora and fauna
KnE_y9wziOc,cherry,4,foods and drinks
Ko2hEXvMWB4_1,jaundice,8,biology
KoMeOserJ2M,burn,5,sensation
KoixXkIyiUM_2,bulb,8,utility item
KotGJithHPs,asphyxia,13,medical
KqdHyxm3XDA,amazon,5,organisation
Ks0qQY_4_zo_1,vigilance,7,behavior
KsNrhfiqWHc,weave,4,process
KsbMoTA5Rvk,comfortable,5,sensation
Ksqo7pUZGnM_1,trust,6,emotion
Kt4-ijSTM58,chart,5,readable
KtYQWbd8c2c,weak,3,quality
KtjbWweEkKE,paragraph,11,language
Ku52vuQCoak_2,echo,11,action
KuG1qosmz1w,on cloud nine,15,emotion
KuwgdEpM9Bw_1,electrician,7,profession
Kx46yWsDfrU,build,7,action
Kxj8mG2kNCc,mother,3,relation
Ky8LfzgWGDU,very hot,4,weather
KzcNcvmdfUc_1,classification,11,action
L-u8WLA5E18_1,decide,7,action
L0C9pyt3Iv0_1,chickoo,7,foods and drinks
L0J8OikrRXQ_1,competition,8,event
L0dm0QB0XNc_1,receive,6,action
L1n0OnAH5YU,samsung mobile,5,electronic and electrical
L2Kvwf8SEvE,transparent,4,attribute
L2skBcrtvU4_1,sikh,6,religious
L37McuHckSI,good morning,4,greeting
L3YJkEmPbaY_1,sparrow,8,flora and fauna
L3zllm-N0pA_1,amount,8,banking
L42e09-GlGE_1,australia,7,geography
L4iyGvSJbBU,arm hole,12,wearable
L4q4_7OOznw,goa,4,geography
L5LPezmVNTY,honey,5,foods and drinks
L5N6iSUREkg_1,point,8,math
L6opOP8-MB4_1,account,10,banking
L77Jvnk92gI,reception,14,behavior
L8RxN_IwuxU,marigold,5,flora and fauna
L8btjcJoJMQ_1,time limit,12,time
L9tJKkCTWfs_1,another,6,group
L9zst1EDfWQ,report,3,metric
LAMyZKIAF9c,millilitre,6,metric
LAT-u9Ww5ZU,yes,4,comparator
LAxFz0h8jVA,asia,5,geography
LBDJe5RV0Is_2,society marketing,10,commerce
LBHkQz5_AX8_1,top management,11,comparator
LBjLmVz_ae0_1,telephone,7,electronic and electrical
LCM-nxFhJA8,actuary,4,profession
LCT8D8alG48_1,credit voucher,12,banking
LEU5wPrJOEE_2,virtual image,9,physics
LEkQofDsLww_1,lend,6,banking
LEqwMyWAVG0_1,computerisation,8,computer
LFAMKxEzB_g,hot air balloon,5,transport
LFFS1Hdq7cA_1,lunch,6,foods and drinks
LFzg2ex5OPs_2,perfect,9,attribute
LG9lvVHK-xA,target,4,abstract
LGWGD0eoxFg,chickenpox,4,medical
LH_-eRo-vYw,points,4,math
LIZdSKzcc7c_2,electromagnet,8,physics
LJDiOMjjmgQ_1,inefficient,8,quality
LJErvGH5rVU_1,bug,6,flora and fauna
LJZaMf1NGs0,snake,4,flora and fauna
LKNKVzQj9S4_1,rubber,7,utility item
LLRVhSkiGkc,judge,8,authority
LLZBIVJyAW8_1,open dated,9,time
LMiCwHGzWWY,multi storey building,7,construction
LNGTLVpK9pY,family court,15,legal
LNVUK4DX5GA,wave,7,physics
LNeQmfpFxKw,lauki,5,foods and drinks
LOHFGeu_YVo_1,quote,6,abstract
LOJcAGPKq50,thirty,5,math
LPASkvwrEhg_1,emoluments,9,banking
LRAKP8hKHTs_1,snow,9,weather
LRgu4y1wgyM_1,sculpture,6,miscellaneous object
LSrto7ULuac,trust,4,emotion
LSysLOgMsG8_1,search,8,action
LUZ-fo_p2eM,kiss,5,action
LUwTvq8IlG8_1,wrong,6,comparator
LVelMSPoeIk_2,stepup transformer,12,physics
LVoWdSuY_DA,broom,5,utility item
LVqnqzIAFGg,jammu & kashmir,5,geography
LVx3EA_f0yo_1,shave,7,action
LWiXmjFqjIU_1,bread,6,foods and drinks
LY35ZmX5ZKA_1,nest,7,flora and fauna
LY6maLw5JZg,bajaj bike,5,transport
LYQL5Is2IP0,without,5,abstract
LYRpKbuXtw8,drug,4,substance
LYaC4yU2_AE,online shopping,4,internet
LYfzb9LaUHw_2,earth,8,geography
LYrq1Zc046M_2,tuning fork,9,physics
LZNIKt_FVwI_1,earn,6,profession
LZXA3I9E1gM,tool,5,instrument
LZheGIIbAGs_2,final,7,stage
LZreqlssnWQ_1,love,7,emotion
LashuTkELEo_2,alternate current,8,physics
LbxSV8unB9M_1,afternoon,6,time
LcIgsxb9F1Y_1,birth,9,stage
Ld5T9glcT2k_1,things,6,miscellaneous object
Ld9qDys95es,jellyfish,5,flora and fauna
LdB-xdR0WlM_2,cold,7,sensation
LdEwOck6U_w_2,thermal,8,wearable
LdYbstdYCR8,bmw,5,organisation
LdhMy2tqQB4_2,in lieu of,8,comparator
LeIkWWTH__A_1,quotation,8,abstract
LeRzzzBBsmU,graft,5,biology
LfNnApnUb0k,yamaha bike,4,transport
LfYldiPt7Uw_1,holy,8,religious
LfeTLkxBG30,skirt,3,wearable
LfpizDfWhns_1,query,7,abstract
Lh8YfU2MNWc_1,experience,5,abstract
LiMHHFhjutc,son,3,relation
LipF082b75I,pinking shears,9,instrument
Lj9L7fUElLE,match,4,event
LjoBu4KD33Y,complain,4,process
LjwZPYHjqds,tripura,5,geography
LjxomDXWlSU_1,hindu undivided family,11,group
LkAdSi8XMnA_1,map,8,geography
Lkztp3ZDShA,view,4,action
Ll1sRFunlD8,anti corruption law,5,legal
LlpSiou4X7w,elephant,4,flora and fauna
LmFIEd0Ejq8,process,4,event
Lngoh_uQHzw_1,month,5,time
LoDs7v25rTw,civil engineering,4,education
LpK4vi7gyoU,dubai,5,geography
Lq13Nl5Ps58,abacus,7,instrument
LqLnP37No_Y,switch,4,electronic and electrical
Lr1RBzRU5IY,prevent,12,action
LtKLGzkfK7k,semi aniline skin,10,miscellaneous object
Lu0AwKQ33Sw,concrete,6,construction
Lu_R01JQky8_1,apple,7,flora and fauna
Lv_-f-V3ylE,slap,4,action
LwD7BG_zdXM,reporter,7,profession
LyZNz7OHiBc,clear,4,attribute
Lypi1wvlQ5s_1,socks,6,wearable
LzD3My7FOzI,professional,5,attribute
M-0j7OCBolw_1,brass,9,metal and minerals
M-aaJfrtvaA,weapon,8,utility item
M-sKe4o73uE,i don't know,4,action
M0bcUWG8vrg,hyderabad,6,geography
M1qOXnG0A6s,lower court,15,legal
M24VjuHEfgo,wait,4,action
M4-wk97gffk_1,debt,9,banking
M5ML0oF4VzU,can,6,utility item
M5d-xq3xJi4,manner,5,emotion
M7-RJmu46Fs_1,fumiture,11,utility item
M7fd9b-5J64_1,blind,6,medical
M84ritBmcTE,egypt,4,geography
M9A3PKPxbdY_1,door,8,construction
M9dzu-DC9Yg,judaism,5,religious
MAZVS8doD6E,learn,6,action
MB7HhOsEvxk,expiry,6,banking
MBJe-opDrVg,banker,7,banking
MBQiG5ZQFQM_1,angle,10,math
MBpTWWSc1JE_1,science,6,education
MDshuUzuAQQ_1,drown,6,action
ME7pnv4k_l0_1,good,7,quality
MF1FXsA8yXw,hot,5,sensation
MFNsb1cUbDc,automatic,4,abstract
MFWHZG1Xnr4,livelihood,4,abstract
MGPdiPWgglk_1,lgnore,5,action
MGrjrGgjADY,rich,4,attribute
MH1cXARmtE0,sequential,6,attribute
MH7f6cug0zU_1,re pledge,6,banking
MHcb7CiK_IA_1,accessories,11,instrument
MI2Jae1agR4,news,4,entertainment
MIal50cVwM0_1,x-ray,6,medical
MJTOje2ViH4,our,4,relation
MJelSVaA5KY_1,roar,5,sound
MKSKluySI3E,timid,5,behavior
MKbBSGnFUPY,fluted  pleats,14,wearable
MKirgaLINXQ_1,trouble,7,stage
MLAL7ASrh5s,pure,4,attribute
MMHxvuN8Z_0_1,job,8,profession
MMrUJwt_8oQ,orange,4,foods and drinks
MMzsqe-mNmc,qualification,4,abstract
MN2qjSNQdMg,steering wheel,6,utility item
MNCeezFR_YI,bread,4,foods and drinks
MONtOZhRgek_2,positive,8,abstract
MOW2rm7IXxg_1,solid,7,substance
MOu0z-QaJww_1,lay out,11,banking
MOy1x8EroPs,bandit munger,4,profession
MPCAeXe2E0c,three days after,4,time
MRcVRxcFrVE,glue gun,15,machine
MRf9vcls4eQ,restaurant,4,construction
MT8KL4XePl8_1,year calender,8,readable
MTAoneZNzeQ,allow,3,action
MUALhjDPcdE,bank account number,4,banking
MUWVSQ7vqGE_1,supersession,9,action
MVggQBRCOIw_1,september,5,time
MWnrLOwPLqQ_1,kitchen,8,foods and drinks
MXNChZEW6yI,denmark,3,geography
MXmTYGHWvvE,yes,3,comparator
MY-9YI3Slvg_1,posting,7,readable
MYVwYIX47wQ,never,5,abstract
MYfR4Ec-zU0_1,association,9,organisation
MYjYOTXhiZs,residential building,6,construction
MZBRGZovo8A_1,punishment,5,action
MZZ52lsCfSw,seven,4,math
MZsQzU7tOfs,ban,4,action
M_F0YMifj5g_1,zebra crossing,7,transport
MbKRtuwkHPM,wild swine,13,medical
MbUT3Kfq4Dc_1,beat,6,action
Mbu8042cTuA_1,back,8,spatial position
McHijMoln7U,knowledgeable,4,attribute
MeJB3ZRQQcY,hygiene,5,attribute
MeKJPAuFOgk_1,bhopal,6,geography
MeoJV0K0uTg_1,pass book,8,banking
MflJey4lrQk,hair dryer,6,utility item
MhHOduyqKv4,two,3,quantity
MhUpw_qPCHU_2,ammeter,8,physics
MhZrm3H1aBE,join,4,group
Mhwfin8V4sQ_1,round,9,math
MiGluii6UII,maruti car,5,transport
Miw0xZr0diU,roti,5,foods and drinks
MjRPq3GCSZk,weird,4,abstract
MlZ9Hx3mkBk_1,onion,5,foods and drinks
MlfKy5CzqVg_1,withhold,7,banking
MmeNMGTN-aY_1,hippo,7,flora and fauna
MmrdlTXfNco,uttar pradesh,4,geography
MnSaW7AFr1w_1,weigh,6,abstract
Mo-VXbTe0bs_1,january,6,time
Moi8EgQo6rE_2,atom,9,chemistry
MpOh9MQvWbY,belt,4,wearable
Mq1c27rJxqY_1,mirror,7,physics
Mq8cmp7QjOY,mason square,11,instrument
Mqa0sDOMArQ,exercise,4,medical
Mr30rM7vf4Q,dizzy,5,sensation
MrP80GmJveQ_2,spectrum,9,physics
MsWnmwlUBik_2,angular velocity,8,physics
MsxYYS8q9Hw_1,result,6,abstract
Mtm4Xg52b9c_1,subscription,9,entertainment
MtnBSpuX1IA,value scale,10,metric
MtnXC9CWB6I_1,horse,6,flora and fauna
MwHD6LxnfXo,website,4,internet
Mx_mNhBhWx0,toy,7,entertainment
Mxlci8amm_0_1,necklace,6,utility item
My4hzshl_RY_1,us,5,group
MyFCxLg44HY_2,capillary tube,8,medical
MzwOHZTi4OU,shaving brush,4,utility item
N0-cIcGCH3A,kazakhstan,3,geography
N05i2V0_8kI,malaysia,4,geography
N0HOc0gJyRs_1,laugh,6,gesture
N0OMPBVVK3o,praise,4,action
N0QNiLrVGl4,casio,5,sound
N0Tgyn59Erw_1,waterfall,7,geography
N0bpk_dzCuk,bite,6,action
N0lQZi87koY,meeting,4,group
N13nVxyNA2Q,setting of cement,8,construction
N1J4iPzvFDY_2,apparatus,10,instrument
N1sRspbhlk8_2,geothermal energy,12,physics
N2GsWA1smG8,amazed,4,emotion
N4NevefkpsQ,cycle,5,transport
N4a_K3p9KG8,tractive work,14,quality
N4rsVFJsb1Y_1,accumulated,13,quantity
N51UnxHrRZg,process,4,event
N53qGezr7MU,woodpecker,6,flora and fauna
N62iv94HI18,thailand,3,geography
N6DxyKcaZVs,lighthouse,7,construction
N6zCu36_1xI_2,blue,8,quality
N7q37KQfzhk_1,sufficient,10,quantity
N9JQMzE7_DI,england,3,geography
N9XgekP7Qtg,hidden file,6,utility item
NA5iMrff4Cs,elastic,12,attribute
NATVmGM4bpQ_1,year,8,time
NAiENsui-oc_1,lie,6,action
NAkU6Uj85R8,zipper foot,8,utility item
NBEVpBk-9VI,soft,4,quality
NC0iEaE7Ba4,tuesday,3,time
NCRLLU_dxcM_1,sparrow,9,flora and fauna
ND1WM_XYP4Q,numerical control,10,math
ND4_C6fI-BU,society,5,group
NFHHa94P-k8,concrete mixture,11,construction
NFnBaFx_SWI,annual for foliage beauty,14,flora and fauna
NGJkhj4AWbA_1,sick,6,medical
NGRn28khiEY,rainy season vegetables,11,flora and fauna
NGfUhD-kG1M,change,4,action
NJWphYVdS5I_1,justice,6,legal
NJZoju_a6Ig_1,hang,6,action
NJuhUVHvXi4_2,created,8,action
NKaU1IK6k94_1,august,6,time
NLEkfw25jWU_2,focal length,10,physics
NLlTJ8yeeYM_1,honorarium,8,banking
NLy90nqeNko_1,singapore,8,geography
NMajC62MvaQ_1,work,6,action
NMnARovUYLw_1,vomit,7,medical
NMwrtYskaeU,leaf spring,14,transport
NNiFl_dTBk0_1,throw,6,action
NPrAFhC6vWk_1,body,7,biology
NPxCD7p6M80_1,small pox,6,medical
NQ7Gnl9nRuY,window,6,construction
NQTfv_uhpfg,winter,4,time
NROeKyImRuI_1,food,6,foods and drinks
NS7WrHCEPVk_1,penality,6,legal
NSERnk7V4ZA_1,careful,7,attribute
NSM4xH0MhHY,benign,13,medical
NSwtAmwDTZE_1,sand,9,geography
NT-LpmJHMcw,mediocre,4,quality
NTNbTr_PLqU_1,participation,8,action
NUKt0kkYSg4,sick,4,medical
NUn7Lyw4H9U,wheeled robots,11,electronic and electrical
NVNirvNgU9g,pledge,4,legal
NW-BP9pf4JI_1,girl,9,human
NWx2vBB9F7g_1,pig,7,flora and fauna
NXEPPzd8AXk_1,freeze,6,process
NXjRJs0Wxkg,wedge,12,machine
NY2fpEI5uDY_1,world,6,geography
NY7NZeZ-ufw,research farm,12,education
NYWcVvZIlwY_2,external,9,attribute
NYbiMxMfp3A,brown sport of rice,13,medical
NZ2sunnoc7k,torch,4,electronic and electrical
NZ3PZzNJ2hs_1,magic,6,abstract
NZXhDTubUiI,videographer,7,profession
NZZkWB8jtls_2,adjustable screw,9,instrument
NZn29gNlDio,stress,5,physics
NZoSVSZeP7s_1,prohibit,8,action
NZwNyVXvpTo_1,money,6,banking
NaiHTSSvCuE_2,telescope,10,instrument
Nb7os_UNC0o_1,hen,6,flora and fauna
Nb8uJ822Tig,tinda,5,flora and fauna
NbG_5zEsSoE,express,4,action
NbO2R-jwElw_1,moneylender,8,profession
Ncpxyoe9VTE_1,crime,5,legal
NcqHqk2ybW4_2,parallel,9,math
Ncynk9HDp3c_1,swallow,9,biology
NeEUjskiXkY,layered skirt,11,wearable
NeXKnG1-7cU_1,false,6,abstract
Ned2R4FgR7Y_1,calculation,9,math
NfOadhavWHs_1,demand,7,action
Nfxj5lRpg2o_1,pakistan,7,geography
Ng4xJEF8wEg,mucosal disease,13,biology
Ngrila2aXJg_1,conveyance allowance,9,legal
NhCDD4ktBjY_2,loud speaker,9,electronic and electrical
NhFLlpEnqK8,punjab,4,geography
NhVVvn7cwd4,russia,3,geography
Ni3iHE6bas8,unite,4,action
Ni5kmFuBXzI,wednesday,4,time
NiE43suq2F4_1,patience,7,behavior
NiIyd5WjjFg,put,4,action
NiXOVcIQU7g_2,static electricity,13,physics
NjT3zasZLP0,harmonium,5,sound
NjjNU4VrO00_1,stage,7,stage
NjzsZG20E7U,strength,4,attribute
NkFzajnrYkA_1,method of accounting,10,banking
NkQLCSHvZcY_1,field,8,geography
NmPpZgrECW0,police,4,profession
NmTBx9PgX-I_1,quality,6,quality
NmmgvY4gy40_1,cheque,6,banking
Nn3ooGh1n7w,rude,15,attribute
NnETy9fmveQ_1,small enterprise,10,commerce
NnGjm_iFM1s,vent,11,wearable
NnUnWcgPFC4,digging bar,6,instrument
No2J7utvqrg,ballon pump,6,machine
NoKq5zdDsQk,smile,4,action
Non0cu5dbSs,party,4,event
NpQQCK0Yk_g_1,taluk,7,legal
NpTKGzsDGoQ_1,par - at,8,comparator
Nqh6_B0gfec,adopt,4,relation
NqnV9iNS62M,reproduction,14,biology
NqtEH9nZexY,water logged hedges,12,flora and fauna
Nr80alTAMrw,baseball jacket,12,sport
NrQ-7PGyl70_1,output,8,miscellaneous object
Ns3lBPP73Jk_1,taxi,6,transport
NsQZ8by-g_k,sibling,4,relation
Nt5QgTWqBcU,olericulture,12,biology
NtnfUEDzoPo,telangana,5,geography
NuTEITSEAUA,papaya,5,foods and drinks
Nud7Ld9x7Z4,perfect,3,attribute
Nus1qk-Khiw,north-east,5,spatial position
NvxJw6Zi6UA_1,toothbrush,7,utility item
NxxURb8wKd0,punjabi,4,language
NypNRzPI2Hg,punjab,4,geography
O-H9plmvvoE,prime minister,4,authority
O-o5XXFpqEY_2,heavier,8,comparator
O1DOtxdULkQ_1,misbehaviour,9,emotion
O1HMV7OKCZs_1,cheque gift,10,banking
O2_3lA8kVVE,brain,5,biology
O2_ZeoKvo5I_1,queen,7,authority
O3SeL_0pvTs_1,sunday,6,time
O4CkLiyI2a4,shearling,8,action
O4sOntiraJc,punish,4,action
O6YJgD20e2g,goodbye,5,greeting
O8jMsqDMiRE,who,4,abstract
O9Dk6KdQ4to_1,transparent,7,attribute
O9ZwfYTIETI,together,4,group
O9pRqLLFUEE_1,happy,7,emotion
OB6FvmCHsDg,invent,6,process
OBHeVltjXT0_1,young,6,attribute
OBPTV3YthOw_1,out,6,spatial position
OBRmS71p6TU_1,stars,7,astronomical
OC3FU_0GKBE,astigmatism,15,medical
OC4C5-lLWxc,float,6,action
OC7HHIF25ik,box,5,utility item
OCDSqlCaWlA_2,refrigerator,10,utility item
OCcDnB5VdgU_1,window,8,construction
ODFZJd2f9X8,amazon,4,organisation
ODNZ6nd7uls,actress,14,profession
ODRI_ATiWnM,jagannath ratha yatra,6,transport
OE5sct8DJxM,cock,9,flora and fauna
OELaDZo5R7I,brain,4,biology
OEZKlgaRH4o,alarm,4,utility item
OEm1Uov-v9o_1,training,11,action
OF-9aiQTAfM,hanuman,5,religious
OGO8HQ6ZYUg_1,overtime allowance,9,banking
OHFdjCUkpME_1,elephant,6,flora and fauna
OJqZgTGpghQ,deal,5,commerce
OL-CqbpYr8w,quiet,4,sound
OL_k_mBRxbA,pyjama,3,wearable
OM_yE9ewbcM,digital electronics,13,electronic and electrical
ON8Ou8j8BjY,principal,3,authority
ONhI6iem9kg,hat,3,wearable
OP1V4l-DdcA_1,hope,7,action
OP_7FlLGoAY_1,premium,8,attribute
OPfZfLKxZTU_1,instigate,7,action
OQ1e6lpNybo,maha shivaratri,4,event
ORU-AfSTIwI,rip out,10,action
ORwg4bg9aeU,rock gardening,14,entertainment
OSRpGh3d0cI,long term,4,legal
OSxSHGU_WOo_1,false,6,abstract
OTUecrbGM7E,roof griders,11,construction
OTfPJGdUm50,nature,5,biology
OTtrGki5gQg_1,angel,6,religious
OU-XIIEFnw4,garage,6,construction
OUQa0HC_ORM_1,understand,5,action
OUVv-5cwFaE_1,dosa,6,foods and drinks
OUr2XSyxfsY,seminar,5,event
OWya5pey33I,read,5,action
OX23xzI_GhY,land,4,geography
OXmN5c7MCUk,kumbh mela,4,event
OYENl3VfTb4,south indian bank,5,organisation
OYQVWFoke9E,pick,8,action
OZ2IdcRTgrs_1,insurance,8,banking
OZp4PyHgUC8,public gardens,9,construction
OaQqutxOEAE_1,eagle,8,flora and fauna
Oamv71HbOMA,apex court,10,legal
Oaqk8I-2-IE,tool,5,instrument
ObJnMFN4KQg_1,company joint stock,12,commerce
ObVcGiVYofE_1,forged,9,quality
ObrkXqrK96M,peon,5,profession
ObwZnI075E8,melt,7,process
Oc7vrILPpCQ_1,first charge,8,banking
OcBBb1cbZqc_2,natural,9,biology
OcSgDKInrg8,hot,4,sensation
OchKEyyyoF0_1,money order,9,legal
OeV_XZBC3VA_1,separate,6,action
OelZVA_CCzo,superficial,6,quality
OfCw-0gAd6E,order,15,action
OfGHhLbHWq4_1,spoil,6,action
OfGkvEa9C-A_2,object,8,miscellaneous object
OhE6VRcxlKA,disc brake master cylinder,14,machine
OhHLtn0U6K0_1,initials,8,banking
Ohcc1XNi-s4,meeting,4,group
Oi__gIjhBk0_1,engineer,7,profession
Oiewyo7WQ4w,netflix,4,organisation
Oittiy14URk,left indent,8,attribute
OjJ2Vu0k5d8,animals,6,flora and fauna
OjPz3neEd7U_1,measure,6,math
OjYou9zLuDM_1,daughter,10,relation
Ok6fbvE1cu0_1,alarm system,11,electronic and electrical
OkC4seOp-00,wash,5,action
OkHQG79PRCk,classification based on the transplanting capacity,14,action
OnqiVVsNE8I_1,locker,10,machine
OoFz4JC0sjU_1,cover,6,action
Op97JG5142c,kinds of honey bee found in india,10,flora and fauna
Oql_D1R8kVE,building structure,6,construction
OqzxnQ6fGIw_1,out of print,8,event
OrOlKiBzVAY_2,molecule,11,physics
OrlYpvp8gnI_2,condition,7,quality
OrrlfNA40zg_2,perpendicular,8,math
OsRTZjf3msw_1,disbursement,9,banking
Ot-XctUkMY8,buddhist,4,religious
OuOKDmE7q2c_1,parliament,7,legal
Ov-hdZ4oacg,marry,5,action
OvDIlDiFmnU,school,3,organisation
OwI1yeom0EM,surname,4,group
Owp1cwVnCok,question,4,abstract
Oy09VfmP5sQ,action,4,action
Oz4iaojP1LQ,retention of moisture,15,biology
P-0wocPMVyQ,tagetus,11,flora and fauna
P-35FnAOLeo_1,walk,9,action
P-k3HOBisv8_1,i,6,language
P18HvmCotMU_1,information,7,legal
P1WDAwasyoI,safety goggle,9,wearable
P1r-uVbFZ00_1,cold,6,biology
P29jupnZniw,close up,8,action
P2If73nwzYs,tabernaemontana coronaria,11,medical
P2OKqOpct8s,grey,8,colour
P2YHoSAHJUg_1,train,5,action
P2abspkSU_s,able,7,abstract
P3LobzeDo9E_1,sad,7,emotion
P3LqZYt2U30_1,economic,11,education
P3MpvLubTKw,sms notification,10,internet
P3pALl9igN8,flatfoot,11,human
P4bcxgldVSQ_1,benefit,7,banking
P58pF-HenyU,pause,5,time
P5CapJo7Oe8_1,overseas,7,spatial position
P5Dty8Ecdek,nuncupative will,10,legal
P6e7z3qKweg_2,fossll fueis,10,substance
P7aSfqQTkTk_1,yourself,7,abstract
P8c9TRiU7HI,invite,5,action
P8nCFvhToww_1,remind,8,action
P8q4ktLxy-A_1,pain,7,sensation
P91b_WSLDa8_1,system,9,instrument
P9GAmYhGhJ0,janmashtami,5,event
PAkQhoRDVMQ,debug,11,computer
PB7rn__dcKg_1,fan,6,electronic and electrical
PBPb-_V8A_U,mouse,5,flora and fauna
PFALmbyUi5A,microphone,5,electronic and electrical
PFH8OX7kSEA,online,7,internet
PGYE6puPzKU_1,chappels,6,wearable
PGbVUlqDu1A,hawker,14,profession
PGdVl8-IzJA,mother tongue,7,language
PGrGJBQGm3E_1,sales retum,8,banking
PGzUbRs5KcE_1,stone,7,metal and minerals
PI1wVAKM9t0_1,true copy,8,quality
PI6SVXN35Rg,praise,5,action
PI8mabNvaE0,netaji subhas chandra bose,6,human
PJtAsebnGrM,convertible  collar,7,wearable
PK4bvgOLUWs,try,4,action
PKLiUylI7jY,beetroot,6,foods and drinks
PKi9kC2RNzo_1,fluctuation,10,action
PKyGYvB0Mf0,tripura,5,geography
PLF4Zs0Q80Q,ball room,11,construction
PLtRFkjPkxo_1,genius,4,behavior
PMUPf08r0Jo,tecoma stans,11,flora and fauna
PMYXK-B1Few,hypoxia,10,biology
PMv7R76mAZA,rowdy,6,behavior
PODw7DyLs64_1,play,7,action
POwFUYdLjX8_1,sailor,8,profession
PP3bE6cjRdQ,mouth spray,4,substance
PQ5BHjzvK5A_1,zebra,7,flora and fauna
PQBIO5wAinc_1,copper,9,metal and minerals
PQoocuBF2f8_1,go,6,process
PRDX6PAOvF0_1,rhinocerous,6,flora and fauna
PSB4z3DAScs_1,volley ball,5,sport
PTv4C3vii08_1,surcharge,9,banking
PU5hB6j8ivk,unfair dismissal,12,action
PUDnvoajVUk,office branch,7,organisation
PUtHYOs4aXQ,summary,5,education
PUwW0NPqTh0_1,force,6,physics
PVdmrokA81k,record video,4,action
PVhCsYKStLI_2,put up,7,action
PWHh7NmzzV4,special,3,attribute
PWLWkd68QIA,notch collar,10,wearable
PWWRIQ49qHs_2,tally,9,gesture
PWi1hx2Omgo,jewelery,6,utility item
PWuJv2FHsvA_1,bed,8,utility item
PX-5cHBSak0_2,uranus,10,astronomical
PXEWAfcfs_A_2,appreciation,8,emotion
PY11Ny4fz3A_1,paid up capital,9,banking
PZONaOEO8AQ_1,small,7,quality
P_o20L8zhHU,themselves,5,relation
PaFoWYRBizg,abdicate,12,action
PaOVb_cMohw_1,hindu,5,religious
PaXZzVi_OsY_1,region,6,spatial position
Pb7q2FmzWS8_1,mat,8,utility item
Pbf2EXs2e4k,catch  stitch,11,wearable
PbfCur5zsw8,poison,9,medical
PeH-ArgS-fw_1,brown,8,attribute
PemmRc-BA94,kerala,5,geography
PerHf9tanw0_2,anticlockwise,8,metric
Pf8tWovZQ2U,baluster,7,construction
PffO6Uac1uY,permission,4,abstract
Pgm4Qs_l-EE_1,buffalo,7,flora and fauna
PhkRGU9K9ZY_1,light,6,physics
PiSY8MIVoMs_1,ice cream,6,foods and drinks
PijCNItuc1E_1,site,9,construction
Pj0MkbEahC8,toothpaste,5,utility item
Pl5J3391Pao_1,cash remmitance,10,banking
Pl5cCJ2SVN8_1,junior,10,attribute
PlEUE-SExy8,canara bank,5,banking
PlYZEnLNpdQ_1,shipping freight,10,transport
PlitAZnyimo_1,noon,7,time
PnAOEoaN0tU_1,rotate,7,action
PnwR2TZB_9w,pickpocket,13,action
PpE3Mdz1Z4w,seed,5,foods and drinks
Ppbq_RDljyA_1,france,7,geography
Pq-OLkv13Bw,light,4,physics
Pq7GkdMqan8,rough,4,sensation
PqOEUuH2gj4,try,3,action
PqftjzLnMEM_1,stock,6,banking
Pqm1i-zg24o_1,eagle,9,flora and fauna
Pro1Tbg-LE8,swap,3,action
Ps4VoPyMAb8,baseball,5,sport
Psd08qZsYnQ,word pad,9,utility item
PsdIuGsFt9c_1,remove,7,action
Psk7z4TM-yM,wiring,13,action
Pu9zSjEsqnk,bell,6,miscellaneous object
PvzM89FGSp0,advertisement,4,internet
PxXzMm43V0U_1,accuse,6,action
Py0R_2XywOQ,capsicum,5,foods and drinks
Py2RBS-e9Xg,tree,5,flora and fauna
PyQVgJzE2-Y,electric car,10,transport
PzT1paHu8C4_2,photographic camera,8,instrument
Q-S63Q62ZiU,venezuela,4,geography
Q-Sg1afVMsE,flowers for pot,8,flora and fauna
Q-jSZX4uAjY_1,coal,9,metal and minerals
Q0HKbrbAj0A_1,chief,5,authority
Q0SJzhLv0SQ_1,kind,8,behavior
Q1FtAjA_raE,walk,4,action
Q1zbpcSoTws,cataract,7,medical
Q25uAMfX5Fc,remember,4,action
Q2gjYvb7fcE,birth defect,10,medical
Q3oaDDt1Yc8_1,record,7,action
Q4JcKkId3Aw_2,kilogram,8,metric
Q4WiRFOlOu0_1,easy,6,comparator
Q5uGiH8-uQk_1,paint,7,action
Q65na_iR_HQ,messages videos,6,internet
Q7Ggc0qz3Jo,ridge board,15,construction
Q7rYOmLAa2o,nigeria,4,geography
Q7wCb9WlhA0,counsel,3,organisation
Q9w0G35HNLw,anti corruption law,11,legal
QBbAwvlhH0o_1,below,6,spatial position
QBg2Y55juuY_1,football,7,sport
QBjMKvsK1sk_1,black board,6,education
QE4UkDB3MyE,you,3,relation
QEKQr_KeKe4,easy,5,comparator
QF-_qNWaBaU_1,voucher,7,utility item
QF_QXmNelLk,tall,4,attribute
QGozGZ4rg9c_1,biscuit,6,foods and drinks
QHpNcX0Ugsc,mongolia,3,geography
QIL8ey6N_vs,red rot of sugarcane,10,flora and fauna
QIXGt2ddetI_1,bedroom,10,construction
QIaK1zBDLkE,cambodia,3,geography
QJDAMIo3A6Y,diwali,4,event
QJDOHjM9eb8,beautiful,3,attribute
QKEuQ32GLNc_2,electrical tester,9,instrument
QLWJMrs77Kc,electrical burns,9,medical
QLx1uWXhB1g,abstention,11,action
QM3TDqfMMWY_1,process,6,event
QMEYstHkpA0_2,light,7,physics
QMFllz8bqbI,zipper,6,utility item
QNqJ9kQ5xT4,norfolk jacket,9,wearable
QOXSBvW5Pds_2,zero error,8,quality
QPHySC61DCY_1,bud,6,flora and fauna
QQJQeK3IU4o_2,round,13,math
QRTBO6eAlFY,adult,4,stage
QRTZR4dcC6k_2,black,10,quality
QRtqJ1CnS0U_1,cave,9,geography
QSdgD2M4Xdw,word,4,language
QSg-1wqJezg_1,ask,7,action
QT4Su3HeNoE_1,under valuation,13,quality
QTSZAgSMfio_2,division,9,action
QTyJEcqXDTg_1,duck,7,flora and fauna
QU-ZlgFpBVw_2,compression,8,physics
QVZZq9BDyhA_2,interference,9,process
QVrRwXgj7GU_1,worth,7,abstract
QWN6Q7XTChg_2,rhythmic,11,sound
QWrJAZS_jNk_2,quota,7,banking
QX2YCbSelwo,rjd,6,politics
QXQ8ILhehkI,thirteen,4,math
QXRCiVRaHsI_1,these,5,relation
QYaPv88J2iE,kitchen,6,foods and drinks
QYkPPw0ePck,seed,7,foods and drinks
QYnm3ITnMb4_1,product,7,miscellaneous object
Q_wBjlTT4GY_1,dim,8,attribute
QaB25cChRXc_1,courier,10,transport
Qb3nTAfOz2Q,country,7,geography
Qc72veU0a6g_1,ball,5,sport
QcQGHMntX5c_1,signature,7,readable
QdOmsCK3gHg_1,jam,6,foods and drinks
QeNE9BjginQ_1,specimen,10,biology
QfGq9Md-D2o_1,cash receipt,9,banking
QhgyOz4p-iM_2,stepdown transformer,15,physics
QhhIAUupAeo_1,nut,6,instrument
Qhvb075HF_Y,clock,5,utility item
QiHtCEo3nEk,paper clip,5,utility item
QiX_rb7Lm3I,close friend,6,relation
Qiit5KIeWFw_2,music,9,sound
QkHS0W8x2M4,bellboy jacket,5,wearable
QkIAlWUDxPo_1,account head,12,banking
QlEKJLgEWMg,quantity,4,quantity
QlqLuC-1u1U_1,mother,9,relation
QlvGeWOzc-0_1,south america,8,geography
QlxwXFyAhOw_1,gardener,7,profession
QmCEr-G9Nug,bus conductor,5,human
QmWhfW8wyMs,start,5,stage
QmxDpQ8YY9k_2,refusal,6,abstract
Qn3Yf2GDWn8,states,5,geography
Qo2EdbZg68A,onion,5,foods and drinks
Qom3R9ndKoc,regulator,5,electronic and electrical
QowRgF354O8,quarter,12,math
QpcvD-hUihA_1,rank,8,organisation
QqBeIG-uvM8,camouflage,9,attribute
QqCdT8DJ2r0_1,window,8,construction
Qs2XJTA7LWU_2,potential energy,11,physics
QsQkRAFAKWM,delegate,3,authority
QsgOFiTSpa8_1,school bag,6,utility item
Qt7PxYKRi7c_1,write,6,action
QtR5-M2w3RQ,consent,6,process
Qu5KH6X5dd8_1,he,7,language
QvOMfMtfb7k_1,rate concessional,6,banking
QvuS8pyY2a0_2,decimal,9,math
Qwa5c4aDFaY_1,heart,8,biology
QxTqhAxngF0_1,sub head,9,authority
Qy07r-5SdkA_1,little,6,quantity
QyL43-YjgK8,nice,4,quality
Qy_q0sAucuw,teacher,5,profession
QyxD5H8-cHE,slow passenger train,5,transport
QzFmQvfUaa0_1,self balancing,9,attribute
QzVK5LtCZkw_1,trouble,6,stage
R-IpftpYr2g,bored,5,attribute
R-fKz1aaXRI_2,random motion,11,physics
R07yPaWBR8g,operation,6,medical
R0JV03iiFtU,promotion,6,organisation
R1jaD2vHFNY_1,monday,5,time
R1moiZ5YFMw_2,wave,8,physics
R22GF3-wqUY,traditional,5,abstract
R3jDoLjKAa0,bias cowl dress,9,wearable
R3jedCIQWrE,star,5,astronomical
R3s7Vetdseg_2,wind energy,9,physics
R4uJr2ys09Y_1,affidavit,11,banking
R5k5q5laIfk_2,calorie,10,foods and drinks
R5lzZf3MVaY_1,sanction,5,legal
R6ILTJGPlUo,goldfish,6,flora and fauna
R6KdIjSPkvo,vision,5,abstract
R7P29MkehIM_1,plastic,7,miscellaneous object
R7lhpy6_niU_2,angle of refraction,10,physics
RAvAYYM05v4,shimla,4,geography
RCd8Aat8xa4_1,hockey,5,sport
RCdDeF6erqo,chamber,15,construction
RDrpOAnwThg_1,iron,7,metal and minerals
REPEztEF060_1,envelope,6,utility item
RGDTXsCvZBQ,thousand,5,math
RHetQGTr7nU_1,continue,6,process
RIWIAARKqCo,africa,4,geography
RIo6nyBv2oY_1,table tennis,5,sport
RJ2_mx6DsmA_1,brush,5,utility item
RJVa8OUU9pA_1,close,5,action
RKMKhsFem98,jd u,4,politics
RLYcKEP4af0,rjd,4,politics
RMFMc1KxwPM_1,why,5,abstract
RMo1aaidZJo_1,august,6,time
RN3kLXQdNcc,paramedic,7,medical
ROF9TjG0q34_1,tamil,6,language
RPzCiRXVcr8,meager,4,quantity
RQ02eJz61lk_1,mosque,6,religious
RQEHiQQ25bY_1,ambulance,7,medical
RRX3vZmNyw4_1,sound,7,sound
RTvZD8AZs64,large,4,quantity
RUKgTVVuVcg,increase,5,comparator
RVKZfvYZHks_1,cheat,6,action
RX34_NaukPo_1,tortoise,6,flora and fauna
RYeWs0MPMEA_1,terrace,9,construction
RZo8XEvx1G8,confirm,5,process
RZymw-Gk26s_1,denomination,12,banking
R_6XeLEZzu0_1,proforma,8,legal
R_GaklgD4bY=-,#N/A,#N/A,#N/A
Ra22ZVhrcxw,revise,13,action
RaT4rhSnixI_1,friday,5,time
RaTUMGgYYTY,pdp,5,politics
Rah844Dfxf8,water lifting equipments,13,electronic and electrical
RbTU0PE3ebM,notification,5,legal
Rc4vFhGRgIs,cat,4,flora and fauna
RcWDXAwySlM,power sockets,6,electronic and electrical
RcZ64U1ydeg,clown,7,entertainment
Rc_b4h5nFqo,bottle,5,utility item
Rd6B7wNJ2wQ,pair,6,group
RdhTo_18rQg,sightseeing,6,entertainment
RdySS4hQE0s,division,15,action
ReA3MBOOJZU_1,secondary,8,attribute
ReGozpDkRcc,dream,4,behavior
RfTlPy0yoLg,beer,4,foods and drinks
RfhBkV1VBNo_1,tribunal,6,legal
RhEpVt-AEK8,lion,7,flora and fauna
RhS6nAUP3C4,united kingdom,3,geography
RhzIqPFf72k_1,mountain,9,geography
RiAJCOudSjM_1,interim,7,profession
RiyB_IpLUoA,chamfering,7,process
Rj6pX9wzxqA_1,sister,13,relation
RjDvvpbDcHk,bihar,4,geography
RjI4uWN3FXg_1,potentiality,7,attribute
RjlLl95EtCQ_1,half,9,math
Rjv2fm62JAY_1,claim,8,action
RkMTKS4AjQU_1,bite,7,action
RlC8ZTPuOBU_1,interest,7,behavior
RlIkYzzsHpg_1,at,6,spatial position
Rloiqc9KybA,brick,4,construction
Rmwh_Cfw9GE,draughtsman,7,profession
RmxC2ESB77I,milk adultration,9,biology
RnbKUzEYGq8_1,reconsider,7,abstract
RnqeyToK1I8,drizzle,7,weather
Ro2y0_fypc4_1,signal,5,gesture
Roe3st2xwgQ,disability,4,biology
Roh9CQ2tF3Y,watch,3,action
RorIn-P_3DI,have,4,action
RpLX2iGqahI,pair,4,group
RpZGZHEgtYI,bake,4,foods and drinks
RpoDGwIp43s,hotel,5,construction
RqddJENqoOY,go,3,process
RrtHIJ1gjL0,dicoty ledoneae,11,flora and fauna
RryRyaLEaeM,arc welding,15,process
Rs0EKMMQqPI,kenya,3,geography
Rs5qSbsnJKs_1,roar,6,sound
RsVR6VKYIbw,section  admin,11,authority
RtOOeGlFdh4_1,head office,8,profession
Rty4lN6R8LY_1,car,5,transport
Rv-ass03RkM_1,original,9,attribute
Rv7YAemJwp8,revolving chair,5,utility item
RwIFUiFGMGw,luck,4,abstract
RwdFk6p7tyo,very hot,5,weather
Rwtcr4Lp9TQ_2,irreversible,8,attribute
Rxj7JFcWujk_1,van,6,transport
RxqkJA2EG0s,identity card,5,utility item
RyuTiOy4BBI,steel,4,metal and minerals
S-BjndLCySU,plum,4,foods and drinks
S-v0z93Qc6I_1,roll,8,action
S06jHWa7Brk_1,whistle,5,sound
S0eE3CkrjZU_1,fox,6,flora and fauna
S0nGLXH4H5Y,tennis,5,sport
S1eFafNFNOE,switzerland,3,geography
S21lcUrY_pM,approximate,4,metric
S23VB6dVnw8_1,introduction,9,process
S3pN7MBKPU0,smell,5,sensation
S4GZ0J3GZvQ,sweden,3,geography
S4Ygl6RqD98,idfc bank,5,organisation
S5iQxTVeKNE_2,dry cell,8,chemistry
S9wg2vb8-Aw,bandage,4,medical
SAPfIHh1BPg_1,cat,7,flora and fauna
SB50UhgrFMY,muslim,3,religious
SBeMy0KGdEw_1,refresher course,7,education
SCNfdbheXqo_1,succession,11,relation
SCd7SRCOr9o_1,first floor,8,construction
SDQ1doHsLn0,superficial,6,quality
SEVIbuIk3AU_2,sphere,10,abstract
SEVkZ5qhIC0_1,swallow,7,biology
SEYjG-0Mi3U,death row,10,event
SEmdCAG7t24_1,regulation,7,authority
SEuUIH_SeVc_1,balance sheet,11,banking
SF7r2SG-fck,desktop cleanup wizard,8,computer
SFD6zesDMMY,pray,4,action
SFP1Y49gip0_1,friday,6,time
SG-B3o7bMAc,since,4,time
SGLYqU0p4X4,south,4,spatial position
SGsTDG4Awfk_1,fast,6,attribute
SHPaqAaE29Q_1,re issue,8,banking
SHsq8VSKV_M,korea,3,geography
SINe8jrjQfA_1,needle,7,utility item
SIR3vIJJECY,disease,10,biology
SInKhy-06qA,sign language,4,language
SIqQlHOR0JM,industrial building,8,construction
SJJSpU8MFDs_2,unit,7,metric
SJaqmqaD77k,website,4,internet
SJrFnoOcTcI,spherical structure,14,utility item
SJxqZH9B3zw,jaundice,5,biology
SKlTYkUBVvQ_1,boy,9,human
SKzJwTW4NQ8,dairy science,9,profession
SMEVutE0yBw,excuse me,4,action
SOMg4XV_dEY,diwali,6,event
SOkA4zA7ahE_1,jeep,6,transport
SPF11a6Uwy4_1,chennai,5,geography
SPVkNI9K4wA_1,calm,8,emotion
SP_OSl0wle0_2,initial,9,time
SPqwUnfpXvg_2,octal,8,math
SQ6O9z7AJpM,hydropneumatic sprayer,14,machine
SQXRw3c2dYw,utility of mushroom,7,flora and fauna
SQZyez6oDKg,plenty,6,attribute
SQsT1oeLr4g,cotter ring,15,metal and minerals
SQymUlHks-I,pram,5,instrument
SREF6XRNv0w,plumb bob and line,10,instrument
SSkoetdv7G4,sculptor,6,profession
STJ38FSDE8w,part,4,math
STNM0hUpfhQ,long day plant,15,flora and fauna
STXgnu97Y6Y_1,kurta,6,wearable
STdeLMDk8Sc,jacket,4,wearable
STn1cOJ8Pms,boring machine,6,machine
SUBSvmdSrXc_1,saturday,5,time
SUGgjeP54CQ,car,4,transport
SULzv6BHjHs_1,monday,5,time
SVIuCiTrn_8_2,observation,8,action
SVxNsaZs3dI_1,full,6,sensation
SWWKwdMT9qQ,close relation,5,relation
SWi723tppLE_1,weak,7,quality
SWq-SiX-v20_1,sunset,7,event
SYNNpD0n0U0_2,binary,10,math
SYlMAasD3Aw,extra,5,quantity
SYrln3Ug1Lk,radio,5,electronic and electrical
SZeSrHZy0dM_1,parsi,5,religious
SaqUZcI2zDA,post,7,internet
Sb7r4EnLG-A_2,transformer,12,electronic and electrical
SbYK9K-klAw,double click,7,computer
SccmMdkBiAU_1,chat,8,action
ScoqXyTkXp8_1,wrong,7,comparator
ScstGTIjdOY_2,security convertible,10,legal
Sd07nnmlTAE_2,wavemotion,11,physics
Sd7e5qVlMB8,photograph,6,miscellaneous object
SdBirBu-dak,cause of action,12,action
SdsEu8iuUpE,christmas,4,event
SewBqDY49qs,eclipse,5,event
Sh3P9rHIKOM,three,4,math
Sh5c_9ADHFs,paper clip,4,utility item
ShXISzBU1Ug_2,gas equation,11,physics
SiP1g7kh1nE,ms windows,10,computer
SiRYkIO7AmQ_2,video camera,11,electronic and electrical
SifysRkEATg_1,sly,6,attribute
SjfLsGRnuGo,name,3,language
SknrxI_nq64_1,postman,5,profession
SlORjr0kUM4,water,4,substance
Sm7Cei87rg4_1,hardworking,8,behavior
SmgLg_SSvZg_1,supply,6,commerce
SnUlY4XhAG0,profit,5,banking
SojDDNUsSew_1,monday,6,time
SoxMQgRbBsA,brothel,7,construction
SqIhCix7O9I,gas pipe,7,instrument
SqN3GrAvif8,construction contract,15,construction
SqXx7G7FX5A,singapore,5,geography
SqjG2lMm-NU_1,god,6,religious
SqoYBOJfc9w_1,job consciousness,11,profession
Srl_Gk0vjLE,tattoo,5,attribute
SsDjl4tijyg_1,paying slip,9,banking
Ssub7QHvQIA,shoot,3,action
Sv-nLK45XFA_1,dasara,7,religious
SvabwOUNAEE,august,4,time
Svm8Kk4Vr2Q_1,stand,7,action
SwLX5yOifFI,saina nehwal,4,human
SwLs3Kowas8_1,charge,10,banking
Swad8O2a5Qc_1,equator,8,geography
Swny54RpOVw_1,interfere,6,process
SwtT_BdLe3A_1,bitter,5,sensation
Sx34-t7A_xM_1,mumps,6,biology
SxLd_Jwhy80,micromax mobile,6,electronic and electrical
SyRmYT523cU,sob,4,emotion
SyZFNqdlRmc_1,breathe,8,action
Sz-NQ2ENlqA_1,cauliflower,7,foods and drinks
T--ANw8Oxkk,uttarakhand,4,geography
T1M8kXkQJAY,pullet,11,flora and fauna
T3DNMjNynU0_1,school,7,organisation
T3wOnHCetE0_1,daily list,11,banking
T4-Q9pABqYs,waterfall,5,geography
T41OsrviQCY,birthday,4,event
T45Hsn9ABV4,jordan,3,geography
T4BQsAvPno8_1,leave preparatory to retirement,11,profession
T4VLu2P-X9s_1,staff,12,group
T4ySB6yP-m0_1,fire,8,substance
T5JAHMxSu2w_1,right,6,abstract
T6vd9Criu48,six,4,quantity
T7RBzS7EJ6A_1,husband,9,relation
T7RIPkBR3ik_1,woman,11,human
T7afcYzRNU0_2,wattmeter,10,instrument
T7b0UnZEOvM_1,minutes,6,time
T7v9JbH90I0_1,confident,7,emotion
T8I_n42FuBc,plant physiology,15,biology
T8g7H3Ie5YU,boyfriend,5,relation
T976ElYJ-qY,enjoy,4,action
T9GMyhxIv5k_1,iron,7,metal and minerals
T9eBnmIRtqg,like,5,comparator
T9nijwnbCqw,rajasthan,4,geography
TBZtRv2owM8,bacterial diseases animals,15,biology
TCGWpLngbVA_1,prove,9,action
TCHTGgRtZeI_1,tender,12,legal
TDbdRtOwX10,ballast device,9,miscellaneous object
TDdKRcFO4k8,fingerspell,4,gesture
TDlj5kHwiTk,behind,3,spatial position
TEkWFmWdQ8Q_1,donkey,6,flora and fauna
TGckzkVJiio_1,seniority,9,authority
THp4JJ3PWvo_1,dam,7,construction
TING64HUZ2k_2,ernission,8,action
TIlcuqK-fr8_1,delivery,9,action
TIr35oN6iSE,wallet,5,banking
TIzjrc3-71E,apiculturist,13,profession
TJJHfurpn-I,runs,4,sport
TJQdtS0Dkyw,section,7,group
TJeHXGVDCms,temperature,7,weather
TK3H8rmoV1Q,burger,6,foods and drinks
TKsGy30vLtI,environmental pollution,7,biology
TL4iZGEw9CY,neat,4,quality
TLN5DkTzcX8,quarrel,4,action
TLXAEKQwcBY,spain,3,geography
TLf8Uvxntpg_2,x ray,10,medical
TMANBpLx6s0_1,tomorrow,6,time
TN5HogAE-fs,water pump,5,electronic and electrical
TNNoq5pS-WQ_1,volume,5,sound
TNODnmQ9R1M_1,spot and forward,10,action
TOK4IBhtuYI,giga byte,13,metric
TPCuCv8TjE8_1,cheque stale,9,banking
TPdAyuJYQtE,bill,4,banking
TPwPNPP1rpI,social,5,behavior
TQeI5Uixibg,pomegranate,5,foods and drinks
TQpNNdkU0ZI_1,jaundice,8,biology
TR30xmE3v0s,battered child syndrome,10,medical
TRIMTrqzSOc_1,zone,8,geography
TR_tbUxLUco,it,4,language
TRgM0lzJs-4,best,4,quality
TSBR8lkAmaQ,bike silencer pipe,8,instrument
TSTGnppZmfA_1,address,9,geography
TSoaGw5OEb0_1,injection,6,medical
TVfeNBBdWpQ_1,skirt,7,wearable
TW2KbOGRx2I,sex,5,biology
TXA5pIG0jEM,expensive,4,attribute
TXe-rPMd1q4_1,cheap,6,attribute
TXtLoo3D-xQ,wikipedia,5,internet
TYiNnkTwP0w,agenda,6,process
TZEYZ0PggwY_1,vide,5,action
TZkleWcH-wU_2,gravity,12,physics
TZqRg598wGQ,shower,5,utility item
TcjKtM3VKj4,speech therapist,8,profession
TdbUnoeHXcE_1,gujarat,7,geography
TdwAJ3968lM,xbox,10,entertainment
Te9AcG7ugOc,present,5,time
TelHvRCbKco_1,account currency,13,banking
Teyhg_5_rdw_1,brick,7,construction
Tf97LjJhrMU,below,5,spatial position
TftELGOtnLM_2,millimetre,9,metric
Tfxp43vVHpY,listen,4,action
ThLhLlan5Yo_1,bird,7,flora and fauna
Ti-7CP2GtaI_1,leafy vegetables,8,foods and drinks
TiPPYhh323E,sorry,4,greeting
TickiRU7XxU,bulb,5,utility item
TihAh8jvRTs_2,exhaust pump,9,machine
TirzXnBaSt0,italy,3,geography
Tj5FRh9ASMU,sanitary pad,5,miscellaneous object
TjSYqjfk-lc,temperature,11,weather
TkREyqdJoCI,discipline,4,behavior
TkWzFh1m6KU_1,run,8,action
TkZ8qS_TIXk,cell,4,electronic and electrical
TlGf_1YuYyE_1,pass to,8,action
Tm_V8zmIsCA_1,buffalo,7,flora and fauna
TmsgikIaXu4,understand,3,action
TnGCg69kb1s_1,sports,6,sport
Tp0lrE7068E,matrimonial home,10,geography
Tpyp71m96Nk_1,clouds,7,weather
TqSyQEAlkU8_2,centigram,7,metric
TrCMG8Jm2_c,bamboo,6,flora and fauna
TrDii_6LlNg,gujarat,4,geography
TrGBcTGTlhI,plunger,7,instrument
TspS8Y62sXs,pick stitch,11,action
TtNpydFV6rI,behind,4,spatial position
TuH0o_tiW3o,august,4,time
Tuq_-EuFAhI,bonafide,11,legal
Tv1bOlYSqYI,website,3,internet
Tw2qPxlzf6Q,power duster,13,instrument
Tw8BsgjnKIg,mitsubishi motors,5,organisation
TwD2W_F22dE_2,calorimeter,10,instrument
TwRRZw_m1Po_1,rubber,7,utility item
Ty8eDa-6gQ0,water pipe,5,utility item
Tyn9hWjEn5A_1,how many,6,quantity
TziAcjoELVE_1,subject matter,10,education
U--0FZU2bDg,house,4,construction
U-3Gvctw8Do_1,access,9,action
U-DAmE4tzo4,wise,4,attribute
U-MdJz1XGpg_1,paw,6,flora and fauna
U-dEobzY4o4,village,5,geography
U18qbyFJKnA,toothbrush,5,utility item
U1TZROWBuoo,confused,6,emotion
U1WpPYHOp84_1,message,8,readable
U1jYplNZtN0_1,draw,6,action
U2DPGFl5JFA_1,kitchen,7,foods and drinks
U2UQ6QHvt_s_1,eclipse,7,event
U2W9kUCDsgU_1,university,7,education
U3w2AbN_8Og_1,safe guard,7,wearable
U45soEQ1V4o_1,handkerchief,6,utility item
U45t3T05qRk_1,cock,8,flora and fauna
U46jloztxAQ,coimbatore,4,geography
U4dnLRpeTN8,twelve,4,quantity
U4zeXOlfF2c,gift,4,utility item
U5KcZNFATFM,garden,5,construction
U5lSxZnyve4_1,diabetes,8,medical
U7Y3GocRUak_1,october,6,time
U8-__KRMRSM,photosynthesis,14,biology
U8TyoD2LxLU,dictionary,4,readable
U8aIoaNXadQ,change,5,action
U9WAeaZQgtE_2,soldering iron,7,process
UAHpTtftpWE_1,any,6,abstract
UB4Z8Wzkj5g,fixed deposit,4,banking
UCd4aYE00KM_1,without,6,abstract
UD02Bmbm1kk,pro circle,15,utility item
UDCvZbi5eMw_2,humidity,14,weather
UDcg2skGRXM_1,brother,12,relation
UE2dRDkXVOw_1,stabilisation,10,process
UFePdoNR_KM,write,4,action
UGFkd_LTNW0_2,thermostat,10,electronic and electrical
UGMQBqwFQzg_1,empty,6,quantity
UGX6actjbuM,dairy farm record,10,readable
UIZbKwFr9ck_1,saturday,6,time
UJHjwQ7yclM,welcome,3,greeting
UJe2UCSOExA,bone cancer osteosarcoma and malignant fibrous histiocytoma,5,medical
UJyI-681CrM,scratch,7,action
UK-aS_5scz4_1,monday,5,time
UK3lCFwSt7A,chilli,5,foods and drinks
ULLLdCsmxDU_1,lumpsum,8,banking
ULXqpYB1yYw,support,4,action
UMGZsGFUVcA_1,see,9,action
UMMYGhp1SD4,carrot,4,foods and drinks
UMS2IJZt6To,free,4,behavior
UNNkbxYzexA,taiwan,3,geography
UOCJkoSjr9w,finish,6,stage
UOF_LN4gRRw_1,hindi,7,language
UOFozu6HCwg_1,cross,5,action
UORRNKMTusE,twitter,5,internet
UOktZawGna4,band-aid,5,medical
UPBonZ_8HIM,life,5,abstract
UPTSoIuNOIw_1,egg,7,foods and drinks
UPh2mJTMLIQ,lollipop,5,foods and drinks
UQh8UwdcnBI_1,reminder,8,time
UQnQ_sw1fHA_1,neck,8,biology
UQogb-cniR4_1,cockroach,6,flora and fauna
URA2L-D-MAQ,city,5,geography
URJUqJrqo_8,wire stripper,10,instrument
URTZQEPHVxk,wholesale merchants,10,profession
US1v85XAz0c,ram navami,6,religious
USyI1R3TCr4,runner,9,instrument
UTkhiWX3IBk,wheat rust,15,foods and drinks
UUYEkCl4HvI,snail,4,flora and fauna
UWWGrijcLSs,criminal court,7,legal
UWzrvtCcWDA,run,4,action
UXoDCHd7VuQ_1,monday,5,time
UXoVPWIYL4k_2,uniform motion,9,physics
UY6S37YeDTE_1,cash,9,banking
UYS5jKTw0Ik_1,clerk,6,profession
UYYmJtinmNg,toffee,6,foods and drinks
U_I4IzFnhdw,scratch,4,action
Ua00PZ_-QKE_1,center,6,spatial position
Ua8OAMfzWAQ_1,pre paid,7,banking
UbEMzE9pxXU,absorption of water,12,chemistry
UbLgHH4sOtA_1,mother,10,relation
UbQHwZHQSRM,alternative,5,abstract
UbZzQI8wKY8_2,regular vibration,9,sound
Ubg4ASlf83o_1,cream,6,utility item
Ubkc3VIH4QY,side,4,spatial position
UcEpOfJMly4_1,magic,6,abstract
UceHJJVBBzU,grudge,6,emotion
Uctb3c7u__M_1,mobilisation deposit,10,banking
UdD80Owt1n8_1,kite,5,sport
UevozhypOqs_1,necklace,6,utility item
Uf6P20S4HbI_1,register,7,miscellaneous object
UfA1NhqdyRQ_1,weight,6,abstract
UfJyWbJ_RpQ_2,error of omission,7,banking
UfYeaYNJV8E_1,from,5,language
UfZyeijqQeY_1,allowance,10,banking
UgLgrXYY9Es,shine,4,attribute
UgR3sxHLsDg,view,4,action
UhOwvFFtKVs_1,lotus,6,flora and fauna
UhtjXl2_OcA_1,bangladesh,9,geography
UivWWBHOnAc,child prostitution,13,legal
UjkcbDkHvxY,touchscreen,4,electronic and electrical
Ujw6xa-mmZM,temporary,3,abstract
Uk2g1CB1O2s_1,buyer,6,human
Ukr__1TiaOo_1,wait,6,action
UksWdbYQW2k_2,natural gas,10,substance
UlQ5cTjCqT8_1,tuesday,6,time
UmIy-iRAW48,shaft,11,instrument
UnOmbIQFwOE_1,until,7,time
Unvi9R9Qg8w,similar,4,comparator
UoBpthYc-HE,u neck,9,wearable
UoONuBxuPLg_1,cold,6,biology
UodmDnAnLmg_1,cabbage,7,foods and drinks
UpDvz4TFXuY,garlic,5,foods and drinks
UpTUXgf7Wck,sanitary pad,4,miscellaneous object
UrDzxGca4Vg,jal mahal,6,geography
Us3qUIzVN30_1,outstanding cheque,8,banking
UsfdUqWfoko_1,tum over,8,banking
UtDbK5h2P5s,advocate general,7,profession
UtIn2Jira9w,builder,6,profession
UuYeKt00J9s_2,battery,8,physics
UvsWlQg31Ts,pain,3,sensation
UwWaRajzxt0,regular,4,attribute
UwjyKkkLN7o_1,remittance,8,banking
Uwz4-pLZMC8,punctual,4,attribute
UxC_mC9iK-I,eraser,7,utility item
UxfnLulLdVQ,suspect,12,legal
UyIz1DzGwQQ_1,explain,7,action
UyOvMtr_ZOE_1,lc,8,banking
UyuuFpV2QCg,extend,5,action
Uyx_b73fxUc,hearsay,15,legal
Uz_wWiAtIUY,thread,8,utility item
UzpCuTtVV9Y_1,understand,6,action
V-BQYv-0PKs,podium,6,miscellaneous object
V-YrxoE9qBE,publish,4,action
V0VRDcoop14_1,duplicate,9,comparator
V1-w01T8L84_1,folio,9,readable
V1dlIBcgvjo,inner shell membrane,14,biology
V279MbdgsSY_1,hair,7,biology
V29VnUcT42Q,wiring,13,action
V2MPSLmneX0,colour palette,10,colour
V2xejNSSroM,upper division clerk,4,profession
V3YYjAXQwmI_2,rectifier,10,instrument
V3bwmMHBHzE,engineering compass,14,instrument
V3nAp-Rq1W0_1,mtl,10,banking
V3vmgiymarA,route,10,transport
V41e4s7n5jY_1,cure,7,medical
V4nZC24tRJ4_2,solar system,9,astronomical
V5ZoFg0ZI08_1,noc,9,legal
V5ays4bEcFE,brandishing of a weapon,11,legal
V5pMbP6wR8k,corel draw,7,internet
V63xT_OqUOw_1,yellow,9,attribute
V6STX-F9V8o_1,overdue,9,time
V762TGrdsYI,establish,6,action
V94cJaXyYpY,obey,3,action
V9YCBo53D94_1,bedroom,10,construction
VA6jHsfpa4g,acacia modesta,14,flora and fauna
VAGtePDt80E_1,bark,6,action
VAhELbOjQFc,india,4,geography
VAiekrFaH-A_2,noise pollution,8,sound
VBM4ss11k-k,anxious,4,emotion
VBX7WykbnZM,python,6,flora and fauna
VBdO8sQJM1s_1,vessel,7,utility item
VBnTbBdLA1M_2,direct,9,language
VBvgxVhTCU4,cultivators,7,profession
VBx8a9gFcQI_1,cinema,5,entertainment
VCAyZMacKXM,inverter,6,electronic and electrical
VCDSOi8Hix0,distance,7,metric
VCOeuYSrcMI_1,puppet show,5,event
VCRZM4u-FYs,power,4,attribute
VC_lTWT1HXU,right,4,spatial position
VCjWwq5ww18_1,granddaughter,13,relation
VDET3icqk6A,wrench,15,instrument
VDbvWI5QT70,neighbour,4,human
VEALNsI7Ijg,silk,4,wearable
VEppUiloi6c_1,blood pressure,8,medical
VFLmd-lcwZw_1,praise,6,action
VGY3MIoFFoU_2,procedure,7,action
VGa4oRGUQ-w,exchange positions,4,action
VH9BKxQgE4I,veterinarian,8,profession
VHEz_cYLDe8,puducherry,4,geography
VHdpLk4GK08_2,convex mirror,9,physics
VI6RwfsB3Tc_1,hippo,7,flora and fauna
VIDtd_VYM2Y,copy,8,action
VJNSZFoRLzE,follow,4,action
VJlRCE_Tw3A_1,silver,7,metal and minerals
VKeDxmyvczg_1,account govemment,13,banking
VL83qtgsLCk,printer,5,instrument
VLeir-T0xmU,magnet,5,physics
VMI2RvR_tNA,demarcation west bengal,10,authority
VMsWda7pWZA,black,5,quality
VN0pOHZP1KQ,leave,13,profession
VO1Wuqwc4wg,memory unit,15,metric
VOEpCw8MRuo,factorisation,14,math
VORmSzXh6YU,funny,5,sensation
VPB0XOlm-qE,counter sinking,6,process
VPU-Gw_h9ko,debit card,4,banking
VPiwsR-P4Tc_1,skin,8,biology
VPja-SPBsSk_1,rice,5,foods and drinks
VRTBNXGQAVY,applique,10,wearable
VRhdtFEOlXs,man,4,human
VS_ZuiQIJx0,no,5,abstract
VSvlO0WM5fg_1,november,6,time
VT9WJZKrys8_1,true,6,abstract
VTDRIXo-Bpg_1,kurta,6,wearable
VV3za4vmTTs,vessel,7,utility item
VV7wIkRKbf0_1,form,6,readable
VWNsruK2Yk0_1,programme,7,event
VX-0YdOVhIE,hashtag,3,language
VYVrUCzDt_w_1,uncovered,7,banking
V_NJjyZpYY4,indicator,15,time
VaWad6GHjNM_1,lips,7,biology
VaXddHdk-K0_1,pillow,8,utility item
Va_b6_X-wOs,fishing for games,5,sport
VbRmhM7sUGo,wet,3,attribute
VbiFEC7SKhg_2,instrument,9,instrument
Vc0YkcqRNAM,kohima,5,geography
Vc81XotPSFs,madagascar,3,geography
VcOM49u8maQ,share market,3,banking
VdG0pGDoCzM,ethics,4,behavior
VdR3IR0wqDY,air,3,substance
VdaOSlNkCEY,print,4,action
VfKd7mog6AA,tug of war haryana,7,sport
VfN66I8-KEk,war,5,abstract
VfQpOfUkVg8,my name is,4,language
Vft0oixnLPs,mushroom pleating,9,process
VgrQMDa1vlI,hand sanitizer,9,substance
VhB51KKUi10,air pollution,5,chemistry
VhiPxEZMhus_1,monday,6,time
VhpYWt3XsNk,caftan,8,wearable
VhsF-apA_D8_1,barber,6,profession
VhyiA9MZWZw,half,3,math
VigebdpoRlI,chief justice,13,legal
VjjImnuWU2A_2,variable,7,math
VkHrewA9bJI_1,trust,7,emotion
VkrF0Q4fWRo,group,4,group
Vl5pPd0iGy8_2,integrated chip,10,electronic and electrical
VoGbGa9k9K8_1,requisite,6,abstract
VqF3Q_7eQDc_1,china,7,geography
VqIMqvX3c20,advance,3,banking
VqaaRKqS4tw_1,poor,6,abstract
VqeazWZzEp4,disobey,5,behavior
VqekGul5Xb0_1,mother,9,relation
VsCf7FnMXn0_1,cholera,6,medical
VsZTOd6ZyJ4_1,how big,6,quantity
VvCX63OKLoA_1,responsibility,7,abstract
VvIaOziZ0ac_1,minutes,6,time
VvT_rRyfhYs,google chat,6,internet
VvrNTIzW2g8_1,testament,12,attribute
VvsXemECtHM_1,high,7,spatial position
Vxw3BnPmi3s_1,college,7,education
VyDyh75isWg,form,6,readable
VyjKJB6Koyk,laying,15,action
VylWxxPSBOo,croatia,3,geography
Vym9FKyQnLQ_1,landlord,10,banking
W0VSNIUgNVw,endure,4,action
W1JjuXkqfyA,canteen,4,organisation
W2MiLfsDFyU,wind erosion,14,geography
W2nI_GK8rY4_1,district,8,geography
W3kbYwydKm4_1,sari,6,wearable
W3mz1IrwitA,hypotension,6,biology
W45SsK9W5qc_1,trophy,6,miscellaneous object
W4DGPU0uPEw_1,manure,8,flora and fauna
W4I02aYytbg,pencil box,5,utility item
W4cePmQ87gw,narrow,6,quality
W5EDhJ6YeyE,drug addiction,14,stage
W5RDOklZQxc,empowerment,4,abstract
W5yf-VHdSsg_2,change in state,8,chemistry
W62nMzY2gT4_1,earthquake,7,event
W6k4SdELuOA,bib,5,wearable
W7fDu4rueCg_1,follow,6,action
W8978OLdbx0,left demrocatic front,3,politics
W8DhdsaqA1A,hdfc  bank,6,organisation
W96HGg5hT2Y_1,previous,7,time
W98Zz8BTu7A_1,through,5,stage
W9OUQR3I6nU_2,magnetism,8,physics
WA9_DgdTz7M_1,department,11,abstract
WAJPb-9uOMI,electrical engineering,6,education
WAWc1DosGJM_1,cave,9,geography
WBHJgw_7yEg,mix,3,process
WBIjeM1OYEQ_1,monday,5,time
WBM9qyakPIo_1,trunk,6,biology
WBcTr4MBhHY_1,progress,6,action
WDHSvLNLkdM,body piercing,7,biology
WDlqCvrPrAE_1,elephant,6,flora and fauna
WERWKq12o8g,sunny,4,weather
WEnejEf0veY,close,5,action
WFrPLJ77amU,like social media,4,internet
WGdXSExEco8,classification of shrubs,9,action
WGp_XsdMsp8,5g,3,internet
WGvrtl9p1eY,shiv sena,3,politics
WGwhxNQtfbE_1,where,6,abstract
WHhRVTU1Lcs_2,decrease,8,comparator
WHmrq95mmOw,bolero jacket,7,wearable
WISR3HEeKgU,hard of hearing,5,sound
WKPkIP9yP4s_2,millilitre,7,metric
WKgIi8YdHtI,local train,4,transport
WLBjunNqebs_1,hen,6,flora and fauna
WMZ6Yh1FSP4_1,skilled labour,9,attribute
WNcSoq9M-FU,maximum,4,quantity
WNeSwJJ4J7o,deceased,7,medical
WOUQtem-BE0,bengali,5,language
WP5T6GzCCy4,june,4,time
WPckRR8epk8_1,purchase retum,9,banking
WPgq1Rr9M9s_2,resistor,8,physics
WQpetmGGa2Y,classification of poultry feeds,15,action
WQtuFPPXrts_1,occupation,6,profession
WSEFp-h4Vk0,blood pressure,5,medical
WUH-YL4puUI_1,confidential report,10,legal
WUTYbHOHrnM,hand rail,4,construction
WV786dTqOyQ,sandwich,6,foods and drinks
WVaqG1MJyr4_1,face value,7,banking
WW5m7jWsHFA_1,comfortable,7,sensation
WWSODzzlgO8_2,eclipse,9,event
WX8QEtaZ8Qs_1,level,8,abstract
WXDDCUpUoUo,guru nanak,5,human
WYEvZx_EaEo,akshay kumar,4,human
WYav7_mmBHc_1,intensive,8,quantity
WYgbIDwh3pQ_1,attendant,14,profession
WYoKVNCSH30_1,witness,7,human
WZNbLu4g4IA,backdate,5,time
W_qFjH-GKzA_1,thank you,7,gesture
WaTcrOr3-gk,international,5,geography
WaYyPwTPsY4,hug,4,gesture
Wasx0HPXASQ,move,5,process
WcmCeaR7Kk4,monsoon,7,geography
WdBygG07nkU,knife,6,utility item
WdE0jsfQVhw_1,blue,9,quality
WdZpExRajmQ_1,thursday,5,time
Web5iasWBo8,programme,10,event
WegWM9MfmYo,official,6,profession
Wi0iDXiVO3Q,allahabad bank,5,banking
WiOoeG7LL6I,clean,5,action
WihSOQ3tQkw_1,gazette,10,readable
Wj8Inf10Cds,donkey,6,flora and fauna
WjM69tcGYT4,next,5,time
WjikjzSwWqo_1,mail,6,readable
WlHa4foZbc0,queen,4,authority
WlhFpHM7lYY,see,4,action
Wli68zezuKs_1,sight bill,7,legal
WnMFiznX8XY_1,registered,7,legal
WoCa7_MyCog_2,melting point,9,physics
WoNO_8tWHBQ,young,4,attribute
Wp4jKO4IYgU_1,wednesday,5,time
WpleZf7o6Gc_1,welcome,6,greeting
WqC9XaIJz8w_1,tabala,6,sound
WqPLcJouptA_2,longitudinal wave,11,geography
WqWsOMVE56M_1,relative,11,relation
WrkOKBm3ALI_1,china,7,geography
Wro4Idj6K5s,crow bar,5,machine
WuGMN12WHWc_1,negogiable instrumemts,10,instrument
WuKSQ-_M1aI,rat,4,flora and fauna
WuoR5g21H1Q,kannada,8,language
Wv59G4v5X2Y,colour,3,colour
WviZ3J-pPPI_1,working capital,8,banking
WwD4gB4M3XA_2,real image,8,physics
WwL2FQcTAlg_1,kitchen,7,foods and drinks
WwlvxaeHNGI,video call,5,internet
WxIEetxTkzk,urdu,3,language
WzQaqtHXGOc,waveform,4,physics
WzjR1buH7o8,learn,6,action
X-yEakgxzbs,kali mata,4,religious
X0wavLbnBUU_1,sunset,7,event
X1g2HV45ghU,fish as a human food,9,foods and drinks
X2LpR5Hc7YE,air matress,8,utility item
X2PsOJ4GaNY,next,4,time
X2zPMYXfVkI_1,bright,8,attribute
X3SkopKJi5M_1,gujarat,6,geography
X3YXNM8tpD8,fryers,15,foods and drinks
X4AM6n6lNhw_1,password,9,computer
X4Vs1TVkNss,yahoo,3,internet
X5CuJTOY2g0,way,3,process
X6SdTvnlu94_1,soiled note,9,banking
X6V6ixAK0bI,inflammatory bowel disease,12,biology
X6ZfXYmVdZY,train,4,transport
X7cTwzYjoko,vertical scroll bar,13,computer
X7vnmMCdV48,hurdle race,4,sport
X8RjdHHXbCY_2,soldering flux,9,physics
X8_WnuAdIoE_1,bread,6,foods and drinks
X9PzLJ-yL6s_1,september,6,time
X9wanmhpROw_1,maturity,10,behavior
XAvOgSgdGDA,motorcycle,5,transport
XBDWMGgWI04_1,aluminium,8,metal and minerals
XCPgFzW3yUE_1,withdrawal slip,7,banking
XCYJTR2fzss_1,assembly,7,group
XCsc6GXwslU_1,april,6,time
XDNgMT4swe4,grow,8,time
XDO5mNV8P8o,abusive language,11,language
XDSaCZLa0o0,express train,6,transport
XE2bfzfoTro,golf,5,sport
XECPEZiJD4E_2,eliminate,7,action
XEKKQz2x4DE,dubai,5,geography
XEQsvpY65LY_1,ratification,7,legal
XFDOnLG4P7Y,shatabdi express,4,transport
XFG6tJjEar8,lie,4,action
XHJhdPI69bU_1,bend,5,action
XI4MKE3j4no,communicate,4,process
XIKz5RlhRZU,button placket,5,wearable
XJlP6BgrAow,san serif,12,abstract
XJmhK6SxaMQ,mugshot,12,legal
XMtMf2GRxxk,translator,4,electronic and electrical
XNwWFLtgL8I,singer,5,profession
XNzRI_vkkxM_1,banian,7,wearable
XOHJjemMcW8_2,rapidly,8,time
XOqFl-yg95M_2,white,9,abstract
XP1X2toQb3s,common,5,abstract
XQgxYpjO6jU_2,muitimeter,10,instrument
XR2EElHLeWE_2,heat,8,physics
XR_LQZfd3F8,bishop sleeve,7,wearable
XRo4L75knlY,postman,4,profession
XSg7UigBYwY_1,bus conductor,7,human
XSz3T7I9Fbg_1,leave study,8,profession
XT42tl2wl_4,general,4,abstract
XT4QvSmPJRQ_1,unearned,8,banking
XTZcfTHZlW0,haryana,5,geography
XUmgkiZM4JI_1,earth,8,geography
XV9orqztWis,bank branch code,7,banking
XVlUiV0aFOM_1,inspection,8,authority
XVoGUfRZqHo,electrician,5,profession
XVyV9wkauSw_1,outstanding report,9,readable
XWvuOZR3KRY_1,unavoidable,8,abstract
XWwz6oS8uz8,diarrhea,5,medical
XYVygMJqlTQ,suspect,6,legal
XYfVG8GNe4E_1,funeral,9,event
XYyZ0xYVA6I,pakistan,3,geography
X_tu5xG4icY_1,lighthouse,8,construction
XaifQVBtgpw_1,axe,7,instrument
XalS8Nhpxy8,sim card,4,utility item
XbKXIrsb2Sw,boolean,12,math
XbKePH5Af7I_1,court,6,legal
Xbglx4_9h88,iceland,4,geography
Xbumrid_U8k_1,routine,8,action
XcQTq6tBNeE_1,communicate,6,process
Xca-yzLOWRU,close,13,action
XclyR8ijJbo_1,running account,10,banking
XdGYd0-mOy8,unlimited,5,quantity
XdNhZENdMvM,shoot,4,action
XdhGx06dlAI,relative,8,relation
Xds_c4kK0UQ_2,pollution,7,geography
XeV_Qqks978,unlawful,5,legal
Xf0NPEArdgY,equal,4,metric
XfXW-x1C4Es_1,hip,6,biology
XgbPX-5ddNM,surprised,4,behavior
XggUmMB_05c_1,arm,8,biology
XgnLpUYDvoE,geodetic surveying,14,education
XhewfEcC070,innovate,8,action
XhiIueAytF4,stomach,4,biology
XhxvdfUYX1E_1,last pay certificate,10,banking
XirShDs3mK8_1,punjab,8,geography
Xj4aXWm1Ivk,hack saw frame,8,instrument
XjXXmj-9kFE,virus,6,medical
Xjnz65u4rsc_1,cash credit key,10,banking
Xl-YVIaxrFE_2,vacation,9,event
XlHIH3wgbr4_1,thorn,6,miscellaneous object
Xlo5HX0NVO0,tool box,9,instrument
Xlq9pRiAwLA_1,towards,6,relation
XnTZYBLuwos,classification according to parts used for crop,15,action
XnkB49W7JEI,humble,4,sensation
XpQ4QGeNsGM_1,angry,7,emotion
XpYDSeC0hTA_1,poision,5,medical
XqH46D16YDI_1,tea,5,foods and drinks
XqcaXXg2ncs,flatulence,10,human
XqqYCaMA1oM,damp proofing material,13,substance
Xqqb4UhRPMI_1,underwriter,9,banking
Xr1SEUip10E,reception,5,behavior
Xt6ujzVtikU_2,change in temperature,9,chemistry
Xu7Bjpz-ZRs,receive,4,action
Xu87pjWy-zY_1,varanasi,5,geography
XunH_PEln9Y,piece,7,miscellaneous object
XvUEpKDeies,owner,5,human
XvtQ_hOFO8E_1,dream,6,behavior
Xvw_2UBBL30_2,known loss,8,banking
Xw90mtR4Z7c_2,capacitor,8,electronic and electrical
XwQxJ5FXoQ8,may,5,time
XxRvBiQEf1s,arunachal pradesh,5,geography
XyDptoi7dw4,flower for exhibition,13,flora and fauna
XzFGTYxVrW0_2,extermal combustion engine,11,machine
XzRvTWXXufk,vivekananda rock memorial,7,construction
XzUB9q5Buyw_1,sick,7,medical
Y0-DjFLQcLw,jam,6,foods and drinks
Y0G5Sqs-lYw,librarian,4,profession
Y0JhQ12-JVE,negligent,4,quality
Y0ObDf8ZmJ0,enjoy,6,action
Y1KyjzkkP4E_1,of,6,language
Y1_xQfLPThU_1,provision,8,action
Y1qTt6mL5ck,world federation of the deaf,4,organisation
Y1sJK9C1Y14,change of venue,11,action
Y2uzoxP4eZc,central processing unit,11,computer
Y638xpGVl88_1,copy,6,action
Y66DFt19PyE,student,3,profession
Y6FhOnbO6UI_1,thursday,6,time
Y7Smdq0HgqY,choking,14,medical
Y7eYIdnqRSU,pumpkin,4,foods and drinks
Y8X09M_jMsI,sunrise,5,event
Y9MkvKtXngo,decade,5,time
YAn2NmtqmkU_1,climb up,6,action
YCnpEJTrtb4,older sister,3,relation
YCunYHD0SVY,lawyer,4,legal
YCuxJLH5fK0_2,refinance,7,banking
YDCikAndHLU_1,wife,10,relation
YEHQWC5VjX4_2,light,8,physics
YELxiOno-Q4_1,income,8,banking
YF6c_Lb35ng_1,housefly,6,flora and fauna
YF72FhOc8B8_1,tall,6,attribute
YFFVY9bYiW8,mizoram,5,geography
YFl0dGwRwYo,property,7,banking
YFrtVUeFoe4,peril,4,abstract
YGISt7qQBCw,catalogue,9,utility item
YGPgejLrILM,date,6,time
YGog5xq4SiQ_1,corruption,7,legal
YHRvUilX5yc_1,incharge,10,authority
YHd3THK5M-w,paint,6,computer
YHl7zDSdzVE,javelin throw,3,sport
YIns3vxfhnk,masculine,4,behavior
YJTInZmt8eE,brick masonry,7,construction
YKFHr8y6YRI,metal,5,metal and minerals
YKeS_ZBqjUs,lantana camera,14,flora and fauna
YKnnyhESBww_1,kurta,6,wearable
YL4WDUU1nNU_1,nepal,7,geography
YMao9qfTNDs,herniated intervertebral,14,biology
YMsS8QIdWM0,tuesday,3,time
YMuk_8H4EWM,madhya pradesh,4,geography
YMzAv4AKiZI_1,responsible,7,behavior
YOouxgzRLPY_1,ant,6,flora and fauna
YP8kV_QxB5k_1,hyderabad,6,geography
YPnTIhCizr0,rainbow,5,weather
YQONdUfXS78_1,local,10,spatial position
YQcpKDKzhIQ_1,bad,8,quality
YQd_WV8xzI4_1,minor,9,behavior
YQflbkaOx2g,table,4,utility item
YRCrJpcwteg_1,january,6,time
YRc3fxOAnOg,hungary,3,geography
YRlUUOC7_-0_1,partnership,10,relation
YSKXGgR-m4Y_1,visit,6,action
YSgIm4RE1E4_1,soap,7,utility item
YT1x1wgyjLQ_1,tiffin box,6,foods and drinks
YT3NbB5D_AU_1,sue,10,action
YT73Lh88yeE,waste,4,abstract
YVKW4zFBxRs_1,wednesday,5,time
YVRYl6f1f_0_1,experiment,7,process
YW5naaaX4ag_1,tight,6,quality
YXM8FEEsI_A,conference,6,group
YYJ96CO6dt0,slippers,4,wearable
YYMy75KpmJk,sweat,6,biology
YZNxu9uehxA_1,land revenue,10,banking
Y_T9AimBaqk_1,wastage,6,abstract
YbaTI-fVR9c,salary,4,banking
Yc0Mx7DJ_Io,your,3,relation
YcSno6m_WPQ_1,inauguaration,7,event
YcTowX_Es6E,banana tree,6,flora and fauna
YewyTxkCShU,lawn,8,construction
Yf38Dy5zOF4,coconut,4,foods and drinks
YfCkx2qZd10_1,bake,7,foods and drinks
YfPizjRLLBk_1,nail polish,7,utility item
YfbeV360wAA,kajal,4,utility item
YgZcsvejUF0,sixteen,4,quantity
Ygj0IRouWKg,wash,3,action
YhHAI3h-Pno,phone,6,electronic and electrical
YhVonZ8wM4s,reservation,5,group
Yic2UpwFlV0_1,maximum,9,quantity
Yipdqci-cG4,speak,3,action
Yiu0Yd9fSk8_1,boy,8,human
YjFFLGIxdsw,indian national congress,3,politics
Yk2bJx0XDKk,corn,14,foods and drinks
YkB8oNd9yWk_1,insult,6,action
YkczyHs5RyA,deer,4,flora and fauna
YkjhmBTDRSE,surface erosion,10,geography
Ykt6OXbw1q0,blue,6,quality
Ykv_2L4-7RY,accident,5,event
YlpdAUskBYI,protect,5,action
YnAajpsmDmk_1,cloth,8,wearable
YnKRMSyKkJk_1,chapathi,6,foods and drinks
YnZWnAEfIPw,round,4,math
YnmUSF3cQCA_1,minister,7,authority
YoqthDSpmXU,show,4,action
Yp-T6g3cBAU_1,rectangle,11,math
Ypycm97DvfI,paragraph,6,language
Yrzxd9xMdf4_1,manual of instruction,9,readable
YsHiDhGbv0Q,nepal,5,geography
YscdSP4txHA,gang box,9,utility item
Ystk7l_FXfM,specialist,5,profession
YtiMW5yuGp0,pass,6,abstract
YtxxtvSqLN0,button loop,10,wearable
Yu6K4sXguXs_1,fruits,7,foods and drinks
YufUJ48avIM,all india federation of the deaf,4,organisation
YuqMoY_OqRg,printer,5,instrument
Yv8NF6YIl10_1,stone,7,metal and minerals
YwFKOE6S4C0_1,bogie,9,transport
YwR00ZeFcQY_1,mother,8,relation
Yws2a_L3P5k,top,4,comparator
Ywv9sPO2h8U_1,shipping order,9,process
Yx69VxUEjg4_1,expansion,8,quantity
Yympd7Zsia4,visa,4,legal
Yz4vZ5ALDfw,thank you,3,gesture
Yz6em7jgxK0,weak,4,quality
YzE81xCkrbs_1,premature,10,attribute
YzFnEXBbgqk,railway station,6,transport
YzFnEXBbgqk_1,railway station,6,transport
YzMaVzYqmoI,cutlery,7,foods and drinks
Z-WSsu6coz0_1,specimen signature,11,attribute
Z-eYQ41xjss_1,auditorium,7,construction
Z1QjMt7Nv8g_1,neighbour,11,human
Z1du80pIIo0,brochure,5,readable
Z1rwaj311WE_1,need,6,abstract
Z3CJVJpzaio_1,keeper,10,human
Z3vKfnZktzo,parking,6,transport
Z40K5gHMTUI_1,transfer,6,action
Z45tFt5f02s_1,more,6,quantity
Z57OPDQI-AM_2,transverse wave,10,physics
Z6JNDTUxfUc,grey,8,colour
Z6tnoY_mWJI,ahmedabad,5,geography
Z7IcqSuMStI_1,silver,7,metal and minerals
Z7SDxmGugRY_2,stretch,9,action
Z7eSedTdh8o_1,lock,8,machine
Z7rp2PsMEnM_1,flat,6,attribute
Z8s8vMx7whQ_1,andhra pradesh,7,geography
Z90_kV0h1d8_1,re sale,6,banking
Z9fW5tpQOYY,lake,8,geography
ZA9VMWZGtLw_1,socks,7,wearable
ZAVbHxqvcZM,projector,4,instrument
ZAXYZbQjJd8,official,3,legal
ZBUU3_QSSZ0,ant,6,flora and fauna
ZBUU3_QSSZ0_1,ant,6,flora and fauna
ZD4iPTVebqg,flowering hedges,10,flora and fauna
ZE26UZXyMDs_1,laddu,5,foods and drinks
ZEGaQMAZwgE_2,vision,7,abstract
ZEOITP9Urts,goat,6,flora and fauna
ZES6f5bu19M,jantar mantar,5,geography
ZGH9wRwlXSA_1,leg,9,biology
ZGZMh2l-Kro_1,upper age limit,9,time
ZH6w06bHVJs,center  back,10,spatial position
ZHBeAUvAWFw_1,gram,6,metric
ZHn-DlqMC3c_1,deposit short,12,banking
ZIKWlQUff9c,there,3,geography
ZKrESO7NJkw,electrical leakage,10,physics
ZLBwSYUFhqk,resign,4,action
ZLMSgBfkRgc,lebanon,4,geography
ZLj7E6Q5ZUg_1,year to year,9,comparator
ZM0n1zjza48,trader,7,commerce
ZM95iphl6eM,chile,3,geography
ZQXv3lFCkp8_2,equation,8,math
ZQzqGalXdEU_1,raddish,7,foods and drinks
ZRb_4bhHAus_1,lunacy,9,attribute
ZRmC8bZ5OgY_1,notification,8,legal
ZSOCalqaCTw_1,east,6,spatial position
ZT-CEOMhqAI_1,planet,8,astronomical
ZT1KeYVFU3s,over,5,spatial position
ZTdHkUXOcHU_2,visible ray,8,physics
ZThUGVQhL08,umbrella,5,utility item
ZTyOfVeFBgA_2,sotar,8,astronomical
ZU74gADGVD4,practice,5,action
ZUL1-j2VL6w,technician,4,profession
ZW9M04OzRVU_1,owl,7,flora and fauna
ZWdAqWE-J3k,polite,5,attribute
ZY-WTPLbMZc,yourself,3,abstract
ZYzl-LchceU_1,lucknow,5,geography
ZZAKxP9xMSE_1,plastic,8,miscellaneous object
ZZtr21utYZU,cartidge,15,utility item
Z_LPvE-ICAw_1,near,6,spatial position
Z_M-x3Xb-7c_1,enemy,9,relation
Z_aF7Dndg5o,wrestling,4,sport
Za7gQoC8eaA_1,hospital,6,construction
ZaBfhzfL_II,long jump,4,sport
ZaNS5RUpBAM_1,jain,5,religious
ZanVx78hi-g_1,water,8,substance
Zb_TG66NcQM,libya,4,geography
Zbzwv7UaDLE_1,cholera,6,medical
Zc9o_U0ilpU,discount,6,banking
ZcKsHron__8,graders,10,education
ZcVzjZeVwj0,lock,4,machine
ZcxtRrRVHFE,request,4,action
ZePqDGIfLng_1,goat,6,flora and fauna
ZfEb14w8ZMk_1,housefly,6,flora and fauna
ZfvUujCbJR0,motorola,5,organisation
Zgmvl6IgXuY,amazon,4,organisation
Zgt1aed1imY,buddhism,4,religious
ZhM0Ej44-3A_1,poision,6,medical
ZhZN3BiLEqg_1,student,7,profession
Zj_vIX40c4U,internet,8,internet
ZjgpWHd9cyc_1,blue,9,quality
ZkswCQRgxvQ_1,tongue,6,biology
ZlECIvK4NRU,name,4,language
ZlEsSpNpRWc_1,tiger,5,flora and fauna
ZlHosNYMQwE,christianity,4,religious
ZmPkrJiAoGU,shock,4,behavior
ZmQb16XR9Uk,themselves,4,relation
ZmwQgw19ceU,lime paste,7,substance
Zn0fVlU7o9Y_1,note,6,banking
ZolqmXUbwIw_1,kangaroo,6,flora and fauna
Zr3LQ0FwcUM,victory,4,event
ZrPL-xKnDfk,degree,6,education
ZrRMVnEBilo_1,magnet,8,physics
Zrcq4sIJPH0_1,transaction,9,commerce
ZrzSxs277R8,bronchial tumors,10,medical
Zs0aCR0psKg_1,maximum,7,quantity
ZsQKzWzog3w,cylinder,5,utility item
ZsQM3Ip3WP4,oneplus mobile,4,electronic and electrical
ZtAKgVo5KFQ_2,property tax,6,banking
ZuEwvrlmnyw_1,thursday,6,time
ZuMVWIDZEQI_1,incentive,9,legal
ZuVsJQ_IKxc_1,balance outstanding,11,banking
ZwVF0XfVD7I,bath,5,action
ZxL9a3whvvo,tubelight,5,electronic and electrical
ZytQJwYWKuM_1,africa,7,geography
ZzvSRtMXoSA_1,garlic,7,foods and drinks
_-U30DSj-t0_2,plane,9,math
_16L9IQXOm8_1,around,6,spatial position
_1V-RYndk_o_1,bark,6,action
_1vtXVjFtg0_1,brittle,7,attribute
_2S9CpnbPLk_1,volcano,7,geography
_2TlWc7fctg,donald duck,5,entertainment
_45PKVEtIUE_1,clown,6,entertainment
_4oE2cTO6V4,blind stitch,14,wearable
_5-p1Ci-LQI,norway,4,geography
_5ISkq46e4U,volkswagen,5,organisation
_5yHq8UYB-8_1,throat,7,biology
_7E0eolOh4c,elevator,4,construction
_7G2Uzs6TTE_1,prescription,7,medical
_8BciHWrpOA,genuine,4,attribute
_8bxz4NREvk,prime location,12,spatial position
_9JUz_eRGKk_1,arrears,10,commerce
_9fyR8lD1Uo_2,zero correction,9,quantity
_BPtLQumNF4_1,radio,7,electronic and electrical
_C-VYAN3NP0_1,sly,7,attribute
_CKSfuSN8qY,test,5,education
_DzQr-7t3Wo,why,8,abstract
_Dzn4G-zY6Y,opuntia,12,biology
_FpLmutBgNQ_2,curvature,10,physics
_GG3jvZWj_4,chikoo,4,foods and drinks
_HPV8-2Xdx8,distance learning,6,education
_I7a-SaQTbQ_1,wound,8,medical
_J3ub2IKdWM,clauses,14,language
_JhAFFdTuQk,time table,5,time
_K6fZSaEvfY,idbi bank,6,organisation
_KD_lxiKv6o_1,overleaf,9,abstract
_KNZJg6KmXo_1,sharpener,5,utility item
_MQLjVv71vA_2,convex,12,physics
_MfSh3vAg-8_1,trunk,6,biology
_NCg6SOF43E,august,5,time
_NQG94L6Ook,some,4,quantity
_O0kLRn736A_1,belt,6,wearable
_OCCVPF3icI,buffalo,4,flora and fauna
_OVPsuqM4WA,axe,4,instrument
_P4bfLS4TnU,influenza flu,10,biology
_PagRKs0NVw_1,cosmetics,7,substance
_QKUHg7BOt0_1,model,7,behavior
_QuzEYjeK5o_1,task force,9,legal
_RUSSzoAwkI_1,grind,6,process
_SL5nKedSfM,defraud,5,banking
_UPbbNrJVTI,outer shell,13,substance
_VEDOuAOkwY_1,sweater,7,wearable
_VfAEWS3NIs_1,nose,8,biology
_VoVLROfTak_1,cash certificates,10,banking
_WJFCAKQNOk_2,particular,12,attribute
_XNGzuCEq_k_1,certificate,7,readable
_YZmHbnrcmM_2,air pollution,12,chemistry
_ZQRTRss6sY,parliament,4,legal
_Zk6T8osdEc,xylophone,5,sound
_Zqd_PC4zYs,order,4,action
__Rz2PaTB1c,malayalam,5,language
__cUle3-80c_2,copper wire,10,metal and minerals
_a81r3Cftzk,can,3,attribute
_buJuYv17y0_1,cupboard,9,utility item
_deTkHwvwhc,best,4,quality
_eYKufKYrnM,lumberjack,11,profession
_erfAmrdyIM,take a photo,6,action
_g40sO4Upvg,iraq,4,geography
_g4EWTEciww,milling cutter concave,8,instrument
_gSbFjpWY5c_1,serve,6,action
_gdCYZeEcTY,in the middle,5,spatial position
_guaVXmbJsE,bell sleeve,8,wearable
_hrzFsvu4iI_2,plane convex lens,10,physics
_idIz52QU2Y_1,country,7,geography
_jbbOFSVFyY,basil,6,flora and fauna
_k5G74jDhCE_1,present,7,time
_kI81r19zgI_1,hindu,6,religious
_l5aWVYPWik_1,stock book,10,banking
_lArEvKP43c,original,4,attribute
_lF0BZafFlw,belgium,3,geography
_mAt07ZKGeg,kolkata calcutta,5,geography
_mRzTYgtxCU_1,quantity,7,quantity
_mmkfKN0-dg,chipping,4,process
_n7v_yu-uiY_1,rotten,7,attribute
_ok_Ke5qnV8_2,temperature,8,weather
_otCOj9YmMs,drunk driving law,10,legal
_p5nn1S8iRE_1,blouse,7,wearable
_pDr9N-HtgQ_1,monthly return,10,banking
_prgaw9obbQ,wash,4,action
_pzmJOER_y8,ooty,7,geography
_qABLoRjm18_1,survey,10,process
_qWORH98SLc,person,3,human
_rEVVtT1I44,she,4,abstract
_rHStCQCPno,wedding,3,event
_rguUTHtPkg,next,3,time
_sBMoMv15aQ_1,mortgage,10,banking
_sL5FydI-Is,slow,4,attribute
_tx2iiQNlZs,earthquake,4,event
_u5BpyWgd2k,promote,5,action
_uvEsXwbAKw_2,biomass,8,biology
_v0ZCfpOs8c,crops,15,flora and fauna
_vlN9I_YSG8,united nations convention on the rights of persons with disabilities uncrpd,4,organisation
_vpJKqAQ_u8_2,geyser,11,machine
_wR2epuH6m8_1,reconciliation,6,relation
_yuawBKn9O0_1,february,6,time
_z-Ry3er2_k,blood,5,biology
_zIhoXYpQfQ,folder,11,utility item
a1Nj8ScIhho,rani of jhansi,4,human
a1T4s6FhcSE,clear,5,attribute
a1Zz3eyS0yE_1,start,6,stage
a2YWHdD5gKk_1,big,6,attribute
a3ZwnyHdlGI,cage,6,construction
a3qDF39okh0,citrus vulgaris,13,foods and drinks
a4PC3Klb_OA_1,jalpur,6,geography
a5kEZgbaT7w,i understand,5,action
a6CyJGTNsG8,duronto express,5,transport
a7LNu3_mPAo,sarong skirt,8,wearable
a7gXYwtf0aM,rainbow,6,weather
a7hNqWODhnU,fingerprints,12,human
a7kvbMiKkuQ_1,strike,7,process
a8cDfDvCcxw,cockroach,7,flora and fauna
a8g9AMsHvlI_1,friday,5,time
a8w3qeRPwp8_1,yesterday,7,time
a8wk12Rfkac_1,west indies,7,geography
a9th81iiE2M_2,year,9,time
a9xB9EN33FY,mineral matter,11,geography
aAOnQ9s6SlM_1,financial year,11,banking
aBFl_E3z3m0,flounce  hem,15,wearable
aBWOTIxuGus,mysuru,6,geography
aCSZ-jr5Y_o,shallow,5,attribute
aCaG3G4PAkQ,bedroom,4,construction
aD03ngrTQoI_1,goat,7,flora and fauna
aECrxESTDUM_1,percentage,7,math
aF30g7ajjas_1,turn,6,action
aF7X0ClwZVg,diet,11,foods and drinks
aFGQehtPlPc,disease,7,biology
aFOyoIR4gqw,split pulley,14,machine
aFbn0Bm9MCQ_1,special,5,attribute
aFelqRyZOM4,sphere,7,abstract
aGRreliJps4_1,pillow,8,utility item
aH6ce_mquBY_1,advance,11,banking
aHhWeircCv4,thiruvananthapuram,4,geography
aHmj7r_Ts70_1,crocodile,6,flora and fauna
aI58FdiAz7Y_1,travel,7,action
aIJKbhWx3So,under the weather,12,medical
aIYmSF72Yk4,mistake,3,abstract
aJI0l51wGGM_1,dubai,6,geography
aJeKWqpMr7Y_2,glass stab,10,substance
aJkcfI5vUd4_1,parent branch,9,organisation
aJvkIV-8Q9A,promise,5,action
aKKqKv1FFrU_1,expert,9,attribute
aK_immPV5TM,statistics,5,math
aKd7QTNB4IU_1,wife,9,relation
aLFLtt_Hy5Q_2,parallel circuit,14,physics
aL_AGq7MxBk_1,visual aid,6,banking
aMQeupEDGOw_1,repair,7,action
aMs5U3qDEJ4_1,towel,6,utility item
aNthcGq-FqI_1,vacancy,8,abstract
aO1B2sAfigI,again,4,time
aO7Pmus6yEE,month,5,time
aOR-2KDf9pA_2,concave,12,physics
aQ6GM2E-3-k,internet disconnection,5,internet
aQEJlg8RhXQ,good,4,quality
aQHSHQkL47I_1,sunday,5,time
aQT4jI0jMWc,separate,4,action
aQpVV49PF98_1,catch,6,action
aRGwbWv6law_1,neighbour,10,human
aRMlrpN0MzU_1,up,5,spatial position
aS2e07FE2uw,jew,6,religious
aSHLJIU6ZeE_1,sandwitch,6,foods and drinks
aTHCIoGVi0k,judgement,10,action
aTbpGKnMdv8,reduce,5,action
aTk3A6yTmIA_2,quantity,8,quantity
aTp3Y4ABxB4,sling bag,5,wearable
aVXHUzd1cW4,while,4,abstract
aVxK8yw7z7I,paste,5,action
aW1uRjayEEQ_1,amendments,9,legal
aW8jBRmN24M_1,tour,9,event
aWlh04N3DzA_1,handkerchief,6,utility item
aXHoCMyVez8,juliet sleeve,7,wearable
aXX2ysgHZTA,east,5,spatial position
aXvpcfjK7Sg,officer in charge of jail,13,profession
aYQ97trsr6k_1,celebrate,6,event
aYbsN9GG3kY_1,actor,8,profession
aYjNOmE73zE,flat gardens,11,geography
aYpR1Gsa0_U,christmas,3,event
a_5rkFrzauo_1,examination,7,education
a_yFlzuJ7oY_1,sundry,7,quality
aawUzeSXJpU,handle,10,utility item
abmY621VQCw_1,smell,7,sensation
abz1iHHIktI_1,ledger balance,11,banking
acdKVU7bbhw,appointment,4,action
ae55QOIEGEk_1,operate an account,10,banking
ae7r5dnrG34,austria,3,geography
aeJSYb8CmS8_2,troughs,14,physics
aePcBtCpcPA,road separator,7,transport
aeaHJYnML2E_1,corresponding branch,10,banking
afB8ioKoVh8_1,shortage,9,banking
afZNvfwjxEA_1,vendee,7,human
ag8J-3yc7PE,engineering scale,13,instrument
ahUSb4o3pKw,culottes,9,wearable
aj736kmw3Pw_1,escape,6,action
ajczOXxcx_s,mouth parts,12,biology
ak5WS3_FBv8_1,fisher man,7,profession
akYhM0X2Udc_1,start,5,stage
alvjMQjm1pM,personal,4,relation
alyadcV43G8_1,item,11,utility item
amB7PkF8fWQ,serial tv,5,entertainment
amBz3VzA608_1,cheque,6,banking
amQEVitOUn4_1,right,6,abstract
amb6frWEiDU,ministry of social justice and empowerment,4,authority
amhLPtOfjgw_1,sari,6,wearable
aodgodCQNX8,palazo pants,10,wearable
aoicBWQGk0Y,claw hammer,6,instrument
ap3r07toNRc_1,count,7,metric
apPABUUQDLA_1,leave earned,10,profession
apdZVZdwz54,ban,4,action
aqym4tojhqQ_1,dividend,8,math
araXKMU7R4g,cif number,8,legal
at2bDwxeV3c,tight,5,quality
atIObXII22k,opposition,2,action
atyCov9u9no,jail,5,construction
aunVG5Ddwrc_1,sink,6,process
autuHm9_jWo,throw,3,action
ava3Ux-MDDE_1,encashment,10,banking
avpSF2ZHlc0_1,wolf,6,flora and fauna
avuibTenovU_2,equator,11,geography
ax5vPQQRVRE_1,cancer,8,medical
axEFBCXFyt8_1,paise,5,banking
ay7OzoG5fk8,tax,5,legal
ay96dkDBYMs,ms excel,10,computer
azP0G1dB1KY_1,roof,7,construction
b-Oi5Oa5TIA,message,4,readable
b0-O_EoAR7c_1,order,5,action
b00DR5Ly-Y0_1,head of income,9,banking
b00epXFNL5U,atm,4,banking
b03dkzGkDV4_1,whose,6,abstract
b0zVJUx-H0Y_1,curds,5,foods and drinks
b1Cbwx9LrQM_1,short,6,quality
b1kVeCRjm1M,patna,6,geography
b23vl51AH4U,tamarix gallica,13,flora and fauna
b2hjMDOnYnw_1,hardworking,8,behavior
b4ki5taIk0s_1,wipe,7,action
b4ywpRBTw4o,log off,7,group
b5R9Ubu8bw4,sunflower,5,flora and fauna
b5pF8YU_ILs,policeman,5,profession
b67oA7lAXi0_2,soldering lead,9,process
b6mge7fT8p4_1,worry,6,emotion
b7EQniqN7rs_1,now,6,time
b7U7TWlmbOs_1,trustee,8,human
b7Y145D3Gi4_1,trunk,6,biology
b8BlqEQCtiY_2,notice,10,legal
b8ZOlo8oXbQ_2,joule,9,metric
b8uuqEIu8Ag,pencil,4,utility item
b8z6CTJw-TI,contest,5,event
b9Ad8smAqhs,zigzag,8,attribute
b9W1y77hDSc,way,4,process
b9_2HxUsi0s,super computer,11,computer
bA7mLrTdy60,district court,13,legal
bBzWwcYyMK8_2,filter pump,11,instrument
bC7wNuiLgHI_1,machine,6,machine
bC9ZZ5izJPk,agra,5,geography
bCXEgYMuyQU_1,banian,7,wearable
bCm6R9JGBvA_1,motor,6,electronic and electrical
bD4GIT0wuRE_1,dhothi,7,wearable
bDA6y9S2bb4,hard,4,quality
bDOUOr8c5EM_1,account suspence,13,banking
bEe0Ch0biSU_2,litre,7,metric
bEgGF4YuHm0,theatre,4,construction
bEmiFY64B3c_2,ohm,11,metric
bFEz8r3xfMI,chalk,7,utility item
bF_5-TAoxTo,wind borne disease,15,medical
bGGgKRLRngQ,aam aadmi party,6,politics
bGRAQ9ORnm0,national,5,geography
bGzdNLa1O9o,plan,5,action
bH3KEeVn-rU_1,bandh,7,event
bHcewri1380_1,afternoon,6,time
bI019MZru3U,tight,4,quality
bIha_uKKc-U,water filter,5,electronic and electrical
bJ1Nsi71fnE_2,rf osciilator,11,instrument
bJiwFIbDGRQ_1,christmas,7,event
bK2UmfKfoPw_1,punctual,8,attribute
bKliVu0i0SI,chimney,14,utility item
bL8PcxnwN74,same,4,comparator
bMY7k6ug38E,emphasize,7,action
bMZuO_mR3e4_1,hole,7,spatial position
bNPBUXiWYYI,plain cement concrete,7,construction
bNwhA4fMWCI,seed,5,foods and drinks
bOqgzRbAuqg_1,fishing net,7,instrument
bP0ibVNj7TU,sailor,9,profession
bR89wUFYe8I_1,wear,6,action
bRAauK4qEf0_1,morning,7,time
bRG0I-FNuII_1,account discount,12,banking
bRT1xm32nIA,network,9,internet
bS8Bh2t9PSA,hip hugger,6,wearable
bTfZoLcLD1s,drug,4,substance
bUybAkPWQH0_2,screw guage,10,instrument
bWRmIDKlKo0_1,work,6,action
bYZKoGWvfyM_1,police station,5,legal
bYyLAeq4yNY_2,hydrology,9,geography
bZLyr43R2t4_1,will,7,abstract
bZnTQsP8FCY_1,trade,6,commerce
b_TvDsf97GY,two thousand,5,quantity
b_cuB9Hjx34,peanut,6,foods and drinks
b_lBAwm-AC4_1,friday,5,time
bacheB1uzFE,alphabet,4,language
baqITtRxH5U_1,appear,6,action
bbWDUkaUXLE,lightning,6,weather
bbWGXTXiw4k,cute,4,attribute
bdn3KzMo_rM_2,diode,12,electronic and electrical
bdoKiu3zEjs_2,service,10,action
benrZFXwf4g_1,river,8,geography
bewlQQs7I0k_2,perfect,7,attribute
bfWmhebPLIs_1,square,13,math
bfc3A5WT7O0,athlete's foot,10,medical
bgNFqlUDCMw_1,proof,7,miscellaneous object
bgwSjzhyPs8,full stomach,4,sensation
bh3kxVL3EWA,volcano,6,geography
bhMRCTyJyNI_1,without prejudice,8,legal
bhPu5UgetR8,zinc sheet,6,metal and minerals
bhY9tXL3Z0w_1,mail transfer,9,banking
bhpHRwqACLY,colour palette,14,colour
bi4xQMdEcVo_1,requirement,6,abstract
biAm9EJuH8w_2,oil,9,foods and drinks
biSlYwhDtc4,flute,7,sound
bjJtF35pjhI,throat plate,13,instrument
bkJI2VTpAwA,keyboard,10,electronic and electrical
bmMd8l2xZaE,official,6,profession
bmQ6EhxdBuw_1,buddha purnima,8,religious
bmnbIMDM4MY_1,compound interest,9,banking
boWOpxe2CRY,national association of the deaf,3,group
bouFPfGo6UI,dissent,5,action
bp32ckPVj6s_1,company partnership,12,commerce
bp9mzPexxVY,carpenter,5,profession
bpK_n3OqDDw,hairdresser,9,utility item
bq0BIQJzsbY_2,physical balance,11,instrument
bq2QpJpjWUs,embarrass,3,action
bqTLB7fccW8_1,nri,10,human
bqZZkH8aoC8_1,nose stud,5,wearable
bsDAoxpr8Sc_1,halting allowance,9,banking
buBZGkwchow,release,4,action
bubXTcY0A2E_2,dispersion,7,physics
bv9giU_G_Mc,online,6,internet
bvRVxOWJdMw_1,guilty,6,emotion
bwM7NUs3TFc_1,good,7,quality
bwrBPuatbGQ_1,bank nationalised,13,banking
bxQU88YWOhg,seychelles,3,geography
by5LPvJU5OY_1,all,7,quantity
bz6nldNgnjU,blackberry,5,organisation
bz7Stt4IzGc,bully calf,11,flora and fauna
bzfDfBXrsTA_1,bill,10,banking
c-5Km1sqJOA_1,coconut,8,foods and drinks
c-A3wFtFlEM_1,common,6,abstract
c-iylYqUcUw,bench mark,14,metric
c-n55nBWOIc_1,interest,8,banking
c02rBJWw1fo,cargo  pocket,11,wearable
c05vX2BcjUs_2,absorption,6,attribute
c0Mr2g3NjFE_1,profession,6,profession
c0YAVT3cqwI_1,pond,9,geography
c26UiFPMTcw,annual,5,time
c3ekz0r_Xwg_1,busy,6,behavior
c3l-zz-FQ9I_1,mouth,9,biology
c4HojUA2FGE,appointment,4,action
c4Nn0I-C4gY,blackboard duster,8,education
c4_wAHzGCiw,deadline,4,time
c5txohM_Pv8,body parts,8,biology
c6-NB5Yrrdo,arm,5,biology
c6lgZeRgbuM_1,continent,7,geography
c7P3OaUt-LA,owner,5,human
c8QdJkQk-S4,absent,4,abstract
c8cBnLAFa40,blight,14,medical
c8vOZMKsBC8_2,north,8,spatial position
c9D91JO8O0w,manage,4,action
c9Kcl0vkQh4,arrogate,15,action
c9hrMSMJFgw,congratulations,4,greeting
cA1B3PFfvjM_1,photograph,7,miscellaneous object
cApvRkBL8e0,hard drive,6,electronic and electrical
cBtN1DlLXAs,different,5,comparator
cC0E_KK9FBs_1,variable,6,math
cDV-k7lXo7w,south america,5,geography
cEclg4wFkQY,bank branch address,5,banking
cFdYCBpZGEw_1,only,6,quantity
cGIpxkvYfys,whistle,5,sound
cHTrAwUZtNY,ginger,4,foods and drinks
cHzy7fieqXU_1,stationery,9,utility item
cIPxnJAUd74,newly weds,6,relation
cItWv5VCy8w_1,black,9,quality
cIyDQeSqcnk,reinforced cement concrete,14,construction
cKTC0499dBc,prescription,5,medical
cKkCZ_GYpkk,scream,5,action
cMIJrgJVkzc_1,order standing,10,banking
cM_xDZOtPsc,paint,6,action
cMeg0EWN2mY_1,season,7,time
cMm2cWGKt6Q,murraya exotica,13,flora and fauna
cN4cdQ7Uvhw_1,storage,8,quantity
cNL6z2IayOU,bandra to worli sea link,5,geography
cP9CvXcgOs8_1,famous,6,attribute
cPSQyj-JTpM,compositing,15,construction
cPtb9OMfZ0w,sometimes,5,abstract
cPzYNzLFQo0_1,orange,7,foods and drinks
cSyNdG5W6i0_2,parachute,12,miscellaneous object
cTLsY2Pa848_1,land holding,9,legal
cW1M5CUdCmk,mother in law,5,relation
cW1Vl1AqGzI,video,4,computer
cWsTOcbwNJg_1,nect tie,6,utility item
cXKAkxMNEYI,grenade,12,machine
cXX9Fqj1fuE,well,5,construction
cZ4RwsITk3c_2,diffraction,10,physics
cZBoXXZqXT0_2,calculation,10,math
c_CVbagPDA8_1,physical training,8,action
c_N193NzE94_1,credit purchase,8,banking
c_i7AAEhy3E_1,super,10,quality
ca4NtqH_cx0_1,thursday,5,time
caIqDNu--II,compaction,10,construction
cclXS3qW2bI,black market,9,legal
cdg2loc35vs,agree,6,action
cfAXWBaT88Y_1,jealous,7,emotion
cfPvMQAbTy8,engagement,4,event
cfZzelNoOtA,profit,4,banking
cfiEadKO-jY,machine water pump,9,machine
cg4E83GKGJk_1,tail,6,attribute
cg9Qwgaezdg,download,8,computer
chPdC6gwibQ,kumbh mela,7,event
ciBV8fax0EQ_1,whale,8,flora and fauna
cigrNp7NbVY,bury,6,action
cj4nM0IFGYQ,maha shivaratri,4,event
cj56UIvObV8,back,3,spatial position
cjb9U7rI-pk,special,3,attribute
cjlXzFSoIco_1,squrriel,7,flora and fauna
ckDEZnw3PHE_1,ring,6,miscellaneous object
clwF6d-MIBw_2,bad conductor,11,physics
clxS63kY4zs_1,accured,12,banking
cmFVOsYv2Nk,argentina,3,geography
cmlToISecIA,adult,5,stage
cpbTXmt7XwA_1,quick,6,time
cqpttv1IB28_1,wood,8,miscellaneous object
crOKuw1QwVk,pulley,9,instrument
cuouiP_uipw_1,official,6,legal
cuv95axJkJg,motorcycle air filter,15,machine
cvBDFoHc-SI_1,goat,7,flora and fauna
cwDDoB4ZOZY,connect,6,process
cwDfYuPi02Y_1,socks,6,wearable
cwEfR3ySdZg,disease control of plant,13,biology
cxqz0EbY4yE,eczema,7,medical
cycfuVbrlOQ_1,owner cultivated,9,relation
cyyBiFbtefI,sikhism,5,religious
cyz7f5C8VWc_1,pretend,6,action
czE3uNUVUKA,spoken,5,sound
czmizKva6TQ_1,drum,5,sound
d0SGtxOqFpU,arrest,4,legal
d3Mz6l_VYic_1,call,5,action
d3i2EjGoA2k_1,come,5,process
d3tDqVfbgCg_1,pull,6,action
d4nkMcBvUZM_1,eat,7,action
d4zWp5T3P-w,cloudy,7,weather
d5SWvjzXUbs_1,absorb,6,action
d5SYjSyZLZI,cobbler,5,profession
d5gBuuQWncc_1,begin,5,time
d73jrF3Tevc_1,primary,8,attribute
d9LDsGqPpXA_2,output,7,miscellaneous object
d9MAodEjHsc,send,4,action
d9fEfBJmy0Y_1,help,7,process
d9qLL38zaZ0,parade,5,event
d9s1JfE1Rv0,crime scene,10,legal
dAFLzjA5FtQ_1,pickle,6,foods and drinks
dBQHt6OHvi8_1,squirrel,6,flora and fauna
dCvX2SjAybM,adjudge,10,legal
dDJCclqr7jo,sesbenia aegyptiaca,12,biology
dELRdOxwEQY_1,pumpkin,7,foods and drinks
dFNIhuujLGo,capital punishment,6,legal
dFstSkKTdJs_2,agreement,10,commerce
dGP1h8tXPGY,republic day,5,event
dGUBX9_VN7U_1,august,6,time
dGg9jffJ8us,habit,5,behavior
dIH705Z6Wkk,mistake,6,abstract
dJtS0RP9YyM_1,pen,5,utility item
dNSKKwUJdGI_1,desert,8,geography
dNZ0oK9jvZs,nothing,4,abstract
dNrwv9tT8qY_2,solar energy,10,physics
dOPSYCZ4mfU,dustbin,5,utility item
dOZOALFxyNw_1,meat,6,foods and drinks
dOdFMkRCpWI,pacing,15,action
dPSB-HxRET4,understand,3,action
dPnP2JZGAks_1,lead,6,authority
dQ30qulPHvE_2,brown,9,attribute
dQABEhftkDY,zoo,4,geography
dQMbnTMaARA,hawker,7,profession
dQd7vQzxfJE,vadodara,4,geography
dQs0quEuTls,traffic lights,6,electronic and electrical
dRZkuKTLcis,chief minister,5,authority
dRhS2U_Bl5w_1,result,6,abstract
dSF64aB7oIs,juice,5,foods and drinks
dSGNGtAprtE_1,west indies,7,geography
dT4Y_R7jVIE_1,try,6,action
dT9dCqGuDCE,kick,5,action
dTjzMwNtA1o_1,union,7,group
dVHZX2-cexY,sunday,3,time
dWGCRKIqUb0,drop cap,14,language
dWeSkZ2K4TA,wrestling,4,sport
dXn51-btduM_1,major,8,quality
dY77Eo9bfNg_2,southern hemisphere,15,geography
dZLD3z1uC54_2,equal,7,metric
d_-8DagcQRQ,allen key,12,instrument
d_0HZMA0Ml0,order,4,action
d_GdVQe7Jrk_1,project,8,abstract
daRWg-gnW7M,chalk,4,utility item
ddPCGaifqHg_1,back,8,spatial position
ddUcwkYlh5E,abrogate,11,legal
ddanfdSlKGA_1,chest,7,biology
ddpIUqF0dEg,murder,3,action
dduOBzdGYug,generator,5,electronic and electrical
deXIYwtAoUw,system,4,instrument
df3ewqju9L8,vocabulary,3,language
dfF51UQf_AM,garage door opener,6,utility item
dggsuMZSGAc_1,week,6,time
dgpwdJ7NHJQ_1,planet,8,astronomical
dguva7pmiNk_1,hungry,7,sensation
dhPr_hzP8oM,mushroom storage,13,process
dhYooos0RiE,germination,13,process
dhy4BOXYtEs_2,newton,8,human
diGBpMN_-WM,electric tester,7,instrument
diWGuc9GzL8,fruit disease,15,biology
ditvJHcM784_1,knee,7,biology
djeFrqW7rPE_1,jump,6,process
dk9QGWXU2kY_2,flouresence,8,attribute
dkAI5hTKrJA,law,5,legal
dkEWduuC67E_1,permanent,6,attribute
dkwDWRmVwUc,india,4,geography
dl6mqYVOS18_1,name,8,language
dllJRt0_AGQ,buckle,5,wearable
dm6hv7A_XGI,wicketkeeper,4,human
dmDV7FGfc0E_2,hydro electricity,11,physics
dmspcOTLMP8_1,file,5,readable
dnZlTBG5Taw,nose,5,biology
dnl45S16tjs,advocate,4,legal
doW1fga72Kk,yellow,4,attribute
doWXendPFc0,bowl,5,utility item
dp8CmTJwz6g_1,air,7,substance
dq2YpgXqCn8,program,3,action
dqD5vrJHfQM,rectangle,5,math
dqZy_QkKqNM,subhas chandra bose,4,human
drY08LJIVLw_1,growth,8,time
ds5AgTizcgg,sofa,5,utility item
ds5lPKnltQc,rice,5,foods and drinks
dtlqOoeeqDU_1,hill,9,geography
du_72ySABJM,heifer calf,12,flora and fauna
dv1x5AQM0E8_1,table,7,utility item
dwuDZ2R6yV0_1,cheque endorsement,9,banking
dxPUI_h_LAk,basics,7,quality
dxoUqsSHx4E,thin,4,quality
dxvGVA3-j9k,karnataka bank,5,banking
dzKpkPSr6Ko_1,owl,7,flora and fauna
e-oFpEWqbFI,husband,3,relation
e07tkwowhvQ,respect,4,gesture
e0RfjsPH0yU_1,curds,6,foods and drinks
e0SfMAxA-jo,freezing,12,process
e0VLtZBWLHY_1,off season,8,time
e0WS9OgJpFs_1,account joint,14,banking
e0d5YxnIU3Y_1,morning,6,time
e1GC3zNkWpQ_1,cut,6,action
e2OKcVZ-_eA_2,sun,7,astronomical
e3GI7PCF70Y_1,hammer,6,instrument
e3OA2Ag2N8I_1,dog,6,flora and fauna
e3c5fUAhX2Y,jaipur,5,geography
e4C5ez28e1w_1,probing,7,action
e4iQ8x7UgQo_1,cream,6,utility item
e4lux9dnPcw_1,sleep,7,action
e4rgP9qVQlo_1,turkey,7,geography
e6Mi_ArdxVo,silver,3,metal and minerals
e6oOrAWzRak_1,frog,6,flora and fauna
e7FqJXEP2h0_1,revised,7,abstract
e7GHpJSlm1U_2,pluto,10,astronomical
e7LFVgiUCr8,gloves,4,wearable
e7lQ3oflGyw_1,sweater,7,wearable
e86DlT0gzqI_1,krishna,5,religious
e8r0Tt42W7Q,limitless,5,metric
e9pXePHQJnM_2,hydro energy,10,physics
eAFoZUaOwac,chickpea,5,foods and drinks
eB-n9xBA7Uk_1,reject,5,action
eB9zCNo5R88_1,partly paid,10,banking
eBiQCRMwX1A,illegal,5,legal
eBn_I264LVs,measurement,3,math
eCHra4gvq2A,result,3,abstract
eD1Hy4MJuRw_1,purpose,6,abstract
eDr6D34kmcU,vote,4,action
eELQUxt6rUE_1,thirsty,7,sensation
eEoggrLYiEs_2,direct current,9,physics
eFb4OLllu9I_1,compromise,7,process
eGXitOKnND8,macau,4,geography
eGo9ontddG8_1,cheat,6,action
eH7rPf10P-w,strict,3,behavior
eH_v5Kwbkx8_2,petrol,9,transport
eI4NQgjp5l0,company,5,organisation
eIMEevvmmoE_2,advance,9,spatial position
eIzOqdVJ2F8_1,frog,6,flora and fauna
eJ5kLxC1ViY,air,4,substance
eJ8Brka8TKw,bad language,5,language
eJ8fFy6Litw,myanmar,3,geography
eKESeb6rZGw,a line skirt,7,wearable
eKHR8uZXbHE,tyre,5,transport
eKQhdwlBO_U_1,bail,7,banking
eKfjQx-16GU,cam,15,instrument
eKlUw_m_ijA_1,mug,7,utility item
eNA2jaQ3PgU,leg mutton sleeve,10,wearable
eNAP3Ae71MY,attorney general,9,profession
eNbHxuaMpAw_1,spend,6,action
eNwMbD5wsow_1,surrender,8,action
eO-TvyY-J_o,wood,4,miscellaneous object
ePBmpfIy7-c_1,publication,6,education
eQ5_2D_y2CM_1,refer to drawer,7,banking
eRceNyZCsU4,secret,5,attribute
eRpqfK08yI4_2,venus,10,astronomical
eRr2PaNsu9U,sever,5,action
eSD8MwwgEhw_1,discount,9,banking
eSFyfkFVTIU,ten,4,math
eTKkv1WCs0Y_1,authorisation,11,authority
eU8dCYk_41Y_1,publicity material,8,politics
eU9MyI-p_pA,biased,4,attribute
eUB3bcNRzU8,brain tumor  inside,6,medical
eU_A9agtfeo_1,seal,9,flora and fauna
eWPCSqa31HI_1,wool,9,utility item
eWbekocb_go,shawl,4,wearable
eYDkqbfQD7E_1,chew,7,action
eYe_qYNO81o,daisychaining,5,electronic and electrical
eZ1NWsWssI0,wash,12,action
eZ3vcetOBEE_2,longitude,13,geography
eZg439hkK5I_1,address,9,geography
e_2UcnQtmng_1,lipstick,7,utility item
e_i6YwNoSUY,quadrupedal robot,13,electronic and electrical
ea8VG_U1OM4,live,5,process
edkUTr95raw,kangaroo pocket,7,biology
eeMbTJ1Jyl4,hardware,7,electronic and electrical
eeVBDqHOrEQ_1,its,5,language
eh1UqHy5R8Y_1,bad,7,quality
eh4PJUNc3GQ_2,pigments,9,biology
eheMtSsA-ww,omission,4,action
ei3OdPKC1-4,saraswati,5,religious
eiJTiYxjgHk_1,automatic,10,abstract
eihGwOuNl1E,swing,6,action
ejX8KhT7JRY,tanzania,4,geography
ejiaz09X2eE_1,pant,6,wearable
ekGqhBY4SZE,regret,4,emotion
emLsUwqTcMU,what time,3,abstract
en2QnH6V6t0,barleria cristata,15,flora and fauna
en7qAq3Vc1c,sentence,4,language
enZ-JZqbhk8_2,displacement,8,physics
eo4vVNZ8vk4_2,radio wave,12,physics
eoAWbfQWN7Q_1,absent,5,abstract
eoIofO9ALwg_1,same,6,comparator
eoYHSxd5nWY,record,6,action
epwPALMP-X8,plant water relation,15,biology
eq2GVYo6G_g,water erosion,12,process
es0vjVM5AFY_1,writ,7,legal
eseyrC-e-s8,call money,10,banking
esjHmLoXTKQ_1,factory,6,construction
etCT8acNlAk_1,sundry creditors,9,group
etpYZfoTkBE_1,grow,7,time
eu6jtNK_qfI_1,end use,8,banking
evEAhw7lHBI,swear,14,action
evfYXabdfZQ_1,poision,5,medical
evjthp31SBc_1,sub division,9,authority
ewHq-NjArVY,right indent,13,attribute
ewTBgnZ0sDk_1,interview,9,process
exZSpHQ5Zhg_1,index,9,abstract
eyzf4IkhbxE,monster truck,10,transport
ez4pS4IS6N8,short,4,quality
ezlHYwdmu_c_2,work,8,action
ezucq9E_nvs,idle talk,8,process
f--3Qilcxvs,maternal aunt,4,relation
f-buhqEDiZ0,director,8,authority
f-uyGiFPPTo,electrician,7,profession
f0-kfiwqKL4_1,wound,8,medical
f0EqkYZvyIQ,start,4,stage
f0lX1hYxleg,vijaya bank,6,organisation
f0qHlVNwotw_1,wedding,10,event
f0vvft8hF_c_1,refrigerator,7,utility item
f1U4dYb9r0A,listen,4,action
f2KRTlDrsI0_1,tight money  market,12,commerce
f2RCrBoqFVw,five hundred,4,math
f3Hxe9Bf29k_2,television,7,electronic and electrical
f4i8gexc2N4_1,silk,8,wearable
f5uvvlfPawU,swing,5,action
f64zpSopa3E,ladyfinger,4,foods and drinks
f6ncKQ2HlJs,anonymous,4,abstract
f7KtY9x961I,christmas,7,event
f7XWdoOSSNw_1,me,6,human
f8BAnw57PFY,assistant,3,profession
f8TsAfMDsVU_1,currency chest,10,banking
f9rCwRfIxKw,better,4,metric
fAa6GQuNoYM_1,build,6,action
fAbE9RGaHr0,rama,5,religious
fAjax7qngzk,allow,4,action
fAujasBRvD4,paint,6,action
fB1PbgyU880,nehru collar,7,wearable
fB6rpU-9SSU,edit,4,action
fBS58EQ-ryw_2,spring,11,utility item
fBaO_PkHBdw,air matress,8,utility item
fBzuEo6DNDc,panasonic mobile,6,electronic and electrical
fC-PT3F6GFo,win,4,comparator
fCC3_lRJ2es_1,new,6,quality
fCJA3uu02WA,melt,7,process
fCd20l7-3Mo,extinct,4,biology
fCfnAjFQ8k4,new delhi,5,geography
fCt-Gci84f8_1,spot,6,geography
fDYfrgAPig8_1,reason,6,abstract
fEfVaSRjWY4,under mentioned,7,spatial position
fEpU1eisCoc_1,assembly,8,group
fFrKd1qI9ZM,address,5,geography
fGtUUD9Hyvc_1,oil,6,foods and drinks
fHWXXTb9FLc_1,list,6,readable
fI7cp68IaQU,engine,9,machine
fJyBgRTcBhA,tall,4,attribute
fKwQPZnzJCg,lenovo,6,organisation
fLNCrNgXMuU,epaulet,9,wearable
fNAwhyttX0Y,hour,3,time
fQBJzNtf6rU_1,fixed asset,13,banking
fQcXVe8_ZLw,after,4,spatial position
fR8uxOsE2Nw,jawaharlal nehru,4,human
fS8tS7dCIhA_1,call deposit,9,banking
fSdet-nqdsA_1,saturday,6,time
fT5IRf73MYo_1,heart,7,biology
fU3FLT8aa_A,october,4,time
fUfGwnc4Hmo,australia,4,geography
fVKjue-fAkk,ruler,4,utility item
fVM3O_zqrWc,laptop,5,electronic and electrical
fVnCA91Bvwo,dog,4,flora and fauna
fZsaGLA9Z3s_1,clap,6,action
fauftUvYPls,modern,7,time
fb4zZYQWRUI,note book,6,utility item
fbjvZ8VrmUg_1,lipstick,7,utility item
fcSg4Zg7lbE_1,release,7,action
fccxaqUbuXU_1,natural gaurdian,7,legal
fcuSg0jzcwI_1,mango,7,foods and drinks
fe3uPTqXfxQ,excited,4,emotion
ffJgebjRuvo,similar,4,comparator
fggt2fOzJsk_1,pain,7,sensation
fh41xuYjbco_1,lazy,8,attribute
fhURcNQNqgo,frustrate,5,behavior
fiTyNgucpYM,do,3,action
fjD41-Frk_k_1,reply,6,action
fjiQoursQB8,mouse pad,11,computer
fkLpcQzVV20_2,opposition,8,action
fkbNA8acuv4,rubber boots,13,wearable
fmW1matLfhk,barber,5,profession
fmWmAAtfkBU,ultraviolet ray glass,14,miscellaneous object
fnOThtPRhVM,penguin,4,flora and fauna
frOqpGZrIH8_1,madhya pradesh,7,geography
fs99SCAQCxU_1,cinema,6,entertainment
fsA2L4hL5Cc_1,arms and amunitions,12,miscellaneous object
fvn1QE0yfPE,welder,5,profession
fvpPTKgvPJY,doli in capax,14,legal
fwjl-PITW-A_1,monday,5,time
fx9psR2uzxs,automation,9,electronic and electrical
fxWTlUwF1O4,protect,4,action
fxaFxNiUcSA,handcuffs,8,machine
fySF9xDtT40,still,4,time
g-ErxwuqzTk_1,emergency,9,event
g-sQif-_tqo,submersible pump,14,electronic and electrical
g1vbPEqLqFo_2,space,14,astronomical
g1xpvj7Xu3A,confused,5,emotion
g1yiti_ayE8_2,frequency,8,time
g358Yz5xFt0_1,shipment,7,process
g3I84gVyO9E,plate,5,utility item
g3QqEJhvyYE_1,supplementary,9,quantity
g3Zp-9UhexE,day before,7,time
g5Dg60713kw,guilty,7,emotion
g6N1jD8-u2U,opinion,4,abstract
g6hYRF6ahSE,page layout,10,attribute
g8--b-O60kM,old,4,time
g8H6NFJ8o7w,dice,3,sport
g8JIlO5P5Vw,bar,12,construction
g8ZrP9KZGlk,washbasin,9,utility item
g9AslMiIVTE_1,call,7,action
g9R8d7G2MuY,adult,5,stage
g9SpsCvyEfc_1,shake,6,action
gBXLHNjB5Co_1,qualified,7,abstract
gCc-L7xN82s,obey,3,action
gEGlTYbGvLI_1,airmail,7,transport
gG-xmfo-y3A,swift,4,quality
gHKbG1LDbDU,spring washer,15,utility item
gIOJ8eh7GRQ_1,mutual agreement,8,legal
gIbD-xkQiJg_1,riots,7,event
gJfBm3-gjws_1,sphere,10,abstract
gK-FT0qEvnw_2,measurement,8,math
gKJXWarD5LM_1,rate differential,7,banking
gKyJmtZ6JZY_2,bar megnet,9,physics
gLH8E10Xex8,blocks,6,miscellaneous object
gMJuEhuQYAg,swaziland,3,geography
gMsJGGpMWJs_1,distance,6,metric
gNuAOCWJkZc,speech,4,sound
gO0DCs4VUEI_1,marathi,7,language
gOHt4silLhA,india,5,geography
gPKQvW2CXhg,syria,3,geography
gQMKC4C-H80_2,intensity,8,quantity
gQ_fr_Rv8sE_1,net profit,9,banking
gR1Kd5i82-0,something,4,abstract
gRI_3iZrN5U_2,period,8,time
gRvbXIwDvh4_2,inductor,11,electronic and electrical
gSTE4Bmxf4M_2,star,8,astronomical
gSoXECyR_-s_1,how,5,quantity
gT_hnPLlO7k,res,13,biology
gTnUL6YyXRA,coccidiosis,11,biology
gUOHhoQ9jRM,format,6,attribute
gYAOz-CJruo_1,cheque travellers,9,banking
gYbNVGvRcms,demolishing,8,action
gYbT8Fh2WXA_1,peep,5,action
gZeBXbzKTnY,club,5,organisation
g_WGhzxUi4E_1,tenancy,8,legal
ga-B-UhiVNo,negative,4,math
ga47ieQeEpg_1,visa,6,legal
gbD4G_rYL6E,hacksaw,7,instrument
gcvA1iHN8RU,trunk,6,biology
gdk1_A6_e80_1,suspect,6,legal
geAcMUXIAv8,nothing,4,abstract
geLlRLZnNhQ,ox,4,flora and fauna
geZegwhqVSE_1,documents,10,readable
gfDGWjaDaTk,darts munger,6,sport
gfTQT5gzASQ_1,name,8,language
gfg0aOxyM_Q_1,implementation,9,action
gfgQWafpuLo_1,expenditure,9,banking
gfmk3_98I9E_1,off shore banking,9,banking
ggeNzh5at2g_1,above,7,spatial position
ggvZdTOIuDI_2,glass,8,substance
ghyJZVAibyA,sperm,4,biology
ghyz0Xiumg0_1,trivendrum,6,geography
giANZjR3m2c_1,promotion,9,organisation
gjPP4lI0HM0,cement mortar,9,construction
gjpsKc4rYEM,volleyball,5,sport
gjqfGxN2SxE,screw driver,6,instrument
glwqA5VEbBs_1,balcony,9,construction
gmtBcUWzdwE,spoon,6,utility item
gnQLgdWLk0c,liberia,4,geography
go4BoZ5lX1s,ice cream,5,foods and drinks
gp87To3L1DY_1,tablet,6,electronic and electrical
gsI77j_jlvg_1,king,7,profession
guKx7gevhGo,milk,4,foods and drinks
guOIIr835FE,zoom,5,action
guhzTYs8TN8_2,fuse,9,electronic and electrical
gvEzY4sw5Z0_1,stir,7,action
gvFkCJni120,indira gandhi,4,human
gvz1mZnNRJw,north,4,spatial position
gwK7IZYEgK8_1,re acceptable,7,banking
gwhvOC8EWh8_2,rectangle,10,math
gxFroPz8ydI_1,his,6,language
gy8DIBO3KPo_1,over valuation,9,banking
gyOoK92JltU,engagement,11,event
gz02l8wMzKk_1,girl,8,human
gz3bQ5GGfUQ,sit,7,action
gzjPlKC1r-w_1,pencil,6,utility item
gzlymlA-sW8,around,4,spatial position
gzp_nV5PK1o_1,crown,7,authority
h01yeVZv5zo,size,9,quantity
h0IHd58MBEA,date,6,time
h0J-0nV_CoA_1,that,4,relation
h1mgzeLHaMY,rwanda,3,geography
h1oFiJchfh0,man,10,human
h3ZdKfu7Vws,sarvepalli radhakrishnan,5,human
h3c9_id8RWg,pay in installment,5,banking
h4y0h7GDHA8,surprise,3,gesture
h58uVxY-2uE,we,3,group
h5N2nXbDBm0,reservation,5,group
h6GYmPOMrDc_1,messenger,10,internet
h6LSVGsUiRA,briefcase,4,utility item
h6hwyEN0Jwk,cam,15,instrument
h70xLaGjPIM,j k bank,5,banking
h7wUxp1gTSo_2,pyramid,11,math
h8PX8tmC6D0,cave,8,geography
h8cX3gzzey8,mobile,4,electronic and electrical
h8yZIUn2J7o_2,plane mirror,8,physics
h8zjYuaiBK8_1,documents of title,15,readable
hAPJsvuQdkI,bestiality,9,sensation
hAiUOOeVyRg_1,person,8,human
hBs7tvBHjzQ_1,hoarding,12,banking
hCyqeJeKGyI,vodka,4,foods and drinks
hD6EdyqWw0c,tamil nadu,4,geography
hDVU5-mq6H8_1,noon,7,time
hFbU0wq1A6Y_1,send,7,action
hGE-45zVP8w_1,flower,6,flora and fauna
hGJ3qOLO2ek_1,north,5,spatial position
hH2jM_bJyAc_1,sometimes,5,abstract
hHLoe4rXNNk_1,room,8,construction
hJ2fPuzgv_s_2,plane concave lens,11,physics
hKT6dEhxTAE,energetic,6,attribute
hL5w2l57g9k,annual,5,time
hLzEs4ZdXg4,policeman,5,profession
hMBo35nYkJ8_1,curtain,8,utility item
hMHTMJFYAaI_1,fine,5,legal
hMLtjJ2H09Y_1,fail,6,action
hN6_eLx9tkU_1,shopkeeper,8,profession
hO9pTrkhSlA,lathe,6,machine
hR03PpsD4O8_1,monkey,6,flora and fauna
hR9Q-3L5tGY,laos,3,geography
hTe8e7lfC-M_1,mark,9,action
hTjWdQrM-LY_2,non,11,abstract
hTxZxP5ypNk,photo,5,miscellaneous object
hUlyxPexDU0,wash,3,action
hVx3X80m2rk,sequential,5,attribute
hVzB0xxqRiQ_1,share market,10,banking
hWrC71CmNus_1,counter,13,process
hXHLEKBaaNM,unemployed,4,comparator
hXp201_ejX8,police car,10,transport
hYAtE5G_a9c_1,notary public,10,legal
hZ1IkPKvjS4_1,uttar pradesh,6,geography
hZ7K25SvzRM,milk powder,7,substance
hZGHZ9sLtlg,railway track,5,transport
h_Ja2phijtY,scold,3,action
ha9bN_xLWhU_1,rest,6,action
hb8P_6PksSI,tree,6,flora and fauna
hc5PzdRYMUk,screen,12,action
hd1_aU5WhjA_1,moral,6,abstract
hdJr3U_BZ38_1,time bound,10,time
hdLBSjdqvIg,sheep,8,flora and fauna
hdMpGpG4LJ4,obligate saprophyte,14,biology
hdedMoAlUx0,pillow,9,utility item
he8ICzchdmA,ncp,4,politics
heZkGdeEaPE_1,pray,6,action
hf9_mHO_dPg_1,potato,7,foods and drinks
hfmljrmlZ6k,diabetes,5,medical
hga2Zs6wmWw,tension,4,behavior
hgscVnEa9Jg_1,waves,8,physics
hhE3F517e40,wire man,8,profession
hhIHJjxkrt4,centre  front,8,spatial position
hhnc9qkIwVw,on the basis of life cycle,13,medical
hi_YVOlxY8Y_1,ldli,6,foods and drinks
hjLBNqNbuQQ_1,tax property,11,legal
hk2A1bKpvo4_1,drop,6,action
hl1aZKaSZ7I_1,goods retumed,8,utility item
hlRsj56XQh4,stupid,5,abstract
hlWNjgLwXUM,days after tomorrow,9,time
hmPvK4_rpYQ_1,restaurant,6,construction
hnIlCRz665c,this,4,relation
hnwJMWsU8tg,emergency,5,event
hpVSyk3uJQg_1,jailor,7,profession
hpWytkH3Oas_2,air,7,substance
hpY4EHeLGz0,result,3,abstract
hurQiZ-f8WI,soap,4,utility item
hvNcv6oLpaY,noise,4,sound
hx3Ig7Z6Fjs,tortoise,7,flora and fauna
hz69XeQ-OZU,door,8,construction
i-CTcAiWx8Q_1,revolve,7,action
i-SvPceDJYw,google map,9,internet
i-W0fIeF-Fs_1,think,7,action
i-W0qokTIeM,mechanic,7,profession
i-pOirIukIg_1,size,9,quantity
i07VeT58iLA_1,custody,9,legal
i089w0q0af8_1,angry,7,emotion
i0RaT2MIuvY_1,courier,6,transport
i0mxg-Ww97Q_1,wheat,5,foods and drinks
i11LzPy5OPQ,room,5,construction
i1HQutvRGa4_1,cochin,6,geography
i2Uc1LRiYbs_1,queen,6,authority
i4SXWG5euBE_1,camel,6,flora and fauna
i4SoQNXcpik_2,astronomy,14,physics
i4YK5ssItV4,size,5,quantity
i4i1dYe1hDE_1,masquito,6,flora and fauna
i4rgDyw5mc8,applicant,5,human
i51r2vobqyY,promotion,4,organisation
i5D0tObXY54_2,density,6,attribute
i5FfdjLi5IQ,magic,4,abstract
i5dtwGBooaI_1,instruction,7,authority
i63RdVVp__E_1,alive,6,stage
i6snKEGzUUo,funnel  neck,10,instrument
i81W1xO6sBc_1,legal advisor,9,legal
i98p9BicOgI_1,lorry,6,transport
i9_iDJ7f6oU_1,enjoy,6,action
iAKpmP9dGuw,hook and eye,9,utility item
iASooj0B1tY,classification based on season,14,action
iAflHa-dXY8_1,relative,8,relation
iBQVdGzJnoY_1,kill,5,action
iCGVvvNuvLM,home gardens,11,geography
iCZL3lk119A,book,4,readable
iChCDbeSSy8_1,then,7,time
iCxWZbtfqH4_1,recognised,7,action
iEN8nrcP1y8_1,butterfly,6,flora and fauna
iEoyPLi9Lys,plumber,6,profession
iEwyPUtL9s0,scooter,4,transport
iG5hfz3BeJE_1,brass,8,metal and minerals
iGDJKo1-w5k,please,4,action
iKNbZ_6pB5c,thursday,3,time
iLJr7ZAPfLE,dropped  armhole sleeve,13,wearable
iLLV5LaC4e4_2,hydrautic press,9,machine
iLnDUh6SJSo,tonight,4,time
iLrSnUDmfC4,kite,5,sport
iNldnD33t8M_2,month,7,time
iRN0N_yzgE0_1,stick,6,action
iRZbZObhJ9g_2,adhesive,7,substance
iSjUgwEuBLg_1,chappels,6,wearable
iT0YsG0QkbU,future,5,time
iTgS0k5G4HM,confession,12,process
iTkwAlp7t9k_1,scales of pay,8,banking
iURwZntu130_1,increase,6,comparator
iUx2uTIIwjw_1,no due certificate,10,legal
iWPV3pCRN64_1,soul,6,abstract
iWpgiYUT23c,every time,4,time
iXunNKio1wU_1,bed,8,utility item
iZgNcu2HzzE,factory,5,construction
iZmhl0855b8_1,vital,6,attribute
i_zyHcuPs6s,light,4,quantity
iaF0G6EmWk8_1,hanuman,5,religious
iayx3bt-0Rg,open,4,action
ibTYqJp5cJ4,hands,5,biology
icD4b5yxifw_1,rejoinder,8,action
icjDmpATHwE,draw,4,action
icl2XFweTwc_1,photograph,7,miscellaneous object
idmU_oI_TPs_1,king,7,profession
ids6uU-p-lk_1,television,7,electronic and electrical
ie88hOTzHTk,technician,14,profession
if-ioOMit8I,descendant,4,authority
if8EmpcZpQo_1,move,6,process
ifC99YlyRZE_1,poision,6,medical
igW552_dD_o_1,next,5,time
ihytBUA_38Q_1,industry,9,profession
iiWPq-IKhXQ,ridicule,3,behavior
iiYu_W7B91w_2,communication,8,process
ijKFau9K4Rw,proof,4,miscellaneous object
ijMeKPPK14c,standardization,5,process
ijNQOg31iaI,adult,3,stage
ijZEAkDX9Tw_1,wage,8,banking
ijcihspmP_A_1,rat,6,flora and fauna
ik8ITcJ1pTQ_1,hardworking,8,behavior
ikrmT6T1GbE_2,satellites,13,astronomical
ilYT_sRF0UI,soil borne disease,15,medical
inBVDyEiUDk,west,3,spatial position
inCpeFUzkNw,manipur,4,geography
inPHcp6Pz8U,tall ornamental hedges,13,flora and fauna
in_tDYVG__E_1,plant,5,flora and fauna
inqCbpEQ4LM_1,fear,7,emotion
ioEb1Aqyq10,cycling,4,transport
ioph9CGaf2k,model,5,behavior
iqPMR6iPPmU_1,swing,7,action
iqlb1r9YIAc,born,5,stage
ir2j5tb_Dtc,crease,10,metal and minerals
is0vnifQmQE,alarm,5,utility item
isrocVWrxaM,death in service,13,event
itp7CE5KiEQ,scorpion,4,flora and fauna
iu7j255lYQU,telugu,3,language
iuFcgfnMyC0_1,surgeon,6,profession
iuWCFhzXAw4_1,break,5,action
iuYObHCPlVA_1,zoo,6,geography
iwMNKUoHKgY_1,corn,6,foods and drinks
iwNBFzTrAjk,shop,4,action
iwb4_ty2_fY_1,selection grade,9,banking
iyN0Qrmy8F8_1,gold,7,metal and minerals
iyvaYVAqszM,rocket,5,astronomical
izOLXRN3PMs,under stitch,13,quality
izdqbJ_kMkE,tiffin,4,foods and drinks
izjMpJOgofI,reach,5,action
izuX0loa1Oc,size of seed,14,attribute
j-e06h5DMW4,name,3,language
j-qHEAz6J6A,umaid bhawan palace,7,geography
j0FRtPBWKaM_1,rabbit,7,flora and fauna
j0KYjVbQn2k,diseases of animals,8,biology
j0m4en9JPMo,pin,9,utility item
j0xVU_Y5o2s,breast cancer,6,medical
j1LtQ6CcA_4_1,family,9,group
j22q83rv6hg,movement,3,process
j256ZJRmdrk_1,nest,7,flora and fauna
j2M1Yp100ek,share,3,action
j2TJMBMK4tw_1,farmer,6,profession
j3DMG50QBRw_1,reduce,6,action
j3M1eyb-Kjo_1,buddah,6,religious
j3XAVjxZDUA_1,coat,7,wearable
j3tuj3W7MFk_1,bathroom,10,construction
j3zfVQG0Z_o_1,lorry,6,transport
j6JhN79aivA_1,account book,13,banking
j7WkWV09J6k_1,balance opening,10,banking
j8DclxLUXs4_1,sweetlime,6,foods and drinks
jB1wqkujn00,jackfruit,6,foods and drinks
jBmmS3Hm6ik,froage crops,15,foods and drinks
jD6niHPDzhQ_1,wood,7,miscellaneous object
jFdwRqDDa_Q,green bean,6,foods and drinks
jFy2xrByJhE_1,kamataka,6,flora and fauna
jGIwLZTt9ZI,accompany,5,group
jHjd2yzXpdU_2,diode,9,electronic and electrical
jHyubnv9xFk,national anthem,5,sound
jI62F9LgRlI,assam tea gardens,6,geography
jIc74bWBwpw_1,tubelight,8,electronic and electrical
jJe3JfQi_Js,jabot,5,wearable
jKOcleZ9e5Y,plumbing,4,action
jKRoVBBlVDc_1,your,7,relation
jKUC0tUYcIM,browse,10,action
jKw2bzJc-NY_2,light year,9,metric
jLV6SCP_7tA,january,4,time
jLr6GA-anhg,bone,5,medical
jMT-IXiUqYU,unofficial,3,legal
jMWvOjMUjYk_1,interest,7,behavior
jNkdn-cMgAw_1,nail polish,7,utility item
jNqoK6dGDe4_1,accept,6,action
jO4x18b1bfA,homicide,14,action
jOZclErOnvc_1,offence,9,legal
jR_zotBN7O0_1,donkey,7,flora and fauna
jTBahbE4_OY,know,3,action
jTC_PIGT7yU_1,lecturer,7,education
jTQgtnpAMII_1,officiating,7,legal
jTfsjVTVmKg_1,evening,7,time
jTiYeNeaS-s,youth association of the deaf india,3,organisation
jTkey-Xi7Zc_1,sad,7,emotion
jU4EzkHyLHA_1,land,10,geography
jVWOCjBjwfo_2,nuclear energy,14,physics
jWWLAybE8C8_1,sister,12,relation
jXFwSjb4-KU,safe,4,attribute
jXIz2WBz-V8,practice,4,action
jY2sv02MLIs_1,umbrella,8,utility item
jYxKWo87YZg_1,unfit,9,quality
jZ46cqBrg3s,granddaughter,9,relation
jZ4oX1mcxCs_1,self balancing,9,attribute
jZgU5rsfZ4c,university,4,education
jZrzxlOJBSQ,mouse click,9,computer
j_ERp4-Cqbg_1,friday,5,time
j_aqqdcJKls_1,who,5,abstract
jaGiqrGr1y0_1,desert,8,geography
japf1wZMgiQ,new zealand,3,geography
jax7fVU9f8E,shape,3,math
jb7aGNEBsvE_1,tiller,9,banking
jbQ45t-svIc_1,goal,6,abstract
jbWFtVsidmE_1,nominal value,8,banking
jbybGuk6DA8,mainsworn,15,legal
jc2G1aW5DQU,solo,4,abstract
jcvnsL69MMo,range,5,math
jd2L93yHNIg_2,wavegraph,14,physics
jd3nIcR1SAk_1,smile,7,action
jeTLFZIvM10_1,wet,6,attribute
jfjL9Too_gA,patience,3,behavior
jfqgCBnOy3Y_2,non,11,abstract
jhJGHoYO_T4,banner,5,miscellaneous object
jhh83Fo3Hp8_1,instrument,9,instrument
ji3I5Iw0e3Q_1,unemployment,8,stage
jiGFdH-Yz4E_1,mechanic,6,profession
jiOH72jjdnE_1,powder,6,utility item
jk-q6T9ioJw,lower division clerk,4,profession
jk4ehSo6dXQ_1,lassi,6,foods and drinks
jkEN0PmkrDE_1,spanner,7,instrument
jkSBzJW8eFI_1,melt,8,process
jltBhjuviLI_1,hours,7,time
jml-E067HJc_2,quit,6,abstract
jn-vHteHdA0,thrice,5,comparator
jnDhq0g0meA,deadly weapon,15,miscellaneous object
joYn4YE3jFg_2,conservation,8,biology
jp3iGdpZyO4_1,statement,9,legal
jp_IEErEgzQ,dolly,12,action
jrpS8BdYE2g_1,july,6,time
jrqLjBjjrHA_1,tuesday,5,time
jrqzCgrsKbo,kidnapping & abducting,11,action
jrxgxM0Pj7g,superman,4,entertainment
jsM5s7HUAhQ,serial tv,4,entertainment
jsuUHXDlVa0_1,late,6,time
jtZUN6jTcUc_1,bangles,6,wearable
jthDJHPun0I_1,health,8,medical
juL9VaVeWPs,types of vegetable gardening,11,flora and fauna
jvJvFTBSXuw,economics,6,education
jvTF5BY3UI4,pineapple,5,foods and drinks
jvqLDP06WII,put,5,action
jwGZ64BB2pg,switch box,11,electronic and electrical
jwjeDemhdv4,possess,6,action
jwxh6Lo8GrI_2,periscope,13,instrument
jxApN53iXO0,pollution,4,geography
jyg5sxHBh88_1,selective,11,behavior
jzoSaQe5fdU,scent,4,utility item
k-7zsj7-VLg,private gardens,14,construction
k-8lCTgAjGU,jodhpur pants,10,wearable
k-WaxvAgxrU,pharmacist,9,medical
k-cDnMe7pp8_1,account blocked,13,banking
k0jZGXF0xNY_2,energymeter,11,physics
k0oU46NwtCQ_1,bold,6,attribute
k0pUR0HlaNw,small,5,quality
k1DohVb9Ck0,geodetic survey,14,education
k2aBFQ5mXrE_1,old,6,human
k3gjXKD3_XU,drive,7,attribute
k4TV4QwuYNc,chicken mesh,6,biology
k4UEchc9VnM_2,installation,9,banking
k5dRhEhUEQ0,turkey,3,geography
k6iqdvYEj4k,lawyer,5,legal
k6lRQrt3WKo_1,jew,6,religious
k8Gk1M_pWlk,flat belt,14,instrument
k8MRVadUMt4_1,volcano,7,geography
k8gt1UnMkR4_1,temple,7,religious
k96ZQYGYriA,hosticide,14,action
k9C_uq11Ja0,increase,5,comparator
k9oluMAfSqg_2,field,10,physics
kA7ozrVfQjM_2,intermediate,10,stage
kA8JbsFi4dI,embarrass,4,action
kAIC79Ubl_g,bill,4,banking
kBGA6N3xhBo_1,cock,8,flora and fauna
kBaDVYUWeoc,whiteboard,5,utility item
kBahUhpt6H0_1,new moon day,10,event
kCPRwLk0iDk_1,smell,7,sensation
kCUX4h_p3J0_1,beak,7,biology
kCcBWqGQAJk_1,animals,7,flora and fauna
kEMFrD53l6E,king,4,profession
kGNjIYbroko_1,taste,7,sensation
kGa7Bq3pYqQ,racism,4,human
kGacw2buj-A,deafness,3,medical
kHGkRSDn6q8,land,4,geography
kKCEuKZ3lV0,list,4,readable
kKlexawuuCQ_1,social society,9,group
kKwNheqJZ9M_1,brain,7,biology
kKwahC0ZvJM,rockery plants,14,flora and fauna
kLSAkQXXOVs_1,legally protected,10,legal
kMebuYjYjHA_1,premises,7,construction
kN26O2zO-cQ_1,recommendation,6,action
kNozCUWm_iA_2,angle of refraction,10,physics
kO5NaIjjtn0,restrained,3,action
kOGEagUa-XA_1,mud,10,substance
kPF8HIor4D0_1,account margin,14,banking
kPx4MXMIFZI,white,5,abstract
kSNvIZi2cpg_1,basket of currencies,13,banking
kSPgPYgFMfc,coat  dress,12,wearable
kSbesZjIkmo,electrical service,6,organisation
kU3ISrjeygE,elephant,5,flora and fauna
kV7Oo7D26Gw,gandhinagar,3,geography
kVWLNRW6HTw_1,unconditional,8,quality
kWHNVZbueII_1,polish,6,action
kX2zG8GYM_k_1,credit sale,9,banking
kXSOWHHAteo,next month,4,time
kXVms85vYqo_1,promise,6,action
kYDVQir2UDk_2,ratio,8,math
kYNeJvZntNM_1,sofa,7,utility item
kYO_FhDcRXE_1,attorney,11,profession
kYSK3akxd7s,balmacaan,9,wearable
kYgE3-7DngE_1,coal,10,metal and minerals
kYwtY_FCM1c,finish,4,action
kZ6gCAbcJOA_1,tax,9,legal
kZneFf1ONo8,melt,7,process
kZnl4XgNVgU,increase,5,comparator
k_cERknXVoc_1,uniform,6,quantity
k_yOFdGbgeg,mushroom harvesting,8,process
kadMX531Q2A,prefer,5,action
kcHPJA0kPtg,stone,5,metal and minerals
kdMxj-h-rRs,airtel,5,internet
ke1DcSSwifs,days before,10,time
keuFgJr0Bbc_1,knife,6,utility item
kfSr1QvbHZA_1,e-mail,7,internet
kfTE4DFPuN4_1,price,6,banking
kfb__18uzpw,eighteen,5,math
kglFBS70qFM_2,motion,8,physics
kgvFkAx0xbE,stupid,4,abstract
khVBhrXBIEY_1,shirt,7,wearable
khitZin7NWE_1,strong,7,quality
ki-uVp9OioM_1,packing credit,9,banking
kionVevx1ns,repair,11,action
kjF2AUzUKO0,capsicum,4,foods and drinks
kjbYH9I5O4U,how many,4,quantity
kl6t309RsBY,already,4,time
kmxkFZgrfuY,address,3,geography
knDXwoLESEc,sugar,4,foods and drinks
kncWaeUb5Ps,commercial vegetable gardening,9,biology
knmmNX9unM0_1,chew,7,action
ko_3tCyv_Dg,europe,4,geography
kol8vlW0KxE_1,salwar kameez,7,wearable
kpVwMOWsclA_1,deposit safe custody,9,banking
kqBV5yAFq-A_1,bond,8,banking
kqc7eglNJvE,team,3,group
kqm4fF_sp4M,option,5,construction
krcq0GUvMNQ_1,preventive measures,9,action
krnKXV-ct3Q,wealthy,3,attribute
ktkkqkosNMY_1,roam,7,action
kur_a7Q3Abg_1,die,7,stage
kusWSSN4xjI,boss,4,profession
kv9Mw_tuoF0,role,4,action
kvm9DLxYlGo_1,birds,6,flora and fauna
kvs0joxjS98,share,5,action
kwphB-3eDMU,patriotic,7,attribute
kxpgbuVTGlE,should,4,language
kyMdUjCgk_k,octopus,5,flora and fauna
kzVZwbq6m2Y_1,travel,7,action
l0DbNgp0b38_1,resolution,9,action
l0XFIBGJR_g_1,priest,6,profession
l19j_Mrajdc_1,store,7,action
l1xyWyTDKy4_1,essay,7,readable
l2aqBT_Vbyw,rubber stamp,5,utility item
l2ytof4d1r0_1,book,6,readable
l3EHKw-sUDY_1,invalid,8,legal
l3VvC6z1I4U_1,husband,10,relation
l3fZdrppyaI,shawl,4,wearable
l3rjbQ5M6xg_2,concurrent,11,abstract
l47uS7f0ZSI_1,recognise,7,action
l4jwOKcXm4I,new,4,quality
l4sZF-4-a3A,proud,3,attribute
l55s_LMAces_1,hearing,6,sound
l59aZl_Jrto,secret,4,attribute
l6tVKGOn5JU_1,day before,7,time
l74MrarGqOk,time table,5,time
l7GQ-fR-DsA,tea,6,foods and drinks
l7HZNntVoGw,anti virus,7,computer
l7tvPoyzWRI,art,4,entertainment
l87H6gm74b8_2,sick unit,13,banking
l88Gk4kRlBE,reception,4,behavior
l8Aq3ttf3lk,bjp,3,politics
l8lwU4wIOz4,bad,3,quality
l97vwBQOu94_1,kick,7,action
lALvNHxvGDE_1,liquid,6,physics
lAeYniDjTo0_2,reward,7,miscellaneous object
lBaVjlCTfNo,duranta spinosa,7,flora and fauna
lCeMDi4ZRrk,thevetia neriefolia,13,flora and fauna
lDO3r1artKs,weight,4,abstract
lDS2BP2Sias,commercial building,14,construction
lD_M0hAktqU_1,recover,6,action
lDeEBmTDzIY_1,gun,6,machine
lEVfZdtEMkU_1,antartica,10,geography
lF3h9t_N8fA,concept,4,education
lF9KfGNnrdU_1,scent,6,utility item
lFY9NjDYAwg,lassi,5,foods and drinks
lFyE0xYWW7I,drug,4,substance
lGjAsZhyyKc_1,exercise,6,medical
lH6pT7nQb9A,one,4,math
lH8ozqCOz_w_1,clerk,7,profession
lJeijKlq1Qo,ostrich,6,flora and fauna
lJsUQT5Ztv8,toaster,5,electronic and electrical
lKFWhABVO30_1,picture,6,miscellaneous object
lL9bFfJ9t9E,taj mahal,4,construction
lLd__AgPs98,he,3,language
lMQiMzxO_IU,sharpener,5,utility item
lNHaEWqFnZk,horizontal surface,9,spatial position
lOvFBGpn0bQ,district,5,geography
lQOdXN62MXo_1,in,5,spatial position
lQpBuFX4L1I,jamaica,3,geography
lQyrTnOO4XE,instagram,5,internet
lRYgVqrUDl0,sanjay dutt,4,human
lR_1-a9k6wM,papaya,3,foods and drinks
lSPMq5Pdb6I_1,green,8,colour
lSwvLtI69Ls_1,hariyana,7,geography
lSy4VDcINoY_1,trouble,7,stage
lTbpj1XKVWg,dropbox,6,internet
lTzvesFWOYI,divorcee,7,legal
lV1k10LuRGk,knowledge,4,abstract
lW8hheG6HgY,from,5,language
lWnmHMNS06E,more,4,quantity
lY5wzI7a5CE,welder,7,profession
lYS6WVGPAWo,calendar,5,time
lYadClPZWkY,asphalt concrete,7,construction
lZ0zU9cHrbM_1,angle,10,math
lZFvkSf9kS8_1,pamphlet,10,utility item
lZi4g6ZWBro,yak,6,flora and fauna
lZlKIjW-0HU,assault,12,behavior
lZnF8-wpBKg_1,fish,6,foods and drinks
lZt6lnBA9Gc,level,4,abstract
l_FTpIhhBg8,clutch lever,10,machine
l_QL6DBEeFk,eight,4,math
l_iVlaZg-so,glass,4,substance
l_q1yjr1iz8_1,tax exemption,11,legal
l_yU-eg4lHM_1,measles,6,biology
lc1lDSduLXk_2,property public,12,banking
lcw-m4_hZUY_2,celsius,9,metric
ldU7z0-dE4k_1,judgement,10,action
ldZ8V0CmBu4_1,hotel,6,construction
ldoR2f3W4co,motorcycle,6,transport
lg8a0VGcHKQ,panel door,9,utility item
lggh2K7490s,symptoms of nematode diseases of plants,15,biology
lhRSYduQK60,bike oil filter,15,instrument
lkC12LzjKzU_1,area,6,geography
lkXLuq4RHCc,three days before,3,time
llB8wpBo7O0_1,take home pay,11,action
lmHzZtmO_30_1,society co,11,group
lmJjVrDDXiQ,cummerband,6,wearable
lnZbgS3LNog_1,hypothecated,13,commerce
lnjKJelSCnI_1,over writing,10,action
lo-tct1Ryrc,smell,5,sensation
loVv4NlyfvQ,systemic disease,14,medical
lpFt9c1GueI,gold,13,metal and minerals
lpwbRVY9-vY,bonus,6,abstract
lqPqubp-3IE,inspire,9,action
lquuC45v24M,golden temple,5,religious
lr-4dzTcjB8,engine,11,machine
lrvP6pB8--A_2,refund,6,banking
lsaavtEzqKs_1,dirty,6,quality
lsp2o-yBY10,brazil,3,geography
lt-sitx_nUU_1,ant,6,flora and fauna
ltKW64fB3VU_1,cat,7,flora and fauna
ltR5hdlEzjQ_1,animals,7,flora and fauna
ltVnbI_MWDg,ministry of social justice and empowerment,5,authority
lto2iIwYuOw,clever,6,behavior
lts3gE45zV4,independence day,5,event
lub1H0EZwws_2,requirement,7,abstract
lxP9Dga73Rw_1,transcription,7,banking
lypZOubhfds,link,4,relation
lyx-vjcl6KA_1,leather,8,substance
lz2BCCFiYmQ,comb,5,utility item
lzCeQ6VI2zU,pear,4,foods and drinks
lzTXlugHZCg_1,between,7,spatial position
lzUMKuDPzls,child abuse,13,legal
m-B9NoejhTg_2,bill of exchange,11,banking
m-YncUJ0SpA,often,4,time
m0gLC72xKDs,rail section,15,transport
m105B5k5IYY_1,kannada,7,language
m1LyTLlhmvA,tease,6,behavior
m3AFwuIwkiQ_2,solar eclipse,9,astronomical
m40rLzSro7M_1,annual,9,time
m4NUhzj-l70,parrot,4,flora and fauna
m4UTGWK32d4,next,5,time
m4fQZijBvjo,why,3,abstract
m4ogvwOrsZc_1,retain,8,action
m4qwdzErX5g_2,control,7,action
m5IBE8Ozm_0_1,flower,6,flora and fauna
m5OgF_1NIBU,vibrant image,14,quality
m6Uby73Tg3s,six,4,quantity
m6s5zgf0gpI_2,compound microscope,9,biology
m745tmPqMgI,hoe,3,instrument
m7F7GzaBG7s,underhand,10,action
m7cfsP8_omM_1,mother,8,relation
m7q4oQRNQPQ_1,stove,7,utility item
m7zujfKvM9Y,pen,4,utility item
m8MBKbGzY6s_1,diseases,9,biology
m8c-LCkr39Y,resolve,4,behavior
m95rHmULP1k_1,guard,7,profession
m9lpyg8UEMU,telangana,5,geography
mDQmu9H4-e8,extrahepatic,10,medical
mDef1KqeBTw,gate,5,construction
mE9xzpyh5GM_1,scribe,9,human
mEKieyopxsc,stay,4,action
mEhGf6FP0Jo,russia,5,geography
mFfYVeyQOWA_2,verification,8,legal
mGWaaXCKdx4_1,resources,10,abstract
mHIxXjMGN8c_1,blood pressure,8,medical
mIun6SVIyEA,anonymous complaint,11,readable
mJz4mKTtt64,cheap,4,attribute
mKT_yIIVqbA_1,on demand,9,banking
mKjjkYe1ZSg_1,tortoise,6,flora and fauna
mKxgmzevEio,birds,5,flora and fauna
mL4_qchOSsM_1,gas stove,8,instrument
mLANykny44w,ukraine,3,geography
mLirLDw62Dk_1,restricted,7,action
mNf1uFIbIfI_1,bhangada,6,entertainment
mOkpsL3dtYU_1,decline,12,comparator
mP9BH-ZabQk_1,gujarati,6,geography
mPEgUoTSEoY_1,ourselves,7,relation
mPZ37Qlg4B8,when,3,abstract
mPyRIGEieXo_1,some,6,quantity
mQPmk_qj6wM_1,risk,6,abstract
mRmOZEKXSFQ_1,jackfruit,7,foods and drinks
mRodiqQBduE,bitter gourd,4,foods and drinks
mTuXlaWeVf8,optical character recognition,12,electronic and electrical
mUeSvl1T5Sk,ghana,3,geography
mUes7TvTZ0Y,catch,4,action
mUhcz7RyFqI_1,peak,9,spatial position
mWBceiU6iR4_1,quran,6,religious
mWHH9UopPFs,mi xiaomi,6,electronic and electrical
mY5LdfQ0sjQ,second,4,math
mZ8Tmp9I2Is,cock erels,11,flora and fauna
mZPhzM2sh0E_1,faith,6,abstract
m_jv0J-ORnQ_1,sunday,5,time
m_rnnhVnHZo_2,experiment,8,process
maf-Qj8EavI_1,agenda,10,process
md3sDbLwP_I,czech republic,4,geography
mdghSfzgn_w,okay,5,gesture
mdv4f8f7JpQ_2,hot,6,sensation
meGXyGsCWhs,season,7,time
mfoG6eiYkuA_1,busy,6,behavior
mgVaDE2i02s_1,engine,8,machine
mh7hK_GB1yQ,paneer,4,foods and drinks
mhO9nuyQ28I,merge,6,action
migHEZ8zuh0_1,candle,8,utility item
mikGymYxces_1,sewing machine,7,instrument
mjwekhNRLbY,shaving razor,6,utility item
mkXoxeaRCRc,triple,4,quantity
mkgTT7rVBAQ_1,thumb impression,11,language
mkl9CmVJ2tM_1,subsidy,8,legal
mmXQw0IktO0_1,good,7,quality
mn1F8ifBfE8_1,cap,6,wearable
mn1rYKlKYt4_2,milligram,9,metric
mnZrhrQqNQk,peacock,4,flora and fauna
mnswyczu_t4_1,easter,8,religious
mny-_WVQmTM_1,newspaper,7,readable
mpugTirtE4Q_1,exercise,6,medical
mq9WIJ0BxY8,forest,5,geography
msAFTkGIkKY,dehradun,4,geography
msFZgjGHhCw_1,facsimile signature,8,legal
mty6yED1PpI_2,projector,7,instrument
muFgzetIJP4,sea,5,geography
mw6GHL7CsJw_1,son,11,relation
mwUQPlBBZgE,stop,4,stage
myELYk-m-cI_1,toes,9,biology
mySSsdvhhZI_1,despatch,10,action
mztpaGS8lno_1,sugarcane,7,foods and drinks
n-1noAwKg1w,economics,4,education
n-oYLZ4V2ZY_1,possible,6,attribute
n0NXSLz7Skk,wrong,4,comparator
n0ixnjHqfAU,accept,4,action
n162JtquPPo,chicks,12,flora and fauna
n2XiOTb_y0E,shell top,10,attribute
n2Yyy3BkMjk,ginger,5,foods and drinks
n4ITD16-c9Q,kochi,6,geography
n5UUf4qS9vo,tall protective hedges,13,flora and fauna
n7Ikc1zpm-o,cylinder,5,utility item
n7sdyYH_Vss,people,7,group
n8CdU-tQIX4,roof,6,construction
n9F3-JF1Dug,blouse,4,wearable
nBXHnSz4pYc_1,compass,7,instrument
nBnJhuCSZxY,compare,4,process
nBp-9HnOvow_1,anklets,7,wearable
nC0-4IBpIe0_1,mirror,7,physics
nDjjCfmeT28_1,put,6,action
nEoBtV3LSLw,shallow,5,attribute
nGBnt1hkNA4,chain drive,14,instrument
nGYNwYqr4iM_1,extra,8,quantity
nGiuyZ9jIds,fourteen,4,math
nGk01dUfQo0,buffalo,5,flora and fauna
nH3nl9uTYc8_1,expensive,7,attribute
nH5V7jQYZfU_1,feed,6,action
nHEWuB2F5O4_2,loan terminable,9,banking
nHdz1IK9ydw,weak,4,quality
nHoSIUvNUhA,embryonic development,15,biology
nIBj-sIAi3s,sleep,4,action
nIYd_DTmgOA,diabetes,5,medical
nIw0e8QMIko,rock,5,miscellaneous object
nLRgpHuC0fQ_1,cholera,6,medical
nN5836JqV6o,twin,4,biology
nOfYw4qFT98_1,calm,8,emotion
nOqqumlcVYU_1,shine,6,attribute
nPFOofWkMZc,tall shrubs,6,flora and fauna
nPejilWVcLU,state,4,geography
nQhm9tWvaog,german measles rubella,5,biology
nR0rTKA9Ldo_1,action,10,action
nRHDYOP78eE,spectacles,4,wearable
nReXFWHGPdg,soup,4,foods and drinks
nS1xo_n5_sQ_1,you,7,relation
nS5mLcPFpnk_1,strong,7,quality
nS9YfFqJct0_2,angle,7,math
nSEzV5TYaZk,milling cutter angle,9,instrument
nT_QwhsDXR0,prescription,5,medical
nU2c599HQUM_1,cake,6,foods and drinks
nVGUO-aBw6o,remove,3,action
nWsRyI0iqEQ,lift,4,transport
nX8FJ8qjPuQ_1,candle,8,utility item
nYQJc4FIONc_1,patience,7,behavior
nYq64foD8OE_1,scent,6,utility item
nZC6NXo3SAc,truck,5,transport
nZPix7hmbDc_1,chest,7,biology
nZQgs84-71M_1,sunday,5,time
nZXIuMlpqs8_1,temporary,6,abstract
nZp9HgnRg2Q_1,compate,6,process
n_8B2_ChR7I,lamp,5,electronic and electrical
n_ZH6USjaMM_1,unlimited,6,quantity
na-Lq61BD80_1,agree,5,action
nbGClOPWFAs,label,3,action
nbGetUh9P74_1,about,6,spatial position
nbJBh7lzl30,taxi,5,transport
nbVI64uJFks,kannada,7,language
ncAPREMR3JA,dvd,6,computer
ncRjrgTmEho_1,trade,8,commerce
ndCTFD1P_qo,balloon,4,utility item
ndTLR5u4IKc,autocracy,15,authority
ndh4le8xfHY_1,practise,7,action
ne5dJi6f9aQ,permanent,4,attribute
nejz8c9gkFE_2,south poie,11,geography
ngk26A8JXKk,besom pocket,7,wearable
nhLcG0rMU7c_1,lawyer,6,legal
nhi8hvvKDe0_1,survivorship,10,stage
nhlsBwo95ms_1,sri lanka,6,geography
nkox-ajvLnc,lift,4,transport
nmC9PhWItts,recharge,6,banking
nnnPWu4bf60_2,galaxy,12,astronomical
nnpCEu2kzrs_1,mosquito,5,flora and fauna
npDGGJ0M-wc_1,ledger,11,banking
npkVQCEbeeM_1,kill,5,action
nqBsZsXrUk0_1,holder,10,instrument
nqH15OqXPnI,winner,12,human
nqN1KzFQ-nk,scalpel,15,instrument
nru9lQCilqs_1,questionnaire,7,utility item
nsIYX21oO_M_1,divide,6,action
nsmhWfsLTLc_1,unpaid,7,banking
nt0_JZPdo-Y,fish as a food of cattle,7,foods and drinks
nt6YlBv1Qv0,scotland,3,geography
ntsopMo8ABU,battered child syndrome,10,medical
nuTB6o4EeUU_1,symbol,10,language
nuVE-pwIDNM,time,4,time
nuYcIMq8e5U,apple,4,flora and fauna
nur8ELm8QV4,rocking chair,5,utility item
nv_OhAg7zNE_1,office bearer,9,profession
nvofZFSfV1w_1,table,7,utility item
nweVa6JYyYw,very,4,quantity
ny7-NbuyCuY,toggle button,11,computer
nyjlcCkgQVI_1,leprosy,6,biology
o-H6UeceSts,circuit breaker,9,physics
o-Y-aBPo_xw,armenia,4,geography
o1HHyNHRKaw_1,repay,7,banking
o1T_M9vuDr8_1,gloves,6,wearable
o1TtSAj8-oc_1,balloon,6,utility item
o2drDly41iw_2,centripetal,14,physics
o34Uvfsrpy0,servant,14,profession
o3ThFwDDdso,neck,4,biology
o3UvzZTcMqY,medium shrubs,8,flora and fauna
o3Yqyk3bfXE,snow,5,weather
o4AfySvjYxo_1,kurta,6,wearable
o4GtA7kt0xc_1,floppy,7,computer
o4zm0Ga1olU_1,self explanatory,9,attribute
o610N3lN8Zo,konark sun temple,7,geography
o68UYF2jW_o,handpump water,5,substance
o6HO3Gv3-HI_1,year,5,time
o7TVosWSogI,abstract,13,abstract
o7f9Ny0BfQU,artesian well,9,geography
o81WOSZDrs4_1,tortoise,6,flora and fauna
o90151UDeTo_1,prescribe,8,action
o95thycjZd0,transfer fee,8,commerce
o9vIJZ9h9dQ,bullet train,6,transport
oA3QZPn2m1k,duck,5,flora and fauna
oAbVUktjGi0_1,thick,7,quality
oAhY6BKcbG0,study,4,action
oBQfG6EUQEM_1,watch,8,action
oBlFP8OmGmI_1,harvest,6,flora and fauna
oClte_ZOU3o,html tag,13,internet
oCv7HT967Zc,air matress,12,utility item
oDkQtwBcNJE,tom and jerry,7,entertainment
oEb4cNh9cng,israel,5,geography
oH1yvkXOQ6w,gram,7,metric
oH5IJ53C4Nk,dengue,5,medical
oJUjrqXkdjs,add,5,math
oK0JcoPqnuY,namaste,4,greeting
oKJinRbyd5c,safety helmet,8,wearable
oKZLgXGojzE_1,stock opening,9,banking
oL5-8eYbp3I,rally,6,event
oLG6MTeNo2k_1,become,6,action
oLKRnSnr58c,rarely,7,attribute
oLYzn3tvSWQ_1,promisory note,8,banking
oMptigXjs8w,year,4,time
oMrL9S8VGJ0_1,frog,7,flora and fauna
oNLS4rBETd8,bharatiya janata party,4,politics
oNRtJ5PQ4NU,emergency medical technician,7,profession
oNnwv2EUUOQ,pakistan,5,geography
oPV8jV_SqGM_1,scissors,5,utility item
oPedYyqevCM,natural,6,biology
oPypd7lSD84_1,per pro,8,legal
oQ5MXCEEm7M_1,glass,7,substance
oQNOHd5JtqA,funeral cremation,11,event
oQZt_Mg6WFQ,sp,4,politics
oQhxACPhL1k,buffet,7,foods and drinks
oRJn3LprR4U,bowler,4,sport
oROlXdZN6pA_1,feather,6,flora and fauna
oRWZCnGJmjY_1,beans,6,foods and drinks
oRbyb-naKkE_1,far,6,spatial position
oRcnRJ4g8GY,icici bank,6,organisation
oSG1xo9mKto,ad infinitum,7,quantity
oSXFhrjLVAI,quickly,4,time
oSjumbZ6yhI,alkali soil,12,metal and minerals
oUGGkzVjF3A_1,bath,6,action
oUcoHPxXsbA,ice hockey,3,sport
oUq6eVq85sU_1,kilogram,6,metric
oWCU9EhTFuY_2,irregular vibration,10,physics
oX-Mo3au4eY,international,5,geography
oXDA73D5WAM,try,4,action
oY37vXA7tXk,problem,4,abstract
oYPDwA6rGqc_1,conversion,9,action
oYwBPKBX2kE,mouth,6,biology
oZ2YUZsC7hA_2,high resistance,13,electronic and electrical
oZ6x75IBNj8,programme,5,event
oZGsu4mt2e4_2,automobiles,8,transport
oZjgBn_Aml4_1,par - below,10,comparator
o_Dvm4U4sLo,make,5,action
o_ThmWoMwYM_2,improvement,9,time
oa5xViQgdGc_1,sick,6,medical
oaBVfRn6GPA_1,chapter,6,education
ocJHUZkUA1E_2,degree,8,education
odwu59KYHWk_1,thermometer,7,miscellaneous object
oeH2BtfiHVI,fruits,5,foods and drinks
ofZ6Jo2XUn8,kathakali,6,event
ogn8OCqqQ7k,confess,6,process
ogoYx2zZE7E,needle,7,utility item
oh90rIHoAuQ_1,morning,7,time
ohjswsB3XdQ,batman,5,entertainment
oizhgT9YG74,motherboard,14,electronic and electrical
oj-FbF4iU5M_2,negative,6,math
ojCn0dDr1m0,rock climbing gujarat,9,sport
ojf8g4q0xvU_1,actual,9,abstract
ok8DLBVJmKU_1,chief minister,7,authority
oksjclh3Z3M,out of work,4,event
omEpmBorZUg_1,non legal,8,legal
omcdxRmGHMM,lapel,11,wearable
onUK6-vwi1s_1,doubt,6,attribute
onsdyXAWNqY,violin,5,instrument
oo5qLRI1lmM_1,mumbai,6,geography
ooGQLLL-8RQ,experiment,7,process
opvfqSmc3TM_1,fund,7,banking
oqQZVkOsNh8,metre,5,metric
oqq2I0ePK3Y,initiative,8,behavior
osKMM2nRMaI,passion,6,emotion
osLBI6ox7EE,nervous,4,emotion
otXF356rVzQ,bell,5,miscellaneous object
ouQmvo795rE,four,5,math
oumchDY1yqs_1,post office,6,construction
ouqUEVpF0v4,guide,6,utility item
ov-SGBORI6Y,disrespect,5,behavior
p-TiL6oWEbA_1,often,6,time
p0IHOoCCGNU,carpenter,6,profession
p10Dt-78muM_1,energetic,6,attribute
p1cUjAAJGtc_1,treasury,8,miscellaneous object
p2fONcgegyM_1,account minor,13,banking
p2tLsgPiaWw,iran,4,geography
p2tdvIBIU0c_1,dhobi,6,profession
p5Fbfjwa6lo_2,watt,11,metric
p5sMB8Y4p7A_2,individual,7,quantity
p6Br14ZTsZI,cream,8,utility item
p7L6g9YzTVU,thermometer,4,miscellaneous object
p7oldq2vCto_1,enclosure,9,banking
p8-zJttOAKc_1,toilet,6,construction
p8R2zU16-xI_1,thursday,6,time
p8RRLvEnKIY_2,relief,6,action
p8ccKTtbyaQ,duck,6,flora and fauna
p9SdpeHMkZ0,happy,3,emotion
p9bBKmmXvkY,calculator,4,math
p9iMjaFLMsc_2,battery,8,physics
pAo8Zc96Tu8,shield,5,miscellaneous object
pAtADV-ujaQ,forever,4,time
pBeRmN-a5lU,shawl,4,wearable
pC0Qg1SBVs4_1,unit,6,metric
pCBCoT-2Bb4,murder,3,action
pCOcHCIK5rc_1,renewal,7,action
pD08WIZUULQ_1,chappels,6,wearable
pDANep6oMko_1,sugar,5,foods and drinks
pDoqBNI1OyY,hidden file,12,utility item
pEM47kqgTEc,asbestos,7,substance
pEdQoefPlaI_1,exchange foreign,11,banking
pFUbKCb5m0I,nice,4,quality
pFhX9i2XDVY_1,trust,7,emotion
pFvqiGdzRH4_1,encourage,6,action
pFwwq-q_VTk,make a long story short,4,process
pG0n_OYfyQ4_1,figure,8,instrument
pHKwOx-oGic,nagpur,5,geography
pHgHQOTWz-U,numerous,4,math
pIdeeOdo8pw_1,cook,7,foods and drinks
pJZsB91xhWE_1,receiver,6,human
pJi25JN7TwU_1,clean bill,10,banking
pJpVzk9brGM,rude,4,attribute
pKXztoHJJLg_1,thorn,6,miscellaneous object
pKb4DHICBuo,happen,4,time
pMUP28lpEtI,grow,6,time
pNIc3-tZCr8,this,5,relation
pNiWeRZM59o,document,5,readable
pOrhwbKtrns,policy,5,legal
pPNhLjhDOcs_1,night,6,time
pQ0xpEJDynQ_1,protest,6,event
pQlSVEXVTg0_1,judicial,7,legal
pRJFwOmmjPE,mushroom,4,foods and drinks
pTbDCcIMvpM,record video,4,action
pU-6WzNOsuc,tolerate,5,behavior
pUUQ1UG90rU,tight tracking,13,action
pUe8744GO0Y_1,licence,10,legal
pUfkesVaSYc,woven,6,attribute
pVFFflkBVio,guitar,5,sound
pWdhIAVSNh4_1,pig,7,flora and fauna
pWeJhQGITxI_1,children,8,stage
pXODwFAlZUg_1,to,6,process
pYCXAIysO5Y,record,5,action
pYNE4dYeRKk_1,yellow,9,attribute
pZ3sCNXcd_8,web camera,8,internet
p___W5DGZYM,pronoun,5,language
p_jV4LqTBws,taste,5,sensation
p_jiAp79UAM_1,silk,8,wearable
pcIRZ8YeSwY,google pay,4,internet
pcL8I0LkHiI_1,oriya,7,language
pcMAg0w93W0,mobile,4,electronic and electrical
pcszWYZUdr4,audience,6,group
pcz5j3TcyEs_1,brother,13,relation
pdCmQ4U7C7c,wedding reception,5,event
ped2hI_0Lu4_1,cooperate,7,action
pgB67M7B9RY,gprs,9,internet
pgg0OdGUi9Q_2,kaleidoscope,11,instrument
ph86UNnfHM4_1,general ladger,8,banking
phWVA0eK_x8_1,now,7,time
pi2WpXIFSN8_1,spot price,8,commerce
pi57mKwYBNQ,make,4,action
pjwWOqfb8JQ_1,practise,7,action
pkfSN1ufC0c_1,appointment,10,action
pl4fBwS1VKA,raipur,4,geography
pmZTgjnADhQ,peon,6,profession
poWZ8sd_wfk_1,grass,6,flora and fauna
pobP84igDt4,fresh,4,quality
podfgBVY9ak,wife,5,relation
pp-VaOe9Aek_1,day book,10,banking
pqdymDbWmpM_1,stingy,7,attribute
pr_5nYeLFKc_2,bio energy,8,biology
prb13TWFfLY,rationale,4,abstract
prejlBZJFWo,typist,5,profession
przV2cLTG_4,conference,5,group
ptxxnMh-dvg,ms powerpoint,5,computer
pu9ff2Xvfy4,dhobi,7,profession
puQHunAHML8,advantage,3,metric
pvCPTa5YUSQ,united states of america,4,geography
pwGHjBM_o0A,zero,4,quantity
pwh-LfRLloM_1,feel,6,sensation
pwmFabvAS3k,before,4,spatial position
pxDoKJd--Wk_1,drawer,9,construction
pxP6gH5pazw,beautiful,5,attribute
pxQQZrTl_S0_1,turnout,8,banking
pxjiTt5uiQo,twin,4,biology
pxlwsuM4GeY_1,them,5,relation
pyrA60I4x5k,washroom,5,construction
pyuu4e4fioE_1,on probation,9,legal
pz-WdE_67TE,assailant,12,abstract
q0FzWxQ3D8k_1,rock,7,miscellaneous object
q0NQtFrQljs,take hours at something,5,action
q0tH9vIYWNU,poison,6,medical
q2wNudHNr3Q,open belt drive,10,machine
q3r_Y_arWCY_1,sentence,6,language
q4UZa51yFUA_1,sister,11,relation
q4cpBqay1qI_1,advantage,9,metric
q5h35OmM1Zc_1,share preference,9,banking
q6RWNvLf2kA,thunder,7,weather
q79Rs300DoY_1,doll,6,miscellaneous object
q8GJtbifW80_2,escape,9,action
q8YYLFkGEwI_1,trade discount,9,commerce
q8nqvTW4ZBE,deep rooted,13,emotion
q97fAwh2-aM,rate,5,banking
qB4HOTYT1VA,exotic sheep,15,flora and fauna
qBNL8tfKk_8_1,her,6,language
qBsdlxgyHU4_1,cunning,6,behavior
qCoHkpGP5CA,uruguay,4,geography
qFOJk1w7PIs_1,visitor,5,human
qFfaDK70Jvc,decide,4,action
qGXvLJud7iE_2,hexadecimal,10,metric
qIEr10Hg_Hw_1,bad,7,quality
qIRaIAMh3Nk_1,peas,7,foods and drinks
qIYgR-Dvb6I_1,bullock cart,6,transport
qI_HL9U9_UE,adoptive child,7,relation
qJ25qL-gfX8,ways,3,process
qKEIXeVwCB4_1,west bengal,7,geography
qL6nqL53Z0g,autocracy,7,authority
qLAU7iI1Cfs,developmental delay,10,legal
qMD3sfogugU,unemployed,4,comparator
qMDStZsjwX0,velcro,8,wearable
qMGPlkkXdek_1,angry,6,emotion
qNUrBAQsL5s_1,working hours,7,time
qNWz7DPyrnU,select,4,action
qN_4AbN4yS8_1,plug,6,electronic and electrical
qP3z3jT3ENc,blurring,14,action
qR9b5ntUm50,non infectious disease,14,biology
qRqxwR1617A,attendance record,12,readable
qSD4IBK27Zg,toenail,6,biology
qSuPoYq-8lc,smallpox,5,medical
qTKpCqiDQZI,tata car,5,transport
qTqWjy6FgNE_1,white,8,abstract
qUIXw4OObjQ_1,curry,6,foods and drinks
qW80XrM1yWQ,mall,4,geography
qWzBMXkJ-DM,nomographer,13,legal
qXPZr651bTY_1,talk,11,action
qXV1KRvMA-Y,approve,3,action
qYk4iw7qgmc,affirm,4,action
q_0AgxMXZkU_1,area,11,geography
q_HxcWofEZU,allergy,5,medical
qa59arBbolM_1,retum outward,10,action
qbITjeyEq14,national anthem,5,sound
qbqRDmqdD3o_1,sell,6,action
qfxkW7YYQTU,abrasive,14,substance
qgH8zxbIQr4_1,banaras,6,geography
qh52MLe84Fw_1,acceptance,10,abstract
qhy4d9BzMIw_1,stamp,6,utility item
qiK-4WwmTNg,island,7,geography
qiTht8WDOvI_1,lick,7,action
qjRRaPtsqf4,know your customer kyc form,8,action
qjgThWSsOVk_1,monday,6,time
qjlkVQxsQJg_1,disabled,10,biology
qjnZDMjWiuk,weight,6,abstract
qkl0Ad2_chc_1,ant,6,flora and fauna
qksJ3uwtD1o_1,employment,10,banking
qkzrIpdfelI_2,uitrasonic,10,physics
qlTFEkGXr7Q_1,anklets,7,wearable
qm7nogtX_GY,zip,4,utility item
qmOaTqw3WQY,projector,4,instrument
qnlNXXR-M7c_2,kinetic energy,11,physics
qoGtYKREfLY,maha shivaratri,5,event
qoMWB2o9jfE,hair dryer,6,utility item
qoU45G2WmsE,wear,4,action
qouHxEWVK2w_2,generator,10,electronic and electrical
qp4Sw-QAMD4,permit,4,action
qpNvq1zrIuc,transparent,6,attribute
qpeSv7MX-z0_1,pass,7,abstract
qpynNeUIkM4,waiting room,9,construction
qr6GWRK8STs_1,information,6,legal
qrAKx_t3qYk,low lying area,10,geography
qrQAkUxy0KE_2,rotational,8,physics
qriQ0SvqUq0,volcano,6,geography
qrkzRim1Qc0,past,3,time
qsLUWtIB5eM_1,burglar,9,human
qtblK4nxVok_1,their,6,relation
qtmO-0Fsjz8_1,mute,7,sound
qu0RevE96ac,remove,4,action
qvpipwu40zk_1,moon,9,astronomical
qw9d-nRDzKM_1,tuesday,5,time
qweRHfBQxEg,pista,8,foods and drinks
r-FVBdwV9VI,indent,13,attribute
r-HB7BtP1JM_2,neptune,10,astronomical
r-Og6CaFJUA,metro,4,transport
r15J1z-vQIM,rabindranath tagore,6,human
r2UtCMULRmI_2,import,7,transport
r2cxiOVBhpE_1,belief,7,abstract
r2tTgaCMDWo_1,handicapped,7,biology
r3EgB2AGF3s_1,yellow,10,attribute
r3H0vo7q6qY,myself,4,language
r3HsR87-sN8,blame,4,action
r3MqV1WicvY_1,regularisation,7,math
r3XLYw0EMlg_1,third party,9,comparator
r4n7uVq_LzU,ladder,5,transport
r4sVEIO1jZE_1,pour,5,action
r5N3Xy-KNAU,music,4,sound
r607N-5gkHs,iron,4,metal and minerals
r644w1okl48_1,mile,7,metric
r777eDg0fX0_1,ram,5,religious
r7Po-epk8iY,head pan,4,utility item
r7T0UqigDqg,fish food,10,foods and drinks
r7VLa40tjvM,area,4,geography
r8-q53AmmMg,extinct,4,biology
r83lka7D8KM_2,filament,11,substance
r8ySf1Ql93Q_1,ask,7,action
r99WfHTRr2A,think,4,action
r9DiSHym81k,tired,5,sensation
r9JwYFol1EM_1,story,7,readable
r9Lc4qHj-cg_1,overdraft,8,banking
r9QQ0jQ64IQ_1,dog,6,flora and fauna
r9XwyFRQsqY,saprophyte of plants,13,flora and fauna
rAUcd8-2e3Y,temple,4,religious
rBD74wqvKeI_1,chalk,6,utility item
rBPJARGhPNg,poultry mash,7,flora and fauna
rBRJw6gUMHM_1,circle,10,math
rBi-dpJFZuA,prize,4,miscellaneous object
rC5QdAVnv0I,paratha,5,foods and drinks
rCfYRtWfYVA,wine,4,foods and drinks
rD5-gbf9Gzg,steam tractor,15,transport
rD5QxDhHIxw_1,saw,6,instrument
rEBOoE50Ghw_1,under consideration,7,legal
rEtGA49vlaU,brain stem glioma,12,medical
rFC_zjBmNw8_1,statistics,10,math
rFFoZPPKsC8,streaming,15,action
rFkWotSdjdk,ms word,10,computer
rFlXpH9WCf8_1,expiry,9,banking
rGn67Xxthrk_1,lemon,7,foods and drinks
rGwK-HsdDk0_1,leaf,6,flora and fauna
rJOGOpWkH6U_1,socks,7,wearable
rJVe-aaYlKw_2,north pole,13,geography
rJbc69qxPDA,colour,3,colour
rJjNfXvVaaY_2,accurate,6,metric
rK412FrGOxY,network,4,internet
rKDZTG2rFPs,capital,4,legal
rKzMbfGElSE_1,straight forward,8,attribute
rLgfWU1DpbY_1,day after,6,time
rN9rKeJZmqI,ranchi,4,geography
rNvWUflStQQ,retire,4,action
rNyD10XoXcU_2,centimetre,10,metric
rOZhirQPdr4,tool belt,13,wearable
rOcFkQzLhLQ_1,brother,11,relation
rOjimhh-dqE_1,amalgamation,8,commerce
rOonVQYaM-A_1,passive debt,10,banking
rP-VqYz6Lyk_1,account holder,13,banking
rQ4mnndh8wk_1,beautiful,7,attribute
rQkxqEgXEYQ,include,5,action
rRVnNmQOR-I,calendar,5,time
rSeg8yH3Lgg_1,task wage,11,legal
rU5LeIE7tmM_1,leprosy,6,biology
rUXhFDo3Bv0,smart,5,attribute
rUZD2TQcbvI,knurling,7,process
rVBNDX51--w,stock chart,14,banking
rVEOXcTj1NU,evil,4,quality
rW8bfuuzfgI,next week,4,time
rWCFmpbmMPw_1,schematic,11,attribute
rWM6kOxTTIo,social,5,behavior
rY6VvljDcc0,scratch,5,action
rYTt2LuzVhw_1,man,10,human
rYwhWesDH9k_1,cone,9,miscellaneous object
rZnNOW47uNk_1,trustworthiness,7,attribute
r_tsg9162uc_1,dishonoured bill,9,banking
r_xF77i3RGw,victory,4,event
raF-yOcZpkk,shaving blade,4,utility item
rayOhAZhd2k,night,3,time
rbXizQI1XOM,shrubs,14,flora and fauna
rbdcr9AQtrE_1,discretionary limit,10,banking
rbu6XJFG-uI,livelihood,4,abstract
rbw7n0D0KGE_1,comb,8,utility item
rc7GRaEyQHQ,washing machine,5,electronic and electrical
rd2t-M0o7Ds_1,crayons,11,utility item
rdW1Snzd9cs,deceive,6,action
rduuYRHkDtw_2,second,9,math
rfTcUTbx4ZU,housing,10,banking
rgk8cmr4El4_1,tongue,7,biology
rhbOs1NZYRM,stags,13,flora and fauna
ri8j2L0zG9c,bolt,12,instrument
rihHzABTIPg,drawer,5,construction
rj0GN2scIsU,under,4,spatial position
rjAoqYLMHrI_1,verdict,7,legal
rjZmgbqdoRQ,assassination,15,event
rlMareW0lTU,projector,4,instrument
rmgyo8yyqfo,ticket,5,miscellaneous object
rn-sFXA7utE,sandwich,7,foods and drinks
rn4NJPtL1m8,up,3,spatial position
rnK5ck1th4Q_2,lens,8,physics
rpMNq0nFlUQ,approve,3,action
rrgx0TM2nfc_1,enquiry,8,banking
rrjpij1UdL0,condom,4,substance
rrqJccrO4vo_1,admissible,10,quality
rs7TTTwmbBo_1,grain,6,foods and drinks
rsDIotNeFsM_1,spoon,6,utility item
rsKBWd7j4n4_1,rose,7,flora and fauna
rskg3zep4Gs,mahavir,4,behavior
rt9BRaQYqkg,sleepwalker,14,human
ru9ZDRu566k,frisbee,6,sport
ruGnpxVL54k_1,right,6,spatial position
ruOCbes6zaM,minute,12,time
rufhjKU3UII,chandigarh,4,geography
runWN1EzmEE,wall,5,construction
rvAlXnalbqU_1,advise,5,action
rvOBl50SewA_1,estimate,7,banking
rvZ_e5KC2Mw_1,meter,7,metal and minerals
rvjY9vlX_H4,afternoon,4,time
rwhRNPCPp34,nut,8,instrument
rwocxlQmNvM_1,brokerage,11,banking
rxLiUBQv4s4,schedule,7,time
rxS-0_0rVV4_1,wholesale,9,group
rxzyWCTxCbg_1,advertisement,7,internet
rzVyqTff8MY_1,carry,6,action
rzY50tnGKNg,opportunity,4,abstract
rztToJBqL3k_1,wednesday,6,time
s-570A5kLxo,goat,7,flora and fauna
s09swjiVGok,brain injury,4,medical
s0HIntkDTew_1,lake,10,geography
s0WQZn1xjxo_1,tail,6,attribute
s13W7g7VnJ8_1,examine,6,action
s1K-Mqzy9Bo,boil,14,action
s1tq1t4LDuM,confidence,5,emotion
s3tJWRZegCw,sudden,3,behavior
s4ez79CSE58,sudan,3,geography
s57mcqROvtA,capital,4,banking
s5AMrNjoP0Q,boxing,3,sport
s5cimY-et2g,price,4,banking
s5kbd2DCqpk,bsp,4,politics
s5mQsATayMM,approach,5,spatial position
s67I8VUigAU,monkey,4,flora and fauna
s6C3AecUXiY_1,fry,5,action
s7LkPeqby9A,viral diseases animals,13,medical
s7Rg0qiQ1Fs,tongue,4,biology
s7U2zrpRFD0,welder,4,profession
s8wH4rgfn20_1,cassette,7,sound
s91r7_fA4O4_1,bills purchased,9,banking
sAQO6QDpXPM_1,gurunanak jayanthi,8,event
sDKms4XnnWM,luster,9,quality
sDvfKoCt0nI,rehabilitation,3,process
sErgS9d1UdM,vice president,4,authority
sEu_kUiVDho_1,telugu,7,language
sFjn3cTFUT4,chhattisgarh,4,geography
sFyFmt6-rc0,graphics,8,computer
sGzaDUwWF18,accordion pleats,9,wearable
sHXOURRWbpg_1,rebate,6,banking
sIRKe3QdsJ8,reduce,6,action
sJ6Zv0fi1xM,weight,4,abstract
sJF8p7K6dwk_2,expansion,9,quantity
sKiDLFiFALs,abusive language,11,language
sLLQkt04ZiQ,drive,4,transport
sM0iALMvEmk,february,6,time
sMdon0OffjU,harass,4,emotion
sNQ2sQ75wJ8,snip,5,utility item
sNWCdBEIWa8_1,qualification,7,abstract
sNYOD_Qd7Mw,week,3,time
sOOzZZY-gQI,mexico,3,geography
sORWtcK5Cl4,associate professor,5,profession
sOSo5pep4dg_1,patna,5,geography
sOXdM996SmA_1,less,6,quantity
sOfglCTtdsY_1,creeper,7,flora and fauna
sOhE4j6NGm0_1,tiger,7,flora and fauna
sPqivRKBiNc,visual,4,abstract
sPzCUfCMJH4,april,4,time
sQwcW3szYW8_2,account payee only,9,banking
sSvBHFI6AOk,date,5,time
sT540WDiY_U,elevated plot,11,geography
sTrWqNmE5HA,village,3,geography
sUBUK2M2nAY_1,tamil nadu,7,geography
sUjhP9obOxY,bike suspension,9,machine
sWKP1r9ykRQ,head,5,biology
sXWMPF_Enus,surface runoff,13,geography
sY360i7TkCA_1,zebra,6,flora and fauna
sYoLxEMCh9E_1,demand draft,6,banking
sZ1qra1mVEU_1,st,10,group
sZKjZfzGTVg,drunk driving,5,legal
sZXEa_h85YQ,regular,5,attribute
sZYTPis34fI_1,part time,11,profession
sZ_d3pRaDzY,storey skyscraper,5,construction
sZpGP0kZeqo_1,pappad,6,foods and drinks
s_VX_84e7iM_1,full moon day,9,event
sbcGX30IGvI,electrode,10,chemistry
sblmoDlSQ7U,bold,14,attribute
sbyKhp04Wdw_1,proud,6,attribute
setzKjXP4MM_1,peacock,7,flora and fauna
seuq2MSa2X0_1,lizard,6,flora and fauna
sfB6sqRdrFY,excavation,8,process
sfOCOxSfs10_1,warn,7,action
sfpvbKAz4Oo,iron,5,metal and minerals
sh5goqn8bGI,question,4,abstract
siXvRrMuC0s,supervise,4,action
sj8kYLtXNZU,bowl,5,utility item
sj9wd5B3KfQ_1,opaque,7,attribute
sjpTILsokjg_1,thursday,5,time
sjpdu42KxwI,meat,5,foods and drinks
sjzz-U6f2E0_1,review,11,quality
sklN8_APb_s,acacia fernesiana,15,flora and fauna
sm67xCmbfNs_1,beverages,5,foods and drinks
smJOWK8guVY_1,helicopter,8,transport
smKYyxd26GY_1,under,5,spatial position
sn0j9u42p5Q,mistake,6,abstract
soEw9PTY8Yw_1,bowl,6,utility item
sp7GuSz7GRE,bauhinia accuminata,11,flora and fauna
sq2CV6RjGtA_2,switch,8,electronic and electrical
src6zFQawX0_1,leaf,6,flora and fauna
su2McEzbxzg_2,magnification,8,physics
suvKXxPyaWM_1,promise,6,action
svQ3jUcN4f8,goa,4,geography
svQLNa2vzFI,cooling sheet,6,metal and minerals
sverVWEAPD8_1,never,6,abstract
sw0z81Ri4ps,one lakh,5,math
sy0W-04L9Gk_1,jail,6,construction
syK7APT1R4w,interest,5,behavior
syVYgoc2dUI_2,neutron,10,physics
syXsQXIoZEI,excuse,6,action
syeNmftfElg,bluetooth,4,internet
syi9ijwHDR0_1,waist,7,biology
t1ElZ8Bbzyg,online,6,internet
t1XvJu6yRk8_1,clean,7,action
t33d8E-JtV0_1,rock,7,miscellaneous object
t39zwxTZXXk_1,vessel,7,utility item
t3QUjMIwyxE_1,airport,5,transport
t3XnfkCsUiY_1,cone,8,miscellaneous object
t454iG2RVJg_1,word,6,language
t5uTmmYDQdI_1,opening balance,9,banking
t6HMWWJR398_1,passing official,9,banking
t6P93AbQbjQ_1,sow,7,action
t6mh1uRdQQw_1,terminate,8,action
t6qqXzf4tq8,edit,4,action
t70Wrphzj2w_1,chappels,6,wearable
t729MGitv94,over and over again,4,abstract
t7BWrIChL1Y,comfortable,4,sensation
t7nY3ygqVlQ,rough cut,9,action
t7t7Jioxeu8,diwali,4,event
t8sdmhD1yCc_1,cholera,6,medical
t8z3PzQKmwg,gas stove,5,instrument
t9b5K6YsBk8,gun,3,machine
t9pvXOgaJe8,work,4,action
tAVnVRAbkz8_2,electric appliances,9,electronic and electrical
tB9EhSaD8MY_1,cl,7,legal
tB_xkoYZGBY_1,memorize,7,action
tD71RsErB30,weeds near to pond margin,14,flora and fauna
tD_WEFLyuDY,toyota,5,organisation
tDtIQ2M-GRo,water motor,5,electronic and electrical
tDtdGkG9-OE,jainism,3,religious
tDvbCVB02yA,scientist,7,profession
tEJlKXA7Lkg,united nations convention on the rights of persons with disabilities uncrpd,5,organisation
tF3WaFt4kdY,uco bank,6,organisation
tFftFv6aIjE_1,clearing house,11,banking
tHMs61ZefE8,embroidery,6,wearable
tHNhqhFdMgQ,whatsapp,4,internet
tHSogBpBi5A,raise,4,action
tHW-NM2H3f8_1,teeth,7,biology
tI8qa4gE3uQ_2,variety,7,quantity
tJXSJJCLffU_1,creeper,7,flora and fauna
tKKM601QlDM_2,glass bod,8,utility item
tKNmTJAEhBI_1,uncalled,8,banking
tKOaMOhEaX4_1,oath,7,legal
tKdTQmBRJks_2,infrared ray,11,physics
tKmXdtC6FLA,workshop,5,event
tLOTRTxqIS4_1,sick,7,medical
tMKMjQtqO2U_2,important,9,attribute
tMYNBmb808w,prize,8,miscellaneous object
tNNf1uxRiDU,pastry,5,foods and drinks
tNObn5kXF7Y_1,custard apple,8,foods and drinks
tOHjjyuut4A_1,bell,6,miscellaneous object
tOrStACTZII_1,opinion,6,abstract
tPNg2Waa57k,believe,4,action
tPpANCTOBgs_1,hers,6,relation
tPy0Fs9D3CA,district jail,5,legal
tRNnbHdT9Ms_1,old,5,time
tRo9FnfeFj8,dussehra,4,religious
tS7NrrYnx_E_1,son,11,relation
tS9ulw9g7uA_1,himself,6,language
tSSAkPEkMn8_1,modification,11,process
tS_WbbhJD2I,coarse aggregate,13,metal and minerals
tSc2wja2FZU,intestate,13,legal
tSgEtTP4jkM_1,chemistry,6,chemistry
tShdaK0wAgk_1,chair,6,utility item
tTM_n97xYp4,photographer,5,profession
tTjQsNGEeZ0_1,after,6,spatial position
tUV7RnfFTa4,christmas,5,event
tUegsOrBY1U_1,telegram,7,electronic and electrical
tY45mTvKGKc,double,4,quantity
tY7LqqsBV5Y,archaeologist,11,profession
tYDAioUJUPQ_1,sunday,6,time
tZ28xXARcyk_1,duck,7,flora and fauna
tZRz_YRiaYw,forgive,8,behavior
ta3rguAgy9M_1,isreal,6,geography
ta7_tTeIt6c_1,cough,6,medical
tahzIp5we8o,jams,10,wearable
tbKfPkTlfQk_1,written down value,12,math
tbjIgLxJxic_2,dish antenna,11,electronic and electrical
tcHUMXaIuw0,indian sign language teachers  association,3,organisation
tcLqrt9QnPA_1,nationalisation,12,sensation
tcPXoZXEs2g,south africa,4,geography
tcvRMX6s_b8_1,overall,8,abstract
td1WlMO5Frw_1,bold,6,attribute
teuX8mrgOVk_2,rainbow,9,weather
tg9QaW7Pvm8,leaf,5,flora and fauna
tgJL-RUAvO8,weird,3,abstract
tgq3cpoyWB4,classification of poultry diseases,10,action
tjA2aFyBuY4,adult,5,stage
tkO1_qURjXM,volume,6,sound
tkqalXOIXJA,rasgulla,6,foods and drinks
tmVG2vu0ZGA,mizoram,4,geography
tm_qJX6hHFg,voice,4,sound
tnMi73_WfPg,middle,5,comparator
tnQmQCzJKfI,carry on,5,stage
todyjVC_JTs,jointing,14,process
tol7I8LtJK0,bonus,4,abstract
top7pkA_DgY_1,individual,7,quantity
tpBaPkXYVZw_2,transfer,7,action
tplh8l5q74U,loan,5,banking
tq85NQ0vOkA,tape,4,utility item
tq8jQqoHYFA,isl,5,language
tquKNwZ2GmA_1,sweet,7,attribute
tr9YJUmvus8_1,assets,10,banking
tt4b-WhpGQo,saudi arabia,4,geography
tuWWc-SdvF0_1,ornaments,8,instrument
tuw6tMLjHwQ_1,magic,6,abstract
twc2FUfpUYs,slope,5,abstract
tx2Z3baCxLA_1,interest,7,behavior
txywF-r9y2Q_1,signatory,8,banking
tyLcsnN8-v4,shape,8,math
ty_tchoaG4Y_2,specific,8,quality
tzW3OXlSkNw_1,nail,6,biology
u-vcH9n4_P0_1,carpenter,7,profession
u0VMIS7wC-Q,vietnam,3,geography
u0ztdPXq6mY_1,re endorsed,7,banking
u1PuKrTDzdI,lecture,4,education
u1e9ioscyfU_2,environment,8,biology
u1yq_lnEwGI_2,capacitor,9,electronic and electrical
u219wF2P_0Y_1,die,7,stage
u2IcV4xxNSA,youth,5,group
u2O5QPKSzGo,temperate fruits,12,foods and drinks
u2VLr8CRVGc_1,rhino,6,flora and fauna
u2_aJhGSIpY_1,keep,7,action
u3CQB1epJcM_1,here,5,spatial position
u3NRv46oJVQ_1,pig,7,flora and fauna
u4LSjLeQ1Xw,drilling machine pedestal,8,machine
u5PdOyHh8Yg,red,6,abstract
u62ZlNmTpj4_1,cure,8,medical
u6eoD3GXOZE,superstition,6,abstract
u6hpIkJUQXE,ruthless,5,behavior
u6x6Qk463V4,leaf,4,flora and fauna
u7Nv4whZa_0_1,shine,6,attribute
u7dV3wCpaqM,lonely,4,emotion
u7twaE6fj9s,floriculture,11,flora and fauna
u9397Rd5v7U_2,sound,6,sound
uA9K19APeNo_1,gate,7,construction
uBRoAycaSBM,thatched roof,9,construction
uBi-YX42NwI,application,4,action
uBtYh10h6RU_1,among,6,group
uCsgmqdwe4A,storey skyscraper,12,construction
uCxNvB_ULoA_2,filament,11,substance
uDwYK-AccH0,polygon tool,11,instrument
uE8YfF7bTGM,identity,4,behavior
uEWef2ILEC8,common cold,3,biology
uEtH33ZDk_s_1,borrower,8,banking
uF5-SHyMOwg,assam,5,geography
uF8zIar63bQ,punjabi,5,language
uGjEbNgtauE,open,4,action
uHAhEiTlj_M,knife,5,utility item
uHMNUWk8UAM,chronic illness,9,medical
uHTklDGcEfw_1,liquidation,8,process
uIJEGc6U5iU,vehicle,5,transport
uK6EyYdjXtE_1,north america,8,geography
uK8G7-89HCI_1,summons,9,legal
uKWcQt8U4lA,research,3,education
uL1_UYVYkfg_1,flute,6,sound
uLSHBm4_kaw,gujarat,4,geography
uNZ-A9bIT2c,vehicles,6,transport
uOHx8MflCBQ_1,registered letter,9,miscellaneous object
uOs0878HhR4,license,4,legal
uOsiUhQwVC8_1,bucket,6,utility item
uOxGDdDq-Os_2,centre of curvature,9,physics
uPfJ7YCwEGQ_1,non payment,8,banking
uQRHhIcXvEM,marketing of vegetables,12,profession
uRJUiALx54w,virus,6,medical
uRwmFRKMF58,army,4,organisation
uSz2hrQZr3o,around,4,spatial position
uT8WGjPj-V8_1,discuss,6,process
uTLMV91lB10_1,assam,6,geography
uTZVPZYcdw8_1,accident,6,event
uU562ik7UXU_2,vertical,9,spatial position
uVE9xX6fcp8_1,abbreviation,11,language
uWVB0KovDB0_1,moon,9,astronomical
uYfcQkRSvAY,china,6,geography
uZB4kRSkd_g,droplet,6,quantity
uZuvBINbAqo_1,holiday,5,event
uaaq6GQck4s_1,never,6,abstract
ubBmCChM6Ag,airjet,6,transport
ubQczV3pKWs,assassination,11,event
ubUFV8ypTlU_1,return,7,action
ubkSJRDhK7E_1,genuine,7,attribute
ueNkV6ktC4g_2,identical,8,comparator
ueiJkNzXxzw,influence,7,action
uek2JAfcUhk,aeroplane sprayer,11,machine
uf4A34QWFGw_1,rabbit,7,flora and fauna
ufTWb8-_rGA,multiple,4,math
ug0cTrsjK50,route,6,transport
uhJRFZWXPEo,warm,6,weather
ui_ACRhp1jY,stir up,5,action
ujw1Z5DK0r4_1,art,5,entertainment
ulHF3SltKW0_1,malayalam,7,language
ulX1EaESaM4,tilts,12,attribute
um4s1H6JPJg,call,5,action
umCgstR_pg8,rare,5,attribute
uohsAyKLTbI_1,land cess,10,legal
upAZkdtoF_Q,app,4,internet
upRlxxQUZp8_1,short term,9,banking
up_LofohcV4_1,control,6,action
upaDJQnr9nw,independent,4,attribute
uptCGl-HvV0_1,bulb,7,utility item
uqZJa7q4N5U,set,3,math
uqaIszhdKfc,rain,5,weather
uqfvjaFYDQg,poland,3,geography
urMRtuI8AmE_1,spider,5,flora and fauna
usqVbUoBfnE,sailor collar,8,wearable
ut1NzAKHBXQ,deploy,8,action
uu93d2sk9F0_2,plug point,7,physics
uu9Qo9_Mbh4_1,round,9,math
uuUInBI_oZM_1,fan,7,electronic and electrical
uulY6vsvNQA_1,leave,7,profession
uuzch67c-xE,thermometer,4,miscellaneous object
uvBjcE-mwC0,polygraph,13,instrument
uvKTMTQqfu0,soon,4,time
uw-zItX8w9g_1,monthly statement,9,banking
uwDxpyWDKEI,shift,4,spatial position
uwYdH7GuSBg_1,bangles,6,wearable
uwZ5UsyXbzg_1,mud,10,substance
uyRfqa6Am-M_1,fake,5,attribute
v-Mcteg34pI_1,hot,5,sensation
v-jfNqYzfO8_1,june,6,time
v0Ic3Von93I,band collar,6,wearable
v0Rb3W378JA,samsung,5,organisation
v0cK8a9s14I_1,evening,7,time
v1TI57zaJKw,sauce,4,foods and drinks
v1c0FpBhESQ_1,chart,8,readable
v1hh4hSEhzs,tally,8,gesture
v1rzpB-cgGY_1,goa,8,geography
v2YS_BfBifc_1,key,7,utility item
v2_Ta5XdknA_1,giraffe,6,flora and fauna
v2ak0hp1ZTw,inactive,4,behavior
v2gPD7nTa0U_2,rigid,6,attribute
v2jaNOh-Rcc,none,4,abstract
v3hY00Fy7rE,library,4,readable
v41B1GR3prg_1,crocodile,6,flora and fauna
v4dtaEki4f8,third,5,comparator
v5F3fOpfrBI,gangtok,4,geography
v6KlD6e05Fc,reverse,4,abstract
v7--O9C9ZH4,muharram,5,event
v74BqLpCYnY_1,bedsheet,9,utility item
v7LOMsrEiVI_1,sorry,7,greeting
v8NufYf6_Ik_1,room,8,construction
v8gTUo-ln6Q_1,self employed,8,profession
vAW9QDnXLrE,please,4,action
vAXHFqBV6H8_1,muslim,6,religious
vAuu3hDoGhU_1,produce,6,action
vB-4jZVx0yU,solid,4,substance
vB72KncjZis,evening,3,time
vBJxSJ5_mvw_1,learn,7,action
vBRmLg-XJZc_1,hold,6,action
vBd0XrgKlCA,secondary tillage,14,biology
vDKcRElYodA,musician,7,profession
vDrReANaXZY_2,l.e.d,9,electronic and electrical
vEGYAfMU3tc_1,power,7,attribute
vEHf2s9hu20_2,share equity,14,banking
vEq2LWgecfA_1,wife,9,relation
vFAuNQe7ng8_1,saturday,5,time
vFJOA9dR7Bw,sony mobile,5,organisation
vFSdw3lE-5M,cerebral palsy,8,medical
vFYN8jgOhb8,south korea,4,geography
vFZMA4_VtAY,iphone,5,electronic and electrical
vFbghqf1jZg,roasters,13,flora and fauna
vFnoqnWWGok_1,story,6,readable
vITeIiXX1xE,subtract,4,math
vJy28p55lkQ,temporary,3,abstract
vKabvg9GjnY_1,behind,5,spatial position
vLbvf0zEj5M,child,9,stage
vLfbnZZBph0_1,you,7,relation
vLk7S0mnUms,pay in installment,12,banking
vM9tngFYH1c,enough,4,quantity
vMbLDoCayk8,please,4,action
vOW-yOcVU80_2,transistor,9,electronic and electrical
vOkUq_SPrjs_1,valley,8,geography
vPAwEcpbWqo,enough,6,quantity
vPmpk0u_sls,dash,14,language
vRs1P7sa3F4_1,today,6,time
vS5fnczMHcA,last,6,attribute
vSEUaTn35j4,copy and paste,4,action
vSK-jsgpaXQ,chesterfield  coat,11,wearable
vSfRkcjelhw_1,wedding,8,event
vT49kp3azYg_1,total,8,quantity
vTgiUguTQW0_2,mercury,9,astronomical
vTrtUfPI0RY,rest,4,action
vV1FizHByPw,prejudice,5,abstract
vVGXtFbW5RI_2,galvanometer,10,instrument
vVylNakRi6s,strain,4,physics
vWkwy9ebsQg_1,water,8,substance
vX0J0TVfQgk_1,salt,6,foods and drinks
vXchKE88TDI_1,time,7,time
vXg5mjo2Lpc,any,5,abstract
vYM_64Gc77o,town,4,geography
vYPkgKmRa6k,talk,4,action
vYWosOoYH1U_1,instument,11,instrument
vYzp_d3T9Ok_1,wednesday,5,time
vZBu2SG35ec,competition,6,event
vZMGPJSJaFg,dysuria,12,medical
v_7Bg4-cPjg,tunisia,4,geography
v_BzLSp7PLM,bride,15,human
v_HmgeH-ABo,day,4,time
vaDXdxLlUwk_1,world,6,geography
vamyn1qDCdg_1,carrom,5,sport
vasldMsoKDg_2,vernier caliper,10,instrument
vawgyWPeIiM,foot body part,5,biology
vbsNiOkm0BU,tie,7,wearable
vdntxBdRdZg,electric bike,10,transport
ve8zSDsdFzs,starfish,7,flora and fauna
vesSu5AjSN4,mallet,11,instrument
vfrntxijZAA_1,horse,6,flora and fauna
vgtE5_6_VD4,nearby,4,spatial position
vhPLDKNYuEg_1,cheque crossed,11,banking
vhqQBxbUVy0_1,develop,6,action
vj85ZSkQDVo,girlfriend,5,relation
vmAkJRlUSzI_1,maintenance allowance,10,banking
vnOgaQ_eFNs,see,4,action
voRQqu3By8I_1,talk,11,action
vqWFY4rbASg,ship,5,transport
vqkqbOdwbSc_1,pune,6,geography
vt86EMAaXHM,business,5,banking
vu__40Wbws4_1,mixer,6,machine
vvCzSnLu_4Q,samosa,5,foods and drinks
vvsfyFEY7lo,hatchet,11,instrument
vvyGWPvy1cc,town,5,geography
vwTIplMTPZA_2,reaction,8,chemistry
vwpHHohq8II,cng stone carving machine,10,machine
vycU4cMW3_U_1,show cause,8,banking
vyvFWSdT7V4_1,disguise,6,gesture
vzR3201tHPY,translate,4,action
vzzmwuU-sMg,sad,4,emotion
w-f7sV2B7Tc_1,true,6,abstract
w0C2Lq7hMsQ,minimize,13,math
w0Z2yfGcCW8,eye,3,biology
w163zAc0RYM,cough,6,medical
w2bUy2rPYPI,menu,5,readable
w3iXbhc5vsM_1,thursday,7,time
w49chg-Y92g,cashier,7,profession
w5hHBBDrypI_1,internal,8,spatial position
w87_PYaYQz4,wicket,4,sport
w88o1TXwwJg_1,pen,6,utility item
w8RSWGCRPDg,sell,4,action
w9Jz12VoOYQ_1,drumstick,7,foods and drinks
w9VefdfpI0I_1,grandfather,11,relation
wAEJEtDB20g,land,4,geography
wBCqfnnNfSo,weaver,8,profession
wC9iVMmSTeE_2,current,8,physics
wClUzDG34wQ,religion,4,religious
wDXqSeOQQy4_1,run,8,action
wDy5hBdrwoc,train,4,transport
wEd93OlB_ZI_1,what,6,abstract
wEfxi8YvQLI,cyprus,4,geography
wFVLswbyZOc,insurance,5,banking
wGWFAPl8EXs_1,river,8,geography
wHl7V93XdWA,terrorist,14,profession
wIEYdZjvXJo,driver,7,profession
wIVO3x0WAfk_1,paper,6,utility item
wIi5NVKOOfM,strict,3,behavior
wJS3We_1ets_1,sharbat,5,foods and drinks
wK63rmj8--U,sky,6,abstract
wK7Y3bBPwtI,curd,5,foods and drinks
wK8amEJAK1Y,thank you,3,gesture
wKBVwR3BraE,photosynthesis process,12,biology
wKDAEDyBAY0,life jacket,12,wearable
wKzWwmm8bgE,asthma,5,medical
wLSWjMuhJww_1,which,5,abstract
wMlY1TQZA2A,tamil,3,language
wMm24t1NrcM,worry,4,emotion
wOwsXFMF1aA,parcel,4,miscellaneous object
wPTa0UQJY_w,measure,4,math
wPkxTCa_Dj4_1,dismissal,9,action
wPofP8PotLg_1,cat,7,flora and fauna
wPsIxhPHXBo,blouse,4,wearable
wQ5nwBznVk8_1,crossing,7,transport
wRjTHPy0jes,last week,5,time
wTP-Qjl_mSM_1,film,7,instrument
wVgslraD204,cap,5,wearable
wWlOXeR9qnc_1,rubber,7,utility item
wWzqyc2x0GI,miss,7,emotion
wX-5GS2Om7k,last year,4,time
wXEnqj_rf4Q_1,sunrise,8,event
wYeLqdSCZR8,hungry,4,sensation
wZBe3IUlYLo,detective,12,profession
wZYbp0lRGhU,pressure foot,12,instrument
wZeZ2Hr8VEg_1,customer service,11,organisation
w_FY56WkUPM,shawl,4,wearable
wa6VGunvMoo,road,4,transport
wcG4jvqJVDc_1,satisfied,6,attribute
wcvifjsKYo0_2,proton,11,physics
weWGeNNGQSM_1,industry,10,profession
wedIVeQMY1k,girl,5,human
wf5rLp6YTCQ_1,re employment,7,banking
wf7d8Ok1PvA_1,united states of america,7,geography
wfHGKTc0WuY,wool,5,utility item
wgb8ncghBN4_2,intermal combustion engine,9,chemistry
wgrN2DNXukc,sandwich,5,foods and drinks
wgvsWR2YWxo,plenty,4,attribute
whLOS_LCl9U,younger brother,3,relation
wh_GS78OuYQ,milkman,6,profession
whkRlb-0s94_1,saloon,7,construction
whmbYHrlP-A_1,tell,7,action
whvKyzLJ6Mc_1,lion,7,flora and fauna
wi-dI81iYSY_1,single entry,9,quantity
wiemsBV5e08,sweet lime,5,foods and drinks
wkdHGN4OO-I,raise,4,action
wku-gtLtQyI_1,lapse,10,banking
wlPKT6teWGk_1,letter of authority,9,authority
wnhTdzfceXA_1,misappropriation,10,emotion
woQgNTk9IIE,eggplant,6,foods and drinks
woo5-4amwJ0,rjd,3,politics
wpUgLTxBXns,lecturer,5,education
wpmDoeOl2qY,steady current,8,physics
wq4yQ4OdJ5U_2,freexing,7,behavior
wqFLr0dsRTA_1,toothpaste,6,utility item
wqrZVsLOR_A_2,anticlockwise,11,metric
wqvjAdWgJ4o_2,planet,12,astronomical
wru3RdDTafg,waxing,6,action
wsRNKesle6I_1,mathematics,6,math
wsWElJBdZcA,zambia,4,geography
wsXbxNK7ROM_2,oscillator,8,instrument
ws_qjks_TFo,zoo,6,geography
wsxvzzgBO1M_1,harmonium,6,sound
wsy4LqAJq8E_1,monitoring,9,action
wtN-hVs7sYw_1,myself,7,language
wtXCZaGIQsk,backyard system of poultry,15,process
wtaxFUrko34,parking,5,transport
wtr_LSVYecQ_1,teach,5,action
wu_tcc63EjM_2,concave mirror,10,physics
wubfL2VbBLY,cat,5,flora and fauna
wwGDiruyGH8_1,mogra,7,flora and fauna
wwQV7dGvw0s_2,green,9,colour
wwTa3v_SLew,fray  edges,11,time
wwVkDiHS9FM_1,pongal,6,event
wwf3PXeSfsg_1,thriff,8,banking
wx8pMHRIYho,motorcycle,5,transport
wxH6fMp_1PY_1,waiting list,10,utility item
wxZHsP8osZo_1,orange,9,abstract
wyDi2hGYZmg,forehead,5,biology
wyq5UGADJrw_1,leave duty,8,profession
wyu_qsxDouM_1,buy,7,action
wzz6Gt0EotA,balloon,3,utility item
x-Bc7ssevU8,zimbabwe,5,geography
x-K2eMJl34k_1,clock,8,utility item
x-anjlR2rMc,economic importance of fish in india,12,banking
x-lubm0ha08,mahatma gandhi,5,human
x-uAyPToZMs,license,4,legal
x0JU-zUFnS4_1,grandmother,11,relation
x1Abu6sfP5A,rajdhani train,4,transport
x1PWeacqP-w_1,dasara,7,religious
x1S_tnc_djk,distribute,4,action
x2fCZCCqh3E_1,movable property,10,legal
x3H9ltkR_vM,el salvador,4,geography
x3JBmtirJQ0_1,revalidation,12,action
x3WXPajc1UQ,bleeding disorders,6,medical
x3nuREvEwis,kick out,4,group
x4I6cO9p77Y_1,submission,6,education
x5VIvDZhXNg,angry,3,emotion
x5dEKDXkXQY_1,welder,6,profession
x6O_GrimQMw,chennai,4,geography
x77fC4-wJ8c,suggest,3,action
x7CtEdG8eAY_1,hear,8,sound
x7Gd1PNDGj4_2,triangle,13,math
x7SV2p_-rPE,brain,6,biology
x7TnEHc0viU,tractor,4,transport
xA8hTvpWbh0_1,month,6,time
xAwnTMH15-s_1,sleep,7,action
xBLGhif1BWI,place,4,spatial position
xBvqQ50Vlcg_1,settle,7,action
xBwnNDnOPGM,north korea,4,geography
xD3S5OUhSRs,boat,5,transport
xDFgS6-OSkY,seam allowance,11,quantity
xEKHtFeWzSM_2,lubrication oil,8,substance
xEUbXwWImbc_1,compulsory,7,education
xEp-ufgrq-g,swallow,7,biology
xFB6kz5WkvA_1,housing loan,8,banking
xGkS3isNXXc,modern,4,time
xGmkipo2jsM_1,hut,6,construction
xH84YCP65HE,fitted,10,attribute
xHgqrgu0NB0,corporation bank,4,banking
xIOA0k1ZLMk,hot air balloon,9,transport
xIc5zEX3vSY_2,illegal,8,legal
xIh1wMuXgJs_1,wood,8,miscellaneous object
xJMONi1L3S8_1,peak,9,spatial position
xKRO8sRM6yQ_1,government,7,authority
xL-DC_wV5_E_1,standard,6,comparator
xLArhlTY728_1,day,5,time
xLWzYC5VgPA_2,rural development,10,organisation
xMaMOHTmML4,turn,5,action
xMvpodrz6dM,idea,5,abstract
xND6JDuQ05A_1,mary,6,human
xOxrAcyAcII,renovation,13,action
xPY0EW3HkQU_1,shoe,7,wearable
xPkil4VFr0A,open circuit,15,physics
xQ24Y6Y7wvE_1,acceptance clean,12,banking
xQIXN-eQZ7I,fever,7,medical
xQgu-lCEmO4_2,pendulum,12,miscellaneous object
xR3xDmZZCCI,city,5,geography
xS2EEES-n8I_1,margin,8,banking
xSAoWBeLvfo,injury,3,medical
xSDCy2uCWSs_1,rubber,7,utility item
xTQHYVNuH2I,bindi,4,wearable
xTirP9sB_SY_1,education,6,education
xTu2lteTqAY,parapet,7,construction
xVCIBUlDlkE_1,cheque mutilated,9,banking
xVOUQdl7ejY_1,beak,7,biology
xVgr78Og8o8_1,cash credit,9,banking
xVuM_WPsOB8_1,dangerous,6,attribute
xWlgNHh5ino,bow tie,5,wearable
xXykGIC9Yfg,reception,4,behavior
xY-hLKnjahw,calculator,4,math
xY5tQfR7BiI_1,video camera,8,electronic and electrical
xYWHiCUuoi4_1,chess,6,sport
xYne01OLqHU_1,tuberculosis,9,medical
xZUbYeF9fkI_1,mime,6,gesture
xbBwbQ6AZv4,nominee,7,human
xbw9Df1DFa8_1,low,7,geography
xcL50crTgMs,tipped tool,15,instrument
xcd8lsPxlP4_1,dry,6,attribute
xeYJvtWDsnA,ornithology,9,biology
xfKR5ftbHKg_1,single owner,7,attribute
xfqgrQ_r3Tw_1,frog,7,flora and fauna
xgKs0R0K6M4,impure,5,substance
xgQSpL99krE_1,ginger,7,foods and drinks
xgU5S08eD90,approximate,4,metric
xghJ6vKFuKQ,bad language,4,language
xgtcWuX0mdU_2,funding,6,banking
xiUZYUTW660_1,account inoperative,15,banking
xiX4tAUoNXs_1,lie,6,action
xj41dOgAdK8_1,skip,6,action
xjCStYhMoBE,threading,5,process
xlX3VgcSz_o_1,pencil,5,utility item
xlb5E0TnGtM_2,physics,10,physics
xm1ZPkvHnL8_1,tailer,7,profession
xm2Vju9w0-I,hotel,5,construction
xnQ61pjVinc_1,applicant,11,human
xnZNmESjKrQ,shopkeeper,5,profession
xoSQfP-1A-c,ajmer sharif dargah,6,religious
xoqqrOjlpD8_1,mahavir jayanthi,7,event
xpy5egrPAZ0,sai baba,5,religious
xqWx6o5iue4,express,4,action
xqvVfaJrM0A,nail,4,biology
xtolpEBm2ro,predict,7,action
xu3e-IU_xRM,expensive,4,attribute
xuOaEQ2bdb0_1,wednesday,5,time
xuh2imuKrI0,huawei mobile,6,organisation
xvZaGiHtuz0_1,insult,7,action
xwAdIP51jIs,separate,3,action
xwgkeViNOwI,bell,5,miscellaneous object
xwhBXEev13o_1,extension counter,7,banking
xwn7XQRbQnc_2,biconvex lens,11,physics
xx3nZjHHL3s,minimum,4,comparator
xx6t3kFyJuo,drill bit,8,machine
xxTBbeG-pKY_1,mixer,7,machine
xzu_Y3NfigY,jeweller,7,profession
y-bSGi85wc0,hail,7,weather
y-rA7UuFbVM,available,4,attribute
y0Qqh0iQ4HU_2,jupiter,10,astronomical
y1XgtWNM-OM_1,december,5,time
y1hvKgvxm5Q,what happened,4,abstract
y3ck7KPhSug,tie,4,wearable
y4CEIJJVt64,jalebi,8,foods and drinks
y57kJAluXeM_1,again,6,time
y5IlRJzz8w8_1,comb,9,utility item
y5LmYGbr428,dry,3,attribute
y5RdDOf_lRw_1,target,8,abstract
y6Y7pN0nzX8_1,sub lease,8,banking
y6iDMOz13sI_1,father-in-law,10,relation
y6xu7EyX0yU_1,month,5,time
y707Jq7ORR4,voltmeter,13,instrument
y78hQDvKB_M,milad un nabi,4,human
y7FUr6B4Uh4,influence,3,action
y7z1pnJea4s_1,bucket,6,utility item
y89shn98vQo_2,total energy,8,physics
y8OT5FWMEl8_2,convex lens,11,physics
y938xCsUbpo,stink,4,attribute
y9c93mGmbHc_1,in multiples of,8,math
yB2sJTE2Mek,insect,6,flora and fauna
yBcTyoUaFYU_1,puri,6,foods and drinks
yBu6pCi5gag,iball mobile,6,electronic and electrical
yD9wwZmkJlw,shoes,3,wearable
yEId-2X8Fpw_1,manufacture,7,process
yFMHg6sTd6Y,clever,5,behavior
yG1xsd6JyfA,memory card,9,electronic and electrical
yGWvP26FbEo,date,5,time
yGWvP26FbEo_1,date,5,time
yHBEcGgShh4,alloy wheel,12,miscellaneous object
yHWecq-Xzdc_1,missing,7,emotion
yHfQFast5r0_1,re examine,7,banking
yHgMtQOPid4_1,church,6,religious
yHnry-jqo3E_1,qualification essential,7,abstract
yI2JracrYZs_1,instalment,8,banking
yItSQyTpwtQ_1,gate,7,construction
yK14YhUwajU,flooring,8,construction
yK2We-yP8MA,poultry production,9,flora and fauna
yLSyQAouIYw,sleeve board,8,utility item
yLnePZ71izk,joke,5,sensation
yLpc_-hWZAA,bsnl,5,organisation
yLphnfhAV_o,login,6,group
yMNGS-VZZj4,horizontal line,7,math
yMqhsoFHB_Q_1,brother,13,relation
yMs5B2DUJ_0,land,5,geography
yN2a6Q27DX8_1,bone,9,medical
yN_t_vc97fI_1,merit and demerits,8,quality
yNv7aFGlGFA,towel,4,utility item
yOTZBisOdZs_1,labour,10,profession
yOkZgJliKfo_1,concession,8,banking
yQ1BONWNLrE,state bank of india,6,organisation
yQ7kMY9kDlM,rent,3,legal
yQXFOVuS7r8,green,6,colour
yRHS5fY6bVQ_1,shift,7,spatial position
yRoamy-gOgY,spice jet,6,organisation
yS482mzgCwo,pass,3,miscellaneous object
yS4sjP4C-ko,marking table,15,utility item
ySSixQMf7is,grill,8,construction
yT93i9RcLFk,nervous,5,emotion
yTmK54y80bs,malawi,3,geography
yUHZhwPUfRk_1,account rupee,14,banking
yVGctxtkXqA,dermatits,12,medical
yVNuNrwFZ1c_2,concave lens,11,physics
yVj4srfLfSc,gurudwara,5,religious
yW6uqjLFKgU_2,triode,11,electronic and electrical
yWRsnrs4C5w,standard,5,comparator
yXkOz_A01t0_1,may,5,time
yXrES1RSoV8,humped,15,biology
yXtu327tJ28,peacock,4,flora and fauna
yY9c0CnaXgA_1,thank you,7,gesture
yYJBee_uP-A_1,stubborn,6,quality
yYXL6MOhLUo,all india trinamool congress,4,politics
yYf_JyfDvLU,ireland,4,geography
yYgwZxLlykw_1,exemption,8,banking
yYn7-CCwLkM_1,identification,8,action
yZ6LzjeoTsY,jewel neckline`,5,wearable
yZK6l1dikVk_1,reach,7,action
yZlMisXPUms,humid,5,weather
y_q_egfFoq0,mass,5,physics
yapwq7Lkgxw_1,toilet,7,construction
ybwfsqkf8Sw_1,nect tie,7,utility item
yeArkcTSTdw_1,retum inward,10,action
yeOgJ3nK-pM_1,salwar kameez,7,wearable
yebEzbBOQl4,encourage,6,action
yffUIRSERd0_2,biconcave lens,11,physics
yftcPJvbkhg,rinderpest,13,medical
yhCvtSaTMvg_1,thin,6,quality
yi--S0oh64s,careful,5,attribute
yi14hGwVzKM,window garden,10,construction
yiVSKw0srMA,coffee rust,15,flora and fauna
yjFM1hV0hy8_1,history,6,education
yjI4oup9SFU,watch,3,electronic and electrical
yjnm43fEimY,ball,4,sport
yk1x10hOd1M,pen,3,utility item
yk4B-asWh0I_1,asia,7,geography
ykCLJ3U0Ir4_1,dirty,7,quality
ylCAApFrP88,two days before,3,time
ym0KmkKQBW0_2,security deposit,9,legal
ym9Nx-zkmEM,faucet aerator,8,instrument
ymvaZ1cxW2s,gurudwara,5,religious
ynTx1KLLvng_1,supervision,9,action
ynZd-HeXGnc,outdated,5,time
ynqXIbWTRp4_1,wind,7,weather
ynvL576W11k,pink,6,abstract
yo9-6O8jNXQ_1,share capital,10,banking
yoG_mrM8Hg8,it's raining cats and dogs,7,weather
ypWkhczB2tY,bladder cancer,13,medical
ypvx1Fn3_GE_1,cunning,6,behavior
yqRuuOhG1Cs,bag,4,utility item
yr0Mkvkfmi8_2,violet,10,abstract
ysoReRp9l9A_1,surprise,6,gesture
ytA5JcAmS48,diseases and enemies of fish,15,biology
yuJ6ZBt0MBw,yoga,4,sport
yuo_oeBoTKk,upset,4,behavior
yv3O0xFD6O8,women jail,15,construction
ywSGE7YCdCM_1,dinner,6,foods and drinks
yylUDwKKvxY,kaposi sarcoma,7,biology
yymmblO1-8U_1,borrow,6,action
yzXgc9ZNbFI,float,11,instrument
z-gika19BqU,old,4,human
z-ke4RyMx_w,accordion,6,sound
z-uZFPcqtcQ,oppo mobile,6,electronic and electrical
z1VPeFV_ew4,pencil,3,utility item
z1X_LnA8wRE_1,small savings scheme,9,banking
z2B7VrBSA5c,friend,5,relation
z2ETf2ExVsU_1,father,10,relation
z2uEKj1aWd4,modern roof,8,construction
z3C2pnumALw,grandfather,5,relation
z3iLB12a_O4,tri square,15,instrument
z4AQcUmPyxg,drug,5,substance
z4D6TU11HbE,rubber,4,utility item
z4vokrd75OM,rich,7,attribute
z5T2c_s6kwI,mountain,6,geography
z5mb_lff0uI_1,show,7,action
z5qHAG8YSrE,non vegetarian,6,foods and drinks
z66yE3ILKuw,potato,4,foods and drinks
z672iUJ0b98,file,8,readable
z6Y6UJn7Mr8_1,unanimous,8,legal
z6_hXXO4vw8_1,taste,7,sensation
z7fqi4_fZvI,material,5,substance
z89wqxyMu6s_2,record,9,action
z8Yx1NXXgYM_1,vapour,7,substance
z8d961aDuUA_1,centimeter,7,metric
z9Bb0RtVstk_1,kiss,6,action
z9fE3-r78UE,ogle from head to toe,5,action
zBvs_GPf6Y8_1,granddaughter,12,relation
zCAa4hAv2AY,puzzle,5,process
zCRxd9PBDXY_1,prompt action,7,action
zCv73SvXmk8_1,leather,8,substance
zEhEGpPHGLE,elder brother,3,relation
zEpIbqDKEh8,bipedal robot,9,machine
zEth840lEVE,sari,3,wearable
zEv81qWK7yQ_1,cold drink,6,foods and drinks
zF0-lsUa_RA_1,cat,7,flora and fauna
zFykwvdCws8_1,thigh,8,biology
zG_P--gEuOU_2,negligible,7,quantity
zGhfj0f_3bI_1,see,9,action
zHSDpV4Ok2Q,behind,4,spatial position
zHuGuas_2f8,body pain,8,medical
zIEMNYyHXHs,murder,15,action
zI_8os97Bkc_1,run,5,action
zJRmEhzjtco,electrolyte,11,chemistry
zJmlqjm_b5g,woman,3,human
zLxJPYBRIEM,garib rath express,5,transport
zMSTQmwzW_s_1,subordinate,8,authority
zMVhZxmiK-s,salesman,12,profession
zOpA9-geIxA,minority,5,group
zPpdozLG2wU_1,study,6,action
zRAHq3wDY8A_1,proprietory,7,authority
zRnkG-1N3jY_1,diwali,7,event
zSGR1KaSZV4,hanuman,4,religious
zSJ-3q6P4lQ,bluetooth,6,internet
zSXKZb2Frqc_1,market,6,geography
zSst5y5j_fI,lips,6,biology
zSwPgYew9xY_1,evening,7,time
zTxivCXMjdU_2,inter branch transaction,12,banking
zU-UAPxXzjU,abstract of account,11,banking
zUFDbkEtC_E_2,property landed,12,banking
zUtEmpaF7kM,plan,7,action
zUzBN5DY_3A,mazdoor,4,profession
zWdWqozClE4,chef,8,profession
zXpbs2ztV4k_1,hearing aid,9,sound
zYWxTgBpp5o_1,allergy,7,medical
zYuR7aEr3SI_2,atmosphere,9,chemistry
zZRHcEnMUnw_1,lizard,6,flora and fauna
zZVuyuVTFW0,promotion,4,organisation
zZdJ4ZLnw2U,constitutional rights,15,legal
zZkjoooQRXk_1,sikh,6,religious
zZs0BXEssdQ,wave,5,physics
z_736hEJX_M,diabetic,12,medical
z_Tnhup1J5I,satisfied,4,attribute
z_WykkCqulk,sick,4,medical
z_kjd4rGuag,hug,5,gesture
zaCXh7eQO2Y,cash,4,banking
zaGjEBwl--8,ethics,5,behavior
zajXjC-yusI_2,surrounding,8,miscellaneous object
zaxDTYvEeZw_2,notice board,9,utility item
zbxW8XnyziA,airport,5,transport
zc7cBfgwiyI_1,spastic,7,medical
zcKPzJMDkRw,roll,6,action
zdGKXf_2HFA,jama masjid,5,religious
zdVCE0zgZ64_1,steel,8,metal and minerals
zdZNbKoJejY_1,approval,9,action
zeLeGWdpYiE_1,guilty,6,emotion
zeRihgKBfB0,anti virus,8,computer
zfvnGrqiLMQ_1,australia,8,geography
zgJBDuqbPHM,hydathodes,11,biology
zgQAKKtXOZY,background,4,spatial position
zgq2AwN0qxs_1,heir,9,relation
zhKQnsHLNeA,truck,4,transport
zhxo7cEkSF8_1,reserve fund,8,banking
zi11969STzc_1,sheep,8,flora and fauna
zk-I0DPD4gk_1,water bottle,6,utility item
zkLkrnOdDA0,floating plants,13,flora and fauna
zkOqvdkGpS4,laptop,5,electronic and electrical
zkQeGg5DkVc,rajasthan,4,geography
zmcws5FplEc_1,friday,5,time
zmrOAZ6FeHA_2,radio,8,electronic and electrical
znGl0a0R3io_2,edge,9,spatial position
zoM2D2UeE18_2,kelvin,8,metric
zobbHZq0U4w,come,5,process
zpDZzjRrUmk,france,4,geography
zqoQST3Oap8_1,first floor,8,construction
zrNSPG0BAPo,thumb lunula,8,medical
zrf_bkZG9_E_2,strength,7,attribute
zsaHFTWOIms_1,take over,9,action
zsfMMuKrUUg,wedding reception,5,event
zskDexexPRo_2_Trim,hydrautic brake,11,machine
ztOfNdPNwAU_1,carrot,7,foods and drinks
zuOOzSoUPcU_1,week,5,time
zultm2vBHws_2,wax,10,utility item
zupZnldqNbE_2,square,13,math
zuwgMn6oS-Q_1,boring,7,attribute
zvDd4Lvma58_1,statement of liquidation,11,banking
zvhxuidq68g,aircel,5,internet
zw53Xl_e9QA,ant,5,flora and fauna
zwQFJqvvgqQ,keyhole,8,utility item
zwl-CJnhrYI_1,postpone,6,action
zxXFqg4uC_I_1,festivals,6,event
zxd2fClLdu0_1,sweat,8,biology
zxwuZPkYjrQ,good night,4,greeting
zyUvGZAlkOs_1,land,10,geography
zyvgHgT6d7c,love,4,emotion