uid,gloss,duration,category,video_path,official_partition
--7-rCNOiK0_1,branch,6.0,flora and fauna,CISLR_v1.5-a_videos/--7-rCNOiK0_1.mp4,prototype
-02y2VaVBmw,divorce petition,11.0,legal,CISLR_v1.5-a_videos/-02y2VaVBmw.mp4,prototype
-03Dju3yPHE,air conditioner,5.0,machine,CISLR_v1.5-a_videos/-03Dju3yPHE.mp4,prototype
-0Oo1kPonYQ,stapoo,6.0,sport,CISLR_v1.5-a_videos/-0Oo1kPonYQ.mp4,prototype
-0XujLX2_9I_2,application,6.0,action,CISLR_v1.5-a_videos/-0XujLX2_9I_2.mp4,prototype
-0gxfDidW6U,purple flowered plants,11.0,flora and fauna,CISLR_v1.5-a_videos/-0gxfDidW6U.mp4,prototype
-1AseGWh7vU,school uniform,4.0,wearable,CISLR_v1.5-a_videos/-1AseGWh7vU.mp4,prototype
-1aXmLMzHUI_1,squeeze,7.0,action,CISLR_v1.5-a_videos/-1aXmLMzHUI_1.mp4,prototype
-2_NUxX4PVA_2,electrical energy,9.0,physics,CISLR_v1.5-a_videos/-2_NUxX4PVA_2.mp4,prototype
-2iGhOnza38_1,raid,7.0,event,CISLR_v1.5-a_videos/-2iGhOnza38_1.mp4,prototype
-37kn1vV9gc_1,defend,5.0,action,CISLR_v1.5-a_videos/-37kn1vV9gc_1.mp4,prototype
-3db5Hhn4mI_1,win,5.0,comparator,CISLR_v1.5-a_videos/-3db5Hhn4mI_1.mp4,prototype
-4MbWP5T-cU,thank you,3.0,gesture,CISLR_v1.5-a_videos/-4MbWP5T-cU.mp4,prototype
-5QTvDlGTcs_1,preliminary,7.0,attribute,CISLR_v1.5-a_videos/-5QTvDlGTcs_1.mp4,prototype
-5lgXJQG0EM_1,doctor,7.0,profession,CISLR_v1.5-a_videos/-5lgXJQG0EM_1.mp4,prototype
-5p4hn8J87A_2,hour,7.0,time,CISLR_v1.5-a_videos/-5p4hn8J87A_2.mp4,prototype
-65ryXubYjo,testify,14.0,action,CISLR_v1.5-a_videos/-65ryXubYjo.mp4,prototype
-7IkPH6iIQA,uncle,3.0,relation,CISLR_v1.5-a_videos/-7IkPH6iIQA.mp4,prototype
-8CjLUfRlbw_1,pig,7.0,flora and fauna,CISLR_v1.5-a_videos/-8CjLUfRlbw_1.mp4,prototype
-A1P5WbuNo8,ladder,6.0,transport,CISLR_v1.5-a_videos/-A1P5WbuNo8.mp4,prototype
-AvE2V_2a-c_1,cup,6.0,utility item,CISLR_v1.5-a_videos/-AvE2V_2a-c_1.mp4,prototype
-C18cQCkCcw,pencil,4.0,utility item,CISLR_v1.5-a_videos/-C18cQCkCcw.mp4,prototype
-DDBcacIfeA_1,cosmetics,7.0,substance,CISLR_v1.5-a_videos/-DDBcacIfeA_1.mp4,prototype
-DHtnmdlaGk,agra,5.0,geography,CISLR_v1.5-a_videos/-DHtnmdlaGk.mp4,prototype
-DsyH0Vd_7E,halter top,11.0,wearable,CISLR_v1.5-a_videos/-DsyH0Vd_7E.mp4,prototype
-E1n5hTjako_1,compact disc,8.0,computer,CISLR_v1.5-a_videos/-E1n5hTjako_1.mp4,prototype
-EGNTwA_sEE_1,land acquisition,9.0,legal,CISLR_v1.5-a_videos/-EGNTwA_sEE_1.mp4,prototype
-Em79Yvwac4_1,think,7.0,action,CISLR_v1.5-a_videos/-Em79Yvwac4_1.mp4,prototype
-F7HjAaemJU,sexual reproduction,13.0,biology,CISLR_v1.5-a_videos/-F7HjAaemJU.mp4,prototype
-HOXFEzH00I_1,circus,6.0,entertainment,CISLR_v1.5-a_videos/-HOXFEzH00I_1.mp4,prototype
-H_VzAnfyKk,coconut,4.0,foods and drinks,CISLR_v1.5-a_videos/-H_VzAnfyKk.mp4,prototype
-I0sjwzg0tY_2,amplitude,15.0,physics,CISLR_v1.5-a_videos/-I0sjwzg0tY_2.mp4,prototype
-IInvCVJXas,mushroom production,7.0,process,CISLR_v1.5-a_videos/-IInvCVJXas.mp4,prototype
-IKgn_mGZrw_2,immiscibility,8.0,attribute,CISLR_v1.5-a_videos/-IKgn_mGZrw_2.mp4,prototype
-It9bwqowig,twitter,4.0,internet,CISLR_v1.5-a_videos/-It9bwqowig.mp4,prototype
-JYukZxN6wQ_1,ugly,7.0,quality,CISLR_v1.5-a_videos/-JYukZxN6wQ_1.mp4,prototype
-JcpfOHc0nE,blood pressure,6.0,medical,CISLR_v1.5-a_videos/-JcpfOHc0nE.mp4,prototype
-Jr9EZz7Epo_1,eclipse,7.0,event,CISLR_v1.5-a_videos/-Jr9EZz7Epo_1.mp4,prototype
-Lnou_Pop1o,reservation,13.0,group,CISLR_v1.5-a_videos/-Lnou_Pop1o.mp4,prototype
-MS1EdYqs48,gujarat,5.0,geography,CISLR_v1.5-a_videos/-MS1EdYqs48.mp4,prototype
-MjxNEvHUFw,rollerpaint,8.0,instrument,CISLR_v1.5-a_videos/-MjxNEvHUFw.mp4,prototype
-N-gNuk_5PQ_1,unencumbered,8.0,banking,CISLR_v1.5-a_videos/-N-gNuk_5PQ_1.mp4,prototype
-NAB02gnpgo,polo shrit,6.0,wearable,CISLR_v1.5-a_videos/-NAB02gnpgo.mp4,prototype
-NCwiz-skM0_1,lame,7.0,biology,CISLR_v1.5-a_videos/-NCwiz-skM0_1.mp4,prototype
-NIz596Y27Q,severally,7.0,quantity,CISLR_v1.5-a_videos/-NIz596Y27Q.mp4,prototype
-NIz596Y27Q_1,severally,7.0,quantity,CISLR_v1.5-a_videos/-NIz596Y27Q_1.mp4,test
-NQKa7Pmhx4,nine,4.0,math,CISLR_v1.5-a_videos/-NQKa7Pmhx4.mp4,prototype
-NXGOOSb2sk,increase,5.0,comparator,CISLR_v1.5-a_videos/-NXGOOSb2sk.mp4,prototype
-NpA8OS_Oj0_1,tennis,6.0,sport,CISLR_v1.5-a_videos/-NpA8OS_Oj0_1.mp4,prototype
-Oq_e89164c_1,deer,7.0,flora and fauna,CISLR_v1.5-a_videos/-Oq_e89164c_1.mp4,prototype
-PFwmd8NQgI_1,fixed rate,7.0,banking,CISLR_v1.5-a_videos/-PFwmd8NQgI_1.mp4,prototype
-PGXFLhDfS0_1,teacher,6.0,profession,CISLR_v1.5-a_videos/-PGXFLhDfS0_1.mp4,prototype
-QF3_AuexYY,yolk,8.0,foods and drinks,CISLR_v1.5-a_videos/-QF3_AuexYY.mp4,prototype
-R02rqkyxHc_1,can,6.0,attribute,CISLR_v1.5-a_videos/-R02rqkyxHc_1.mp4,prototype
-RTVD5tM__A_1,hot,6.0,sensation,CISLR_v1.5-a_videos/-RTVD5tM__A_1.mp4,prototype
-SVSp2VtfRw_1,tired,7.0,sensation,CISLR_v1.5-a_videos/-SVSp2VtfRw_1.mp4,prototype
-Sbg5dqo9cQ_1,undertaking,10.0,legal,CISLR_v1.5-a_videos/-Sbg5dqo9cQ_1.mp4,prototype
-Tfg5XTzi0c_1,complaint,7.0,process,CISLR_v1.5-a_videos/-Tfg5XTzi0c_1.mp4,prototype
-UjDGBnJuQE,basic,5.0,quality,CISLR_v1.5-a_videos/-UjDGBnJuQE.mp4,prototype
-V3IfRctpxQ_1,kilometer,7.0,metric,CISLR_v1.5-a_videos/-V3IfRctpxQ_1.mp4,prototype
-VvuJx-TroA_1,day after,6.0,time,CISLR_v1.5-a_videos/-VvuJx-TroA_1.mp4,prototype
-W13ICFg13E,calendar year,12.0,time,CISLR_v1.5-a_videos/-W13ICFg13E.mp4,prototype
-WuiIyEI6JU_1,prospectus,7.0,utility item,CISLR_v1.5-a_videos/-WuiIyEI6JU_1.mp4,prototype
-XHIq_olkt0,ripe,5.0,quality,CISLR_v1.5-a_videos/-XHIq_olkt0.mp4,prototype
-ZJNHmctH-g_2,neutral,10.0,physics,CISLR_v1.5-a_videos/-ZJNHmctH-g_2.mp4,prototype
-_axtLgdFao_1,diaeases,8.0,medical,CISLR_v1.5-a_videos/-_axtLgdFao_1.mp4,prototype
-_ecaCc5kEM_1,par - above,8.0,comparator,CISLR_v1.5-a_videos/-_ecaCc5kEM_1.mp4,prototype
-_ozohdfbV0,arrest,3.0,legal,CISLR_v1.5-a_videos/-_ozohdfbV0.mp4,prototype
-ayQ9-eEVPk,rafter,15.0,construction,CISLR_v1.5-a_videos/-ayQ9-eEVPk.mp4,prototype
-bUi5WuO58M_1,negligence,9.0,attribute,CISLR_v1.5-a_videos/-bUi5WuO58M_1.mp4,prototype
-cw3ySwZG-0_1,trouble,7.0,stage,CISLR_v1.5-a_videos/-cw3ySwZG-0_1.mp4,prototype
-erR2LqPMDo_1,insects,7.0,flora and fauna,CISLR_v1.5-a_videos/-erR2LqPMDo_1.mp4,prototype
-i21y0g32n8,family tree,14.0,group,CISLR_v1.5-a_videos/-i21y0g32n8.mp4,prototype
-i5XH3VNyZc_1,cobbler,7.0,profession,CISLR_v1.5-a_videos/-i5XH3VNyZc_1.mp4,prototype
-j9UB4-TMdw,blouse,6.0,wearable,CISLR_v1.5-a_videos/-j9UB4-TMdw.mp4,prototype
-js9xT4ze2M_1,difference,8.0,comparator,CISLR_v1.5-a_videos/-js9xT4ze2M_1.mp4,prototype
-kAnMQUsNqY,cancel,5.0,action,CISLR_v1.5-a_videos/-kAnMQUsNqY.mp4,prototype
-kNkN1zSAfc,sometimes,4.0,abstract,CISLR_v1.5-a_videos/-kNkN1zSAfc.mp4,prototype
-mGXVBz8pfs_1,criticize,6.0,action,CISLR_v1.5-a_videos/-mGXVBz8pfs_1.mp4,prototype
-nITY8LhYgc,iron,5.0,metal and minerals,CISLR_v1.5-a_videos/-nITY8LhYgc.mp4,prototype
-ntsKq84BZI_2,statlonary wave,10.0,physics,CISLR_v1.5-a_videos/-ntsKq84BZI_2.mp4,prototype
-oJL0D3n2e0,best,3.0,quality,CISLR_v1.5-a_videos/-oJL0D3n2e0.mp4,prototype
-oLpcbfuNIc_2,speclfic heat,8.0,physics,CISLR_v1.5-a_videos/-oLpcbfuNIc_2.mp4,prototype
-oy6L89CeWU_1,cry,7.0,behavior,CISLR_v1.5-a_videos/-oy6L89CeWU_1.mp4,prototype
-p-Uj-p_Gso,see you tomorrow,4.0,greeting,CISLR_v1.5-a_videos/-p-Uj-p_Gso.mp4,prototype
-pH80nLq8FY,table tennis,5.0,sport,CISLR_v1.5-a_videos/-pH80nLq8FY.mp4,prototype
-pOaEEbLhEY_1,invent,6.0,process,CISLR_v1.5-a_videos/-pOaEEbLhEY_1.mp4,prototype
-pc9BOR8QtA,panaji,4.0,geography,CISLR_v1.5-a_videos/-pc9BOR8QtA.mp4,prototype
-qAGBp1JAh4_1,ruler,6.0,utility item,CISLR_v1.5-a_videos/-qAGBp1JAh4_1.mp4,prototype
-qEvxlqG6xs_1,taxable,9.0,legal,CISLR_v1.5-a_videos/-qEvxlqG6xs_1.mp4,prototype
-qhN2FaYkUc,anonymous,4.0,abstract,CISLR_v1.5-a_videos/-qhN2FaYkUc.mp4,prototype
-qzWfnV26kw_1,with,6.0,abstract,CISLR_v1.5-a_videos/-qzWfnV26kw_1.mp4,prototype
-rahbCV2Pp4,understand,4.0,action,CISLR_v1.5-a_videos/-rahbCV2Pp4.mp4,prototype
-rwYVwVdHns_1,trust deed,8.0,banking,CISLR_v1.5-a_videos/-rwYVwVdHns_1.mp4,prototype
-s7h4Re7Atk_1,residence,9.0,construction,CISLR_v1.5-a_videos/-s7h4Re7Atk_1.mp4,prototype
-syzD8b7Uog,fork,5.0,utility item,CISLR_v1.5-a_videos/-syzD8b7Uog.mp4,prototype
-tXNpnzr08M,hack saw blade,7.0,instrument,CISLR_v1.5-a_videos/-tXNpnzr08M.mp4,prototype
-vcgtHff_po,motivate,4.0,action,CISLR_v1.5-a_videos/-vcgtHff_po.mp4,prototype
-wpVNpcGvFk,yellow flowered plants,11.0,attribute,CISLR_v1.5-a_videos/-wpVNpcGvFk.mp4,prototype
-x6DzWY7lmk,united nations,5.0,organisation,CISLR_v1.5-a_videos/-x6DzWY7lmk.mp4,prototype
-x6oHEcUExQ,subtract,4.0,math,CISLR_v1.5-a_videos/-x6oHEcUExQ.mp4,prototype
-xNmG6y1-9E,air vistara,6.0,transport,CISLR_v1.5-a_videos/-xNmG6y1-9E.mp4,prototype
-y-dWznF2js_1,rough,7.0,sensation,CISLR_v1.5-a_videos/-y-dWznF2js_1.mp4,prototype
0-pxIcGvk3w,brown,7.0,attribute,CISLR_v1.5-a_videos/0-pxIcGvk3w.mp4,prototype
01THMylW6Mw,lok janshakti party,4.0,politics,CISLR_v1.5-a_videos/01THMylW6Mw.mp4,prototype
01UZKDp47Ao_1,boil,6.0,action,CISLR_v1.5-a_videos/01UZKDp47Ao_1.mp4,prototype
039-5dIML0I_2,depth,9.0,attribute,CISLR_v1.5-a_videos/039-5dIML0I_2.mp4,prototype
03N4I9dc3RQ_1,spendthrift,7.0,action,CISLR_v1.5-a_videos/03N4I9dc3RQ_1.mp4,prototype
03UqtTd9opc,pani puri,5.0,foods and drinks,CISLR_v1.5-a_videos/03UqtTd9opc.mp4,prototype
04qLwQo-2MM,what is your name,4.0,abstract,CISLR_v1.5-a_videos/04qLwQo-2MM.mp4,prototype
06C4S0EBhBg_1,average,9.0,math,CISLR_v1.5-a_videos/06C4S0EBhBg_1.mp4,prototype
06FBQEEqthQ_1,seizure,10.0,medical,CISLR_v1.5-a_videos/06FBQEEqthQ_1.mp4,prototype
06lnhzFJMgo,idle talk,4.0,process,CISLR_v1.5-a_videos/06lnhzFJMgo.mp4,prototype
06tYXs9inPk_1,branch,6.0,flora and fauna,CISLR_v1.5-a_videos/06tYXs9inPk_1.mp4,test
07jCt4FqQxY,method,5.0,math,CISLR_v1.5-a_videos/07jCt4FqQxY.mp4,prototype
08E4Dr0zyKk_2,difference,7.0,comparator,CISLR_v1.5-a_videos/08E4Dr0zyKk_2.mp4,test
08z_-ESgSP0,bucket,5.0,utility item,CISLR_v1.5-a_videos/08z_-ESgSP0.mp4,prototype
09G-3IZyKrI_1,judge,6.0,authority,CISLR_v1.5-a_videos/09G-3IZyKrI_1.mp4,prototype
09qovLrSjow_1,whale,8.0,flora and fauna,CISLR_v1.5-a_videos/09qovLrSjow_1.mp4,prototype
0AH93vop9YA_1,frock,8.0,wearable,CISLR_v1.5-a_videos/0AH93vop9YA_1.mp4,prototype
0AUmueBrflo,notesheet,5.0,utility item,CISLR_v1.5-a_videos/0AUmueBrflo.mp4,prototype
0AW9acHJhNI,bharatiya janata party,3.0,politics,CISLR_v1.5-a_videos/0AW9acHJhNI.mp4,prototype
0BC8wWXW_wc,driver,5.0,profession,CISLR_v1.5-a_videos/0BC8wWXW_wc.mp4,prototype
0BOyMqB1KUQ_1,accommodation,11.0,construction,CISLR_v1.5-a_videos/0BOyMqB1KUQ_1.mp4,prototype
0C-nMsdpftw,designer,11.0,profession,CISLR_v1.5-a_videos/0C-nMsdpftw.mp4,prototype
0CUyYc1R3OA,colombia,4.0,geography,CISLR_v1.5-a_videos/0CUyYc1R3OA.mp4,prototype
0CvaaVM5mNs,leaders,14.0,authority,CISLR_v1.5-a_videos/0CvaaVM5mNs.mp4,prototype
0DYb-qL1t0A,tomorrow,3.0,time,CISLR_v1.5-a_videos/0DYb-qL1t0A.mp4,prototype
0DYcaZmhlkY,weather,7.0,weather,CISLR_v1.5-a_videos/0DYcaZmhlkY.mp4,prototype
0E2yd3OjjsU,movie,4.0,entertainment,CISLR_v1.5-a_videos/0E2yd3OjjsU.mp4,prototype
0EQEGldp9YA_1,footpath,7.0,construction,CISLR_v1.5-a_videos/0EQEGldp9YA_1.mp4,prototype
0ETSwMTLaac_2,attractive force,9.0,physics,CISLR_v1.5-a_videos/0ETSwMTLaac_2.mp4,prototype
0F7sYNf4uxU,put,4.0,action,CISLR_v1.5-a_videos/0F7sYNf4uxU.mp4,prototype
0FHckg-WrEo,diving,5.0,sport,CISLR_v1.5-a_videos/0FHckg-WrEo.mp4,prototype
0F_szwrQs1g_2,artificial,8.0,abstract,CISLR_v1.5-a_videos/0F_szwrQs1g_2.mp4,prototype
0G7Xo4NN4fk,polisher,14.0,profession,CISLR_v1.5-a_videos/0G7Xo4NN4fk.mp4,prototype
0GYeM3IGjn8_1,school bus,6.0,transport,CISLR_v1.5-a_videos/0GYeM3IGjn8_1.mp4,prototype
0HNvZZloffc_1,light,6.0,quantity,CISLR_v1.5-a_videos/0HNvZZloffc_1.mp4,prototype
0IF3Nx6idPQ_1,zonal,9.0,geography,CISLR_v1.5-a_videos/0IF3Nx6idPQ_1.mp4,prototype
0IQ02IKMzUk_1,torch,7.0,electronic and electrical,CISLR_v1.5-a_videos/0IQ02IKMzUk_1.mp4,prototype
0IhvPwnhGOg,national capital region,5.0,geography,CISLR_v1.5-a_videos/0IhvPwnhGOg.mp4,prototype
0JIsxA88oss_2,grey,9.0,colour,CISLR_v1.5-a_videos/0JIsxA88oss_2.mp4,prototype
0Kcn-1OPd84,reverse,3.0,abstract,CISLR_v1.5-a_videos/0Kcn-1OPd84.mp4,prototype
0KeSJQiRAgo_1,coolie,6.0,profession,CISLR_v1.5-a_videos/0KeSJQiRAgo_1.mp4,prototype
0LXJqXx8dVU,sari,4.0,wearable,CISLR_v1.5-a_videos/0LXJqXx8dVU.mp4,prototype
0N47JPzl2Ow_1,adjustment,11.0,metric,CISLR_v1.5-a_videos/0N47JPzl2Ow_1.mp4,prototype
0NMbSbEZ7G8_1,disappear,5.0,action,CISLR_v1.5-a_videos/0NMbSbEZ7G8_1.mp4,prototype
0NPpa4rNMoI_1,input,8.0,process,CISLR_v1.5-a_videos/0NPpa4rNMoI_1.mp4,prototype
0NUyw07V03g,promotion,4.0,organisation,CISLR_v1.5-a_videos/0NUyw07V03g.mp4,prototype
0O7xxbvMct0,institution,7.0,organisation,CISLR_v1.5-a_videos/0O7xxbvMct0.mp4,prototype
0OMlCdUKFSg,backdoor,4.0,miscellaneous object,CISLR_v1.5-a_videos/0OMlCdUKFSg.mp4,prototype
0OxY1muGJhc,godet,14.0,wearable,CISLR_v1.5-a_videos/0OxY1muGJhc.mp4,prototype
0PKQWh0-C8o,slip,4.0,action,CISLR_v1.5-a_videos/0PKQWh0-C8o.mp4,prototype
0PQM_cS1Jyg_1,funny,7.0,sensation,CISLR_v1.5-a_videos/0PQM_cS1Jyg_1.mp4,prototype
0PwKF0pTwpg,receipt,6.0,banking,CISLR_v1.5-a_videos/0PwKF0pTwpg.mp4,prototype
0QITb6bNnHc,hearing,4.0,sound,CISLR_v1.5-a_videos/0QITb6bNnHc.mp4,prototype
0Qk8-_ZEmHM_2,precaution,7.0,abstract,CISLR_v1.5-a_videos/0Qk8-_ZEmHM_2.mp4,prototype
0R6qq874H4c,propeller pump,15.0,instrument,CISLR_v1.5-a_videos/0R6qq874H4c.mp4,prototype
0REGTy6eqSc,team,4.0,group,CISLR_v1.5-a_videos/0REGTy6eqSc.mp4,prototype
0RIpHMSqV4c,bank of maharashtra,4.0,banking,CISLR_v1.5-a_videos/0RIpHMSqV4c.mp4,prototype
0RiCicL3Zg8_1,interest,9.0,banking,CISLR_v1.5-a_videos/0RiCicL3Zg8_1.mp4,prototype
0RlsG9iQ6rk_1,window dressing,8.0,banking,CISLR_v1.5-a_videos/0RlsG9iQ6rk_1.mp4,prototype
0TGJCFJv2iU,mahavir jayanti,4.0,event,CISLR_v1.5-a_videos/0TGJCFJv2iU.mp4,prototype
0ThvAhpHsDM,squirrel,4.0,flora and fauna,CISLR_v1.5-a_videos/0ThvAhpHsDM.mp4,prototype
0UyMbBSxbM4,minority,4.0,group,CISLR_v1.5-a_videos/0UyMbBSxbM4.mp4,prototype
0VSRJo2xZfI,breeds of poultry,11.0,flora and fauna,CISLR_v1.5-a_videos/0VSRJo2xZfI.mp4,prototype
0VvmrIYSsR0_1,marth,6.0,human,CISLR_v1.5-a_videos/0VvmrIYSsR0_1.mp4,prototype
0Xhmme0IrvU,mature,13.0,behavior,CISLR_v1.5-a_videos/0Xhmme0IrvU.mp4,prototype
0YIk1iTjDVY_1,monday,6.0,time,CISLR_v1.5-a_videos/0YIk1iTjDVY_1.mp4,prototype
0ZMXZUybS9M_1,until,6.0,time,CISLR_v1.5-a_videos/0ZMXZUybS9M_1.mp4,prototype
0_3gIUNTp8U,translate,4.0,action,CISLR_v1.5-a_videos/0_3gIUNTp8U.mp4,prototype
0_aBnLgwYuk,backdate,4.0,time,CISLR_v1.5-a_videos/0_aBnLgwYuk.mp4,prototype
0_dU4pT_Ch4,conference,5.0,group,CISLR_v1.5-a_videos/0_dU4pT_Ch4.mp4,prototype
0cLdo9cL7y4,full stomach,5.0,sensation,CISLR_v1.5-a_videos/0cLdo9cL7y4.mp4,prototype
0dz5Em9gsjk,sacrifice,4.0,action,CISLR_v1.5-a_videos/0dz5Em9gsjk.mp4,prototype
0eCFVHc06YA_1,bell,5.0,miscellaneous object,CISLR_v1.5-a_videos/0eCFVHc06YA_1.mp4,prototype
0eNooDbmED4,oviparous,13.0,biology,CISLR_v1.5-a_videos/0eNooDbmED4.mp4,prototype
0egx6MUyz0w,exporting graphics,15.0,computer,CISLR_v1.5-a_videos/0egx6MUyz0w.mp4,prototype
0fKqgIRvg-8,jharkhand,5.0,geography,CISLR_v1.5-a_videos/0fKqgIRvg-8.mp4,prototype
0fO9xNyE9eU_1,obedience,7.0,behavior,CISLR_v1.5-a_videos/0fO9xNyE9eU_1.mp4,prototype
0fdRLmUIlZE_2,indigo,10.0,colour,CISLR_v1.5-a_videos/0fdRLmUIlZE_2.mp4,prototype
0ggPraT35p0,ranveer singh,4.0,human,CISLR_v1.5-a_videos/0ggPraT35p0.mp4,prototype
0hEQ8ufcIQU,amritsar,4.0,geography,CISLR_v1.5-a_videos/0hEQ8ufcIQU.mp4,prototype
0hZluINun1Y,paraguay,3.0,geography,CISLR_v1.5-a_videos/0hZluINun1Y.mp4,prototype
0hhs7A5uf3E,vision,4.0,abstract,CISLR_v1.5-a_videos/0hhs7A5uf3E.mp4,prototype
0hkuayZghpM_1,circle,11.0,math,CISLR_v1.5-a_videos/0hkuayZghpM_1.mp4,prototype
0i1qCUd3BdM_1,increase,8.0,comparator,CISLR_v1.5-a_videos/0i1qCUd3BdM_1.mp4,test
0ijcVXYEvY8_2,tldal energy,9.0,physics,CISLR_v1.5-a_videos/0ijcVXYEvY8_2.mp4,prototype
0klM2u7dV9M,aam aadmi party,4.0,politics,CISLR_v1.5-a_videos/0klM2u7dV9M.mp4,prototype
0kr-oJWV_wI_2,circular motion,11.0,physics,CISLR_v1.5-a_videos/0kr-oJWV_wI_2.mp4,prototype
0lrX7s_3ScY,bowled out,4.0,sport,CISLR_v1.5-a_videos/0lrX7s_3ScY.mp4,prototype
0ly7tC51g_o_1,sundry debtors,9.0,group,CISLR_v1.5-a_videos/0ly7tC51g_o_1.mp4,prototype
0msmxYxchSc,meditate,7.0,action,CISLR_v1.5-a_videos/0msmxYxchSc.mp4,prototype
0nJrw8f2FLs_1,scold,6.0,action,CISLR_v1.5-a_videos/0nJrw8f2FLs_1.mp4,prototype
0nVI2GBhbUQ_1,particulars,10.0,attribute,CISLR_v1.5-a_videos/0nVI2GBhbUQ_1.mp4,prototype
0n_FeKAXjUI,manage,4.0,action,CISLR_v1.5-a_videos/0n_FeKAXjUI.mp4,prototype
0oJ_jMGRJCE,roof garden,8.0,construction,CISLR_v1.5-a_videos/0oJ_jMGRJCE.mp4,prototype
0oWHR36xnT8_1,this,5.0,relation,CISLR_v1.5-a_videos/0oWHR36xnT8_1.mp4,prototype
0p_iET-2TRw,pencil,4.0,utility item,CISLR_v1.5-a_videos/0p_iET-2TRw.mp4,test
0q7mwfrGneM_1,monday,5.0,time,CISLR_v1.5-a_videos/0q7mwfrGneM_1.mp4,test
0qDR-9wAiXk,diesel,6.0,transport,CISLR_v1.5-a_videos/0qDR-9wAiXk.mp4,prototype
0rN_yoKLCRw_1,vault,10.0,banking,CISLR_v1.5-a_videos/0rN_yoKLCRw_1.mp4,prototype
0sE5EMDNsDo,sorry,3.0,greeting,CISLR_v1.5-a_videos/0sE5EMDNsDo.mp4,prototype
0t5NaJwemgI_1,mother,9.0,relation,CISLR_v1.5-a_videos/0t5NaJwemgI_1.mp4,prototype
0tUzIPQ31n8_1,drop,6.0,action,CISLR_v1.5-a_videos/0tUzIPQ31n8_1.mp4,prototype
0uvuluJqqAM,listen,3.0,action,CISLR_v1.5-a_videos/0uvuluJqqAM.mp4,prototype
0vbtRdb9zTI_2,telephone,7.0,electronic and electrical,CISLR_v1.5-a_videos/0vbtRdb9zTI_2.mp4,prototype
0vx6xWIEP_0_1,night,6.0,time,CISLR_v1.5-a_videos/0vx6xWIEP_0_1.mp4,prototype
0wB165T8JuA,dirndl  skirt,13.0,wearable,CISLR_v1.5-a_videos/0wB165T8JuA.mp4,prototype
0wY8TKOu5z0_1,audiologist,7.0,profession,CISLR_v1.5-a_videos/0wY8TKOu5z0_1.mp4,prototype
0xVWH6F3Fz0,lose,4.0,sport,CISLR_v1.5-a_videos/0xVWH6F3Fz0.mp4,prototype
0xrgLBuhXG0,milter hat,8.0,wearable,CISLR_v1.5-a_videos/0xrgLBuhXG0.mp4,prototype
0xxg0V8sb3w_1,audit,10.0,banking,CISLR_v1.5-a_videos/0xxg0V8sb3w_1.mp4,prototype
0ykPPmSC3Wk,box pleats,6.0,wearable,CISLR_v1.5-a_videos/0ykPPmSC3Wk.mp4,prototype
0zTZkTkBAoU,world federation of the deaf youth section,4.0,organisation,CISLR_v1.5-a_videos/0zTZkTkBAoU.mp4,prototype
0zqOg8HwQiM,ball bearing,13.0,machine,CISLR_v1.5-a_videos/0zqOg8HwQiM.mp4,prototype
1-Zz07NcsKM,eleven,4.0,math,CISLR_v1.5-a_videos/1-Zz07NcsKM.mp4,prototype
1-wpwyfm1Mg_1,angry,7.0,emotion,CISLR_v1.5-a_videos/1-wpwyfm1Mg_1.mp4,prototype
10KuxOH6cYM_1,interest,7.0,behavior,CISLR_v1.5-a_videos/10KuxOH6cYM_1.mp4,test
11derBixy2I_1,day,5.0,time,CISLR_v1.5-a_videos/11derBixy2I_1.mp4,prototype
12zIYqZt4m8_1,person,9.0,human,CISLR_v1.5-a_videos/12zIYqZt4m8_1.mp4,prototype
14AboByr9GE_1,kind,8.0,behavior,CISLR_v1.5-a_videos/14AboByr9GE_1.mp4,prototype
14yNmnzY7X0_1,legal,8.0,legal,CISLR_v1.5-a_videos/14yNmnzY7X0_1.mp4,prototype
16P4ngMXeLM,4g,3.0,internet,CISLR_v1.5-a_videos/16P4ngMXeLM.mp4,prototype
17ar03dZ7bQ_1,security,9.0,legal,CISLR_v1.5-a_videos/17ar03dZ7bQ_1.mp4,prototype
17sdVu62Og4,cut  line,12.0,instrument,CISLR_v1.5-a_videos/17sdVu62Og4.mp4,prototype
181pBJw-eWg,july,4.0,time,CISLR_v1.5-a_videos/181pBJw-eWg.mp4,prototype
18NS94mBGS4,grow,5.0,time,CISLR_v1.5-a_videos/18NS94mBGS4.mp4,prototype
18Os6IiQRes_2,metre,8.0,metric,CISLR_v1.5-a_videos/18Os6IiQRes_2.mp4,prototype
18Wi03A6brU,national,4.0,geography,CISLR_v1.5-a_videos/18Wi03A6brU.mp4,prototype
18bO_HQbsF4_1,hurt,5.0,sensation,CISLR_v1.5-a_videos/18bO_HQbsF4_1.mp4,prototype
18f9RKQp4zw,resign,4.0,action,CISLR_v1.5-a_videos/18f9RKQp4zw.mp4,prototype
18hKLmAVIMg_1,june,6.0,time,CISLR_v1.5-a_videos/18hKLmAVIMg_1.mp4,prototype
1AId61ylQL0,v neck,9.0,wearable,CISLR_v1.5-a_videos/1AId61ylQL0.mp4,prototype
1B-XlHxT32g_1,parents,10.0,relation,CISLR_v1.5-a_videos/1B-XlHxT32g_1.mp4,prototype
1B3HK-qQTHI_1,share,7.0,action,CISLR_v1.5-a_videos/1B3HK-qQTHI_1.mp4,prototype
1B_wGNSS-uY,pink,6.0,abstract,CISLR_v1.5-a_videos/1B_wGNSS-uY.mp4,prototype
1CVlY8md0JI_1,hire charges,10.0,banking,CISLR_v1.5-a_videos/1CVlY8md0JI_1.mp4,prototype
1DMSk1W0LSY_1,amritsar,6.0,geography,CISLR_v1.5-a_videos/1DMSk1W0LSY_1.mp4,test
1EoEG8Pvc8Q,wifi,4.0,internet,CISLR_v1.5-a_videos/1EoEG8Pvc8Q.mp4,prototype
1F-Blrvtuos_2,south pole,12.0,geography,CISLR_v1.5-a_videos/1F-Blrvtuos_2.mp4,prototype
1FXtTMWGzMY_1,matchbox,7.0,miscellaneous object,CISLR_v1.5-a_videos/1FXtTMWGzMY_1.mp4,prototype
1FirQ_71-j0,ellipse tool,10.0,instrument,CISLR_v1.5-a_videos/1FirQ_71-j0.mp4,prototype
1FnNbApsiHg,poultry science,12.0,flora and fauna,CISLR_v1.5-a_videos/1FnNbApsiHg.mp4,prototype
1G3VZ_HWTWI,expertise,4.0,quality,CISLR_v1.5-a_videos/1G3VZ_HWTWI.mp4,prototype
1GJkBoBf-S0_1,stand,7.0,action,CISLR_v1.5-a_videos/1GJkBoBf-S0_1.mp4,prototype
1HI4TKdLMOw,sign,3.0,gesture,CISLR_v1.5-a_videos/1HI4TKdLMOw.mp4,prototype
1IQ2ygYhtG0_1,pure,7.0,attribute,CISLR_v1.5-a_videos/1IQ2ygYhtG0_1.mp4,prototype
1IZPvJn7an0,discuss,5.0,process,CISLR_v1.5-a_videos/1IZPvJn7an0.mp4,prototype
1Ih8aIET1t8,air deccan,5.0,transport,CISLR_v1.5-a_videos/1Ih8aIET1t8.mp4,prototype
1KCDw7XLgU0,mahavir jayanti,4.0,event,CISLR_v1.5-a_videos/1KCDw7XLgU0.mp4,test
1L1W-NyiguQ_1,mouth,8.0,biology,CISLR_v1.5-a_videos/1L1W-NyiguQ_1.mp4,prototype
1MKJ9LGRot8_1,race,6.0,event,CISLR_v1.5-a_videos/1MKJ9LGRot8_1.mp4,prototype
1MPaj2JcH1c,kotak mahindra bank,5.0,banking,CISLR_v1.5-a_videos/1MPaj2JcH1c.mp4,prototype
1Mh8DMTca88,tap,5.0,utility item,CISLR_v1.5-a_videos/1Mh8DMTca88.mp4,prototype
1N2-vwG1gMs_1,elbow,7.0,biology,CISLR_v1.5-a_videos/1N2-vwG1gMs_1.mp4,prototype
1NNgGxZWunM_2,semi solid,8.0,math,CISLR_v1.5-a_videos/1NNgGxZWunM_2.mp4,prototype
1NcamL3P63A,safe,4.0,attribute,CISLR_v1.5-a_videos/1NcamL3P63A.mp4,prototype
1NqEYBhtmZE,sign,5.0,gesture,CISLR_v1.5-a_videos/1NqEYBhtmZE.mp4,test
1O3tCXovrw8,humid,5.0,weather,CISLR_v1.5-a_videos/1O3tCXovrw8.mp4,prototype
1O9PueJaMDw_1,dhothi,7.0,wearable,CISLR_v1.5-a_videos/1O9PueJaMDw_1.mp4,prototype
1OGWcDShnx4_1,lorry,6.0,transport,CISLR_v1.5-a_videos/1OGWcDShnx4_1.mp4,prototype
1OPTSnDAImg,private,5.0,attribute,CISLR_v1.5-a_videos/1OPTSnDAImg.mp4,prototype
1OZTqBF7fFg,deposit slip,8.0,banking,CISLR_v1.5-a_videos/1OZTqBF7fFg.mp4,prototype
1PVMa5B3rMs,soup,5.0,foods and drinks,CISLR_v1.5-a_videos/1PVMa5B3rMs.mp4,prototype
1QOS_slPJS4,device setting,9.0,electronic and electrical,CISLR_v1.5-a_videos/1QOS_slPJS4.mp4,prototype
1R3n6vTHqzs_1,it,6.0,language,CISLR_v1.5-a_videos/1R3n6vTHqzs_1.mp4,prototype
1Rdm3h9voMQ_1,nepal,6.0,geography,CISLR_v1.5-a_videos/1Rdm3h9voMQ_1.mp4,prototype
1RxiKpQqaJM,online banking,5.0,banking,CISLR_v1.5-a_videos/1RxiKpQqaJM.mp4,prototype
1SPhtgudjI4_1,year of harvest,8.0,time,CISLR_v1.5-a_videos/1SPhtgudjI4_1.mp4,prototype
1STccvjvCKQ,selfish,3.0,behavior,CISLR_v1.5-a_videos/1STccvjvCKQ.mp4,prototype
1SWHwkSeN5M,assume,6.0,action,CISLR_v1.5-a_videos/1SWHwkSeN5M.mp4,prototype
1SkZMNfDITQ,hard drive,5.0,electronic and electrical,CISLR_v1.5-a_videos/1SkZMNfDITQ.mp4,prototype
1T-rlcPbebo,hygiene,5.0,attribute,CISLR_v1.5-a_videos/1T-rlcPbebo.mp4,prototype
1TZXeenr980_1,hope,7.0,action,CISLR_v1.5-a_videos/1TZXeenr980_1.mp4,prototype
1TiirpYN_W8,line,6.0,math,CISLR_v1.5-a_videos/1TiirpYN_W8.mp4,prototype
1ULJICYKp4E,grammar,5.0,language,CISLR_v1.5-a_videos/1ULJICYKp4E.mp4,prototype
1VHhWnMU21Y,ninth,6.0,math,CISLR_v1.5-a_videos/1VHhWnMU21Y.mp4,prototype
1VMQKUMCDqc,yoke,9.0,wearable,CISLR_v1.5-a_videos/1VMQKUMCDqc.mp4,prototype
1VYE8MAF6yY_1,hanuman,6.0,religious,CISLR_v1.5-a_videos/1VYE8MAF6yY_1.mp4,prototype
1XEZmymH4e4,pisciculture,13.0,biology,CISLR_v1.5-a_videos/1XEZmymH4e4.mp4,prototype
1XFe7SCIQKw,anonymous,15.0,abstract,CISLR_v1.5-a_videos/1XFe7SCIQKw.mp4,test
1XGaQTl0iQs_1,draftsmen,7.0,profession,CISLR_v1.5-a_videos/1XGaQTl0iQs_1.mp4,prototype
1XLi2MXWjGc_1,today,6.0,time,CISLR_v1.5-a_videos/1XLi2MXWjGc_1.mp4,prototype
1Xr-mIMAgvY,ground water,11.0,substance,CISLR_v1.5-a_videos/1Xr-mIMAgvY.mp4,prototype
1Zy29R7mOcM,suffer,5.0,action,CISLR_v1.5-a_videos/1Zy29R7mOcM.mp4,prototype
1_PI2OxnryQ_1,gas stove,7.0,instrument,CISLR_v1.5-a_videos/1_PI2OxnryQ_1.mp4,prototype
1aZYCh3HDZY,before,4.0,spatial position,CISLR_v1.5-a_videos/1aZYCh3HDZY.mp4,prototype
1d0uOp_sG00,kidney cancer renal cell,4.0,biology,CISLR_v1.5-a_videos/1d0uOp_sG00.mp4,prototype
1d6PKNBVh04,sample,5.0,abstract,CISLR_v1.5-a_videos/1d6PKNBVh04.mp4,prototype
1dsbO78Qh5I,ready,4.0,abstract,CISLR_v1.5-a_videos/1dsbO78Qh5I.mp4,prototype
1dzqHHOtvXI,vietnam,3.0,geography,CISLR_v1.5-a_videos/1dzqHHOtvXI.mp4,prototype
1eodwdZ3isc,deadline,3.0,time,CISLR_v1.5-a_videos/1eodwdZ3isc.mp4,prototype
1f6OchgCQrE,me,5.0,human,CISLR_v1.5-a_videos/1f6OchgCQrE.mp4,prototype
1gZ9QlblgGs_1,syndication,10.0,commerce,CISLR_v1.5-a_videos/1gZ9QlblgGs_1.mp4,prototype
1h164VbpnFo_1,pay,7.0,banking,CISLR_v1.5-a_videos/1h164VbpnFo_1.mp4,prototype
1hBXvK7TuNo_1,prime minister,7.0,authority,CISLR_v1.5-a_videos/1hBXvK7TuNo_1.mp4,prototype
1hghU7py9HI_1,corruption,7.0,legal,CISLR_v1.5-a_videos/1hghU7py9HI_1.mp4,prototype
1hobNL7ofvg_2,resonance,11.0,sound,CISLR_v1.5-a_videos/1hobNL7ofvg_2.mp4,prototype
1hzdxU-RztQ_1,mountain,9.0,geography,CISLR_v1.5-a_videos/1hzdxU-RztQ_1.mp4,prototype
1iCtgbRsFnE,popcorn,5.0,foods and drinks,CISLR_v1.5-a_videos/1iCtgbRsFnE.mp4,prototype
1iZij0vXGiQ_1,client,15.0,human,CISLR_v1.5-a_videos/1iZij0vXGiQ_1.mp4,prototype
1iqG_Rkp7f0,volkswagen,4.0,organisation,CISLR_v1.5-a_videos/1iqG_Rkp7f0.mp4,prototype
1js4OwpNYrc,attitude,4.0,behavior,CISLR_v1.5-a_videos/1js4OwpNYrc.mp4,prototype
1kJrmgJ0EMs,all india foundation of deaf women,4.0,organisation,CISLR_v1.5-a_videos/1kJrmgJ0EMs.mp4,prototype
1kRjJqOY1q0_1,double entry,11.0,banking,CISLR_v1.5-a_videos/1kRjJqOY1q0_1.mp4,prototype
1kasuHeFIuw,language,3.0,language,CISLR_v1.5-a_videos/1kasuHeFIuw.mp4,prototype
1lGwbhBsuu4,backache,8.0,medical,CISLR_v1.5-a_videos/1lGwbhBsuu4.mp4,prototype
1leH92mkoBI_1,snakes,6.0,flora and fauna,CISLR_v1.5-a_videos/1leH92mkoBI_1.mp4,prototype
1mWlliCFyxM,escape,4.0,action,CISLR_v1.5-a_videos/1mWlliCFyxM.mp4,prototype
1nnXT-QVPpI_1,wrestling,6.0,sport,CISLR_v1.5-a_videos/1nnXT-QVPpI_1.mp4,prototype
1ocgYJL04To_1,skirt,7.0,wearable,CISLR_v1.5-a_videos/1ocgYJL04To_1.mp4,prototype
1p0Yw8NfadM_1,balance,8.0,banking,CISLR_v1.5-a_videos/1p0Yw8NfadM_1.mp4,prototype
1pTz3GSNi6w_1,elbow,8.0,biology,CISLR_v1.5-a_videos/1pTz3GSNi6w_1.mp4,test
1qV27cyAjEY,insect,7.0,flora and fauna,CISLR_v1.5-a_videos/1qV27cyAjEY.mp4,prototype
1rPm_3Csg8M_1,stock closing,9.0,banking,CISLR_v1.5-a_videos/1rPm_3Csg8M_1.mp4,prototype
1rjhkQSKHSI,gold,4.0,metal and minerals,CISLR_v1.5-a_videos/1rjhkQSKHSI.mp4,prototype
1s1-9Ve6LN8_1,thief,6.0,profession,CISLR_v1.5-a_videos/1s1-9Ve6LN8_1.mp4,prototype
1s1kck3BMLM,gulab jamun,5.0,foods and drinks,CISLR_v1.5-a_videos/1s1kck3BMLM.mp4,prototype
1sZ4BSOC8nc,grandmother,5.0,relation,CISLR_v1.5-a_videos/1sZ4BSOC8nc.mp4,prototype
1tA9YYn3oys,e office portal,9.0,internet,CISLR_v1.5-a_videos/1tA9YYn3oys.mp4,prototype
1tIRnOnG1LI_1,tuberculosis,9.0,medical,CISLR_v1.5-a_videos/1tIRnOnG1LI_1.mp4,prototype
1tRmBdfaCwQ,reward,4.0,miscellaneous object,CISLR_v1.5-a_videos/1tRmBdfaCwQ.mp4,prototype
1tst7-aazJo,warn,3.0,action,CISLR_v1.5-a_videos/1tst7-aazJo.mp4,prototype
1tyx9hWefCk,similar,5.0,comparator,CISLR_v1.5-a_videos/1tyx9hWefCk.mp4,prototype
1uQyCwx-fEE_1,announce,6.0,action,CISLR_v1.5-a_videos/1uQyCwx-fEE_1.mp4,prototype
1uiUwkOZyis,milk bottle,5.0,utility item,CISLR_v1.5-a_videos/1uiUwkOZyis.mp4,prototype
1vIbJ1xeH6c_1,berth,8.0,transport,CISLR_v1.5-a_videos/1vIbJ1xeH6c_1.mp4,prototype
1vPiHLNlbBw,engineer,5.0,profession,CISLR_v1.5-a_videos/1vPiHLNlbBw.mp4,prototype
1vj0PwGPGss,death certificate,3.0,readable,CISLR_v1.5-a_videos/1vj0PwGPGss.mp4,prototype
1vjgq4r7OQs,lacing,11.0,process,CISLR_v1.5-a_videos/1vjgq4r7OQs.mp4,prototype
1vpIZUFKZpQ,lunch,3.0,foods and drinks,CISLR_v1.5-a_videos/1vpIZUFKZpQ.mp4,prototype
1wTikbR4vsE,scared,4.0,emotion,CISLR_v1.5-a_videos/1wTikbR4vsE.mp4,prototype
1wVR6wsoIfw_2,complete,8.0,process,CISLR_v1.5-a_videos/1wVR6wsoIfw_2.mp4,prototype
1w_bYsmoFKA,email,4.0,internet,CISLR_v1.5-a_videos/1w_bYsmoFKA.mp4,prototype
1wmnjSPpUHs,calculator,5.0,math,CISLR_v1.5-a_videos/1wmnjSPpUHs.mp4,prototype
1x9a9JTehm8,dissent,5.0,action,CISLR_v1.5-a_videos/1x9a9JTehm8.mp4,prototype
1xOrQM7AP9g,vector graphics,8.0,computer,CISLR_v1.5-a_videos/1xOrQM7AP9g.mp4,prototype
1xTATM3v8k4,umbrella,3.0,utility item,CISLR_v1.5-a_videos/1xTATM3v8k4.mp4,prototype
1yVn9e5zDKU,isl,5.0,language,CISLR_v1.5-a_videos/1yVn9e5zDKU.mp4,prototype
1yd6Uo25Ge0_1,hate,7.0,emotion,CISLR_v1.5-a_videos/1yd6Uo25Ge0_1.mp4,prototype
1yd8COXSRrg_2,simultaneous,10.0,time,CISLR_v1.5-a_videos/1yd8COXSRrg_2.mp4,prototype
1z5RuDOokzk,guilt,5.0,emotion,CISLR_v1.5-a_videos/1z5RuDOokzk.mp4,prototype
1zOTclxTpZ0_1,drive,6.0,transport,CISLR_v1.5-a_videos/1zOTclxTpZ0_1.mp4,prototype
2-0sLH5bX0k,oriya,6.0,language,CISLR_v1.5-a_videos/2-0sLH5bX0k.mp4,prototype
2-6FnMinc3U,knife,5.0,utility item,CISLR_v1.5-a_videos/2-6FnMinc3U.mp4,prototype
2-VcJVXUBKw_1,leave compensatory,10.0,profession,CISLR_v1.5-a_videos/2-VcJVXUBKw_1.mp4,prototype
2-YiNRKp7xI,legged robots,13.0,electronic and electrical,CISLR_v1.5-a_videos/2-YiNRKp7xI.mp4,prototype
2-oX2aeeV9M,welding hand screen,6.0,miscellaneous object,CISLR_v1.5-a_videos/2-oX2aeeV9M.mp4,prototype
203WGsHFjhI,divorce,6.0,legal,CISLR_v1.5-a_videos/203WGsHFjhI.mp4,prototype
20ZBNdEFT6c_1,police,6.0,profession,CISLR_v1.5-a_videos/20ZBNdEFT6c_1.mp4,prototype
21Y0f3QHoKo,rupee,5.0,banking,CISLR_v1.5-a_videos/21Y0f3QHoKo.mp4,prototype
23L4Zan3GuY,shaving razor,4.0,utility item,CISLR_v1.5-a_videos/23L4Zan3GuY.mp4,prototype
23kjqyecBwE,fine,4.0,emotion,CISLR_v1.5-a_videos/23kjqyecBwE.mp4,prototype
25Ju8FP3zV8,parliament,5.0,legal,CISLR_v1.5-a_videos/25Ju8FP3zV8.mp4,prototype
267RgFdcIM8_2,mho,9.0,metric,CISLR_v1.5-a_videos/267RgFdcIM8_2.mp4,prototype
26vEFQYbzvc,krishna,5.0,religious,CISLR_v1.5-a_videos/26vEFQYbzvc.mp4,prototype
27q3W_M38Ts_1,flood,9.0,event,CISLR_v1.5-a_videos/27q3W_M38Ts_1.mp4,prototype
299nspHeeag_2,colllsion,8.0,physics,CISLR_v1.5-a_videos/299nspHeeag_2.mp4,prototype
2AGfP7x3obk_1,sit,7.0,action,CISLR_v1.5-a_videos/2AGfP7x3obk_1.mp4,prototype
2BI51rfBot0_1,decrease,9.0,comparator,CISLR_v1.5-a_videos/2BI51rfBot0_1.mp4,prototype
2CbOSGxS80s,video relay service,4.0,electronic and electrical,CISLR_v1.5-a_videos/2CbOSGxS80s.mp4,prototype
2Cf1btUy1NI,nephew,5.0,relation,CISLR_v1.5-a_videos/2Cf1btUy1NI.mp4,prototype
2CjHiFW898s,jasminum sambac,9.0,flora and fauna,CISLR_v1.5-a_videos/2CjHiFW898s.mp4,prototype
2CrAogKMFeo_1,balcony,9.0,construction,CISLR_v1.5-a_videos/2CrAogKMFeo_1.mp4,prototype
2DAexoF0SsA_1,thief,6.0,profession,CISLR_v1.5-a_videos/2DAexoF0SsA_1.mp4,test
2DspG3QZfrU,taste,14.0,sensation,CISLR_v1.5-a_videos/2DspG3QZfrU.mp4,prototype
2EgTWnIIS3Q_1,matchbox,8.0,miscellaneous object,CISLR_v1.5-a_videos/2EgTWnIIS3Q_1.mp4,test
2GL0HkOQVmA,shy,4.0,behavior,CISLR_v1.5-a_videos/2GL0HkOQVmA.mp4,prototype
2GS4eJRYIi8,get up,4.0,process,CISLR_v1.5-a_videos/2GS4eJRYIi8.mp4,prototype
2GYl9B7mF4A_2,straight,8.0,spatial position,CISLR_v1.5-a_videos/2GYl9B7mF4A_2.mp4,prototype
2HZkAQx4QXg_1,laboratary,8.0,education,CISLR_v1.5-a_videos/2HZkAQx4QXg_1.mp4,prototype
2Hp-Yy2Qwn0_1,suspend,11.0,legal,CISLR_v1.5-a_videos/2Hp-Yy2Qwn0_1.mp4,prototype
2JY-9q3ehfY,ladder,6.0,transport,CISLR_v1.5-a_videos/2JY-9q3ehfY.mp4,test
2KrNWzeY_dU,paytm payments bank,6.0,banking,CISLR_v1.5-a_videos/2KrNWzeY_dU.mp4,prototype
2LLe-kRAu0o,inauguration,4.0,event,CISLR_v1.5-a_videos/2LLe-kRAu0o.mp4,prototype
2L_H8HYM5hE,accounts,4.0,banking,CISLR_v1.5-a_videos/2L_H8HYM5hE.mp4,prototype
2MlaLGpWk74,keying,14.0,action,CISLR_v1.5-a_videos/2MlaLGpWk74.mp4,prototype
2MvrW4Vw7ZU,indigo,6.0,colour,CISLR_v1.5-a_videos/2MvrW4Vw7ZU.mp4,test
2NNiSDCb0ek_1,deaf,7.0,medical,CISLR_v1.5-a_videos/2NNiSDCb0ek_1.mp4,prototype
2OZj2Tt8dAA_1,sugar,6.0,foods and drinks,CISLR_v1.5-a_videos/2OZj2Tt8dAA_1.mp4,prototype
2Os6w6jmxIg,scissors,4.0,utility item,CISLR_v1.5-a_videos/2Os6w6jmxIg.mp4,prototype
2PcBSQ4A8XM,parrot,5.0,flora and fauna,CISLR_v1.5-a_videos/2PcBSQ4A8XM.mp4,prototype
2QrMULTorPY,meghalaya,4.0,geography,CISLR_v1.5-a_videos/2QrMULTorPY.mp4,prototype
2R_HbT1AO0c,flush door,5.0,construction,CISLR_v1.5-a_videos/2R_HbT1AO0c.mp4,prototype
2SBugE72qbg_1,nose,8.0,biology,CISLR_v1.5-a_videos/2SBugE72qbg_1.mp4,prototype
2U643_QFXA8_2,engine,9.0,machine,CISLR_v1.5-a_videos/2U643_QFXA8_2.mp4,prototype
2UL2iPLFUTE,rank,5.0,organisation,CISLR_v1.5-a_videos/2UL2iPLFUTE.mp4,prototype
2VUCXrEllWo_1,ghee,6.0,foods and drinks,CISLR_v1.5-a_videos/2VUCXrEllWo_1.mp4,prototype
2VssiV_sEIo,burden,15.0,emotion,CISLR_v1.5-a_videos/2VssiV_sEIo.mp4,prototype
2WBsjTVGFDw_1,thursday,6.0,time,CISLR_v1.5-a_videos/2WBsjTVGFDw_1.mp4,prototype
2WzVp7AncT4_2,coherent,7.0,physics,CISLR_v1.5-a_videos/2WzVp7AncT4_2.mp4,prototype
2XXjH0ZsdTg_1,heavy,7.0,attribute,CISLR_v1.5-a_videos/2XXjH0ZsdTg_1.mp4,prototype
2XbRuRKOfRE,kuwait,4.0,geography,CISLR_v1.5-a_videos/2XbRuRKOfRE.mp4,prototype
2ZARB_EzwH4_1,term of office,11.0,legal,CISLR_v1.5-a_videos/2ZARB_EzwH4_1.mp4,prototype
2ZMZ0wFUmdI_1,toothbrush,7.0,utility item,CISLR_v1.5-a_videos/2ZMZ0wFUmdI_1.mp4,prototype
2bDOqi4YXtI,paragraph,4.0,language,CISLR_v1.5-a_videos/2bDOqi4YXtI.mp4,prototype
2bxNtdmwWmo_1,salary,8.0,banking,CISLR_v1.5-a_videos/2bxNtdmwWmo_1.mp4,prototype
2c8it0IZnyw_1,miss,5.0,emotion,CISLR_v1.5-a_videos/2c8it0IZnyw_1.mp4,prototype
2cCGTlNYZCQ,manipur,4.0,geography,CISLR_v1.5-a_videos/2cCGTlNYZCQ.mp4,prototype
2cDgDbxkXFE,parents,4.0,relation,CISLR_v1.5-a_videos/2cDgDbxkXFE.mp4,test
2cNWWG800gc_1,memo,7.0,legal,CISLR_v1.5-a_videos/2cNWWG800gc_1.mp4,prototype
2cW9Z4UPvgA_1,bill,7.0,banking,CISLR_v1.5-a_videos/2cW9Z4UPvgA_1.mp4,prototype
2dd7JFwQPh0,permanent,4.0,attribute,CISLR_v1.5-a_videos/2dd7JFwQPh0.mp4,prototype
2e5SUxTjVvI,delhi,4.0,geography,CISLR_v1.5-a_videos/2e5SUxTjVvI.mp4,prototype
2gAXTX3_db8_1,servant,7.0,profession,CISLR_v1.5-a_videos/2gAXTX3_db8_1.mp4,prototype
2iB4Rwtng94,albania,4.0,geography,CISLR_v1.5-a_videos/2iB4Rwtng94.mp4,prototype
2iWRUv6eMls,twenty,4.0,quantity,CISLR_v1.5-a_videos/2iWRUv6eMls.mp4,prototype
2ieSeOjAJZE,dustbin,5.0,utility item,CISLR_v1.5-a_videos/2ieSeOjAJZE.mp4,prototype
2kHyMlPqHpg_1,majority,9.0,quantity,CISLR_v1.5-a_videos/2kHyMlPqHpg_1.mp4,prototype
2kg98yjEHcE,summon,11.0,legal,CISLR_v1.5-a_videos/2kg98yjEHcE.mp4,prototype
2kiOvqNPlEE,soldier,5.0,profession,CISLR_v1.5-a_videos/2kiOvqNPlEE.mp4,prototype
2lPUKkvlZvE,mean,4.0,behavior,CISLR_v1.5-a_videos/2lPUKkvlZvE.mp4,prototype
2lX7iTDBWP8_1,april,6.0,time,CISLR_v1.5-a_videos/2lX7iTDBWP8_1.mp4,prototype
2mKv8y9bYI0,powerlines,10.0,electronic and electrical,CISLR_v1.5-a_videos/2mKv8y9bYI0.mp4,prototype
2mZBDcRjP-Q_1,weaver,6.0,profession,CISLR_v1.5-a_videos/2mZBDcRjP-Q_1.mp4,prototype
2nQwUc_jbRY_1,stars,7.0,astronomical,CISLR_v1.5-a_videos/2nQwUc_jbRY_1.mp4,prototype
2oHjc0njDdo,election,5.0,event,CISLR_v1.5-a_videos/2oHjc0njDdo.mp4,prototype
2oYEEIt4HFs,each,4.0,quantity,CISLR_v1.5-a_videos/2oYEEIt4HFs.mp4,prototype
2p00fwBvXEs_1,state,5.0,geography,CISLR_v1.5-a_videos/2p00fwBvXEs_1.mp4,prototype
2pjUxRe91qU_1,teeth,7.0,biology,CISLR_v1.5-a_videos/2pjUxRe91qU_1.mp4,prototype
2praG1zS_-c_1,breathe,8.0,action,CISLR_v1.5-a_videos/2praG1zS_-c_1.mp4,prototype
2qRR4hQZAdA_1,change,4.0,action,CISLR_v1.5-a_videos/2qRR4hQZAdA_1.mp4,prototype
2qV_PsuKKvE_1,peteti,8.0,event,CISLR_v1.5-a_videos/2qV_PsuKKvE_1.mp4,prototype
2tX3eQTM1Lc_2,colour filter,12.0,colour,CISLR_v1.5-a_videos/2tX3eQTM1Lc_2.mp4,prototype
2tawxaYAZcA,panama,3.0,geography,CISLR_v1.5-a_videos/2tawxaYAZcA.mp4,prototype
2tp3AspW6TA,karnataka,4.0,geography,CISLR_v1.5-a_videos/2tp3AspW6TA.mp4,prototype
2u2aH81FDWM,preposition,7.0,language,CISLR_v1.5-a_videos/2u2aH81FDWM.mp4,prototype
2uRtqd5Mxmc,riverine,15.0,geography,CISLR_v1.5-a_videos/2uRtqd5Mxmc.mp4,prototype
2vUvW-0XfUE,bharatiya janata party,4.0,politics,CISLR_v1.5-a_videos/2vUvW-0XfUE.mp4,test
2vdw_PjA8FE,role,4.0,action,CISLR_v1.5-a_videos/2vdw_PjA8FE.mp4,prototype
2vfL9h_KiJE_1,peon,7.0,profession,CISLR_v1.5-a_videos/2vfL9h_KiJE_1.mp4,prototype
2w6c7g7ZPKo_1,labourer,9.0,profession,CISLR_v1.5-a_videos/2w6c7g7ZPKo_1.mp4,prototype
2wA4J_9FFIc_1,foot,7.0,biology,CISLR_v1.5-a_videos/2wA4J_9FFIc_1.mp4,prototype
2yARXoO8Nrg_2,amount,8.0,metric,CISLR_v1.5-a_videos/2yARXoO8Nrg_2.mp4,prototype
2yDcFJQ3t8Y,zebra crossing,6.0,transport,CISLR_v1.5-a_videos/2yDcFJQ3t8Y.mp4,prototype
2yJXBFhvqk0_1,shop,6.0,action,CISLR_v1.5-a_videos/2yJXBFhvqk0_1.mp4,prototype
2yqiuXXxZ3Y_1,cheque postdated,12.0,banking,CISLR_v1.5-a_videos/2yqiuXXxZ3Y_1.mp4,prototype
2zv3MpREUNA,private secretaryps,14.0,profession,CISLR_v1.5-a_videos/2zv3MpREUNA.mp4,prototype
3-JaJnYcae8_1,durga,6.0,religious,CISLR_v1.5-a_videos/3-JaJnYcae8_1.mp4,prototype
30OIyeGhcQM,swallow,7.0,biology,CISLR_v1.5-a_videos/30OIyeGhcQM.mp4,prototype
31IAr_rm054_1,face,7.0,biology,CISLR_v1.5-a_videos/31IAr_rm054_1.mp4,prototype
31l98A8z-h4,sikhism,4.0,religious,CISLR_v1.5-a_videos/31l98A8z-h4.mp4,prototype
32OshNWYUgE_1,evening,7.0,time,CISLR_v1.5-a_videos/32OshNWYUgE_1.mp4,prototype
32SWjSJrL0s_1,spot exchange,8.0,banking,CISLR_v1.5-a_videos/32SWjSJrL0s_1.mp4,prototype
33mc9fTI8tE_1,goods,10.0,utility item,CISLR_v1.5-a_videos/33mc9fTI8tE_1.mp4,prototype
33nznChivz8_1,hang,6.0,action,CISLR_v1.5-a_videos/33nznChivz8_1.mp4,prototype
34UjBeye-E0_1,advertisement,7.0,internet,CISLR_v1.5-a_videos/34UjBeye-E0_1.mp4,prototype
34WMjwYFdsI,dissent,5.0,action,CISLR_v1.5-a_videos/34WMjwYFdsI.mp4,test
36-jdo8Gt4o,sun,3.0,astronomical,CISLR_v1.5-a_videos/36-jdo8Gt4o.mp4,prototype
37KfHOkm_mM_1,lnaugurate,7.0,process,CISLR_v1.5-a_videos/37KfHOkm_mM_1.mp4,prototype
37bLyyxKZKs,punish,4.0,action,CISLR_v1.5-a_videos/37bLyyxKZKs.mp4,prototype
37i_Xt_w0Rs,capable,6.0,attribute,CISLR_v1.5-a_videos/37i_Xt_w0Rs.mp4,prototype
37z5dnLqYms,ovi viviparous,15.0,biology,CISLR_v1.5-a_videos/37z5dnLqYms.mp4,prototype
380a54uCumQ,bike suspension,9.0,machine,CISLR_v1.5-a_videos/380a54uCumQ.mp4,prototype
38_FvLAz4Lo_1,police,7.0,profession,CISLR_v1.5-a_videos/38_FvLAz4Lo_1.mp4,test
38hLbeCJAtA_1,decrease,6.0,comparator,CISLR_v1.5-a_videos/38hLbeCJAtA_1.mp4,test
39tZrKjvdQM,hard,5.0,quality,CISLR_v1.5-a_videos/39tZrKjvdQM.mp4,prototype
3Azhh428me8,october,5.0,time,CISLR_v1.5-a_videos/3Azhh428me8.mp4,prototype
3BJDzOlCGcc_1,down,5.0,spatial position,CISLR_v1.5-a_videos/3BJDzOlCGcc_1.mp4,prototype
3DOyNnKRg0c_1,tribal,8.0,group,CISLR_v1.5-a_videos/3DOyNnKRg0c_1.mp4,prototype
3DSsRKPkiGI,nappy,6.0,utility item,CISLR_v1.5-a_videos/3DSsRKPkiGI.mp4,prototype
3DVy0Znsfj0_1,title,12.0,attribute,CISLR_v1.5-a_videos/3DVy0Znsfj0_1.mp4,prototype
3DeQ1zZ5pjo_1,delhi,6.0,geography,CISLR_v1.5-a_videos/3DeQ1zZ5pjo_1.mp4,test
3ETJPlFTcwk_1,spilt,7.0,action,CISLR_v1.5-a_videos/3ETJPlFTcwk_1.mp4,prototype
3EU1DcenjJw,tripura,5.0,geography,CISLR_v1.5-a_videos/3EU1DcenjJw.mp4,prototype
3Eq8FeSFJpY,scan,5.0,action,CISLR_v1.5-a_videos/3Eq8FeSFJpY.mp4,prototype
3FY7bYQBJ8M,alcohol,4.0,foods and drinks,CISLR_v1.5-a_videos/3FY7bYQBJ8M.mp4,prototype
3FhNDV9UDzc,ruthless,5.0,behavior,CISLR_v1.5-a_videos/3FhNDV9UDzc.mp4,prototype
3FlXNEmG6h0,lemon,5.0,foods and drinks,CISLR_v1.5-a_videos/3FlXNEmG6h0.mp4,prototype
3GbJlbAKUy8_2,erect,6.0,attribute,CISLR_v1.5-a_videos/3GbJlbAKUy8_2.mp4,prototype
3GlZqV3RSp0,jump,6.0,process,CISLR_v1.5-a_videos/3GlZqV3RSp0.mp4,prototype
3HMUM-9pQj0,archery,4.0,sport,CISLR_v1.5-a_videos/3HMUM-9pQj0.mp4,prototype
3I1fwIgGXv8,name,3.0,language,CISLR_v1.5-a_videos/3I1fwIgGXv8.mp4,prototype
3I2-zG4Ymb4,force,4.0,physics,CISLR_v1.5-a_videos/3I2-zG4Ymb4.mp4,prototype
3IHHaKspcfA,pole vault,5.0,miscellaneous object,CISLR_v1.5-a_videos/3IHHaKspcfA.mp4,prototype
3KS9SiHwRVI,africa,4.0,geography,CISLR_v1.5-a_videos/3KS9SiHwRVI.mp4,prototype
3L80qKk4daI_2,printed circuit board,11.0,electronic and electrical,CISLR_v1.5-a_videos/3L80qKk4daI_2.mp4,prototype
3MeFx_eYZK0_1,under subscribed,7.0,banking,CISLR_v1.5-a_videos/3MeFx_eYZK0_1.mp4,prototype
3MoTC6iB3xQ,organization,4.0,organisation,CISLR_v1.5-a_videos/3MoTC6iB3xQ.mp4,prototype
3MxE482U2Ns,pull someone's leg,3.0,action,CISLR_v1.5-a_videos/3MxE482U2Ns.mp4,prototype
3NIFg2ExoMs,scratch,5.0,action,CISLR_v1.5-a_videos/3NIFg2ExoMs.mp4,prototype
3NPxIy6OXzg_1,drawer,8.0,construction,CISLR_v1.5-a_videos/3NPxIy6OXzg_1.mp4,prototype
3NUcsb2W1OQ_1,tusks,6.0,biology,CISLR_v1.5-a_videos/3NUcsb2W1OQ_1.mp4,prototype
3OHkLPutuYM,legalese,15.0,legal,CISLR_v1.5-a_videos/3OHkLPutuYM.mp4,prototype
3R3KvYV43nQ_1,shop,6.0,action,CISLR_v1.5-a_videos/3R3KvYV43nQ_1.mp4,test
3RKj4XQRxkc_2,metal,9.0,metal and minerals,CISLR_v1.5-a_videos/3RKj4XQRxkc_2.mp4,prototype
3Rn7sqmjgWo_2,osmosis,7.0,physics,CISLR_v1.5-a_videos/3Rn7sqmjgWo_2.mp4,prototype
3S1RLtVj7PE,sweater,4.0,wearable,CISLR_v1.5-a_videos/3S1RLtVj7PE.mp4,prototype
3SBcHgw6wRM,minor,8.0,behavior,CISLR_v1.5-a_videos/3SBcHgw6wRM.mp4,prototype
3SIXJfwYlFw,anniversary,9.0,event,CISLR_v1.5-a_videos/3SIXJfwYlFw.mp4,prototype
3SRihi99gjc_1,home,8.0,geography,CISLR_v1.5-a_videos/3SRihi99gjc_1.mp4,prototype
3SRqBpgSrqI_1,week,6.0,time,CISLR_v1.5-a_videos/3SRqBpgSrqI_1.mp4,prototype
3SS49K8MK1w,belt loops,7.0,wearable,CISLR_v1.5-a_videos/3SS49K8MK1w.mp4,prototype
3Sct_ii1-yQ_1,drawer,11.0,construction,CISLR_v1.5-a_videos/3Sct_ii1-yQ_1.mp4,test
3T5RJ1_NFrM_1,milk,6.0,foods and drinks,CISLR_v1.5-a_videos/3T5RJ1_NFrM_1.mp4,prototype
3TNpBwr-Cxo_2,transformation of energy,9.0,physics,CISLR_v1.5-a_videos/3TNpBwr-Cxo_2.mp4,prototype
3TSVb2e1zJw_1,saturday,6.0,time,CISLR_v1.5-a_videos/3TSVb2e1zJw_1.mp4,prototype
3UYC9939yQw_1,improve,5.0,time,CISLR_v1.5-a_videos/3UYC9939yQw_1.mp4,prototype
3VP2rlxefJI,magnetic ink character recognition,15.0,computer,CISLR_v1.5-a_videos/3VP2rlxefJI.mp4,prototype
3VSNwJnUmdA,adobe acrobat reader,9.0,computer,CISLR_v1.5-a_videos/3VSNwJnUmdA.mp4,prototype
3WEkK4AaiV4,kidney beans,6.0,foods and drinks,CISLR_v1.5-a_videos/3WEkK4AaiV4.mp4,prototype
3X2TOqyDgv8,peas,4.0,foods and drinks,CISLR_v1.5-a_videos/3X2TOqyDgv8.mp4,prototype
3X7DZIiH2ZQ,uzbekistan,4.0,geography,CISLR_v1.5-a_videos/3X7DZIiH2ZQ.mp4,prototype
3XCX0YETmuk_1,sunday,6.0,time,CISLR_v1.5-a_videos/3XCX0YETmuk_1.mp4,prototype
3Y7KPnUv9kA,animals,4.0,flora and fauna,CISLR_v1.5-a_videos/3Y7KPnUv9kA.mp4,prototype
3aJtWIMsFx8,cpi,4.0,education,CISLR_v1.5-a_videos/3aJtWIMsFx8.mp4,prototype
3bAW9KtLSXk,gardener,5.0,profession,CISLR_v1.5-a_videos/3bAW9KtLSXk.mp4,prototype
3bV2PgWlc7M,peas,4.0,foods and drinks,CISLR_v1.5-a_videos/3bV2PgWlc7M.mp4,test
3cluYDK8u08_1,acting,11.0,action,CISLR_v1.5-a_videos/3cluYDK8u08_1.mp4,prototype
3cp85oNRRj8_1,tongs,6.0,instrument,CISLR_v1.5-a_videos/3cp85oNRRj8_1.mp4,prototype
3dJCO6ExmY0,real estate agent,6.0,profession,CISLR_v1.5-a_videos/3dJCO6ExmY0.mp4,prototype
3e4K5QbywVc,ports tab,5.0,electronic and electrical,CISLR_v1.5-a_videos/3e4K5QbywVc.mp4,prototype
3fG2P5D8Jm0_1,open,6.0,action,CISLR_v1.5-a_videos/3fG2P5D8Jm0_1.mp4,prototype
3fKtgE9aQso,yesterday,3.0,time,CISLR_v1.5-a_videos/3fKtgE9aQso.mp4,prototype
3g-VyVR_iyU,nervous,4.0,emotion,CISLR_v1.5-a_videos/3g-VyVR_iyU.mp4,prototype
3gymi4f7hps_1,lay off,8.0,banking,CISLR_v1.5-a_videos/3gymi4f7hps_1.mp4,prototype
3h4uBHZ4J2Q_1,december,6.0,time,CISLR_v1.5-a_videos/3h4uBHZ4J2Q_1.mp4,prototype
3hIkQEZ923Q_1,joumal entry,10.0,readable,CISLR_v1.5-a_videos/3hIkQEZ923Q_1.mp4,prototype
3hTK036o_F4_1,group,9.0,group,CISLR_v1.5-a_videos/3hTK036o_F4_1.mp4,prototype
3ir8Rnwx8TY,potato,4.0,foods and drinks,CISLR_v1.5-a_videos/3ir8Rnwx8TY.mp4,prototype
3jg1TpRzkGs,ear,5.0,biology,CISLR_v1.5-a_videos/3jg1TpRzkGs.mp4,prototype
3kNaobravCU,office,3.0,organisation,CISLR_v1.5-a_videos/3kNaobravCU.mp4,prototype
3kbyPG13anw_1,tell,7.0,action,CISLR_v1.5-a_videos/3kbyPG13anw_1.mp4,prototype
3lMNHGXNQ3Q,uganda,4.0,geography,CISLR_v1.5-a_videos/3lMNHGXNQ3Q.mp4,prototype
3muHDD0neyo,warm,3.0,weather,CISLR_v1.5-a_videos/3muHDD0neyo.mp4,prototype
3n8cKQOSZfM,semicircle,4.0,math,CISLR_v1.5-a_videos/3n8cKQOSZfM.mp4,prototype
3ncXcBiwveA,magician,4.0,profession,CISLR_v1.5-a_videos/3ncXcBiwveA.mp4,prototype
3nnG7x_qkck_1,night,7.0,time,CISLR_v1.5-a_videos/3nnG7x_qkck_1.mp4,test
3pZp4IFQCuA,parts,3.0,math,CISLR_v1.5-a_videos/3pZp4IFQCuA.mp4,prototype
3ppf7DdzKvA,search,4.0,action,CISLR_v1.5-a_videos/3ppf7DdzKvA.mp4,prototype
3pqDm0UKO14,first coat,10.0,wearable,CISLR_v1.5-a_videos/3pqDm0UKO14.mp4,prototype
3qKiJRMOzsc,watermelon,4.0,foods and drinks,CISLR_v1.5-a_videos/3qKiJRMOzsc.mp4,prototype
3sX8OzIgyIc_2,capacity,11.0,quantity,CISLR_v1.5-a_videos/3sX8OzIgyIc_2.mp4,prototype
3snObAxKXOQ,dress,3.0,wearable,CISLR_v1.5-a_videos/3snObAxKXOQ.mp4,prototype
3t63THdE5wM,each,5.0,quantity,CISLR_v1.5-a_videos/3t63THdE5wM.mp4,test
3tFefLfXIn4_1,september,6.0,time,CISLR_v1.5-a_videos/3tFefLfXIn4_1.mp4,prototype
3uHfsQnqReY_1,bathroom,11.0,construction,CISLR_v1.5-a_videos/3uHfsQnqReY_1.mp4,prototype
3uW2Y--Yd9U,sand paper,14.0,utility item,CISLR_v1.5-a_videos/3uW2Y--Yd9U.mp4,prototype
3uyNF9yZCCw_1,sand,9.0,geography,CISLR_v1.5-a_videos/3uyNF9yZCCw_1.mp4,prototype
3v5Id7dDttk,buddha purnima,6.0,religious,CISLR_v1.5-a_videos/3v5Id7dDttk.mp4,prototype
3vAxsFOJdVo,germany,4.0,geography,CISLR_v1.5-a_videos/3vAxsFOJdVo.mp4,prototype
3vXJ605MFbU,maybe,3.0,language,CISLR_v1.5-a_videos/3vXJ605MFbU.mp4,prototype
3wKsYea6rfs_1,wood,7.0,miscellaneous object,CISLR_v1.5-a_videos/3wKsYea6rfs_1.mp4,prototype
3wgPDtFtXWE_1,waive,5.0,action,CISLR_v1.5-a_videos/3wgPDtFtXWE_1.mp4,prototype
3xKJDf869EY,value,3.0,attribute,CISLR_v1.5-a_videos/3xKJDf869EY.mp4,prototype
3y-nQO6e5iQ,go air,5.0,organisation,CISLR_v1.5-a_videos/3y-nQO6e5iQ.mp4,prototype
3y4vcRJBNs0,restart,6.0,action,CISLR_v1.5-a_videos/3y4vcRJBNs0.mp4,prototype
3yRZjuvtEd0_1,arm,8.0,biology,CISLR_v1.5-a_videos/3yRZjuvtEd0_1.mp4,prototype
3ymIgijDrC0,owl,5.0,flora and fauna,CISLR_v1.5-a_videos/3ymIgijDrC0.mp4,prototype
3zXseLcBn4A_1,entertainment,5.0,entertainment,CISLR_v1.5-a_videos/3zXseLcBn4A_1.mp4,prototype
3zbf5Y2id1U_2,universe,12.0,astronomical,CISLR_v1.5-a_videos/3zbf5Y2id1U_2.mp4,prototype
4--6iRQ6-7A,amazon,5.0,organisation,CISLR_v1.5-a_videos/4--6iRQ6-7A.mp4,prototype
4-LrYNRVVZk_1,delete,8.0,action,CISLR_v1.5-a_videos/4-LrYNRVVZk_1.mp4,prototype
4-d6EGJjZNk,travel,4.0,action,CISLR_v1.5-a_videos/4-d6EGJjZNk.mp4,prototype
40AA6WkT-Ys_2,centrifugal,14.0,physics,CISLR_v1.5-a_videos/40AA6WkT-Ys_2.mp4,prototype
413unEDKRXQ,dwarf,6.0,attribute,CISLR_v1.5-a_videos/413unEDKRXQ.mp4,prototype
41OGaqeAUMg,glass block,9.0,substance,CISLR_v1.5-a_videos/41OGaqeAUMg.mp4,prototype
42CmhRt0ANs_2,electric charge,9.0,physics,CISLR_v1.5-a_videos/42CmhRt0ANs_2.mp4,prototype
42WTTq2hqh8_1,bill,8.0,banking,CISLR_v1.5-a_videos/42WTTq2hqh8_1.mp4,test
42axCoiER4s,similar,4.0,comparator,CISLR_v1.5-a_videos/42axCoiER4s.mp4,test
42cPzLjkVEs_1,statement of account,9.0,banking,CISLR_v1.5-a_videos/42cPzLjkVEs_1.mp4,prototype
44mCQaeKBVw,last month,5.0,time,CISLR_v1.5-a_videos/44mCQaeKBVw.mp4,prototype
44ueVmAA5W4,acceptance letter,6.0,education,CISLR_v1.5-a_videos/44ueVmAA5W4.mp4,prototype
46-lhzhJf78,praise,4.0,action,CISLR_v1.5-a_videos/46-lhzhJf78.mp4,prototype
461WaV7kRxw_1,sky,6.0,abstract,CISLR_v1.5-a_videos/461WaV7kRxw_1.mp4,prototype
46EMlBxuYAU,tailor,5.0,profession,CISLR_v1.5-a_videos/46EMlBxuYAU.mp4,prototype
46eCCVvkyIc,jawaharlal nehru,4.0,human,CISLR_v1.5-a_videos/46eCCVvkyIc.mp4,prototype
46tD7Du6BNs,measuring tape,5.0,instrument,CISLR_v1.5-a_videos/46tD7Du6BNs.mp4,prototype
48ODiLP2VgA,summary,5.0,education,CISLR_v1.5-a_videos/48ODiLP2VgA.mp4,prototype
49bdeG9jPdM,nematode control,15.0,biology,CISLR_v1.5-a_videos/49bdeG9jPdM.mp4,prototype
49c0qMhaE20,hydraulic sprayer,10.0,utility item,CISLR_v1.5-a_videos/49c0qMhaE20.mp4,prototype
4AMULo6htKw,disconnect,7.0,action,CISLR_v1.5-a_videos/4AMULo6htKw.mp4,prototype
4ANEdd5HfAs,withdraw money from bank,6.0,banking,CISLR_v1.5-a_videos/4ANEdd5HfAs.mp4,prototype
4BBTQpBwAXw_1,rectification,8.0,chemistry,CISLR_v1.5-a_videos/4BBTQpBwAXw_1.mp4,prototype
4BNqHj-lQaE,list,5.0,readable,CISLR_v1.5-a_videos/4BNqHj-lQaE.mp4,prototype
4C5snSNt79Q_1,hours,6.0,time,CISLR_v1.5-a_videos/4C5snSNt79Q_1.mp4,prototype
4CrR5m-eSIs,ring spanner,11.0,instrument,CISLR_v1.5-a_videos/4CrR5m-eSIs.mp4,prototype
4EihrPe_PfY,recent,5.0,time,CISLR_v1.5-a_videos/4EihrPe_PfY.mp4,prototype
4FQuX9bwT2I,flower for medical importance,10.0,flora and fauna,CISLR_v1.5-a_videos/4FQuX9bwT2I.mp4,prototype
4FldxWjLykY,arunachal pradesh,4.0,geography,CISLR_v1.5-a_videos/4FldxWjLykY.mp4,prototype
4GH0wBiRfX4_1,security continuing,10.0,legal,CISLR_v1.5-a_videos/4GH0wBiRfX4_1.mp4,prototype
4HMKoVmJQ0E_1,key,7.0,utility item,CISLR_v1.5-a_videos/4HMKoVmJQ0E_1.mp4,prototype
4I-jm9Ng7YU_1,minimum,9.0,comparator,CISLR_v1.5-a_videos/4I-jm9Ng7YU_1.mp4,prototype
4ILXbXTUUp4,periods,3.0,biology,CISLR_v1.5-a_videos/4ILXbXTUUp4.mp4,prototype
4IR40ptGTIU_1,rat,6.0,flora and fauna,CISLR_v1.5-a_videos/4IR40ptGTIU_1.mp4,prototype
4Irn82ukR2M_1,post card,8.0,readable,CISLR_v1.5-a_videos/4Irn82ukR2M_1.mp4,prototype
4J5r3KmJCPU_1,follow,8.0,action,CISLR_v1.5-a_videos/4J5r3KmJCPU_1.mp4,prototype
4JLkY7vGCHM_1,typist,6.0,profession,CISLR_v1.5-a_videos/4JLkY7vGCHM_1.mp4,prototype
4JPQ0EUdcbg,repair,4.0,action,CISLR_v1.5-a_videos/4JPQ0EUdcbg.mp4,prototype
4K-4FU5l7cY_1,time,6.0,time,CISLR_v1.5-a_videos/4K-4FU5l7cY_1.mp4,prototype
4KOdh-2oe8Y,cop,6.0,profession,CISLR_v1.5-a_videos/4KOdh-2oe8Y.mp4,prototype
4KjtR4PwJVM_1,differential rate of interest,11.0,banking,CISLR_v1.5-a_videos/4KjtR4PwJVM_1.mp4,prototype
4KttVgLezuY_1,mysore,7.0,geography,CISLR_v1.5-a_videos/4KttVgLezuY_1.mp4,prototype
4LM1k8KifiY,situation,4.0,time,CISLR_v1.5-a_videos/4LM1k8KifiY.mp4,prototype
4LndvMQ2dO0,weightlifting,3.0,sport,CISLR_v1.5-a_videos/4LndvMQ2dO0.mp4,prototype
4MB7jUMQvac,autumn,10.0,time,CISLR_v1.5-a_videos/4MB7jUMQvac.mp4,prototype
4MDuw5Pj-94_1,balance closing,10.0,banking,CISLR_v1.5-a_videos/4MDuw5Pj-94_1.mp4,prototype
4NzoLuGTigs,electric bus,13.0,transport,CISLR_v1.5-a_videos/4NzoLuGTigs.mp4,prototype
4OMY6uJx-O4_1,fresh,8.0,quality,CISLR_v1.5-a_videos/4OMY6uJx-O4_1.mp4,prototype
4Os2Hh06GPc_1,earth,8.0,geography,CISLR_v1.5-a_videos/4Os2Hh06GPc_1.mp4,prototype
4P7EFM3C4MM,smog,15.0,chemistry,CISLR_v1.5-a_videos/4P7EFM3C4MM.mp4,prototype
4Q0ANLHhzwk_1,sun,6.0,astronomical,CISLR_v1.5-a_videos/4Q0ANLHhzwk_1.mp4,test
4QdYqEbZu8Q,recently,5.0,time,CISLR_v1.5-a_videos/4QdYqEbZu8Q.mp4,prototype
4QkxfvOC3go_1,how much,6.0,quantity,CISLR_v1.5-a_videos/4QkxfvOC3go_1.mp4,prototype
4Qm7AgT_VKg_1,income tax,8.0,banking,CISLR_v1.5-a_videos/4Qm7AgT_VKg_1.mp4,prototype
4RBAWNsG8Hk_1,geometry,8.0,math,CISLR_v1.5-a_videos/4RBAWNsG8Hk_1.mp4,prototype
4RNnYGS3E34_1,feather,7.0,flora and fauna,CISLR_v1.5-a_videos/4RNnYGS3E34_1.mp4,prototype
4RTN56hfFTM_2,nuclear reactor,13.0,physics,CISLR_v1.5-a_videos/4RTN56hfFTM_2.mp4,prototype
4Ruem9NXrqw_1,std,9.0,medical,CISLR_v1.5-a_videos/4Ruem9NXrqw_1.mp4,prototype
4SRWa0Z5c8Q,hollow blocks,10.0,construction,CISLR_v1.5-a_videos/4SRWa0Z5c8Q.mp4,prototype
4SlMtTeUkEE_1,monday,5.0,time,CISLR_v1.5-a_videos/4SlMtTeUkEE_1.mp4,test
4TLvls1tSgA_1,company,10.0,organisation,CISLR_v1.5-a_videos/4TLvls1tSgA_1.mp4,prototype
4TXbOxz60R4,online,6.0,internet,CISLR_v1.5-a_videos/4TXbOxz60R4.mp4,prototype
4TubhVVN1ds_1,father-in-law,11.0,relation,CISLR_v1.5-a_videos/4TubhVVN1ds_1.mp4,prototype
4TymgqvinvY,socks,3.0,wearable,CISLR_v1.5-a_videos/4TymgqvinvY.mp4,prototype
4UMMRCc0Iak,addendum,7.0,readable,CISLR_v1.5-a_videos/4UMMRCc0Iak.mp4,prototype
4UvD29cSe1U_1,duration,10.0,time,CISLR_v1.5-a_videos/4UvD29cSe1U_1.mp4,prototype
4Vj5NM9KRzY,tuberculosis,4.0,medical,CISLR_v1.5-a_videos/4Vj5NM9KRzY.mp4,test
4WDhqg6s8lw_1,take,5.0,action,CISLR_v1.5-a_videos/4WDhqg6s8lw_1.mp4,prototype
4WuV_HD-hZ0_1,vegetarian,6.0,foods and drinks,CISLR_v1.5-a_videos/4WuV_HD-hZ0_1.mp4,prototype
4XFgnsejElI,photocopy,5.0,miscellaneous object,CISLR_v1.5-a_videos/4XFgnsejElI.mp4,prototype
4XYSXKlhpE0_1,suspend payment,12.0,banking,CISLR_v1.5-a_videos/4XYSXKlhpE0_1.mp4,prototype
4ZGhwybcIc0,separate,4.0,action,CISLR_v1.5-a_videos/4ZGhwybcIc0.mp4,prototype
4ZJOFmnUXOI_1,acknowledgement,13.0,action,CISLR_v1.5-a_videos/4ZJOFmnUXOI_1.mp4,prototype
4ZhRcyVJKu4_1,way,6.0,process,CISLR_v1.5-a_videos/4ZhRcyVJKu4_1.mp4,prototype
4aB00bo7A5M_2,diesel,10.0,transport,CISLR_v1.5-a_videos/4aB00bo7A5M_2.mp4,test
4accXsYqRnA,what,3.0,abstract,CISLR_v1.5-a_videos/4accXsYqRnA.mp4,prototype
4aqQ1oxaHVU_1,measure,6.0,math,CISLR_v1.5-a_videos/4aqQ1oxaHVU_1.mp4,prototype
4bEmX9n5WqQ,aunt,6.0,relation,CISLR_v1.5-a_videos/4bEmX9n5WqQ.mp4,prototype
4bUNNgy6hOg_1,air,7.0,substance,CISLR_v1.5-a_videos/4bUNNgy6hOg_1.mp4,prototype
4bjLAMYZciw,strange,5.0,behavior,CISLR_v1.5-a_videos/4bjLAMYZciw.mp4,prototype
4bzRDATIEGY,ladder,8.0,transport,CISLR_v1.5-a_videos/4bzRDATIEGY.mp4,test
4ee_deI0hZA_1,olympics,5.0,sport,CISLR_v1.5-a_videos/4ee_deI0hZA_1.mp4,prototype
4epyVRUXIWA,computer,4.0,computer,CISLR_v1.5-a_videos/4epyVRUXIWA.mp4,prototype
4f7OqHEUjDs,elevation,15.0,geography,CISLR_v1.5-a_videos/4f7OqHEUjDs.mp4,prototype
4fOrzw3MpL4_1,reservation,7.0,group,CISLR_v1.5-a_videos/4fOrzw3MpL4_1.mp4,test
4fPciu-8Bmw_1,sing,6.0,action,CISLR_v1.5-a_videos/4fPciu-8Bmw_1.mp4,prototype
4g99hQUlSd4_1,climb down,6.0,action,CISLR_v1.5-a_videos/4g99hQUlSd4_1.mp4,prototype
4gyV6cLT2o4_1,form,9.0,readable,CISLR_v1.5-a_videos/4gyV6cLT2o4_1.mp4,prototype
4gzoWw7xiig,date of retirement,13.0,time,CISLR_v1.5-a_videos/4gzoWw7xiig.mp4,prototype
4hI14OUpXoc,reaper bainder,15.0,instrument,CISLR_v1.5-a_videos/4hI14OUpXoc.mp4,prototype
4i5RCrOMoZk_1,kerala,6.0,geography,CISLR_v1.5-a_videos/4i5RCrOMoZk_1.mp4,prototype
4iLJjksh3C8,smoke,4.0,chemistry,CISLR_v1.5-a_videos/4iLJjksh3C8.mp4,prototype
4imVoSmU5vc,mauritius,4.0,geography,CISLR_v1.5-a_videos/4imVoSmU5vc.mp4,prototype
4iyCzQFjHV4,construction,5.0,construction,CISLR_v1.5-a_videos/4iyCzQFjHV4.mp4,prototype
4jSr_zyFag0_2,radiation,10.0,physics,CISLR_v1.5-a_videos/4jSr_zyFag0_2.mp4,prototype
4joUJiIztMI_1,bad,8.0,quality,CISLR_v1.5-a_videos/4joUJiIztMI_1.mp4,prototype
4kKAKsQ5mGU_2,force,11.0,physics,CISLR_v1.5-a_videos/4kKAKsQ5mGU_2.mp4,test
4lQ5qbaS0Gg_1,cupboard,8.0,utility item,CISLR_v1.5-a_videos/4lQ5qbaS0Gg_1.mp4,prototype
4m7m4ClAPJA,unfair dismissal,12.0,action,CISLR_v1.5-a_videos/4m7m4ClAPJA.mp4,prototype
4mBsmsNlAco,classification of fungus,9.0,action,CISLR_v1.5-a_videos/4mBsmsNlAco.mp4,prototype
4mzBkoNvj34,queue,3.0,group,CISLR_v1.5-a_videos/4mzBkoNvj34.mp4,prototype
4nHooc3YAYI_1,india,8.0,geography,CISLR_v1.5-a_videos/4nHooc3YAYI_1.mp4,prototype
4oJ4RzPUxyQ_1,city,5.0,geography,CISLR_v1.5-a_videos/4oJ4RzPUxyQ_1.mp4,prototype
4oV0XT2-nKE_2,solld fueis,9.0,substance,CISLR_v1.5-a_videos/4oV0XT2-nKE_2.mp4,prototype
4onhprzwUMw,everyday,4.0,time,CISLR_v1.5-a_videos/4onhprzwUMw.mp4,prototype
4pCZtQ36l1k,informal,5.0,attribute,CISLR_v1.5-a_videos/4pCZtQ36l1k.mp4,prototype
4qH-OH2VhXk,appliances control,13.0,electronic and electrical,CISLR_v1.5-a_videos/4qH-OH2VhXk.mp4,prototype
4rK-NM-p-Fw_2,pump,8.0,machine,CISLR_v1.5-a_videos/4rK-NM-p-Fw_2.mp4,prototype
4rworePKeMo,wavy hair,5.0,attribute,CISLR_v1.5-a_videos/4rworePKeMo.mp4,prototype
4tKpSwmWzRc,ten thousand,6.0,math,CISLR_v1.5-a_videos/4tKpSwmWzRc.mp4,prototype
4uvlneM9L7I,blue flowered plants,11.0,flora and fauna,CISLR_v1.5-a_videos/4uvlneM9L7I.mp4,prototype
4w17tl-wULc_1,resignation,7.0,action,CISLR_v1.5-a_videos/4w17tl-wULc_1.mp4,prototype
4w6FgMm-XfU_1,remember,7.0,action,CISLR_v1.5-a_videos/4w6FgMm-XfU_1.mp4,prototype
4wFoBAr9SJk,mating method of poultry,14.0,biology,CISLR_v1.5-a_videos/4wFoBAr9SJk.mp4,prototype
4xXU89_oMx0,sub directory,10.0,computer,CISLR_v1.5-a_videos/4xXU89_oMx0.mp4,prototype
4xoxfnCknFc,advantages of drainage,12.0,construction,CISLR_v1.5-a_videos/4xoxfnCknFc.mp4,prototype
4xykTArwSSg,air india,6.0,transport,CISLR_v1.5-a_videos/4xykTArwSSg.mp4,prototype
4yEYl3wJ-2g_1,mandatory,7.0,legal,CISLR_v1.5-a_videos/4yEYl3wJ-2g_1.mp4,prototype
4yJrFqyUKuA,asystole,5.0,medical,CISLR_v1.5-a_videos/4yJrFqyUKuA.mp4,prototype
4yr92W_JhD0_2,microwave,8.0,electronic and electrical,CISLR_v1.5-a_videos/4yr92W_JhD0_2.mp4,prototype
4zUppDrDP-Q_1,officer,7.0,profession,CISLR_v1.5-a_videos/4zUppDrDP-Q_1.mp4,prototype
5-DDBSyDDqM_1,bedsheet,9.0,utility item,CISLR_v1.5-a_videos/5-DDBSyDDqM_1.mp4,prototype
5-Twa3eHlf4,slap,3.0,action,CISLR_v1.5-a_videos/5-Twa3eHlf4.mp4,prototype
5-YpUXKTx2Q_1,grandson,11.0,relation,CISLR_v1.5-a_videos/5-YpUXKTx2Q_1.mp4,prototype
5-vEsZ3vXPs,like social media,4.0,internet,CISLR_v1.5-a_videos/5-vEsZ3vXPs.mp4,prototype
5-z6W_-oGLA,htc mobile,6.0,organisation,CISLR_v1.5-a_videos/5-z6W_-oGLA.mp4,prototype
50A9vnIaQNE,biscuit,3.0,foods and drinks,CISLR_v1.5-a_videos/50A9vnIaQNE.mp4,prototype
50Age2AKB6g,infection,15.0,biology,CISLR_v1.5-a_videos/50Age2AKB6g.mp4,prototype
50ifEC4lOTQ,funeral pyre,5.0,construction,CISLR_v1.5-a_videos/50ifEC4lOTQ.mp4,prototype
50jD8JNDy1s,already,3.0,time,CISLR_v1.5-a_videos/50jD8JNDy1s.mp4,prototype
50rdgc3m1wM_1,lotus,6.0,flora and fauna,CISLR_v1.5-a_videos/50rdgc3m1wM_1.mp4,prototype
51zM9pARAnY_1,blood,8.0,biology,CISLR_v1.5-a_videos/51zM9pARAnY_1.mp4,prototype
52KfVYsiiXw,shooting,3.0,action,CISLR_v1.5-a_videos/52KfVYsiiXw.mp4,prototype
52PLBwiKgNs_1,irrevocable,11.0,attribute,CISLR_v1.5-a_videos/52PLBwiKgNs_1.mp4,prototype
52TTzIUKAAI,monday,4.0,time,CISLR_v1.5-a_videos/52TTzIUKAAI.mp4,test
52a1sCV-74w_1,do,6.0,action,CISLR_v1.5-a_videos/52a1sCV-74w_1.mp4,prototype
53Srb_Pjvt0_1,pyjama,7.0,wearable,CISLR_v1.5-a_videos/53Srb_Pjvt0_1.mp4,prototype
53i9PPrlt6o_1,narrow,7.0,quality,CISLR_v1.5-a_videos/53i9PPrlt6o_1.mp4,prototype
543L-qWLyCY_1,slip,6.0,action,CISLR_v1.5-a_videos/543L-qWLyCY_1.mp4,test
54Y12afDi_M_2,potentiometer,10.0,instrument,CISLR_v1.5-a_videos/54Y12afDi_M_2.mp4,prototype
55QkR-ok9Wg_2,alternate current,8.0,physics,CISLR_v1.5-a_videos/55QkR-ok9Wg_2.mp4,prototype
56068bo3XzU_2,acceleration,7.0,physics,CISLR_v1.5-a_videos/56068bo3XzU_2.mp4,prototype
562GxmYvvsg_1,guwahati,5.0,geography,CISLR_v1.5-a_videos/562GxmYvvsg_1.mp4,prototype
56AJoGhwvLI_1,retail,10.0,quantity,CISLR_v1.5-a_videos/56AJoGhwvLI_1.mp4,prototype
56SnemyXYDM_1,monetary,7.0,banking,CISLR_v1.5-a_videos/56SnemyXYDM_1.mp4,prototype
575bTm_lAtE,hsbc bank,5.0,organisation,CISLR_v1.5-a_videos/575bTm_lAtE.mp4,prototype
57wK5eB74gw,consultant,6.0,profession,CISLR_v1.5-a_videos/57wK5eB74gw.mp4,prototype
58CE934Cxk0_1,ride,8.0,attribute,CISLR_v1.5-a_videos/58CE934Cxk0_1.mp4,prototype
59fqI8xBVzw_1,allow,6.0,action,CISLR_v1.5-a_videos/59fqI8xBVzw_1.mp4,prototype
59i-nVlaygI,triangle,3.0,math,CISLR_v1.5-a_videos/59i-nVlaygI.mp4,prototype
5AqV_omHThc_1,rate,5.0,banking,CISLR_v1.5-a_videos/5AqV_omHThc_1.mp4,prototype
5B0lLJXGREY_1,calcutta,6.0,geography,CISLR_v1.5-a_videos/5B0lLJXGREY_1.mp4,prototype
5BpSu2_wXqs_1,smooth,8.0,quality,CISLR_v1.5-a_videos/5BpSu2_wXqs_1.mp4,prototype
5BwB9bxmvGY_1,account day,8.0,banking,CISLR_v1.5-a_videos/5BwB9bxmvGY_1.mp4,prototype
5C7Uj6oTrCI_2,coordinate,8.0,action,CISLR_v1.5-a_videos/5C7Uj6oTrCI_2.mp4,prototype
5DK7JulpR9g_1,duster,6.0,utility item,CISLR_v1.5-a_videos/5DK7JulpR9g_1.mp4,prototype
5DjHf74Wzyk,late,4.0,time,CISLR_v1.5-a_videos/5DjHf74Wzyk.mp4,prototype
5Dmdenxy5PQ_1,triangle,10.0,math,CISLR_v1.5-a_videos/5Dmdenxy5PQ_1.mp4,test
5FInx5vD418,musician,7.0,profession,CISLR_v1.5-a_videos/5FInx5vD418.mp4,prototype
5FSC6Og1RBQ_2,water,8.0,substance,CISLR_v1.5-a_videos/5FSC6Og1RBQ_2.mp4,prototype
5G6-x1aI0yI_1,nominate,6.0,action,CISLR_v1.5-a_videos/5G6-x1aI0yI_1.mp4,prototype
5GWUar402WQ,paytm,5.0,banking,CISLR_v1.5-a_videos/5GWUar402WQ.mp4,prototype
5GbIspbaNZA_2,rubber,9.0,utility item,CISLR_v1.5-a_videos/5GbIspbaNZA_2.mp4,prototype
5HcRMHu5vNM,rotating tool,12.0,instrument,CISLR_v1.5-a_videos/5HcRMHu5vNM.mp4,prototype
5IDn1RRczUo_1,computer,8.0,computer,CISLR_v1.5-a_videos/5IDn1RRczUo_1.mp4,test
5ISUVe2dXX8_1,agriculture,10.0,profession,CISLR_v1.5-a_videos/5ISUVe2dXX8_1.mp4,prototype
5J8efbi3d6A,bobbinet,8.0,wearable,CISLR_v1.5-a_videos/5J8efbi3d6A.mp4,prototype
5Joy5x30t6E,deer,4.0,flora and fauna,CISLR_v1.5-a_videos/5Joy5x30t6E.mp4,test
5Jr5AHU6DQI_1,throat,7.0,biology,CISLR_v1.5-a_videos/5Jr5AHU6DQI_1.mp4,prototype
5JrVqdElpw4,cabbage,5.0,foods and drinks,CISLR_v1.5-a_videos/5JrVqdElpw4.mp4,prototype
5MpBZLk82m8_1,litre,6.0,metric,CISLR_v1.5-a_videos/5MpBZLk82m8_1.mp4,prototype
5MtZYbYZhIo,astronaut,7.0,profession,CISLR_v1.5-a_videos/5MtZYbYZhIo.mp4,prototype
5NZ2WDtePsU_1,goat,6.0,flora and fauna,CISLR_v1.5-a_videos/5NZ2WDtePsU_1.mp4,prototype
5NwQvEmIQdY,manner,4.0,emotion,CISLR_v1.5-a_videos/5NwQvEmIQdY.mp4,prototype
5NyBQ0If_iA,environment,4.0,biology,CISLR_v1.5-a_videos/5NyBQ0If_iA.mp4,prototype
5PHRpx9Lqzc,tongs,5.0,instrument,CISLR_v1.5-a_videos/5PHRpx9Lqzc.mp4,test
5PLTkywHZ50,red flowered plants,11.0,flora and fauna,CISLR_v1.5-a_videos/5PLTkywHZ50.mp4,prototype
5QEBvIx9U0w,gun,3.0,machine,CISLR_v1.5-a_videos/5QEBvIx9U0w.mp4,prototype
5QIrV6DdCG0,co accused,14.0,legal,CISLR_v1.5-a_videos/5QIrV6DdCG0.mp4,prototype
5QOHsTpMPlM_1,fire,8.0,substance,CISLR_v1.5-a_videos/5QOHsTpMPlM_1.mp4,prototype
5QnbWBcMSSA_2,independent,10.0,attribute,CISLR_v1.5-a_videos/5QnbWBcMSSA_2.mp4,prototype
5Qu6asXdlFs,interview,6.0,process,CISLR_v1.5-a_videos/5Qu6asXdlFs.mp4,prototype
5RD0XpWkclQ,kilometre,9.0,metric,CISLR_v1.5-a_videos/5RD0XpWkclQ.mp4,prototype
5SkNxNsxu_E_1,date,5.0,time,CISLR_v1.5-a_videos/5SkNxNsxu_E_1.mp4,prototype
5T4-x5twTKo_2,distribute,7.0,action,CISLR_v1.5-a_videos/5T4-x5twTKo_2.mp4,prototype
5TJpvP7Ksbk,indoor gardening,11.0,profession,CISLR_v1.5-a_videos/5TJpvP7Ksbk.mp4,prototype
5TWOGQz75xc,paan,5.0,foods and drinks,CISLR_v1.5-a_videos/5TWOGQz75xc.mp4,prototype
5TdjY77NHDE_1,funny,6.0,sensation,CISLR_v1.5-a_videos/5TdjY77NHDE_1.mp4,test
5ToU3NVFX_Q,weekly,11.0,time,CISLR_v1.5-a_videos/5ToU3NVFX_Q.mp4,prototype
5U9kzmEMhoA,soil physics,15.0,physics,CISLR_v1.5-a_videos/5U9kzmEMhoA.mp4,prototype
5Vs-9iTD6nA,ingadulicis,13.0,flora and fauna,CISLR_v1.5-a_videos/5Vs-9iTD6nA.mp4,prototype
5WFDWbMDynQ,vodka,4.0,foods and drinks,CISLR_v1.5-a_videos/5WFDWbMDynQ.mp4,prototype
5WjkSj17yjE_1,wait,6.0,action,CISLR_v1.5-a_videos/5WjkSj17yjE_1.mp4,prototype
5YO6JToom0U,public,4.0,attribute,CISLR_v1.5-a_videos/5YO6JToom0U.mp4,prototype
5YiMdn9qyYw,seam ripper,11.0,instrument,CISLR_v1.5-a_videos/5YiMdn9qyYw.mp4,prototype
5Yw2lTDlGnY_1,wednesday,5.0,time,CISLR_v1.5-a_videos/5Yw2lTDlGnY_1.mp4,prototype
5ZQ26qxo_qY_1,fall,5.0,action,CISLR_v1.5-a_videos/5ZQ26qxo_qY_1.mp4,prototype
5Z_Rm0W-HgE,indian sign language research and training centre,5.0,organisation,CISLR_v1.5-a_videos/5Z_Rm0W-HgE.mp4,prototype
5Zpf5yMNgc0_1,hot,5.0,sensation,CISLR_v1.5-a_videos/5Zpf5yMNgc0_1.mp4,test
5_XwDbt8TGc,grass,4.0,flora and fauna,CISLR_v1.5-a_videos/5_XwDbt8TGc.mp4,prototype
5abyQsJRQIY,kidney beans,4.0,foods and drinks,CISLR_v1.5-a_videos/5abyQsJRQIY.mp4,test
5anbkZmuIaQ,age,4.0,stage,CISLR_v1.5-a_videos/5anbkZmuIaQ.mp4,prototype
5at6UD4G24k_1,valid,7.0,legal,CISLR_v1.5-a_videos/5at6UD4G24k_1.mp4,prototype
5b-82ujbB1g,glass cutter,14.0,instrument,CISLR_v1.5-a_videos/5b-82ujbB1g.mp4,prototype
5buFHMBPDy4,wound,4.0,medical,CISLR_v1.5-a_videos/5buFHMBPDy4.mp4,prototype
5bwdijeaEjE_1,fear,7.0,emotion,CISLR_v1.5-a_videos/5bwdijeaEjE_1.mp4,prototype
5c0M_nkTsmg,knock,3.0,gesture,CISLR_v1.5-a_videos/5c0M_nkTsmg.mp4,prototype
5cNi4x3S8RA,reporter,4.0,profession,CISLR_v1.5-a_videos/5cNi4x3S8RA.mp4,prototype
5cQsAM_VpBw,beam,7.0,construction,CISLR_v1.5-a_videos/5cQsAM_VpBw.mp4,prototype
5dKLdjBujo4_1,scope,9.0,abstract,CISLR_v1.5-a_videos/5dKLdjBujo4_1.mp4,prototype
5dPJr4Pent8,peacock,4.0,flora and fauna,CISLR_v1.5-a_videos/5dPJr4Pent8.mp4,prototype
5dvE8jj59zQ_1,account charges,13.0,banking,CISLR_v1.5-a_videos/5dvE8jj59zQ_1.mp4,prototype
5fAIyKZuqjs_1,puja,6.0,religious,CISLR_v1.5-a_videos/5fAIyKZuqjs_1.mp4,prototype
5gyfQ4lGoao_1,page,6.0,utility item,CISLR_v1.5-a_videos/5gyfQ4lGoao_1.mp4,prototype
5j6Yr6SF5fE_1,wolf,5.0,flora and fauna,CISLR_v1.5-a_videos/5j6Yr6SF5fE_1.mp4,prototype
5jDsH5VpFBo,play,4.0,action,CISLR_v1.5-a_videos/5jDsH5VpFBo.mp4,prototype
5johRx7KP7k,stone masonry,7.0,construction,CISLR_v1.5-a_videos/5johRx7KP7k.mp4,prototype
5js6qwxEL3Y,on the basis of major causal agents,15.0,biology,CISLR_v1.5-a_videos/5js6qwxEL3Y.mp4,prototype
5ketMObfFu8_1,torch,7.0,electronic and electrical,CISLR_v1.5-a_videos/5ketMObfFu8_1.mp4,test
5kpV_69sODk_1,lightning,6.0,weather,CISLR_v1.5-a_videos/5kpV_69sODk_1.mp4,prototype
5lUAbnLn8YU_2,thermal energy,8.0,physics,CISLR_v1.5-a_videos/5lUAbnLn8YU_2.mp4,prototype
5luUUDnqHL0,guava,4.0,foods and drinks,CISLR_v1.5-a_videos/5luUUDnqHL0.mp4,prototype
5mMQLQbzvuU_1,national anthem,8.0,sound,CISLR_v1.5-a_videos/5mMQLQbzvuU_1.mp4,prototype
5mRd9gulCKs,rubber,5.0,utility item,CISLR_v1.5-a_videos/5mRd9gulCKs.mp4,test
5n-rJGblvPA,abscond,4.0,action,CISLR_v1.5-a_videos/5n-rJGblvPA.mp4,prototype
5nM7nJBkrvA_2,stearn engine,9.0,transport,CISLR_v1.5-a_videos/5nM7nJBkrvA_2.mp4,prototype
5naqubp3l2I_1,games,6.0,sport,CISLR_v1.5-a_videos/5naqubp3l2I_1.mp4,prototype
5nlcoXAOqFQ,return,4.0,action,CISLR_v1.5-a_videos/5nlcoXAOqFQ.mp4,prototype
5oIuAvPIeUc_1,christian,6.0,religious,CISLR_v1.5-a_videos/5oIuAvPIeUc_1.mp4,prototype
5oJk09B7YN4_2,upward,7.0,spatial position,CISLR_v1.5-a_videos/5oJk09B7YN4_2.mp4,prototype
5ov1E2nBePg_1,office,6.0,organisation,CISLR_v1.5-a_videos/5ov1E2nBePg_1.mp4,test
5oxAsvVFIqs,banner,4.0,miscellaneous object,CISLR_v1.5-a_videos/5oxAsvVFIqs.mp4,prototype
5p0_OOFy_NY,indonesia,4.0,geography,CISLR_v1.5-a_videos/5p0_OOFy_NY.mp4,prototype
5p6D25oVSyI_1,knowledge working,11.0,abstract,CISLR_v1.5-a_videos/5p6D25oVSyI_1.mp4,prototype
5pRxQFocP7I,yak,5.0,flora and fauna,CISLR_v1.5-a_videos/5pRxQFocP7I.mp4,prototype
5pVbyAyMows_2,power,8.0,attribute,CISLR_v1.5-a_videos/5pVbyAyMows_2.mp4,prototype
5pXM8FVyL7Y_2,chain reaction,10.0,chemistry,CISLR_v1.5-a_videos/5pXM8FVyL7Y_2.mp4,prototype
5pYCIsZH-H4,pencil,4.0,utility item,CISLR_v1.5-a_videos/5pYCIsZH-H4.mp4,test
5rAIznB2Sg0,range,5.0,math,CISLR_v1.5-a_videos/5rAIznB2Sg0.mp4,prototype
5reXwGDh438,seventy,4.0,math,CISLR_v1.5-a_videos/5reXwGDh438.mp4,prototype
5rku2NSGq94,bathroom,4.0,construction,CISLR_v1.5-a_videos/5rku2NSGq94.mp4,test
5sQnSTQKZgw_1,bill,9.0,banking,CISLR_v1.5-a_videos/5sQnSTQKZgw_1.mp4,test
5sfiu9fyEt8,lady,3.0,human,CISLR_v1.5-a_videos/5sfiu9fyEt8.mp4,prototype
5smQtXAYAKM,thrice,5.0,comparator,CISLR_v1.5-a_videos/5smQtXAYAKM.mp4,prototype
5uBzL7htLvA_1,oath,6.0,legal,CISLR_v1.5-a_videos/5uBzL7htLvA_1.mp4,prototype
5udtEzoi0Lo,niger,3.0,geography,CISLR_v1.5-a_videos/5udtEzoi0Lo.mp4,prototype
5ul1ArPWA-U_1,lic,10.0,banking,CISLR_v1.5-a_videos/5ul1ArPWA-U_1.mp4,prototype
5uzypvZIzOI,jaipur,5.0,geography,CISLR_v1.5-a_videos/5uzypvZIzOI.mp4,prototype
5vSILe--brU_2,mile,8.0,metric,CISLR_v1.5-a_videos/5vSILe--brU_2.mp4,prototype
5vj022EoOLA,outdo,4.0,action,CISLR_v1.5-a_videos/5vj022EoOLA.mp4,prototype
5vyTHPBq4Sg_1,badminton,6.0,sport,CISLR_v1.5-a_videos/5vyTHPBq4Sg_1.mp4,prototype
5xLVmxL3p0k,muslim,4.0,religious,CISLR_v1.5-a_videos/5xLVmxL3p0k.mp4,prototype
5xmJG9zQ9jw,alive,4.0,stage,CISLR_v1.5-a_videos/5xmJG9zQ9jw.mp4,prototype
5xpCpxYgLGg,accompany,4.0,group,CISLR_v1.5-a_videos/5xpCpxYgLGg.mp4,prototype
5y3eMNykOsA,apartment,4.0,construction,CISLR_v1.5-a_videos/5y3eMNykOsA.mp4,prototype
5y87G_irytQ,unite,4.0,action,CISLR_v1.5-a_videos/5y87G_irytQ.mp4,prototype
5yEAIUigL8o_2,cohesive,8.0,physics,CISLR_v1.5-a_videos/5yEAIUigL8o_2.mp4,prototype
5ye1yjh3Z20,make a long story short,4.0,process,CISLR_v1.5-a_videos/5ye1yjh3Z20.mp4,prototype
5yfuRyFh-qs_1,embroidery,7.0,wearable,CISLR_v1.5-a_videos/5yfuRyFh-qs_1.mp4,prototype
5zBLuemgyH8,individual,5.0,quantity,CISLR_v1.5-a_videos/5zBLuemgyH8.mp4,prototype
5zGzPqCNdn0_1,surat,6.0,geography,CISLR_v1.5-a_videos/5zGzPqCNdn0_1.mp4,prototype
5zUlp2QmgiA_1,pyjama,7.0,wearable,CISLR_v1.5-a_videos/5zUlp2QmgiA_1.mp4,test
6-puAJsTDRQ,england,5.0,geography,CISLR_v1.5-a_videos/6-puAJsTDRQ.mp4,prototype
60gcpXhOpxg,pen,4.0,utility item,CISLR_v1.5-a_videos/60gcpXhOpxg.mp4,prototype
614YmkupYl0_1,lie,6.0,action,CISLR_v1.5-a_videos/614YmkupYl0_1.mp4,prototype
622-g3xXvgw_1,mug,7.0,utility item,CISLR_v1.5-a_videos/622-g3xXvgw_1.mp4,prototype
63BPw0sMbtQ_1,calculator,7.0,math,CISLR_v1.5-a_videos/63BPw0sMbtQ_1.mp4,test
63LBwsyLl5s,tall,4.0,attribute,CISLR_v1.5-a_videos/63LBwsyLl5s.mp4,prototype
63NSXGtnLNQ,science,4.0,education,CISLR_v1.5-a_videos/63NSXGtnLNQ.mp4,prototype
63ziYT2F6ps,jasmine,5.0,flora and fauna,CISLR_v1.5-a_videos/63ziYT2F6ps.mp4,prototype
64Cdgzetaxs,capital,5.0,legal,CISLR_v1.5-a_videos/64Cdgzetaxs.mp4,prototype
64cEWCYIWDo,cereal disease,10.0,medical,CISLR_v1.5-a_videos/64cEWCYIWDo.mp4,prototype
655X55UP2HM_1,vote,8.0,action,CISLR_v1.5-a_videos/655X55UP2HM_1.mp4,prototype
65N0VvcXr_Y,parricide,10.0,legal,CISLR_v1.5-a_videos/65N0VvcXr_Y.mp4,prototype
65whLEBzOCw,e-book,4.0,readable,CISLR_v1.5-a_videos/65whLEBzOCw.mp4,prototype
66XVsuuo9BA,researcher,6.0,human,CISLR_v1.5-a_videos/66XVsuuo9BA.mp4,prototype
672SUsSwn10,day,4.0,time,CISLR_v1.5-a_videos/672SUsSwn10.mp4,test
67RFKb9R-Rs,potential,10.0,attribute,CISLR_v1.5-a_videos/67RFKb9R-Rs.mp4,prototype
67rzuuIBt2A,architect,14.0,profession,CISLR_v1.5-a_videos/67rzuuIBt2A.mp4,prototype
690vMI8P9Zc_1,management,7.0,profession,CISLR_v1.5-a_videos/690vMI8P9Zc_1.mp4,prototype
696laBQvzaA_2,volcano,7.0,geography,CISLR_v1.5-a_videos/696laBQvzaA_2.mp4,prototype
6AZvFIaf6UU_1,restore,7.0,action,CISLR_v1.5-a_videos/6AZvFIaf6UU_1.mp4,prototype
6BHgvzr83E8,toothpick,4.0,utility item,CISLR_v1.5-a_videos/6BHgvzr83E8.mp4,prototype
6BxN42ZQweM,newsreader,8.0,computer,CISLR_v1.5-a_videos/6BxN42ZQweM.mp4,prototype
6CF-GjN1qCs,noun,4.0,language,CISLR_v1.5-a_videos/6CF-GjN1qCs.mp4,prototype
6D-tRJn3T6E,day after,9.0,time,CISLR_v1.5-a_videos/6D-tRJn3T6E.mp4,test
6Dzj5-OjQzU,rock drill machine,8.0,machine,CISLR_v1.5-a_videos/6Dzj5-OjQzU.mp4,prototype
6E8c6WGZH_8_1,hollow,6.0,spatial position,CISLR_v1.5-a_videos/6E8c6WGZH_8_1.mp4,prototype
6EeXmMuxrQc_1,silk,9.0,wearable,CISLR_v1.5-a_videos/6EeXmMuxrQc_1.mp4,prototype
6GToY6IT_Pg_1,confident,7.0,emotion,CISLR_v1.5-a_videos/6GToY6IT_Pg_1.mp4,prototype
6J46Gkv1CzI,column,14.0,construction,CISLR_v1.5-a_videos/6J46Gkv1CzI.mp4,prototype
6JEcTQfX4yI_1,belief,7.0,abstract,CISLR_v1.5-a_videos/6JEcTQfX4yI_1.mp4,prototype
6Jc3GEN51ks,visa,4.0,legal,CISLR_v1.5-a_videos/6Jc3GEN51ks.mp4,prototype
6KSKyvfyJGs,full,4.0,sensation,CISLR_v1.5-a_videos/6KSKyvfyJGs.mp4,prototype
6M1rP2r672o_1,aeroplane,7.0,transport,CISLR_v1.5-a_videos/6M1rP2r672o_1.mp4,prototype
6MpvtbLWDbo,permanent,5.0,attribute,CISLR_v1.5-a_videos/6MpvtbLWDbo.mp4,test
6MxUXd3IEfM_1,pond,9.0,geography,CISLR_v1.5-a_videos/6MxUXd3IEfM_1.mp4,prototype
6N1X5V0C5d8,doe,10.0,flora and fauna,CISLR_v1.5-a_videos/6N1X5V0C5d8.mp4,prototype
6NiPfrusu8E_1,unregistered,7.0,legal,CISLR_v1.5-a_videos/6NiPfrusu8E_1.mp4,prototype
6OIXmWk9mhY_1,groundnut,6.0,foods and drinks,CISLR_v1.5-a_videos/6OIXmWk9mhY_1.mp4,prototype
6O_VhGkView_1,lie,6.0,action,CISLR_v1.5-a_videos/6O_VhGkView_1.mp4,test
6P3Z2nkQD3c,gutka,3.0,foods and drinks,CISLR_v1.5-a_videos/6P3Z2nkQD3c.mp4,prototype
6QAnPWF0rLk_2,infrasonic,8.0,physics,CISLR_v1.5-a_videos/6QAnPWF0rLk_2.mp4,prototype
6RB0s_hkY_o_1,repurchase,6.0,action,CISLR_v1.5-a_videos/6RB0s_hkY_o_1.mp4,prototype
6RFwCF9xelU_1,thursday,7.0,time,CISLR_v1.5-a_videos/6RFwCF9xelU_1.mp4,test
6SG2o63BKdM_1,stock in hand,8.0,banking,CISLR_v1.5-a_videos/6SG2o63BKdM_1.mp4,prototype
6SgubmEkZQM_1,wash,6.0,action,CISLR_v1.5-a_videos/6SgubmEkZQM_1.mp4,prototype
6T7sRjrH2hU,same,4.0,comparator,CISLR_v1.5-a_videos/6T7sRjrH2hU.mp4,prototype
6UUmcqXYDLA_1,brinjal,6.0,foods and drinks,CISLR_v1.5-a_videos/6UUmcqXYDLA_1.mp4,prototype
6UkQusxL7SI_1,know,7.0,action,CISLR_v1.5-a_videos/6UkQusxL7SI_1.mp4,prototype
6X8mSzwuKWw_1,drink,6.0,action,CISLR_v1.5-a_videos/6X8mSzwuKWw_1.mp4,prototype
6Xyl6CNQ_f4,one crore,5.0,math,CISLR_v1.5-a_videos/6Xyl6CNQ_f4.mp4,prototype
6YLxdNCHGpg,determined,12.0,emotion,CISLR_v1.5-a_videos/6YLxdNCHGpg.mp4,prototype
6YdDaQpd7-E_1,bangalore,5.0,geography,CISLR_v1.5-a_videos/6YdDaQpd7-E_1.mp4,prototype
6ZWrFKv-PrI,noon,4.0,time,CISLR_v1.5-a_videos/6ZWrFKv-PrI.mp4,prototype
6ZaYY0vo6pk_1,train,6.0,transport,CISLR_v1.5-a_videos/6ZaYY0vo6pk_1.mp4,prototype
6_vArDwgWLI_1,reservation,7.0,group,CISLR_v1.5-a_videos/6_vArDwgWLI_1.mp4,test
6adOKxf2hJY_2,vibration,6.0,physics,CISLR_v1.5-a_videos/6adOKxf2hJY_2.mp4,prototype
6al4AYYeD6A,cobbler,5.0,profession,CISLR_v1.5-a_videos/6al4AYYeD6A.mp4,test
6ao-N2yvDYc_1,letter,7.0,readable,CISLR_v1.5-a_videos/6ao-N2yvDYc_1.mp4,prototype
6aqON2kGdHA_1,swim,7.0,action,CISLR_v1.5-a_videos/6aqON2kGdHA_1.mp4,prototype
6bb5IDbiyzw,rehabilitation,3.0,process,CISLR_v1.5-a_videos/6bb5IDbiyzw.mp4,prototype
6bhBP3kbyds,war,5.0,abstract,CISLR_v1.5-a_videos/6bhBP3kbyds.mp4,prototype
6buysVt7T14,bertha,9.0,wearable,CISLR_v1.5-a_videos/6buysVt7T14.mp4,prototype
6c8Zy5HvpQQ,fog,5.0,weather,CISLR_v1.5-a_videos/6c8Zy5HvpQQ.mp4,prototype
6d6qF1tF1yk,bushes,8.0,flora and fauna,CISLR_v1.5-a_videos/6d6qF1tF1yk.mp4,prototype
6e0T9ObBi14_1,overcharge,6.0,banking,CISLR_v1.5-a_videos/6e0T9ObBi14_1.mp4,prototype
6eCbHVCJ9N0,lead,4.0,authority,CISLR_v1.5-a_videos/6eCbHVCJ9N0.mp4,prototype
6f0v-e468AI,community,5.0,group,CISLR_v1.5-a_videos/6f0v-e468AI.mp4,prototype
6f5kXjfqcU0_1,avoid,5.0,action,CISLR_v1.5-a_videos/6f5kXjfqcU0_1.mp4,prototype
6gXuMMAxOm0,interest,5.0,behavior,CISLR_v1.5-a_videos/6gXuMMAxOm0.mp4,test
6iHv9-pIldQ,sailor pants,10.0,wearable,CISLR_v1.5-a_videos/6iHv9-pIldQ.mp4,prototype
6ij6_5cxcfk,trip,5.0,event,CISLR_v1.5-a_videos/6ij6_5cxcfk.mp4,prototype
6ivNgy-ppH8_1,year financial,7.0,banking,CISLR_v1.5-a_videos/6ivNgy-ppH8_1.mp4,prototype
6jQ0I8KDlHg_2,slower,7.0,comparator,CISLR_v1.5-a_videos/6jQ0I8KDlHg_2.mp4,prototype
6kVsL2YCP7I,grapes,4.0,foods and drinks,CISLR_v1.5-a_videos/6kVsL2YCP7I.mp4,prototype
6l6GxuCUthA_2,conductor,12.0,physics,CISLR_v1.5-a_videos/6l6GxuCUthA_2.mp4,prototype
6l8NQiTrf_M_1,chat,8.0,action,CISLR_v1.5-a_videos/6l8NQiTrf_M_1.mp4,prototype
6lJS7YqGLVU,service,3.0,action,CISLR_v1.5-a_videos/6lJS7YqGLVU.mp4,prototype
6m-jzzkuyGM,politics,4.0,politics,CISLR_v1.5-a_videos/6m-jzzkuyGM.mp4,prototype
6mdmCIxWWfo_1,pf,6.0,banking,CISLR_v1.5-a_videos/6mdmCIxWWfo_1.mp4,prototype
6nKQbhX9QHo,strong,5.0,quality,CISLR_v1.5-a_videos/6nKQbhX9QHo.mp4,prototype
6nV_USsOh4w_2,mathematical,8.0,math,CISLR_v1.5-a_videos/6nV_USsOh4w_2.mp4,prototype
6oKB5PY2M64,swim,5.0,action,CISLR_v1.5-a_videos/6oKB5PY2M64.mp4,test
6oic47Y6lcc_1,si,9.0,metric,CISLR_v1.5-a_videos/6oic47Y6lcc_1.mp4,prototype
6pGyXMLfphA_1,lucky,7.0,quality,CISLR_v1.5-a_videos/6pGyXMLfphA_1.mp4,prototype
6q-qrk-VdXw_1,valley,8.0,geography,CISLR_v1.5-a_videos/6q-qrk-VdXw_1.mp4,prototype
6r8MMPO3o9w_1,deposit,10.0,banking,CISLR_v1.5-a_videos/6r8MMPO3o9w_1.mp4,prototype
6rTPgPHDnGU,attitude,4.0,behavior,CISLR_v1.5-a_videos/6rTPgPHDnGU.mp4,test
6rot7kh6uZ8_1,warehouse,10.0,construction,CISLR_v1.5-a_videos/6rot7kh6uZ8_1.mp4,prototype
6s4UdZ5D58o,january,3.0,time,CISLR_v1.5-a_videos/6s4UdZ5D58o.mp4,prototype
6sMzCN4STPU_1,loose leaf binder,11.0,utility item,CISLR_v1.5-a_videos/6sMzCN4STPU_1.mp4,prototype
6sQeR9LXn-U_2,yellow,9.0,attribute,CISLR_v1.5-a_videos/6sQeR9LXn-U_2.mp4,prototype
6t3agerx9rQ_2,oscillation,11.0,physics,CISLR_v1.5-a_videos/6t3agerx9rQ_2.mp4,prototype
6tAfiAYopfo_1,share holder,9.0,banking,CISLR_v1.5-a_videos/6tAfiAYopfo_1.mp4,prototype
6u077PZEv0Y_1,bottle,6.0,utility item,CISLR_v1.5-a_videos/6u077PZEv0Y_1.mp4,prototype
6uCWIe3S0tI,backup,4.0,abstract,CISLR_v1.5-a_videos/6uCWIe3S0tI.mp4,prototype
6vWqgLivxJg_2,rest,8.0,action,CISLR_v1.5-a_videos/6vWqgLivxJg_2.mp4,prototype
6wOOntcIJjE,rum,4.0,foods and drinks,CISLR_v1.5-a_videos/6wOOntcIJjE.mp4,prototype
6wXGUZtHp5w,twenty one,5.0,quantity,CISLR_v1.5-a_videos/6wXGUZtHp5w.mp4,prototype
6x41e1s898c_1,group,9.0,group,CISLR_v1.5-a_videos/6x41e1s898c_1.mp4,test
6xUFRFEzi4Y_2,compass,15.0,instrument,CISLR_v1.5-a_videos/6xUFRFEzi4Y_2.mp4,prototype
6y6ylBP0yc8,cheque,6.0,banking,CISLR_v1.5-a_videos/6y6ylBP0yc8.mp4,prototype
6zIJ0xpo2xM_1,grass,6.0,flora and fauna,CISLR_v1.5-a_videos/6zIJ0xpo2xM_1.mp4,test
6zvOKDKmWRc_1,blouse,7.0,wearable,CISLR_v1.5-a_videos/6zvOKDKmWRc_1.mp4,test
7-U7JLrcGHo,aeroplane,4.0,transport,CISLR_v1.5-a_videos/7-U7JLrcGHo.mp4,test
7-b8CgRyOtY_1,profession,7.0,profession,CISLR_v1.5-a_videos/7-b8CgRyOtY_1.mp4,prototype
70EhU8eg6hQ,ammeter,11.0,physics,CISLR_v1.5-a_videos/70EhU8eg6hQ.mp4,prototype
70hVqYWQIpc_1,waves,8.0,physics,CISLR_v1.5-a_videos/70hVqYWQIpc_1.mp4,prototype
70wTMPGmS-U,secret,4.0,attribute,CISLR_v1.5-a_videos/70wTMPGmS-U.mp4,prototype
71MQl0F0_No,letter,5.0,readable,CISLR_v1.5-a_videos/71MQl0F0_No.mp4,test
71ZZmuGbkO8_1,unbalance,9.0,banking,CISLR_v1.5-a_videos/71ZZmuGbkO8_1.mp4,prototype
71zRPKBG0Sw,sloped roof,5.0,construction,CISLR_v1.5-a_videos/71zRPKBG0Sw.mp4,prototype
748qVYC4N1s,chennai,4.0,geography,CISLR_v1.5-a_videos/748qVYC4N1s.mp4,prototype
74CMVSgSmuQ_1,registrar,7.0,profession,CISLR_v1.5-a_videos/74CMVSgSmuQ_1.mp4,prototype
76BfFrybs0c,back date,15.0,time,CISLR_v1.5-a_videos/76BfFrybs0c.mp4,prototype
76nlaB0l3kk,december,4.0,time,CISLR_v1.5-a_videos/76nlaB0l3kk.mp4,test
779eNGeW_Fo,draft,4.0,legal,CISLR_v1.5-a_videos/779eNGeW_Fo.mp4,prototype
77A4jL_zT1I,view,5.0,action,CISLR_v1.5-a_videos/77A4jL_zT1I.mp4,prototype
77Mi-wPnSZQ,typographical error,15.0,action,CISLR_v1.5-a_videos/77Mi-wPnSZQ.mp4,prototype
780_wVKvhts_1,sunflower,7.0,flora and fauna,CISLR_v1.5-a_videos/780_wVKvhts_1.mp4,prototype
78YXhG9tLvk_1,orange,9.0,abstract,CISLR_v1.5-a_videos/78YXhG9tLvk_1.mp4,prototype
78hb7LPYmDU,divide,4.0,action,CISLR_v1.5-a_videos/78hb7LPYmDU.mp4,prototype
7AvSjQ7GV3c_1,sphere,10.0,abstract,CISLR_v1.5-a_videos/7AvSjQ7GV3c_1.mp4,prototype
7BK0J1hZ7_Q,vacation,4.0,event,CISLR_v1.5-a_videos/7BK0J1hZ7_Q.mp4,prototype
7BS16GXaOrY_2,pole,14.0,astronomical,CISLR_v1.5-a_videos/7BS16GXaOrY_2.mp4,prototype
7ChtWi4wz8E_1,friday,6.0,time,CISLR_v1.5-a_videos/7ChtWi4wz8E_1.mp4,prototype
7D-_Ilut5Ns,union bank of india,5.0,organisation,CISLR_v1.5-a_videos/7D-_Ilut5Ns.mp4,prototype
7DFNLpdTyc8_1,praise,7.0,action,CISLR_v1.5-a_videos/7DFNLpdTyc8_1.mp4,test
7EAhIFjcLPw_1,post dated,9.0,time,CISLR_v1.5-a_videos/7EAhIFjcLPw_1.mp4,prototype
7EWF3Rsjn6Y,salt,5.0,foods and drinks,CISLR_v1.5-a_videos/7EWF3Rsjn6Y.mp4,prototype
7Ef8k8x0ESQ_1,bud,6.0,flora and fauna,CISLR_v1.5-a_videos/7Ef8k8x0ESQ_1.mp4,prototype
7EmJ9RQmT_w_1,bury,8.0,action,CISLR_v1.5-a_videos/7EmJ9RQmT_w_1.mp4,prototype
7F5-fio5ipg,beading needles,14.0,utility item,CISLR_v1.5-a_videos/7F5-fio5ipg.mp4,prototype
7FcFS0hXehs,hundred,4.0,math,CISLR_v1.5-a_videos/7FcFS0hXehs.mp4,prototype
7Fi1Cawh4YY_2,radio,7.0,electronic and electrical,CISLR_v1.5-a_videos/7Fi1Cawh4YY_2.mp4,prototype
7FmS5KzjtL0_1,account closed,12.0,banking,CISLR_v1.5-a_videos/7FmS5KzjtL0_1.mp4,prototype
7FspuW_vgNc,cowl  sleeve,12.0,wearable,CISLR_v1.5-a_videos/7FspuW_vgNc.mp4,prototype
7HFTUAIevO8,percentage,5.0,math,CISLR_v1.5-a_videos/7HFTUAIevO8.mp4,prototype
7HfVuSW5Alw_1,guilty,7.0,emotion,CISLR_v1.5-a_videos/7HfVuSW5Alw_1.mp4,prototype
7Hpx20l91V8,stationary work,14.0,physics,CISLR_v1.5-a_videos/7Hpx20l91V8.mp4,prototype
7I3kECWTA4w,coat,3.0,wearable,CISLR_v1.5-a_videos/7I3kECWTA4w.mp4,prototype
7JXTpPBaS8I,owner,4.0,human,CISLR_v1.5-a_videos/7JXTpPBaS8I.mp4,prototype
7JdpsRQl8eY,bharatiya janata party,4.0,politics,CISLR_v1.5-a_videos/7JdpsRQl8eY.mp4,test
7KWNMKoNe8g,bicycle shorts,13.0,wearable,CISLR_v1.5-a_videos/7KWNMKoNe8g.mp4,prototype
7LIiVsJI6W8_1,over head projector,8.0,instrument,CISLR_v1.5-a_videos/7LIiVsJI6W8_1.mp4,prototype
7LIrmOTBAok_1,finish,5.0,action,CISLR_v1.5-a_videos/7LIrmOTBAok_1.mp4,prototype
7LMLwdCweAs,agave fillifera,14.0,flora and fauna,CISLR_v1.5-a_videos/7LMLwdCweAs.mp4,prototype
7LWzbtBSOi0_2,machines,8.0,machine,CISLR_v1.5-a_videos/7LWzbtBSOi0_2.mp4,prototype
7LXVtTEP_IU_1,sea,8.0,geography,CISLR_v1.5-a_videos/7LXVtTEP_IU_1.mp4,prototype
7Le7IfihZ0g,shock,3.0,behavior,CISLR_v1.5-a_videos/7Le7IfihZ0g.mp4,prototype
7MBisqj8VbE,sheep,5.0,flora and fauna,CISLR_v1.5-a_videos/7MBisqj8VbE.mp4,prototype
7MItzb6gz2c_1,deputation,10.0,authority,CISLR_v1.5-a_videos/7MItzb6gz2c_1.mp4,prototype
7MN-nFtrnjs_1,bill,9.0,banking,CISLR_v1.5-a_videos/7MN-nFtrnjs_1.mp4,test
7O43NW_PICc,dog,4.0,flora and fauna,CISLR_v1.5-a_videos/7O43NW_PICc.mp4,prototype
7OMdIhQ7zzM_1,loan,7.0,banking,CISLR_v1.5-a_videos/7OMdIhQ7zzM_1.mp4,prototype
7OSI0FK-ka8_1,enemy,8.0,relation,CISLR_v1.5-a_videos/7OSI0FK-ka8_1.mp4,prototype
7P34KxZ_KLE_1,territorial,11.0,banking,CISLR_v1.5-a_videos/7P34KxZ_KLE_1.mp4,prototype
7P9YL1tEnVs,bright,4.0,attribute,CISLR_v1.5-a_videos/7P9YL1tEnVs.mp4,prototype
7PKlEo-ZLME,example,4.0,abstract,CISLR_v1.5-a_videos/7PKlEo-ZLME.mp4,prototype
7R_b_tfp5lM,tuesday,3.0,time,CISLR_v1.5-a_videos/7R_b_tfp5lM.mp4,prototype
7RjhIe4sKm0,washerman,7.0,profession,CISLR_v1.5-a_videos/7RjhIe4sKm0.mp4,prototype
7Rl3OaaGNkY,necklace,5.0,utility item,CISLR_v1.5-a_videos/7Rl3OaaGNkY.mp4,prototype
7Rq6uvvCPd0,september,4.0,time,CISLR_v1.5-a_videos/7Rq6uvvCPd0.mp4,test
7S1IJ8OrInU,escape,4.0,action,CISLR_v1.5-a_videos/7S1IJ8OrInU.mp4,test
7SZTGACgaMk_1,vada,6.0,foods and drinks,CISLR_v1.5-a_videos/7SZTGACgaMk_1.mp4,prototype
7TAkooD4Lyc,might,3.0,language,CISLR_v1.5-a_videos/7TAkooD4Lyc.mp4,prototype
7VB_sLH5j4Q_1,there,6.0,geography,CISLR_v1.5-a_videos/7VB_sLH5j4Q_1.mp4,prototype
7ViTNBqzX6o_2,frictional force,10.0,physics,CISLR_v1.5-a_videos/7ViTNBqzX6o_2.mp4,prototype
7Vn056hXh9U_1,red,10.0,abstract,CISLR_v1.5-a_videos/7Vn056hXh9U_1.mp4,prototype
7Vn_Dto8Vq4_1,famous,7.0,attribute,CISLR_v1.5-a_videos/7Vn_Dto8Vq4_1.mp4,prototype
7W6zp8la1G4,energy meter,9.0,physics,CISLR_v1.5-a_videos/7W6zp8la1G4.mp4,prototype
7WLX7jxH84k_1,tuesday,5.0,time,CISLR_v1.5-a_videos/7WLX7jxH84k_1.mp4,test
7YQ0D3swwMk,profession,6.0,profession,CISLR_v1.5-a_videos/7YQ0D3swwMk.mp4,test
7ZQ4WwqhthM,nap fabrick,9.0,utility item,CISLR_v1.5-a_videos/7ZQ4WwqhthM.mp4,prototype
7_VrNljOvzI_1,real,7.0,attribute,CISLR_v1.5-a_videos/7_VrNljOvzI_1.mp4,prototype
7aIfkOrtlBM_1,video cassette recorder,9.0,electronic and electrical,CISLR_v1.5-a_videos/7aIfkOrtlBM_1.mp4,prototype
7al_t9swbtA,snail,4.0,flora and fauna,CISLR_v1.5-a_videos/7al_t9swbtA.mp4,prototype
7bb5Lg8QKIs_1,hair,8.0,biology,CISLR_v1.5-a_videos/7bb5Lg8QKIs_1.mp4,prototype
7bqtiz4KRnE,why,3.0,abstract,CISLR_v1.5-a_videos/7bqtiz4KRnE.mp4,prototype
7c7A8VNHDg0,burundi,3.0,geography,CISLR_v1.5-a_videos/7c7A8VNHDg0.mp4,prototype
7ehztIhH_uA_2,gas,10.0,physics,CISLR_v1.5-a_videos/7ehztIhH_uA_2.mp4,prototype
7fO_vanzHOw_1,priest,6.0,profession,CISLR_v1.5-a_videos/7fO_vanzHOw_1.mp4,prototype
7fdPaEyfc9Y_1,your,7.0,relation,CISLR_v1.5-a_videos/7fdPaEyfc9Y_1.mp4,prototype
7gX_v77CcuU_1,press,6.0,action,CISLR_v1.5-a_videos/7gX_v77CcuU_1.mp4,prototype
7ghzTv4t-MU_1,papaya,7.0,foods and drinks,CISLR_v1.5-a_videos/7ghzTv4t-MU_1.mp4,prototype
7gjYUfW4BEs_1,semi urban,10.0,attribute,CISLR_v1.5-a_videos/7gjYUfW4BEs_1.mp4,prototype
7h45o7GDrlo,juhu beach,4.0,geography,CISLR_v1.5-a_videos/7h45o7GDrlo.mp4,prototype
7hICMJlI2hQ_2,resistor,11.0,physics,CISLR_v1.5-a_videos/7hICMJlI2hQ_2.mp4,prototype
7hQwjcb-qlU,natural numbers,9.0,math,CISLR_v1.5-a_videos/7hQwjcb-qlU.mp4,prototype
7iPa6A1bwuE,asymmetrical design,8.0,attribute,CISLR_v1.5-a_videos/7iPa6A1bwuE.mp4,prototype
7j8hKnkT0yw_1,face,8.0,biology,CISLR_v1.5-a_videos/7j8hKnkT0yw_1.mp4,test
7kEbmn2BWIA,india,5.0,geography,CISLR_v1.5-a_videos/7kEbmn2BWIA.mp4,test
7kHYT1bESao,external parasite,11.0,biology,CISLR_v1.5-a_videos/7kHYT1bESao.mp4,prototype
7kHhJbwb-xg,interest,5.0,banking,CISLR_v1.5-a_videos/7kHhJbwb-xg.mp4,test
7kqD46WoJWQ_1,brave,6.0,emotion,CISLR_v1.5-a_videos/7kqD46WoJWQ_1.mp4,prototype
7ktA4sMqKSo_1,grow,6.0,time,CISLR_v1.5-a_videos/7ktA4sMqKSo_1.mp4,test
7n50MsM5c7A,bugle,5.0,sound,CISLR_v1.5-a_videos/7n50MsM5c7A.mp4,prototype
7nOhCp26zqo,netherlands,3.0,geography,CISLR_v1.5-a_videos/7nOhCp26zqo.mp4,prototype
7nTC398KiPM,therapist,11.0,profession,CISLR_v1.5-a_videos/7nTC398KiPM.mp4,prototype
7ob8md8RHzg_1,hop,6.0,action,CISLR_v1.5-a_videos/7ob8md8RHzg_1.mp4,prototype
7poFsrrVPVk,commerce,5.0,commerce,CISLR_v1.5-a_videos/7poFsrrVPVk.mp4,prototype
7qLPwuH3tVw,they,4.0,relation,CISLR_v1.5-a_videos/7qLPwuH3tVw.mp4,prototype
7r-E5BNnbZU,shocked,3.0,behavior,CISLR_v1.5-a_videos/7r-E5BNnbZU.mp4,prototype
7rmoeayLR8Y_1,steel,8.0,metal and minerals,CISLR_v1.5-a_videos/7rmoeayLR8Y_1.mp4,prototype
7rvnsRkA5WU_2,area,10.0,geography,CISLR_v1.5-a_videos/7rvnsRkA5WU_2.mp4,prototype
7s75Cr5aSJI,shutdown,5.0,process,CISLR_v1.5-a_videos/7s75Cr5aSJI.mp4,prototype
7sR29KFzUog,touch,6.0,sensation,CISLR_v1.5-a_videos/7sR29KFzUog.mp4,prototype
7spvXhsm6k0,proof,4.0,miscellaneous object,CISLR_v1.5-a_videos/7spvXhsm6k0.mp4,prototype
7swvJrXBA3I_1,family,9.0,group,CISLR_v1.5-a_videos/7swvJrXBA3I_1.mp4,prototype
7tUKe_6Lxpk,baton,11.0,instrument,CISLR_v1.5-a_videos/7tUKe_6Lxpk.mp4,prototype
7u54vvW1UKQ,rajdhani train,3.0,transport,CISLR_v1.5-a_videos/7u54vvW1UKQ.mp4,prototype
7usxzuFAysI_1,year,5.0,time,CISLR_v1.5-a_videos/7usxzuFAysI_1.mp4,prototype
7vVeFsNN7uA,mason,5.0,profession,CISLR_v1.5-a_videos/7vVeFsNN7uA.mp4,prototype
7veKecqLRlM_1,stove,8.0,utility item,CISLR_v1.5-a_videos/7veKecqLRlM_1.mp4,prototype
7w2Aev6pww0,rule,4.0,authority,CISLR_v1.5-a_videos/7w2Aev6pww0.mp4,prototype
7xLp4cKj5eo_2,spherical mirror,9.0,physics,CISLR_v1.5-a_videos/7xLp4cKj5eo_2.mp4,prototype
7xT3gRg4lpk_1,wealth,9.0,abstract,CISLR_v1.5-a_videos/7xT3gRg4lpk_1.mp4,prototype
7zKiKasH-ec_2,pink,12.0,abstract,CISLR_v1.5-a_videos/7zKiKasH-ec_2.mp4,test
7zYJmIUn870_1,earn,9.0,profession,CISLR_v1.5-a_videos/7zYJmIUn870_1.mp4,prototype
8-KFF8qu6IY_1,vadodara,6.0,geography,CISLR_v1.5-a_videos/8-KFF8qu6IY_1.mp4,prototype
8-ifVHALpCw_1,endorsement,9.0,banking,CISLR_v1.5-a_videos/8-ifVHALpCw_1.mp4,prototype
816BojVf1nk,tata mobile,5.0,electronic and electrical,CISLR_v1.5-a_videos/816BojVf1nk.mp4,prototype
81n3FI_Di84_1,interrogation,10.0,legal,CISLR_v1.5-a_videos/81n3FI_Di84_1.mp4,prototype
82w5E_szSfs_2,cylinder,12.0,math,CISLR_v1.5-a_videos/82w5E_szSfs_2.mp4,prototype
83gKsBHpPOM,aspiration,4.0,abstract,CISLR_v1.5-a_videos/83gKsBHpPOM.mp4,prototype
83vmd1I6Q4U,carcinoid tumor,8.0,medical,CISLR_v1.5-a_videos/83vmd1I6Q4U.mp4,prototype
83zhg0Uf5jE,ceiling,13.0,construction,CISLR_v1.5-a_videos/83zhg0Uf5jE.mp4,prototype
84G6by8Z7Ak,surface water,14.0,geography,CISLR_v1.5-a_videos/84G6by8Z7Ak.mp4,prototype
870f18p-XdE,save,4.0,action,CISLR_v1.5-a_videos/870f18p-XdE.mp4,prototype
88Uj27nX_f4_1,bad debts,8.0,banking,CISLR_v1.5-a_videos/88Uj27nX_f4_1.mp4,prototype
88cVTMvw2fw,garden,4.0,construction,CISLR_v1.5-a_videos/88cVTMvw2fw.mp4,prototype
890291gO6Io_1,debt doubtful,10.0,banking,CISLR_v1.5-a_videos/890291gO6Io_1.mp4,prototype
8A3qKZoz1ik,degree,5.0,education,CISLR_v1.5-a_videos/8A3qKZoz1ik.mp4,prototype
8AKc3tUUqso,sweet,4.0,attribute,CISLR_v1.5-a_videos/8AKc3tUUqso.mp4,prototype
8CfsiPsHoQs_1,hearing aid,8.0,sound,CISLR_v1.5-a_videos/8CfsiPsHoQs_1.mp4,prototype
8CsqDF-3gGA,suppress,4.0,action,CISLR_v1.5-a_videos/8CsqDF-3gGA.mp4,prototype
8D3_VYGa8Zk_1,terrace,9.0,construction,CISLR_v1.5-a_videos/8D3_VYGa8Zk_1.mp4,prototype
8DJVQADbpd0_1,cook,5.0,foods and drinks,CISLR_v1.5-a_videos/8DJVQADbpd0_1.mp4,prototype
8Dx2cvy46lU,yardstick,8.0,utility item,CISLR_v1.5-a_videos/8Dx2cvy46lU.mp4,prototype
8EF9j5VqHzw,calendar,4.0,time,CISLR_v1.5-a_videos/8EF9j5VqHzw.mp4,prototype
8FU08s4mBkI_1,iron,7.0,metal and minerals,CISLR_v1.5-a_videos/8FU08s4mBkI_1.mp4,test
8FkwA1OENww_1,cold,5.0,sensation,CISLR_v1.5-a_videos/8FkwA1OENww_1.mp4,prototype
8FuV0BKlSrc_1,punctual,7.0,attribute,CISLR_v1.5-a_videos/8FuV0BKlSrc_1.mp4,prototype
8G5NgkTRK8s,capital,4.0,legal,CISLR_v1.5-a_videos/8G5NgkTRK8s.mp4,test
8HEymPeiThc,network,9.0,internet,CISLR_v1.5-a_videos/8HEymPeiThc.mp4,prototype
8I__oqg4_eE,total,4.0,quantity,CISLR_v1.5-a_videos/8I__oqg4_eE.mp4,prototype
8JwPiK_tqTA,jet airways,6.0,transport,CISLR_v1.5-a_videos/8JwPiK_tqTA.mp4,prototype
8K2LbLuX1_s_2,noise,9.0,sound,CISLR_v1.5-a_videos/8K2LbLuX1_s_2.mp4,prototype
8KHW8o8XZb0_1,drama,6.0,action,CISLR_v1.5-a_videos/8KHW8o8XZb0_1.mp4,prototype
8L3-sQV1BmU,divide,5.0,action,CISLR_v1.5-a_videos/8L3-sQV1BmU.mp4,test
8NUflCsxZS0_1,frank,6.0,behavior,CISLR_v1.5-a_videos/8NUflCsxZS0_1.mp4,prototype
8NqmODtSLgI_2,red,6.0,abstract,CISLR_v1.5-a_videos/8NqmODtSLgI_2.mp4,test
8O-mQYCFWoA,pakistan,4.0,geography,CISLR_v1.5-a_videos/8O-mQYCFWoA.mp4,prototype
8ODE1njkZv0,committee,4.0,group,CISLR_v1.5-a_videos/8ODE1njkZv0.mp4,prototype
8OS9z5a2VfI_1,depreciation,9.0,comparator,CISLR_v1.5-a_videos/8OS9z5a2VfI_1.mp4,prototype
8PEVM1nTgqg_1,respect,7.0,gesture,CISLR_v1.5-a_videos/8PEVM1nTgqg_1.mp4,prototype
8TKDYaZqEFA,puppet,8.0,miscellaneous object,CISLR_v1.5-a_videos/8TKDYaZqEFA.mp4,prototype
8TXKaIN4emc_1,yellow,8.0,attribute,CISLR_v1.5-a_videos/8TXKaIN4emc_1.mp4,test
8Tsv4klWWuY,mechanic,6.0,profession,CISLR_v1.5-a_videos/8Tsv4klWWuY.mp4,prototype
8UMcB8ZkgTk_1,payee,8.0,banking,CISLR_v1.5-a_videos/8UMcB8ZkgTk_1.mp4,prototype
8VeV3_Y6Olw_1,fax,8.0,electronic and electrical,CISLR_v1.5-a_videos/8VeV3_Y6Olw_1.mp4,prototype
8W0rN_UGUDM,positive,4.0,abstract,CISLR_v1.5-a_videos/8W0rN_UGUDM.mp4,prototype
8WAJ_vejYOo,vegetables,4.0,foods and drinks,CISLR_v1.5-a_videos/8WAJ_vejYOo.mp4,prototype
8WNV-TgaJTs_1,revenue,9.0,banking,CISLR_v1.5-a_videos/8WNV-TgaJTs_1.mp4,prototype
8WOkDhrU_Rg,sleeve band,10.0,utility item,CISLR_v1.5-a_videos/8WOkDhrU_Rg.mp4,prototype
8ZD3FvK3NYY_1,yesterday,6.0,time,CISLR_v1.5-a_videos/8ZD3FvK3NYY_1.mp4,test
8Z_T-zrBEr8,royal enfield,5.0,organisation,CISLR_v1.5-a_videos/8Z_T-zrBEr8.mp4,prototype
8Zq6uAa16MQ_1,daughter,10.0,relation,CISLR_v1.5-a_videos/8Zq6uAa16MQ_1.mp4,prototype
8_1PBGMAj9w_1,giraffe,6.0,flora and fauna,CISLR_v1.5-a_videos/8_1PBGMAj9w_1.mp4,prototype
8aKZBVKWE5g_2,orbit,13.0,astronomical,CISLR_v1.5-a_videos/8aKZBVKWE5g_2.mp4,prototype
8arkJfd_jyQ,writer,3.0,human,CISLR_v1.5-a_videos/8arkJfd_jyQ.mp4,prototype
8axJ8fy9vI4_1,hate,6.0,emotion,CISLR_v1.5-a_videos/8axJ8fy9vI4_1.mp4,test
8bC_BlQw_eQ_1,earthquake,7.0,event,CISLR_v1.5-a_videos/8bC_BlQw_eQ_1.mp4,prototype
8biyNZmIKsk,limit,4.0,metric,CISLR_v1.5-a_videos/8biyNZmIKsk.mp4,prototype
8c6jcLTId-8_1,hire purchase,10.0,banking,CISLR_v1.5-a_videos/8c6jcLTId-8_1.mp4,prototype
8cHmxgUpFyM_2,inelastic,8.0,substance,CISLR_v1.5-a_videos/8cHmxgUpFyM_2.mp4,prototype
8cz9vIAyOPE,period time,5.0,time,CISLR_v1.5-a_videos/8cz9vIAyOPE.mp4,prototype
8eae5jZQ1zo,clever,5.0,behavior,CISLR_v1.5-a_videos/8eae5jZQ1zo.mp4,prototype
8edWFVV1lo4,projector,4.0,instrument,CISLR_v1.5-a_videos/8edWFVV1lo4.mp4,prototype
8fqQ2nm3B4Q,stare,6.0,action,CISLR_v1.5-a_videos/8fqQ2nm3B4Q.mp4,prototype
8fuKz0wYhWw_1,uncertainity,8.0,time,CISLR_v1.5-a_videos/8fuKz0wYhWw_1.mp4,prototype
8gAE5cho4ck,office,3.0,organisation,CISLR_v1.5-a_videos/8gAE5cho4ck.mp4,test
8gOeGenGvfg_1,card,5.0,utility item,CISLR_v1.5-a_videos/8gOeGenGvfg_1.mp4,prototype
8gULClzsbQE,video card,13.0,electronic and electrical,CISLR_v1.5-a_videos/8gULClzsbQE.mp4,prototype
8gdHlsqexzI_1,insect,8.0,flora and fauna,CISLR_v1.5-a_videos/8gdHlsqexzI_1.mp4,test
8gg1c5ZzWQc_1,toilet,6.0,construction,CISLR_v1.5-a_videos/8gg1c5ZzWQc_1.mp4,prototype
8gs46_Woylk_1,monkey,6.0,flora and fauna,CISLR_v1.5-a_videos/8gs46_Woylk_1.mp4,prototype
8hLvImVhOJM_1,fingers,7.0,human,CISLR_v1.5-a_videos/8hLvImVhOJM_1.mp4,prototype
8hPNnF65IMg,good afternoon,4.0,greeting,CISLR_v1.5-a_videos/8hPNnF65IMg.mp4,prototype
8iMs1y81En0_1,temperature,7.0,weather,CISLR_v1.5-a_videos/8iMs1y81En0_1.mp4,prototype
8j0lxGLcgRo_2,property,9.0,banking,CISLR_v1.5-a_videos/8j0lxGLcgRo_2.mp4,prototype
8jmBwGIKPmg_1,lfc,9.0,banking,CISLR_v1.5-a_videos/8jmBwGIKPmg_1.mp4,prototype
8lbfynog1yQ_1,annual report,14.0,banking,CISLR_v1.5-a_videos/8lbfynog1yQ_1.mp4,prototype
8m3p1BEhCUw,virus,5.0,medical,CISLR_v1.5-a_videos/8m3p1BEhCUw.mp4,prototype
8mXwd_VuW1k_1,our,5.0,relation,CISLR_v1.5-a_videos/8mXwd_VuW1k_1.mp4,prototype
8m_WUuSGZHg,pencil leg,12.0,wearable,CISLR_v1.5-a_videos/8m_WUuSGZHg.mp4,prototype
8m_cHzTpmeY_1,satisfactory,6.0,attribute,CISLR_v1.5-a_videos/8m_cHzTpmeY_1.mp4,prototype
8mb_jgrFdeE_1,crayons,11.0,utility item,CISLR_v1.5-a_videos/8mb_jgrFdeE_1.mp4,prototype
8pLSdUH-S5U,amritsar,4.0,geography,CISLR_v1.5-a_videos/8pLSdUH-S5U.mp4,test
8pXV8kLacAI_2,interval,10.0,time,CISLR_v1.5-a_videos/8pXV8kLacAI_2.mp4,prototype
8pfW3gmsue8,away,4.0,spatial position,CISLR_v1.5-a_videos/8pfW3gmsue8.mp4,prototype
8r5QmLFv9Jc,bath tub,5.0,utility item,CISLR_v1.5-a_videos/8r5QmLFv9Jc.mp4,prototype
8rbvjjFfIPQ_2,gamma ray,10.0,physics,CISLR_v1.5-a_videos/8rbvjjFfIPQ_2.mp4,prototype
8snFGrMOv8c_2,reversible,7.0,attribute,CISLR_v1.5-a_videos/8snFGrMOv8c_2.mp4,prototype
8tC5fhomuPw,row house,14.0,construction,CISLR_v1.5-a_videos/8tC5fhomuPw.mp4,prototype
8tF644BWKNo_1,ganapathi,6.0,religious,CISLR_v1.5-a_videos/8tF644BWKNo_1.mp4,prototype
8tgBgXrOn6Y_1,rice,5.0,foods and drinks,CISLR_v1.5-a_videos/8tgBgXrOn6Y_1.mp4,prototype
8ucWkX-wRrk,pilot,5.0,profession,CISLR_v1.5-a_videos/8ucWkX-wRrk.mp4,prototype
8vtQX3cugYc_1,proceeding,8.0,legal,CISLR_v1.5-a_videos/8vtQX3cugYc_1.mp4,prototype
8w-jGg00BJ4_1,necessary,6.0,comparator,CISLR_v1.5-a_videos/8w-jGg00BJ4_1.mp4,prototype
8wI11m_OvYo,business,5.0,banking,CISLR_v1.5-a_videos/8wI11m_OvYo.mp4,prototype
8wgrPnyzpMw,where,3.0,abstract,CISLR_v1.5-a_videos/8wgrPnyzpMw.mp4,prototype
8xNtPv0InYE,mild steel rod,8.0,instrument,CISLR_v1.5-a_videos/8xNtPv0InYE.mp4,prototype
8yWcdPX31pM_1,village,6.0,geography,CISLR_v1.5-a_videos/8yWcdPX31pM_1.mp4,prototype
8z04XWMENWY,secretary,4.0,profession,CISLR_v1.5-a_videos/8z04XWMENWY.mp4,prototype
8z32TzNwU7U_1,proud,6.0,attribute,CISLR_v1.5-a_videos/8z32TzNwU7U_1.mp4,prototype
8zNQTYikGX0_1,him,7.0,language,CISLR_v1.5-a_videos/8zNQTYikGX0_1.mp4,prototype
8zVGtdn_NLc,cropping tool,8.0,instrument,CISLR_v1.5-a_videos/8zVGtdn_NLc.mp4,prototype
8zg5kbu8ZMA_1,pant,6.0,wearable,CISLR_v1.5-a_videos/8zg5kbu8ZMA_1.mp4,prototype
91WkA3SEDpM,noise pollution,6.0,sound,CISLR_v1.5-a_videos/91WkA3SEDpM.mp4,prototype
9200bHjUzac_1,germany,7.0,geography,CISLR_v1.5-a_videos/9200bHjUzac_1.mp4,test
922S3GXI7eI,meet,4.0,group,CISLR_v1.5-a_videos/922S3GXI7eI.mp4,prototype
92HuQ3Vr13Q_1,curved,6.0,math,CISLR_v1.5-a_videos/92HuQ3Vr13Q_1.mp4,prototype
933fIHNLS9s,nurse,6.0,profession,CISLR_v1.5-a_videos/933fIHNLS9s.mp4,prototype
93GUaFv2z84_1,bury,8.0,action,CISLR_v1.5-a_videos/93GUaFv2z84_1.mp4,test
945eoq95GKM,rhinoceros,5.0,flora and fauna,CISLR_v1.5-a_videos/945eoq95GKM.mp4,prototype
94KSlCCbBf0_1,dollar,6.0,commerce,CISLR_v1.5-a_videos/94KSlCCbBf0_1.mp4,prototype
94r3k7n7oTs,prove,4.0,action,CISLR_v1.5-a_videos/94r3k7n7oTs.mp4,prototype
94yey9jGdsE_1,dish,7.0,utility item,CISLR_v1.5-a_videos/94yey9jGdsE_1.mp4,prototype
95KlTHhKlmk,weekly,4.0,time,CISLR_v1.5-a_videos/95KlTHhKlmk.mp4,test
96JTPuAvmno,hard,4.0,quality,CISLR_v1.5-a_videos/96JTPuAvmno.mp4,test
977nahhu-Zk,socket,5.0,electronic and electrical,CISLR_v1.5-a_videos/977nahhu-Zk.mp4,prototype
97UeCMhqWxw,top,4.0,comparator,CISLR_v1.5-a_videos/97UeCMhqWxw.mp4,prototype
98QpyN3f8ZU,jackfrui,6.0,foods and drinks,CISLR_v1.5-a_videos/98QpyN3f8ZU.mp4,prototype
98UHa9YGWMg_1,confirmed member,10.0,human,CISLR_v1.5-a_videos/98UHa9YGWMg_1.mp4,prototype
98wq5RZYq90_1,age,8.0,stage,CISLR_v1.5-a_videos/98wq5RZYq90_1.mp4,test
99N6O7wQL6o,online editing,12.0,internet,CISLR_v1.5-a_videos/99N6O7wQL6o.mp4,prototype
9A6I1vyyc4s,summer,5.0,weather,CISLR_v1.5-a_videos/9A6I1vyyc4s.mp4,prototype
9AR3EYXYTNk_1,valuable consideration,8.0,abstract,CISLR_v1.5-a_videos/9AR3EYXYTNk_1.mp4,prototype
9B91YNQuBTg_1,purchase,6.0,action,CISLR_v1.5-a_videos/9B91YNQuBTg_1.mp4,prototype
9BJ5ZQixW34,die,4.0,stage,CISLR_v1.5-a_videos/9BJ5ZQixW34.mp4,prototype
9BMHwqCSjag,georgia,4.0,geography,CISLR_v1.5-a_videos/9BMHwqCSjag.mp4,prototype
9BvwAQ7c9-c,cd,4.0,computer,CISLR_v1.5-a_videos/9BvwAQ7c9-c.mp4,prototype
9D6zt9-uP88_1,flexible,6.0,attribute,CISLR_v1.5-a_videos/9D6zt9-uP88_1.mp4,prototype
9E_Rr4c5UUc_1,island,9.0,geography,CISLR_v1.5-a_videos/9E_Rr4c5UUc_1.mp4,prototype
9FCa_zHS4-k,recognize,5.0,action,CISLR_v1.5-a_videos/9FCa_zHS4-k.mp4,prototype
9GJUdPIquG4,newly married,12.0,geography,CISLR_v1.5-a_videos/9GJUdPIquG4.mp4,prototype
9Gb8falrx1Q,adoptive parent,12.0,relation,CISLR_v1.5-a_videos/9Gb8falrx1Q.mp4,prototype
9Gl6dhM-XAY,law,4.0,legal,CISLR_v1.5-a_videos/9Gl6dhM-XAY.mp4,prototype
9GqUoFtKfNE,title bar,15.0,attribute,CISLR_v1.5-a_videos/9GqUoFtKfNE.mp4,prototype
9HSEWDsdxgI_1,chair,6.0,utility item,CISLR_v1.5-a_videos/9HSEWDsdxgI_1.mp4,prototype
9HpOx_E5Q9Q_1,cough,6.0,medical,CISLR_v1.5-a_videos/9HpOx_E5Q9Q_1.mp4,prototype
9IFKjY7Uuw0_1,museum,6.0,geography,CISLR_v1.5-a_videos/9IFKjY7Uuw0_1.mp4,prototype
9Iq8DWRoeJA_2,gram,8.0,metric,CISLR_v1.5-a_videos/9Iq8DWRoeJA_2.mp4,prototype
9JgVee1UGmI,on the basis of propagation,15.0,physics,CISLR_v1.5-a_videos/9JgVee1UGmI.mp4,prototype
9KMPc_T4bU8,guess,5.0,foods and drinks,CISLR_v1.5-a_videos/9KMPc_T4bU8.mp4,prototype
9KZbTecPlh0_1,singapore,7.0,geography,CISLR_v1.5-a_videos/9KZbTecPlh0_1.mp4,prototype
9LDQGtFRVhI,christmas,4.0,event,CISLR_v1.5-a_videos/9LDQGtFRVhI.mp4,prototype
9LMQNfNdfRQ,high court,11.0,legal,CISLR_v1.5-a_videos/9LMQNfNdfRQ.mp4,prototype
9LWMsCmHhaQ,piece,7.0,miscellaneous object,CISLR_v1.5-a_videos/9LWMsCmHhaQ.mp4,prototype
9LXAp02OXko_1,pilot,8.0,profession,CISLR_v1.5-a_videos/9LXAp02OXko_1.mp4,test
9LjYLI7ma7Y_1,retire,8.0,action,CISLR_v1.5-a_videos/9LjYLI7ma7Y_1.mp4,prototype
9MUevtG3yYc_2,optical fiber cable,11.0,electronic and electrical,CISLR_v1.5-a_videos/9MUevtG3yYc_2.mp4,prototype
9NyNlhJnyng,tortoise,5.0,flora and fauna,CISLR_v1.5-a_videos/9NyNlhJnyng.mp4,prototype
9OWi_u40bd4_1,paws,6.0,flora and fauna,CISLR_v1.5-a_videos/9OWi_u40bd4_1.mp4,prototype
9QPvSQjo2oQ_1,cash book,10.0,banking,CISLR_v1.5-a_videos/9QPvSQjo2oQ_1.mp4,prototype
9QYn422W2pU_1,tax profession,10.0,legal,CISLR_v1.5-a_videos/9QYn422W2pU_1.mp4,prototype
9R8mO744RdM,cell,9.0,abstract,CISLR_v1.5-a_videos/9R8mO744RdM.mp4,prototype
9RdiJAmwOtw_1,age,8.0,stage,CISLR_v1.5-a_videos/9RdiJAmwOtw_1.mp4,test
9TAdXqb-qcs_2,year under report,9.0,banking,CISLR_v1.5-a_videos/9TAdXqb-qcs_2.mp4,prototype
9TcOdm_p8dc,during,6.0,time,CISLR_v1.5-a_videos/9TcOdm_p8dc.mp4,prototype
9TzR_2DZEKk,muffler,9.0,wearable,CISLR_v1.5-a_videos/9TzR_2DZEKk.mp4,prototype
9VYxltnFK9k,hemophilia,11.0,biology,CISLR_v1.5-a_videos/9VYxltnFK9k.mp4,prototype
9VvSEg2LUHw_1,rent,6.0,legal,CISLR_v1.5-a_videos/9VvSEg2LUHw_1.mp4,prototype
9WpI_sLgb00,christmas,4.0,event,CISLR_v1.5-a_videos/9WpI_sLgb00.mp4,test
9ZFVsuD_DOA_1,month,6.0,time,CISLR_v1.5-a_videos/9ZFVsuD_DOA_1.mp4,prototype
9ZaH5h9D4yI,auger,7.0,instrument,CISLR_v1.5-a_videos/9ZaH5h9D4yI.mp4,prototype
9_PxbDV7BcU_1,camel,6.0,flora and fauna,CISLR_v1.5-a_videos/9_PxbDV7BcU_1.mp4,prototype
9bDbETVM0r4,offline editing,9.0,action,CISLR_v1.5-a_videos/9bDbETVM0r4.mp4,prototype
9bU0eltCrYQ,world association of sign language interpreters,4.0,organisation,CISLR_v1.5-a_videos/9bU0eltCrYQ.mp4,prototype
9bwbusx_8ik_1,square,13.0,math,CISLR_v1.5-a_videos/9bwbusx_8ik_1.mp4,prototype
9cFEgJEFFB8_1,horns,7.0,biology,CISLR_v1.5-a_videos/9cFEgJEFFB8_1.mp4,prototype
9cRQJXVdE3I_1,instigate,7.0,action,CISLR_v1.5-a_videos/9cRQJXVdE3I_1.mp4,prototype
9c_bONRs12w,geography,3.0,geography,CISLR_v1.5-a_videos/9c_bONRs12w.mp4,prototype
9e62cz2TIdo_1,angry,6.0,emotion,CISLR_v1.5-a_videos/9e62cz2TIdo_1.mp4,test
9e7G2jc3tso_1,christmas,7.0,event,CISLR_v1.5-a_videos/9e7G2jc3tso_1.mp4,test
9gARyCGe8sY_1,cow,7.0,flora and fauna,CISLR_v1.5-a_videos/9gARyCGe8sY_1.mp4,prototype
9gZg_sd9G88,sheep,6.0,flora and fauna,CISLR_v1.5-a_videos/9gZg_sd9G88.mp4,test
9h1DKNgyPZM,cuffs,11.0,instrument,CISLR_v1.5-a_videos/9h1DKNgyPZM.mp4,prototype
9hfrwKx2js8_1,concentrate,8.0,sensation,CISLR_v1.5-a_videos/9hfrwKx2js8_1.mp4,prototype
9hyc0l2c7I4,complainant and complaint,10.0,legal,CISLR_v1.5-a_videos/9hyc0l2c7I4.mp4,prototype
9in2Hz7k60U_1,house,8.0,construction,CISLR_v1.5-a_videos/9in2Hz7k60U_1.mp4,prototype
9j49KqnHN3s,blindness and low vision,6.0,medical,CISLR_v1.5-a_videos/9j49KqnHN3s.mp4,prototype
9jIu7tBsX70,herps virus,5.0,flora and fauna,CISLR_v1.5-a_videos/9jIu7tBsX70.mp4,prototype
9jYJjEHnKTw,bank of baroda,5.0,banking,CISLR_v1.5-a_videos/9jYJjEHnKTw.mp4,prototype
9lETXfWFER8_1,shoulder,8.0,biology,CISLR_v1.5-a_videos/9lETXfWFER8_1.mp4,prototype
9l_mPRyG3Lw_2,wave length,12.0,physics,CISLR_v1.5-a_videos/9l_mPRyG3Lw_2.mp4,prototype
9nYAc6GEbNo_1,oath,5.0,legal,CISLR_v1.5-a_videos/9nYAc6GEbNo_1.mp4,test
9odwds_amPo_1,medicine,7.0,substance,CISLR_v1.5-a_videos/9odwds_amPo_1.mp4,prototype
9oigD1xSV-g_1,warning,6.0,legal,CISLR_v1.5-a_videos/9oigD1xSV-g_1.mp4,prototype
9oo3hDRFIhM_1,brain,9.0,biology,CISLR_v1.5-a_videos/9oo3hDRFIhM_1.mp4,prototype
9pEAebpmkS0,carpet,6.0,utility item,CISLR_v1.5-a_videos/9pEAebpmkS0.mp4,prototype
9pRb9SzUagk,curing,13.0,medical,CISLR_v1.5-a_videos/9pRb9SzUagk.mp4,prototype
9qIeBRYxhjI_1,partnership deed,10.0,relation,CISLR_v1.5-a_videos/9qIeBRYxhjI_1.mp4,prototype
9qLTvYXHLdU,amount,5.0,metric,CISLR_v1.5-a_videos/9qLTvYXHLdU.mp4,test
9qhBPFXW-b0,cross belt drive,13.0,machine,CISLR_v1.5-a_videos/9qhBPFXW-b0.mp4,prototype
9qlCI50wdzY_1,unlucky,7.0,attribute,CISLR_v1.5-a_videos/9qlCI50wdzY_1.mp4,prototype
9r4aaMyWBvo_1,teller,10.0,human,CISLR_v1.5-a_videos/9r4aaMyWBvo_1.mp4,prototype
9r5BkbHQKg4,sailboat,5.0,transport,CISLR_v1.5-a_videos/9r5BkbHQKg4.mp4,prototype
9rOnDWXhyaU,should,3.0,language,CISLR_v1.5-a_videos/9rOnDWXhyaU.mp4,prototype
9sK2PFaxoHw,upset,4.0,behavior,CISLR_v1.5-a_videos/9sK2PFaxoHw.mp4,prototype
9tcU1uGTnFo,composition of milk,6.0,foods and drinks,CISLR_v1.5-a_videos/9tcU1uGTnFo.mp4,prototype
9tph00_pAf4,winner,4.0,human,CISLR_v1.5-a_videos/9tph00_pAf4.mp4,prototype
9uNB69GAxtk_1,plumber,6.0,profession,CISLR_v1.5-a_videos/9uNB69GAxtk_1.mp4,prototype
9uSE_BJx1Po,bad,3.0,quality,CISLR_v1.5-a_videos/9uSE_BJx1Po.mp4,test
9vvemJ0nr-E,without,5.0,abstract,CISLR_v1.5-a_videos/9vvemJ0nr-E.mp4,prototype
9wsyF_yvjfQ,nematology,13.0,biology,CISLR_v1.5-a_videos/9wsyF_yvjfQ.mp4,prototype
9xgeOH9Jl9U,wake,4.0,action,CISLR_v1.5-a_videos/9xgeOH9Jl9U.mp4,prototype
9y_XoHypC2Q_1,coat,7.0,wearable,CISLR_v1.5-a_videos/9y_XoHypC2Q_1.mp4,test
9yuJzZDgPRw_1,birth,9.0,stage,CISLR_v1.5-a_videos/9yuJzZDgPRw_1.mp4,prototype
9zh_TIspgro_1,seconds,6.0,time,CISLR_v1.5-a_videos/9zh_TIspgro_1.mp4,prototype
A-DmE3OOAfU,electricity,4.0,physics,CISLR_v1.5-a_videos/A-DmE3OOAfU.mp4,prototype
A-OYsPfNlNA_2,horizontal,7.0,spatial position,CISLR_v1.5-a_videos/A-OYsPfNlNA_2.mp4,prototype
A-XKL0nXLoA_2,explain,8.0,action,CISLR_v1.5-a_videos/A-XKL0nXLoA_2.mp4,prototype
A0JzS62h92w_1,butterfly,6.0,flora and fauna,CISLR_v1.5-a_videos/A0JzS62h92w_1.mp4,prototype
A0fQyTZj4Mk_2,electromagnetic wave,12.0,physics,CISLR_v1.5-a_videos/A0fQyTZj4Mk_2.mp4,prototype
A131AL5rAPU_2,reflection,8.0,physics,CISLR_v1.5-a_videos/A131AL5rAPU_2.mp4,prototype
A2flwWtlgdQ,politician,4.0,profession,CISLR_v1.5-a_videos/A2flwWtlgdQ.mp4,prototype
A2t3ucbTnzg_1,debit advice,11.0,banking,CISLR_v1.5-a_videos/A2t3ucbTnzg_1.mp4,prototype
A3E7kL78NRs_1,shiva,6.0,religious,CISLR_v1.5-a_videos/A3E7kL78NRs_1.mp4,prototype
A3QOVwivz4Q_1,foreign,7.0,geography,CISLR_v1.5-a_videos/A3QOVwivz4Q_1.mp4,prototype
A3v05__5wIs,types of farm planning,13.0,flora and fauna,CISLR_v1.5-a_videos/A3v05__5wIs.mp4,prototype
A3vRjp3UwrE_1,legal claim,9.0,legal,CISLR_v1.5-a_videos/A3vRjp3UwrE_1.mp4,prototype
A4RELg59BW8,butter,6.0,foods and drinks,CISLR_v1.5-a_videos/A4RELg59BW8.mp4,prototype
A4WC9h-V7gg_2,cone,12.0,miscellaneous object,CISLR_v1.5-a_videos/A4WC9h-V7gg_2.mp4,prototype
A4s4g4tpDwQ_2,electrode,10.0,chemistry,CISLR_v1.5-a_videos/A4s4g4tpDwQ_2.mp4,prototype
A6OkMmLkj50_1,tear sheet,9.0,action,CISLR_v1.5-a_videos/A6OkMmLkj50_1.mp4,prototype
A6f3QRzvHV0,next year,4.0,time,CISLR_v1.5-a_videos/A6f3QRzvHV0.mp4,prototype
A7GtKqvxPNA,can,11.0,utility item,CISLR_v1.5-a_videos/A7GtKqvxPNA.mp4,test
A7Z8eaNDLGg,director,6.0,authority,CISLR_v1.5-a_videos/A7Z8eaNDLGg.mp4,prototype
A8fPXgxSQ-k,aeroplane,4.0,transport,CISLR_v1.5-a_videos/A8fPXgxSQ-k.mp4,test
AApcKicSfHU,haji ali dargah,6.0,religious,CISLR_v1.5-a_videos/AApcKicSfHU.mp4,prototype
ABHbs7wII44,security guard,4.0,profession,CISLR_v1.5-a_videos/ABHbs7wII44.mp4,prototype
ABSyPhV0SCw,thread gauge,14.0,instrument,CISLR_v1.5-a_videos/ABSyPhV0SCw.mp4,prototype
ACJG5VeKrvQ,dust,6.0,miscellaneous object,CISLR_v1.5-a_videos/ACJG5VeKrvQ.mp4,prototype
AD8RcVimCyw_1,distribute,5.0,action,CISLR_v1.5-a_videos/AD8RcVimCyw_1.mp4,test
ADOlYPfw_T8,funds,6.0,banking,CISLR_v1.5-a_videos/ADOlYPfw_T8.mp4,prototype
ADgKP4UpMkg,raster graphics,15.0,computer,CISLR_v1.5-a_videos/ADgKP4UpMkg.mp4,prototype
ADtWeEnpLfY,wind,6.0,weather,CISLR_v1.5-a_videos/ADtWeEnpLfY.mp4,prototype
AEfFAtmkt6o,that,5.0,relation,CISLR_v1.5-a_videos/AEfFAtmkt6o.mp4,prototype
AEjUapb4Iwc,assam,5.0,geography,CISLR_v1.5-a_videos/AEjUapb4Iwc.mp4,prototype
AF8n5CAR0m0_1,hole,6.0,spatial position,CISLR_v1.5-a_videos/AF8n5CAR0m0_1.mp4,prototype
AFV4rZ8HFUI_2,electronics,10.0,electronic and electrical,CISLR_v1.5-a_videos/AFV4rZ8HFUI_2.mp4,prototype
AGADAbFPPH4_1,shoulder,7.0,biology,CISLR_v1.5-a_videos/AGADAbFPPH4_1.mp4,test
AGSQnRV3FY8_1,full moon day,9.0,event,CISLR_v1.5-a_videos/AGSQnRV3FY8_1.mp4,prototype
AHrIksqU13s,earth rammer,9.0,machine,CISLR_v1.5-a_videos/AHrIksqU13s.mp4,prototype
AJ0UWA48X-g,abdicate,15.0,action,CISLR_v1.5-a_videos/AJ0UWA48X-g.mp4,prototype
AJ0hvy4jJXY_1,duck,7.0,flora and fauna,CISLR_v1.5-a_videos/AJ0hvy4jJXY_1.mp4,prototype
AJyoUbv1lzs,bilingual,4.0,language,CISLR_v1.5-a_videos/AJyoUbv1lzs.mp4,prototype
AKpYk0-0v8s_1,drawing,10.0,action,CISLR_v1.5-a_videos/AKpYk0-0v8s_1.mp4,prototype
ALdikJXEJtc,club,4.0,organisation,CISLR_v1.5-a_videos/ALdikJXEJtc.mp4,prototype
ALw4b7WFOR4_1,waste,6.0,abstract,CISLR_v1.5-a_videos/ALw4b7WFOR4_1.mp4,prototype
AMSxEvyhESk,professor,5.0,profession,CISLR_v1.5-a_videos/AMSxEvyhESk.mp4,prototype
ANfL9O6wy4Y,two days after,3.0,time,CISLR_v1.5-a_videos/ANfL9O6wy4Y.mp4,prototype
ANgOOb951fE_1,words and figures,8.0,language,CISLR_v1.5-a_videos/ANgOOb951fE_1.mp4,prototype
ANxPvptCW6w_1,punjabi,7.0,language,CISLR_v1.5-a_videos/ANxPvptCW6w_1.mp4,prototype
AO9vAsL-gXg,masonry bit,14.0,instrument,CISLR_v1.5-a_videos/AO9vAsL-gXg.mp4,prototype
AQ_ba6r2-YM,carpenter,4.0,profession,CISLR_v1.5-a_videos/AQ_ba6r2-YM.mp4,prototype
ARS_u1Op3gw,types of water garden,11.0,flora and fauna,CISLR_v1.5-a_videos/ARS_u1Op3gw.mp4,prototype
ARSm5la19W4_1,maharastra,7.0,geography,CISLR_v1.5-a_videos/ARSm5la19W4_1.mp4,prototype
AUnzt1FRoRk,qualification,4.0,abstract,CISLR_v1.5-a_videos/AUnzt1FRoRk.mp4,prototype
AUqBZl760Lg_1,principal,7.0,authority,CISLR_v1.5-a_videos/AUqBZl760Lg_1.mp4,prototype
AV6KYwLsbfY,infanticide,13.0,action,CISLR_v1.5-a_videos/AV6KYwLsbfY.mp4,prototype
AVjyszuck8E,freeze,3.0,process,CISLR_v1.5-a_videos/AVjyszuck8E.mp4,prototype
AW-lxiaveRY,sand,5.0,geography,CISLR_v1.5-a_videos/AW-lxiaveRY.mp4,test
AWMcypBB9WY_1,ring,6.0,miscellaneous object,CISLR_v1.5-a_videos/AWMcypBB9WY_1.mp4,prototype
AX7RoHSCLPk_1,jesus,5.0,religious,CISLR_v1.5-a_videos/AX7RoHSCLPk_1.mp4,prototype
AXkvz_N39pg,wifi,4.0,internet,CISLR_v1.5-a_videos/AXkvz_N39pg.mp4,test
AXzNbOMMZ6Y,bodice,7.0,wearable,CISLR_v1.5-a_videos/AXzNbOMMZ6Y.mp4,prototype
AY5ZDfd57vc,pen drive,5.0,electronic and electrical,CISLR_v1.5-a_videos/AY5ZDfd57vc.mp4,prototype
AYTEzWH7BYY,assistant professor,5.0,profession,CISLR_v1.5-a_videos/AYTEzWH7BYY.mp4,prototype
AZ71WPBDNuM,format,15.0,attribute,CISLR_v1.5-a_videos/AZ71WPBDNuM.mp4,prototype
AZBsekRB7zY_1,track,8.0,construction,CISLR_v1.5-a_videos/AZBsekRB7zY_1.mp4,prototype
A_ghucv_daw,panic,5.0,emotion,CISLR_v1.5-a_videos/A_ghucv_daw.mp4,prototype
Aa8BKFLPRYs_1,bite,7.0,action,CISLR_v1.5-a_videos/Aa8BKFLPRYs_1.mp4,prototype
AaHFB_q7AO0,headache,4.0,biology,CISLR_v1.5-a_videos/AaHFB_q7AO0.mp4,prototype
AaHmdX-mi5s,costa rica,4.0,geography,CISLR_v1.5-a_videos/AaHmdX-mi5s.mp4,prototype
Aahly6_Ya3w_1,in front of,6.0,spatial position,CISLR_v1.5-a_videos/Aahly6_Ya3w_1.mp4,prototype
AbYawF3ki0k_1,discover,8.0,process,CISLR_v1.5-a_videos/AbYawF3ki0k_1.mp4,prototype
AcAbORUCKbM,lines and pins,15.0,utility item,CISLR_v1.5-a_videos/AcAbORUCKbM.mp4,prototype
AclEDgleQ6M,variable,10.0,math,CISLR_v1.5-a_videos/AclEDgleQ6M.mp4,prototype
AdV7Zn6p0yg_1,snake,6.0,flora and fauna,CISLR_v1.5-a_videos/AdV7Zn6p0yg_1.mp4,prototype
Adn8_szuH5A,select,4.0,action,CISLR_v1.5-a_videos/Adn8_szuH5A.mp4,prototype
AectM0u3HLI_1,ahemedabad,6.0,geography,CISLR_v1.5-a_videos/AectM0u3HLI_1.mp4,prototype
Aeq2jo3tSdA,topic,4.0,attribute,CISLR_v1.5-a_videos/Aeq2jo3tSdA.mp4,prototype
AfgaiVsTy_k,reporter,7.0,profession,CISLR_v1.5-a_videos/AfgaiVsTy_k.mp4,test
AfzXlh8OgnI,promote,5.0,action,CISLR_v1.5-a_videos/AfzXlh8OgnI.mp4,prototype
AgAIB4T8Z04,tiles cutter,15.0,instrument,CISLR_v1.5-a_videos/AgAIB4T8Z04.mp4,prototype
AgB-ICcX7Fg,egypt,3.0,geography,CISLR_v1.5-a_videos/AgB-ICcX7Fg.mp4,prototype
Ah8zB8BQYek,take a bath,5.0,action,CISLR_v1.5-a_videos/Ah8zB8BQYek.mp4,prototype
AhDjpH0xZAU,nineteen,4.0,math,CISLR_v1.5-a_videos/AhDjpH0xZAU.mp4,prototype
Ai8GHDxnOzE_2,clinical thermometer,10.0,medical,CISLR_v1.5-a_videos/Ai8GHDxnOzE_2.mp4,prototype
AjSoS7r4qJI_1,hard,7.0,quality,CISLR_v1.5-a_videos/AjSoS7r4qJI_1.mp4,test
AjWZkexuKVI_2,action,8.0,action,CISLR_v1.5-a_videos/AjWZkexuKVI_2.mp4,prototype
AkDOjtOtGGA_1,holi,6.0,event,CISLR_v1.5-a_videos/AkDOjtOtGGA_1.mp4,prototype
AkY2zmS18v0,kidney disease,6.0,biology,CISLR_v1.5-a_videos/AkY2zmS18v0.mp4,prototype
AmPGr5AueGI_1,dress,7.0,wearable,CISLR_v1.5-a_videos/AmPGr5AueGI_1.mp4,test
AmbZ5vym81g_1,blow,6.0,action,CISLR_v1.5-a_videos/AmbZ5vym81g_1.mp4,prototype
AnzLnEIXCI4_1,lake,10.0,geography,CISLR_v1.5-a_videos/AnzLnEIXCI4_1.mp4,prototype
Ap36VoRZatU,neck band,6.0,utility item,CISLR_v1.5-a_videos/Ap36VoRZatU.mp4,prototype
ApkQwiV28bY,cajanus inducus,11.0,foods and drinks,CISLR_v1.5-a_videos/ApkQwiV28bY.mp4,prototype
Aq_A-TmNfwk,delegation,13.0,organisation,CISLR_v1.5-a_videos/Aq_A-TmNfwk.mp4,prototype
ArXzUJR5Vic,salyx tetra sperma,13.0,biology,CISLR_v1.5-a_videos/ArXzUJR5Vic.mp4,prototype
ArcfZOVJyc4,carrom,3.0,sport,CISLR_v1.5-a_videos/ArcfZOVJyc4.mp4,prototype
ArrUPiaqzHA,license,5.0,legal,CISLR_v1.5-a_videos/ArrUPiaqzHA.mp4,prototype
AuCxXmjvztU,drug abuse and addiction,9.0,stage,CISLR_v1.5-a_videos/AuCxXmjvztU.mp4,prototype
AuTgOkqjmKs,pick axe,4.0,instrument,CISLR_v1.5-a_videos/AuTgOkqjmKs.mp4,prototype
Aup_XGd3EqQ,roofing tiles,6.0,utility item,CISLR_v1.5-a_videos/Aup_XGd3EqQ.mp4,prototype
AwsLVn18lwo_2,least count,8.0,metric,CISLR_v1.5-a_videos/AwsLVn18lwo_2.mp4,prototype
AygZ8ATgf_c,vaishno devi,6.0,religious,CISLR_v1.5-a_videos/AygZ8ATgf_c.mp4,prototype
AzOpSq_iZCo_1,complain,6.0,process,CISLR_v1.5-a_videos/AzOpSq_iZCo_1.mp4,prototype
AzVqMQPhOWI_1,we,5.0,group,CISLR_v1.5-a_videos/AzVqMQPhOWI_1.mp4,prototype
Azhplpvwi6Q,calculator,4.0,math,CISLR_v1.5-a_videos/Azhplpvwi6Q.mp4,test
B0JKoyG_q0g,eyebrow,5.0,biology,CISLR_v1.5-a_videos/B0JKoyG_q0g.mp4,prototype
B0eoeNCs3RI_1,add,7.0,math,CISLR_v1.5-a_videos/B0eoeNCs3RI_1.mp4,prototype
B0wM7GT2PKU_2,formula,8.0,math,CISLR_v1.5-a_videos/B0wM7GT2PKU_2.mp4,prototype
B1plqHKGoW4_1,deer,6.0,flora and fauna,CISLR_v1.5-a_videos/B1plqHKGoW4_1.mp4,test
B2JFlPUsxQY,form,8.0,readable,CISLR_v1.5-a_videos/B2JFlPUsxQY.mp4,test
B2eH7OwcKQ0,relay race,5.0,event,CISLR_v1.5-a_videos/B2eH7OwcKQ0.mp4,prototype
B34E37rWGWA_1,term technical,10.0,banking,CISLR_v1.5-a_videos/B34E37rWGWA_1.mp4,prototype
B34fwmoOvvI_1,false,6.0,abstract,CISLR_v1.5-a_videos/B34fwmoOvvI_1.mp4,prototype
B3ViGdozfp4,kidnap,4.0,group,CISLR_v1.5-a_videos/B3ViGdozfp4.mp4,prototype
B4Anc1i1S1E,software developer,11.0,profession,CISLR_v1.5-a_videos/B4Anc1i1S1E.mp4,prototype
B4_sWGyQgrA,maths,3.0,math,CISLR_v1.5-a_videos/B4_sWGyQgrA.mp4,prototype
B5Qtp_-1gmo_1,liquor,6.0,substance,CISLR_v1.5-a_videos/B5Qtp_-1gmo_1.mp4,prototype
B6UQh9WuYAY,once,4.0,math,CISLR_v1.5-a_videos/B6UQh9WuYAY.mp4,prototype
B6XbxlOZXm4_1,discharge,9.0,action,CISLR_v1.5-a_videos/B6XbxlOZXm4_1.mp4,prototype
B6dVHrpiFws,onion,4.0,foods and drinks,CISLR_v1.5-a_videos/B6dVHrpiFws.mp4,prototype
B71wV1k7n4M,pain,4.0,sensation,CISLR_v1.5-a_videos/B71wV1k7n4M.mp4,prototype
B9gcbXjMQwg_1,small coin depot,11.0,construction,CISLR_v1.5-a_videos/B9gcbXjMQwg_1.mp4,prototype
BAuCEJ4uKgE,together,4.0,group,CISLR_v1.5-a_videos/BAuCEJ4uKgE.mp4,prototype
BCVSsSZSqm4,australia,5.0,geography,CISLR_v1.5-a_videos/BCVSsSZSqm4.mp4,prototype
BD-PPGZahtU_1,loose,6.0,quality,CISLR_v1.5-a_videos/BD-PPGZahtU_1.mp4,prototype
BD6ADUnsyio_1,clock,8.0,utility item,CISLR_v1.5-a_videos/BD6ADUnsyio_1.mp4,prototype
BDSIilJRj-4,passbook printing machine,6.0,banking,CISLR_v1.5-a_videos/BDSIilJRj-4.mp4,prototype
BDyD3b5IvEA_1,tusks,6.0,biology,CISLR_v1.5-a_videos/BDyD3b5IvEA_1.mp4,test
BEBfzPkE3EY,tree,5.0,flora and fauna,CISLR_v1.5-a_videos/BEBfzPkE3EY.mp4,prototype
BEEOC2ZXhsg,not,4.0,abstract,CISLR_v1.5-a_videos/BEEOC2ZXhsg.mp4,prototype
BFYTOi2N1w8,big,3.0,attribute,CISLR_v1.5-a_videos/BFYTOi2N1w8.mp4,prototype
BGIG-XfX4BI,niece,4.0,relation,CISLR_v1.5-a_videos/BGIG-XfX4BI.mp4,prototype
BGfcBh4woVU_1,fight,5.0,action,CISLR_v1.5-a_videos/BGfcBh4woVU_1.mp4,prototype
BGjmN9lRDH0,legal,4.0,legal,CISLR_v1.5-a_videos/BGjmN9lRDH0.mp4,test
BI1IkyUrBT0,possible,4.0,attribute,CISLR_v1.5-a_videos/BI1IkyUrBT0.mp4,prototype
BI57SSk_cGU,cartoon,4.0,entertainment,CISLR_v1.5-a_videos/BI57SSk_cGU.mp4,prototype
BIO33uNK_pY_1,bus stand,6.0,construction,CISLR_v1.5-a_videos/BIO33uNK_pY_1.mp4,prototype
BJ_XRbrwsk0_1,bear,6.0,flora and fauna,CISLR_v1.5-a_videos/BJ_XRbrwsk0_1.mp4,prototype
BJgvTIe5avM,shaving trimmer,6.0,utility item,CISLR_v1.5-a_videos/BJgvTIe5avM.mp4,prototype
BLazXqvPnKk,in,4.0,spatial position,CISLR_v1.5-a_videos/BLazXqvPnKk.mp4,prototype
BMKm42g0s08_2,mechanics,9.0,physics,CISLR_v1.5-a_videos/BMKm42g0s08_2.mp4,prototype
BMsUiLpUFQQ_1,repairer,7.0,human,CISLR_v1.5-a_videos/BMsUiLpUFQQ_1.mp4,prototype
BMzjPIvzVfU,answer,3.0,action,CISLR_v1.5-a_videos/BMzjPIvzVfU.mp4,prototype
BN8N3UwtL00,exclude,5.0,action,CISLR_v1.5-a_videos/BN8N3UwtL00.mp4,prototype
BNNY7s6UnX4_1,india,7.0,geography,CISLR_v1.5-a_videos/BNNY7s6UnX4_1.mp4,test
BNnUgdUKtf0,nagaland,4.0,geography,CISLR_v1.5-a_videos/BNnUgdUKtf0.mp4,prototype
BPC5XCxTQDE_1,cremate,12.0,action,CISLR_v1.5-a_videos/BPC5XCxTQDE_1.mp4,prototype
BPWGQ-KcisU_1,library,8.0,readable,CISLR_v1.5-a_videos/BPWGQ-KcisU_1.mp4,prototype
BPXMuyXJai8_2,energy,11.0,physics,CISLR_v1.5-a_videos/BPXMuyXJai8_2.mp4,prototype
BQU7PK2GEw8,afghanistan,4.0,geography,CISLR_v1.5-a_videos/BQU7PK2GEw8.mp4,prototype
BSJyINZgfWY,ball cricket,5.0,sport,CISLR_v1.5-a_videos/BSJyINZgfWY.mp4,prototype
BS_TcCb8q0s_1,bengali,6.0,language,CISLR_v1.5-a_videos/BS_TcCb8q0s_1.mp4,prototype
BSezNX5k4dA_2,law,7.0,legal,CISLR_v1.5-a_videos/BSezNX5k4dA_2.mp4,test
BSztT4FmVvg,button down,5.0,action,CISLR_v1.5-a_videos/BSztT4FmVvg.mp4,prototype
BT9rDLe3e_8,shears,7.0,instrument,CISLR_v1.5-a_videos/BT9rDLe3e_8.mp4,prototype
BTWoG55D4ns_2,fluid pressure,10.0,physics,CISLR_v1.5-a_videos/BTWoG55D4ns_2.mp4,prototype
BU67b7LtyE0,gujarati,3.0,geography,CISLR_v1.5-a_videos/BU67b7LtyE0.mp4,prototype
BUOXpYbLzTI_1,wide,6.0,attribute,CISLR_v1.5-a_videos/BUOXpYbLzTI_1.mp4,prototype
BUdAJ_WWdxo_1,foot,7.0,biology,CISLR_v1.5-a_videos/BUdAJ_WWdxo_1.mp4,test
BUt4lIrC0E8_1,slow,7.0,attribute,CISLR_v1.5-a_videos/BUt4lIrC0E8_1.mp4,prototype
BUv48pwD90o,exam,6.0,education,CISLR_v1.5-a_videos/BUv48pwD90o.mp4,prototype
BVtBleg0HgA,message video,5.0,internet,CISLR_v1.5-a_videos/BVtBleg0HgA.mp4,prototype
BVyAGCPGC9I,bacteria,5.0,biology,CISLR_v1.5-a_videos/BVyAGCPGC9I.mp4,prototype
BWKieNmLY2c,beer,4.0,foods and drinks,CISLR_v1.5-a_videos/BWKieNmLY2c.mp4,prototype
BWWtThOnwkE,interest on savings account,7.0,banking,CISLR_v1.5-a_videos/BWWtThOnwkE.mp4,prototype
BX15HPM6TzE,interpret,4.0,action,CISLR_v1.5-a_videos/BX15HPM6TzE.mp4,prototype
BXw0xmFB8pQ_1,she,6.0,abstract,CISLR_v1.5-a_videos/BXw0xmFB8pQ_1.mp4,prototype
BYY1nIP7J-E,kali mata,5.0,religious,CISLR_v1.5-a_videos/BYY1nIP7J-E.mp4,prototype
BYnUpQfk3Ts,five,5.0,math,CISLR_v1.5-a_videos/BYnUpQfk3Ts.mp4,prototype
BaDaIkw-dmQ,appearance,12.0,attribute,CISLR_v1.5-a_videos/BaDaIkw-dmQ.mp4,prototype
BaXoF_r5D4w,pain,3.0,sensation,CISLR_v1.5-a_videos/BaXoF_r5D4w.mp4,test
BauK2i6mmK4,younger sister,4.0,relation,CISLR_v1.5-a_videos/BauK2i6mmK4.mp4,prototype
Bc5uO2zRNJA,throat,4.0,biology,CISLR_v1.5-a_videos/Bc5uO2zRNJA.mp4,test
Bc_Km33uz74,level,4.0,abstract,CISLR_v1.5-a_videos/Bc_Km33uz74.mp4,prototype
BdQCN4niLds,cooker,5.0,foods and drinks,CISLR_v1.5-a_videos/BdQCN4niLds.mp4,prototype
BdxydPFxfAA,storm,6.0,weather,CISLR_v1.5-a_videos/BdxydPFxfAA.mp4,prototype
Bf2FG9YBics_1,mogra,7.0,flora and fauna,CISLR_v1.5-a_videos/Bf2FG9YBics_1.mp4,prototype
Bh9e-exemes_1,class room,7.0,education,CISLR_v1.5-a_videos/Bh9e-exemes_1.mp4,prototype
BiqToLUGbec_2,spiral,12.0,abstract,CISLR_v1.5-a_videos/BiqToLUGbec_2.mp4,prototype
Bir6ea5EZ1c,association of sign language interpreters,4.0,organisation,CISLR_v1.5-a_videos/Bir6ea5EZ1c.mp4,prototype
BkPmz2DBMEo,underground symptoms,12.0,medical,CISLR_v1.5-a_videos/BkPmz2DBMEo.mp4,prototype
BlV_8p_hgLA_1,horns,6.0,biology,CISLR_v1.5-a_videos/BlV_8p_hgLA_1.mp4,test
Bl_SheTtSt0,body,4.0,biology,CISLR_v1.5-a_videos/Bl_SheTtSt0.mp4,prototype
BmNYiO_-qFU_1,mat,8.0,utility item,CISLR_v1.5-a_videos/BmNYiO_-qFU_1.mp4,prototype
Bmq6b73OAQ4_1,watermelon,7.0,foods and drinks,CISLR_v1.5-a_videos/Bmq6b73OAQ4_1.mp4,test
BnIXdnAD2EA_2,bimetallic,8.0,metal and minerals,CISLR_v1.5-a_videos/BnIXdnAD2EA_2.mp4,prototype
BnRQjGF_dIc_1,those,5.0,relation,CISLR_v1.5-a_videos/BnRQjGF_dIc_1.mp4,prototype
BnTXPFA6gHA_1,small pox,6.0,medical,CISLR_v1.5-a_videos/BnTXPFA6gHA_1.mp4,prototype
Bo35LBOce64,wine,3.0,foods and drinks,CISLR_v1.5-a_videos/Bo35LBOce64.mp4,prototype
BoTn3ZPqyjk_1,switch,6.0,electronic and electrical,CISLR_v1.5-a_videos/BoTn3ZPqyjk_1.mp4,prototype
BpDvz3q-6pU_1,learn,6.0,action,CISLR_v1.5-a_videos/BpDvz3q-6pU_1.mp4,prototype
Bpg2wRBxGPI_1,terms of service,11.0,legal,CISLR_v1.5-a_videos/Bpg2wRBxGPI_1.mp4,prototype
BpheOwGP6ZE_2,east,8.0,spatial position,CISLR_v1.5-a_videos/BpheOwGP6ZE_2.mp4,prototype
BqgTzj7IeZ0,bhubaneswar,4.0,geography,CISLR_v1.5-a_videos/BqgTzj7IeZ0.mp4,prototype
Bqq4Ir8T9Og_1,ratio,7.0,math,CISLR_v1.5-a_videos/Bqq4Ir8T9Og_1.mp4,prototype
Br0rMI_5PzA_2,film,9.0,instrument,CISLR_v1.5-a_videos/Br0rMI_5PzA_2.mp4,prototype
BrDv3nkZnCE_1,full,6.0,sensation,CISLR_v1.5-a_videos/BrDv3nkZnCE_1.mp4,test
Brqv7-rpdTQ,teach,3.0,action,CISLR_v1.5-a_videos/Brqv7-rpdTQ.mp4,prototype
BtseOFOQ9j8,carnivorus fishes,12.0,flora and fauna,CISLR_v1.5-a_videos/BtseOFOQ9j8.mp4,prototype
BvOKe8KiGPU,tall,4.0,attribute,CISLR_v1.5-a_videos/BvOKe8KiGPU.mp4,test
Bw8_jmAk28w_1,soft,7.0,quality,CISLR_v1.5-a_videos/Bw8_jmAk28w_1.mp4,prototype
BxxS_OuUUv4_1,vault safe deposit,8.0,banking,CISLR_v1.5-a_videos/BxxS_OuUUv4_1.mp4,prototype
BzQFZNqQVsc_1,flag,7.0,miscellaneous object,CISLR_v1.5-a_videos/BzQFZNqQVsc_1.mp4,prototype
BzgPNh4W3GI_1,pillow,9.0,utility item,CISLR_v1.5-a_videos/BzgPNh4W3GI_1.mp4,prototype
C-rIgD-yIvg,busy,6.0,behavior,CISLR_v1.5-a_videos/C-rIgD-yIvg.mp4,prototype
C0UywICFPWw_1,wedding,7.0,event,CISLR_v1.5-a_videos/C0UywICFPWw_1.mp4,prototype
C0znUIY2osY,east,3.0,spatial position,CISLR_v1.5-a_videos/C0znUIY2osY.mp4,test
C15CAFPqP9g_1,cockroach,7.0,flora and fauna,CISLR_v1.5-a_videos/C15CAFPqP9g_1.mp4,prototype
C201-UUFUDg,nationalist congress party,5.0,politics,CISLR_v1.5-a_videos/C201-UUFUDg.mp4,prototype
C2FMG7QWfCo,avalanche,7.0,event,CISLR_v1.5-a_videos/C2FMG7QWfCo.mp4,prototype
C34PxLKD8OM_1,toes,9.0,biology,CISLR_v1.5-a_videos/C34PxLKD8OM_1.mp4,prototype
C39QX6etLxw_1,business,6.0,banking,CISLR_v1.5-a_videos/C39QX6etLxw_1.mp4,test
C4B6Nezrmxw_2,original,9.0,attribute,CISLR_v1.5-a_videos/C4B6Nezrmxw_2.mp4,prototype
C5DI23vAhYo_1,lion,6.0,flora and fauna,CISLR_v1.5-a_videos/C5DI23vAhYo_1.mp4,prototype
C5lKWeivlFY,youth association of the deaf india,3.0,organisation,CISLR_v1.5-a_videos/C5lKWeivlFY.mp4,prototype
C6Lf2U0ZDmQ_1,angry,6.0,emotion,CISLR_v1.5-a_videos/C6Lf2U0ZDmQ_1.mp4,test
C6NYbD05HIo,bank branch name,6.0,banking,CISLR_v1.5-a_videos/C6NYbD05HIo.mp4,prototype
C7tQarNFXJo_1,voluntarily,6.0,behavior,CISLR_v1.5-a_videos/C7tQarNFXJo_1.mp4,prototype
C7zW-Cuv3tU_1,parrot,7.0,flora and fauna,CISLR_v1.5-a_videos/C7zW-Cuv3tU_1.mp4,test
C8NKSCbnodM_1,sea,8.0,geography,CISLR_v1.5-a_videos/C8NKSCbnodM_1.mp4,test
C9ZLmgNDV_Y,salman khan,4.0,human,CISLR_v1.5-a_videos/C9ZLmgNDV_Y.mp4,prototype
CAKl640s6UE,reason,3.0,abstract,CISLR_v1.5-a_videos/CAKl640s6UE.mp4,prototype
CBXCId8jHAA,teaser bull,14.0,medical,CISLR_v1.5-a_videos/CBXCId8jHAA.mp4,prototype
CBdApLFUzYs_1,far,6.0,spatial position,CISLR_v1.5-a_videos/CBdApLFUzYs_1.mp4,prototype
CBgYsD9T-uI_1,watch,8.0,action,CISLR_v1.5-a_videos/CBgYsD9T-uI_1.mp4,prototype
CCLHQe8fETs_2,projectile motion,10.0,physics,CISLR_v1.5-a_videos/CCLHQe8fETs_2.mp4,prototype
CD7q4E7thng,true,4.0,abstract,CISLR_v1.5-a_videos/CD7q4E7thng.mp4,prototype
CDd6olbtjWE,local,5.0,spatial position,CISLR_v1.5-a_videos/CDd6olbtjWE.mp4,prototype
CEHCaHC8hK0,sit,3.0,action,CISLR_v1.5-a_videos/CEHCaHC8hK0.mp4,test
CELYbb3X9fk,mechanic,6.0,profession,CISLR_v1.5-a_videos/CELYbb3X9fk.mp4,test
CEiO3djH-zg_2,superposltion,9.0,physics,CISLR_v1.5-a_videos/CEiO3djH-zg_2.mp4,prototype
CEsvPmZQ7c4_1,slim,7.0,attribute,CISLR_v1.5-a_videos/CEsvPmZQ7c4_1.mp4,prototype
CGNDUJWk96I_2,positive error,9.0,math,CISLR_v1.5-a_videos/CGNDUJWk96I_2.mp4,prototype
CGWUtV3bpgc_1,kanpur,6.0,geography,CISLR_v1.5-a_videos/CGWUtV3bpgc_1.mp4,prototype
CH_cyrmtUd0_1,mixer,6.0,machine,CISLR_v1.5-a_videos/CH_cyrmtUd0_1.mp4,prototype
CHt94rpZVOI,vodafone,5.0,organisation,CISLR_v1.5-a_videos/CHt94rpZVOI.mp4,prototype
CKCqZpXdLU4_1,bridge,6.0,construction,CISLR_v1.5-a_videos/CKCqZpXdLU4_1.mp4,prototype
CKRWnL9qBDo_1,hide,5.0,spatial position,CISLR_v1.5-a_videos/CKRWnL9qBDo_1.mp4,prototype
CKkHv_YeHWU,corn,5.0,foods and drinks,CISLR_v1.5-a_videos/CKkHv_YeHWU.mp4,prototype
CLjivq1wW6E,bile duct cancer,15.0,medical,CISLR_v1.5-a_videos/CLjivq1wW6E.mp4,prototype
CLxxQFQiTic,zip,4.0,utility item,CISLR_v1.5-a_videos/CLxxQFQiTic.mp4,prototype
CNIlm20ulSs_1,expensive,7.0,attribute,CISLR_v1.5-a_videos/CNIlm20ulSs_1.mp4,prototype
CNL5igD7Z9U_1,twins,9.0,biology,CISLR_v1.5-a_videos/CNL5igD7Z9U_1.mp4,prototype
CNfxuVjZuh4_1,inch,6.0,metric,CISLR_v1.5-a_videos/CNfxuVjZuh4_1.mp4,prototype
CNnZQINfB8E,college,6.0,education,CISLR_v1.5-a_videos/CNnZQINfB8E.mp4,prototype
CO-YipjVoj4_1,certificate,6.0,readable,CISLR_v1.5-a_videos/CO-YipjVoj4_1.mp4,prototype
COAl-bQOrFU_2,refractive index,10.0,physics,CISLR_v1.5-a_videos/COAl-bQOrFU_2.mp4,prototype
CPPp4bkc2M0,classification of hedges,11.0,action,CISLR_v1.5-a_videos/CPPp4bkc2M0.mp4,prototype
CPitVthnjH4,love marriage,15.0,relation,CISLR_v1.5-a_videos/CPitVthnjH4.mp4,prototype
CPzNAqruek8,post office,4.0,construction,CISLR_v1.5-a_videos/CPzNAqruek8.mp4,prototype
CR2NKbXEI-A,rail road switch,7.0,transport,CISLR_v1.5-a_videos/CR2NKbXEI-A.mp4,prototype
CRdSfDtdSj8_2,pole,12.0,astronomical,CISLR_v1.5-a_videos/CRdSfDtdSj8_2.mp4,test
CSY_YI5A3uw_1,september,6.0,time,CISLR_v1.5-a_videos/CSY_YI5A3uw_1.mp4,test
CTZLTOTcRtg_2,velocity,7.0,physics,CISLR_v1.5-a_videos/CTZLTOTcRtg_2.mp4,prototype
CU60FAVcxnc_1,solicitor,9.0,profession,CISLR_v1.5-a_videos/CU60FAVcxnc_1.mp4,prototype
CUNH7UOyYGI_1,spider,6.0,flora and fauna,CISLR_v1.5-a_videos/CUNH7UOyYGI_1.mp4,prototype
CXEDTo1PXCg,no,4.0,abstract,CISLR_v1.5-a_videos/CXEDTo1PXCg.mp4,prototype
CXLZ3svHfGc,lace edge binding,9.0,process,CISLR_v1.5-a_videos/CXLZ3svHfGc.mp4,prototype
CXOPG4pJxDI_1,hear,8.0,sound,CISLR_v1.5-a_videos/CXOPG4pJxDI_1.mp4,prototype
CX_0sOJ8AiI_1,bus,6.0,transport,CISLR_v1.5-a_videos/CX_0sOJ8AiI_1.mp4,prototype
CXzmFPBwjzs_2,north pole,11.0,geography,CISLR_v1.5-a_videos/CXzmFPBwjzs_2.mp4,prototype
CYE_fagx7yo_2,liquid fuels,11.0,substance,CISLR_v1.5-a_videos/CYE_fagx7yo_2.mp4,prototype
C_7MNhDkut4,tripura,5.0,geography,CISLR_v1.5-a_videos/C_7MNhDkut4.mp4,test
C_H7DeMnOQ8,abuttal,8.0,legal,CISLR_v1.5-a_videos/C_H7DeMnOQ8.mp4,prototype
C_HK0uWAt8I,november,5.0,time,CISLR_v1.5-a_videos/C_HK0uWAt8I.mp4,prototype
C_VE9wu76So,potty,4.0,biology,CISLR_v1.5-a_videos/C_VE9wu76So.mp4,prototype
C_VIItfSFdU,ewe,10.0,flora and fauna,CISLR_v1.5-a_videos/C_VIItfSFdU.mp4,prototype
C_pnntfY2qw,l square,7.0,instrument,CISLR_v1.5-a_videos/C_pnntfY2qw.mp4,prototype
CbscRBBGtT8,tractor,4.0,transport,CISLR_v1.5-a_videos/CbscRBBGtT8.mp4,prototype
Cc7VwcMMTqk,gas tractor,8.0,transport,CISLR_v1.5-a_videos/Cc7VwcMMTqk.mp4,prototype
CcX4eD-UArI_2,circle,13.0,math,CISLR_v1.5-a_videos/CcX4eD-UArI_2.mp4,test
CcsJ-D4YAMI_1,morning,7.0,time,CISLR_v1.5-a_videos/CcsJ-D4YAMI_1.mp4,prototype
Cd0f7fvtGTg,absent,5.0,abstract,CISLR_v1.5-a_videos/Cd0f7fvtGTg.mp4,prototype
Cdb8BFpFWqo,division,3.0,action,CISLR_v1.5-a_videos/Cdb8BFpFWqo.mp4,prototype
CeGVf78K8jg,anorak,8.0,wearable,CISLR_v1.5-a_videos/CeGVf78K8jg.mp4,prototype
CfFtNMRV6Y8_1,cap,6.0,wearable,CISLR_v1.5-a_videos/CfFtNMRV6Y8_1.mp4,prototype
CfNlpbflIQU,court hall,9.0,legal,CISLR_v1.5-a_videos/CfNlpbflIQU.mp4,prototype
CfRFZ0IFp3Y_2,thermometer,9.0,miscellaneous object,CISLR_v1.5-a_videos/CfRFZ0IFp3Y_2.mp4,prototype
CgJ5_Y60Uu0_2,piston,9.0,miscellaneous object,CISLR_v1.5-a_videos/CgJ5_Y60Uu0_2.mp4,prototype
CggX-rNVSxc_1,omit,6.0,action,CISLR_v1.5-a_videos/CggX-rNVSxc_1.mp4,prototype
Cgk-fX-KFhw,livelihood,5.0,abstract,CISLR_v1.5-a_videos/Cgk-fX-KFhw.mp4,prototype
Cgs1MibMXJ0,eat,4.0,action,CISLR_v1.5-a_videos/Cgs1MibMXJ0.mp4,prototype
Ci-i1-FzGTU,superfast express,6.0,transport,CISLR_v1.5-a_videos/Ci-i1-FzGTU.mp4,prototype
CjL55F1EpNk,contractual,6.0,legal,CISLR_v1.5-a_videos/CjL55F1EpNk.mp4,prototype
CjZKfMv3QsA_2,increase,9.0,comparator,CISLR_v1.5-a_videos/CjZKfMv3QsA_2.mp4,test
ClLC-JSUEq4,coloured follage shrubs,10.0,flora and fauna,CISLR_v1.5-a_videos/ClLC-JSUEq4.mp4,prototype
ClwPsyQ5iKQ_1,late,6.0,time,CISLR_v1.5-a_videos/ClwPsyQ5iKQ_1.mp4,test
ClxK5dEsoZk_1,abeyance,8.0,banking,CISLR_v1.5-a_videos/ClxK5dEsoZk_1.mp4,prototype
CmAtK2kV6GY,pray,4.0,action,CISLR_v1.5-a_videos/CmAtK2kV6GY.mp4,prototype
Cn1Q6q6XtMI,skiing,3.0,sport,CISLR_v1.5-a_videos/Cn1Q6q6XtMI.mp4,prototype
CoA255C3aAU_2,inverse,9.0,math,CISLR_v1.5-a_videos/CoA255C3aAU_2.mp4,prototype
CoKtBDPhPbg,self-reflect,5.0,attribute,CISLR_v1.5-a_videos/CoKtBDPhPbg.mp4,prototype
CoMoRzQiKm8_1,coin,9.0,banking,CISLR_v1.5-a_videos/CoMoRzQiKm8_1.mp4,prototype
Codai31kUpE_1,give,6.0,action,CISLR_v1.5-a_videos/Codai31kUpE_1.mp4,prototype
CowXY9IdbxA_2,uniform,8.0,quantity,CISLR_v1.5-a_videos/CowXY9IdbxA_2.mp4,prototype
CoxdEUEw9Lw,wolf,6.0,flora and fauna,CISLR_v1.5-a_videos/CoxdEUEw9Lw.mp4,test
CpYIKn7qaIY,left,4.0,spatial position,CISLR_v1.5-a_videos/CpYIKn7qaIY.mp4,prototype
CpbiUt_BR3U,process,4.0,event,CISLR_v1.5-a_videos/CpbiUt_BR3U.mp4,prototype
CqOegR2Dg14,dwarf ornamental hedges,14.0,flora and fauna,CISLR_v1.5-a_videos/CqOegR2Dg14.mp4,prototype
CqbFltbrM-s_1,lock,8.0,machine,CISLR_v1.5-a_videos/CqbFltbrM-s_1.mp4,prototype
CqilPDcjxRc,fly,4.0,flora and fauna,CISLR_v1.5-a_videos/CqilPDcjxRc.mp4,prototype
Cqtgx6BSkRk,umpire,5.0,human,CISLR_v1.5-a_videos/Cqtgx6BSkRk.mp4,prototype
CrKUKDtOtSw,foundation,10.0,construction,CISLR_v1.5-a_videos/CrKUKDtOtSw.mp4,prototype
CsVqdOkFe4Y_1,pick,6.0,action,CISLR_v1.5-a_videos/CsVqdOkFe4Y_1.mp4,prototype
Csudbq04CV0,cook,5.0,foods and drinks,CISLR_v1.5-a_videos/Csudbq04CV0.mp4,test
CtWGmhj6scQ_1,vehicles,7.0,transport,CISLR_v1.5-a_videos/CtWGmhj6scQ_1.mp4,prototype
Ctij9uzbRTU,younger,4.0,comparator,CISLR_v1.5-a_videos/Ctij9uzbRTU.mp4,prototype
Ctsn9y9OSCk,stationery,6.0,utility item,CISLR_v1.5-a_videos/Ctsn9y9OSCk.mp4,prototype
CuOhMZjaUS8_2,magnet,9.0,physics,CISLR_v1.5-a_videos/CuOhMZjaUS8_2.mp4,prototype
CujxTrMxQEw_1,declaration,12.0,action,CISLR_v1.5-a_videos/CujxTrMxQEw_1.mp4,prototype
CvB9G9rAoNY,stuck,5.0,stage,CISLR_v1.5-a_videos/CvB9G9rAoNY.mp4,prototype
CveKv8LNSOI_1,insult,6.0,action,CISLR_v1.5-a_videos/CveKv8LNSOI_1.mp4,prototype
CvkYlSWEfL4_2,simple  microscope,8.0,instrument,CISLR_v1.5-a_videos/CvkYlSWEfL4_2.mp4,prototype
CvppYfpiXyM,wood plane,10.0,miscellaneous object,CISLR_v1.5-a_videos/CvppYfpiXyM.mp4,prototype
Cw13fIyVSNA,take,4.0,action,CISLR_v1.5-a_videos/Cw13fIyVSNA.mp4,test
CwdQO_zlNyE,side mirror,6.0,utility item,CISLR_v1.5-a_videos/CwdQO_zlNyE.mp4,prototype
CyV5-k-6JFk,mizoram,5.0,geography,CISLR_v1.5-a_videos/CyV5-k-6JFk.mp4,prototype
CyY-qOh0k4U_1,account closing,14.0,banking,CISLR_v1.5-a_videos/CyY-qOh0k4U_1.mp4,prototype
Cyn1WPoqLHM_1,town,6.0,geography,CISLR_v1.5-a_videos/Cyn1WPoqLHM_1.mp4,prototype
Cz3KCbolavI,camel,5.0,flora and fauna,CISLR_v1.5-a_videos/Cz3KCbolavI.mp4,test
D-6BxGJ0ru8_1,wish,7.0,abstract,CISLR_v1.5-a_videos/D-6BxGJ0ru8_1.mp4,prototype
D-6KziM3_ac,monkey,7.0,flora and fauna,CISLR_v1.5-a_videos/D-6KziM3_ac.mp4,test
D-DoLPV-QRg_1,unlawful,7.0,legal,CISLR_v1.5-a_videos/D-DoLPV-QRg_1.mp4,prototype
D12hlBiVjck,opposite,4.0,comparator,CISLR_v1.5-a_videos/D12hlBiVjck.mp4,prototype
D19X5MhzZcE,english,3.0,language,CISLR_v1.5-a_videos/D19X5MhzZcE.mp4,prototype
D1NuUfSrJq8_1,yellow,8.0,attribute,CISLR_v1.5-a_videos/D1NuUfSrJq8_1.mp4,test
D2Ayu0l7M78,tonic,4.0,substance,CISLR_v1.5-a_videos/D2Ayu0l7M78.mp4,prototype
D2r4zIgoqkg,andhra pradesh,4.0,geography,CISLR_v1.5-a_videos/D2r4zIgoqkg.mp4,prototype
D2w1j6MXK-s_2,hydrautic lift,12.0,machine,CISLR_v1.5-a_videos/D2w1j6MXK-s_2.mp4,prototype
D3-jY-B3kFo,unix,7.0,computer,CISLR_v1.5-a_videos/D3-jY-B3kFo.mp4,prototype
D38jZfxOtFs_1,europe,8.0,geography,CISLR_v1.5-a_videos/D38jZfxOtFs_1.mp4,prototype
D3MeXacclFw,breathalyzer test,12.0,medical,CISLR_v1.5-a_videos/D3MeXacclFw.mp4,prototype
D3USBJo5zLA_1,introduce,6.0,action,CISLR_v1.5-a_videos/D3USBJo5zLA_1.mp4,prototype
D4mWoGRHBYc_1,disapproval,9.0,gesture,CISLR_v1.5-a_videos/D4mWoGRHBYc_1.mp4,prototype
D5jXj8nf-Sg_1,spoil,7.0,action,CISLR_v1.5-a_videos/D5jXj8nf-Sg_1.mp4,prototype
D5ynpqL8HC4_1,multiply,7.0,math,CISLR_v1.5-a_videos/D5ynpqL8HC4_1.mp4,prototype
D6MP5temHtg_1,chocolate,6.0,foods and drinks,CISLR_v1.5-a_videos/D6MP5temHtg_1.mp4,prototype
D6jjiguTEmI_1,account profit and loss,15.0,banking,CISLR_v1.5-a_videos/D6jjiguTEmI_1.mp4,prototype
D7hi8QdSnq8,middle,4.0,comparator,CISLR_v1.5-a_videos/D7hi8QdSnq8.mp4,prototype
D9ihUabRKIQ_2,green,8.0,colour,CISLR_v1.5-a_videos/D9ihUabRKIQ_2.mp4,prototype
D9jI_HByl1Q,united arab emirates,4.0,geography,CISLR_v1.5-a_videos/D9jI_HByl1Q.mp4,prototype
DA0Ma_9R3HU,pick,3.0,action,CISLR_v1.5-a_videos/DA0Ma_9R3HU.mp4,test
DAgfV9RRVsw_1,umbrella,8.0,utility item,CISLR_v1.5-a_videos/DAgfV9RRVsw_1.mp4,test
DAhaM4E1wSM,candle,6.0,utility item,CISLR_v1.5-a_videos/DAhaM4E1wSM.mp4,prototype
DAkf0SjQpuk_1,alive,6.0,stage,CISLR_v1.5-a_videos/DAkf0SjQpuk_1.mp4,test
DBMZ92qq6fY_1,bible,6.0,readable,CISLR_v1.5-a_videos/DBMZ92qq6fY_1.mp4,prototype
DBUTlAHjWlI,fine,4.0,legal,CISLR_v1.5-a_videos/DBUTlAHjWlI.mp4,test
DCH3d-S6BlI,endure,4.0,action,CISLR_v1.5-a_videos/DCH3d-S6BlI.mp4,prototype
DCRybq5sYAA_1,winding up,7.0,action,CISLR_v1.5-a_videos/DCRybq5sYAA_1.mp4,prototype
DCjd5dJLuF4,zebra,5.0,flora and fauna,CISLR_v1.5-a_videos/DCjd5dJLuF4.mp4,prototype
DCwA5BuGHa8_1,they,4.0,relation,CISLR_v1.5-a_videos/DCwA5BuGHa8_1.mp4,test
DD9K1ojKj_k,taj hotel,7.0,construction,CISLR_v1.5-a_videos/DD9K1ojKj_k.mp4,prototype
DDusbrXIyaA,tailor,5.0,profession,CISLR_v1.5-a_videos/DDusbrXIyaA.mp4,test
DF_pD6nnqRk,monocotyledonae,11.0,flora and fauna,CISLR_v1.5-a_videos/DF_pD6nnqRk.mp4,prototype
DG2hfDpWdMQ_1,good,7.0,quality,CISLR_v1.5-a_videos/DG2hfDpWdMQ_1.mp4,prototype
DHihi8AG0ck_1,cancel,6.0,action,CISLR_v1.5-a_videos/DHihi8AG0ck_1.mp4,test
DHr0LlZd0cs_2,attraction,8.0,physics,CISLR_v1.5-a_videos/DHr0LlZd0cs_2.mp4,prototype
DJzxcG2JLTA,experiment,6.0,process,CISLR_v1.5-a_videos/DJzxcG2JLTA.mp4,prototype
DKuMCtyj8ik_2,infinity,8.0,math,CISLR_v1.5-a_videos/DKuMCtyj8ik_2.mp4,prototype
DMDAXFRPJBs_1,rose,7.0,flora and fauna,CISLR_v1.5-a_videos/DMDAXFRPJBs_1.mp4,prototype
DM_xL10khbo_1,skin,9.0,biology,CISLR_v1.5-a_videos/DM_xL10khbo_1.mp4,prototype
DMaN0jUw3pU,pickle,7.0,foods and drinks,CISLR_v1.5-a_videos/DMaN0jUw3pU.mp4,prototype
DMxZHUZ7u88_1,seat,6.0,utility item,CISLR_v1.5-a_videos/DMxZHUZ7u88_1.mp4,prototype
DNF5QY7x2Lc_1,hardworking,8.0,behavior,CISLR_v1.5-a_videos/DNF5QY7x2Lc_1.mp4,prototype
DNP9-5px_mA,hook worm disease,9.0,biology,CISLR_v1.5-a_videos/DNP9-5px_mA.mp4,prototype
DNVOzTx47ew,gas lighter,5.0,utility item,CISLR_v1.5-a_videos/DNVOzTx47ew.mp4,prototype
DNk0c1RwBJ0_1,solve,7.0,action,CISLR_v1.5-a_videos/DNk0c1RwBJ0_1.mp4,prototype
DOHpEalcflo,podium,8.0,miscellaneous object,CISLR_v1.5-a_videos/DOHpEalcflo.mp4,prototype
DPFh6Vtj8nY,indian sign language interpreters association,3.0,organisation,CISLR_v1.5-a_videos/DPFh6Vtj8nY.mp4,prototype
DPQ-TcGykDw_1,baby,9.0,stage,CISLR_v1.5-a_videos/DPQ-TcGykDw_1.mp4,prototype
DPb0Ariw5Ic,event,5.0,event,CISLR_v1.5-a_videos/DPb0Ariw5Ic.mp4,prototype
DQZ8UEoRnUs_1,fool,6.0,behavior,CISLR_v1.5-a_videos/DQZ8UEoRnUs_1.mp4,prototype
DQg2gfZHQ_0,subdivision,5.0,authority,CISLR_v1.5-a_videos/DQg2gfZHQ_0.mp4,prototype
DQstNLzwuNg,concealment of identity,14.0,legal,CISLR_v1.5-a_videos/DQstNLzwuNg.mp4,prototype
DRvjyDqrHq4_1,floor,8.0,construction,CISLR_v1.5-a_videos/DRvjyDqrHq4_1.mp4,prototype
DSL5R_AGIiU,computing,13.0,computer,CISLR_v1.5-a_videos/DSL5R_AGIiU.mp4,prototype
DSpymhe73eM_1,seed,7.0,foods and drinks,CISLR_v1.5-a_videos/DSpymhe73eM_1.mp4,prototype
DSr0qd_JY8w,india gate,6.0,construction,CISLR_v1.5-a_videos/DSr0qd_JY8w.mp4,prototype
DTOsm_OuWLM,kindhearted,6.0,attribute,CISLR_v1.5-a_videos/DTOsm_OuWLM.mp4,prototype
DTWS5Oy3kcY,maharashtra,4.0,geography,CISLR_v1.5-a_videos/DTWS5Oy3kcY.mp4,prototype
DU-O8ssmBHg_2,diagonal,10.0,math,CISLR_v1.5-a_videos/DU-O8ssmBHg_2.mp4,prototype
DU-odPNLPio_1,attachment of property,13.0,banking,CISLR_v1.5-a_videos/DU-odPNLPio_1.mp4,prototype
DV2QK-flhpc,absolve,12.0,legal,CISLR_v1.5-a_videos/DV2QK-flhpc.mp4,prototype
DVe5knz8gh8,triple,4.0,quantity,CISLR_v1.5-a_videos/DVe5knz8gh8.mp4,prototype
DXj1A4BNsQg,traffic,5.0,abstract,CISLR_v1.5-a_videos/DXj1A4BNsQg.mp4,prototype
DY9ZAVPwT8o,stumps,5.0,sport,CISLR_v1.5-a_videos/DY9ZAVPwT8o.mp4,prototype
DZ55uUFJfTA_2,lunar eclipse,12.0,astronomical,CISLR_v1.5-a_videos/DZ55uUFJfTA_2.mp4,prototype
DZ6eHdrXGC8,green hand,9.0,behavior,CISLR_v1.5-a_videos/DZ6eHdrXGC8.mp4,prototype
DbQXU9hA1AA_1,mix,6.0,process,CISLR_v1.5-a_videos/DbQXU9hA1AA_1.mp4,prototype
DbWWsUmMXUA_1,banana,7.0,foods and drinks,CISLR_v1.5-a_videos/DbWWsUmMXUA_1.mp4,prototype
DbfHSSkk3Ss,nail cutter,5.0,utility item,CISLR_v1.5-a_videos/DbfHSSkk3Ss.mp4,prototype
Dbt8wFNY5RI_1,straight,6.0,spatial position,CISLR_v1.5-a_videos/Dbt8wFNY5RI_1.mp4,test
Dbz-hAaPPvg,chain surveying,9.0,metric,CISLR_v1.5-a_videos/Dbz-hAaPPvg.mp4,prototype
DcEY17TDRIw_1,aluminium,8.0,metal and minerals,CISLR_v1.5-a_videos/DcEY17TDRIw_1.mp4,prototype
DcJKQkC-JjY_1,transport,7.0,transport,CISLR_v1.5-a_videos/DcJKQkC-JjY_1.mp4,prototype
DcRRjyNfFJs_1,destroy,6.0,action,CISLR_v1.5-a_videos/DcRRjyNfFJs_1.mp4,prototype
DdEgmEhWnRA,parkinsonia aculeata,15.0,biology,CISLR_v1.5-a_videos/DdEgmEhWnRA.mp4,prototype
DfohDPZVlrA_1,mother,9.0,relation,CISLR_v1.5-a_videos/DfohDPZVlrA_1.mp4,test
Dg1FJhcTg2E_2,east,8.0,spatial position,CISLR_v1.5-a_videos/Dg1FJhcTg2E_2.mp4,test
Dg95uOLJogg_1,copper,9.0,metal and minerals,CISLR_v1.5-a_videos/Dg95uOLJogg_1.mp4,prototype
DgF0m14DBG0,to retailers,12.0,process,CISLR_v1.5-a_videos/DgF0m14DBG0.mp4,prototype
Dgq7SU6Khls_1,tomorrow,7.0,time,CISLR_v1.5-a_videos/Dgq7SU6Khls_1.mp4,test
Dh69YPn9pzU,tractor,7.0,transport,CISLR_v1.5-a_videos/Dh69YPn9pzU.mp4,test
Dhg5hNpQxQU,tube well,11.0,construction,CISLR_v1.5-a_videos/Dhg5hNpQxQU.mp4,prototype
DhydZXrTFJ4_2,pentode,11.0,electronic and electrical,CISLR_v1.5-a_videos/DhydZXrTFJ4_2.mp4,prototype
DjEe79bR1M4,sunset,5.0,event,CISLR_v1.5-a_videos/DjEe79bR1M4.mp4,prototype
DkjjHEZzsHE_1,husband,9.0,relation,CISLR_v1.5-a_videos/DkjjHEZzsHE_1.mp4,prototype
DlLsAg0WL68_1,careful,7.0,attribute,CISLR_v1.5-a_videos/DlLsAg0WL68_1.mp4,prototype
DlTdx-rVtfo,unfair dismissal,6.0,action,CISLR_v1.5-a_videos/DlTdx-rVtfo.mp4,test
DlyWuMwYeVc_2,orange,12.0,abstract,CISLR_v1.5-a_videos/DlyWuMwYeVc_2.mp4,test
Dom49pxvY-M_2,translation of motion,10.0,physics,CISLR_v1.5-a_videos/Dom49pxvY-M_2.mp4,prototype
DpoUiyIlk2k,forget,4.0,action,CISLR_v1.5-a_videos/DpoUiyIlk2k.mp4,prototype
DqnTDIwMoFc,system of feeding poultry,13.0,organisation,CISLR_v1.5-a_videos/DqnTDIwMoFc.mp4,prototype
Dr99eNeltzU,3g,3.0,internet,CISLR_v1.5-a_videos/Dr99eNeltzU.mp4,prototype
Ds0rhfDqBrM_1,profit,6.0,banking,CISLR_v1.5-a_videos/Ds0rhfDqBrM_1.mp4,prototype
DsIehsrzx7o,pizza,4.0,foods and drinks,CISLR_v1.5-a_videos/DsIehsrzx7o.mp4,prototype
DtVx1FUTYaA_2,sink,9.0,process,CISLR_v1.5-a_videos/DtVx1FUTYaA_2.mp4,prototype
DtZFOZG8tTQ,stair tread,8.0,construction,CISLR_v1.5-a_videos/DtZFOZG8tTQ.mp4,prototype
DtdeOvkYLo4_1,egg,6.0,foods and drinks,CISLR_v1.5-a_videos/DtdeOvkYLo4_1.mp4,prototype
Dteba6UR1uY,plastering,11.0,action,CISLR_v1.5-a_videos/Dteba6UR1uY.mp4,prototype
Dvpc0R8CfI0,quantity,4.0,quantity,CISLR_v1.5-a_videos/Dvpc0R8CfI0.mp4,prototype
DwUajipOhHY,motor,6.0,electronic and electrical,CISLR_v1.5-a_videos/DwUajipOhHY.mp4,prototype
DwrOgyG1P7E_2,carburetor,7.0,machine,CISLR_v1.5-a_videos/DwrOgyG1P7E_2.mp4,prototype
DxotcbkEnMY,general secretary,4.0,profession,CISLR_v1.5-a_videos/DxotcbkEnMY.mp4,prototype
Dy9J-D3RVDw_1,coimbatore,5.0,geography,CISLR_v1.5-a_videos/Dy9J-D3RVDw_1.mp4,prototype
DyoiyeHahko_1,small farmer,10.0,profession,CISLR_v1.5-a_videos/DyoiyeHahko_1.mp4,prototype
Dywl939W0wU,introduce,4.0,action,CISLR_v1.5-a_videos/Dywl939W0wU.mp4,test
Dz2avlvSTYQ_1,read,6.0,action,CISLR_v1.5-a_videos/Dz2avlvSTYQ_1.mp4,prototype
Dz9dFM4Pg3g,allow,3.0,action,CISLR_v1.5-a_videos/Dz9dFM4Pg3g.mp4,test
DzL4k1Vy3gc,sandwich,4.0,foods and drinks,CISLR_v1.5-a_videos/DzL4k1Vy3gc.mp4,prototype
DzyfpdJYBwg,profile levelling,14.0,physics,CISLR_v1.5-a_videos/DzyfpdJYBwg.mp4,prototype
E1bMcpst-p8_1,flood,9.0,event,CISLR_v1.5-a_videos/E1bMcpst-p8_1.mp4,test
E1g2vckJJek_1,wheat,5.0,foods and drinks,CISLR_v1.5-a_videos/E1g2vckJJek_1.mp4,prototype
E2-FY4q-Kbg,debate,5.0,action,CISLR_v1.5-a_videos/E2-FY4q-Kbg.mp4,prototype
E2FirzckC_U_1,weak,7.0,quality,CISLR_v1.5-a_videos/E2FirzckC_U_1.mp4,prototype
E2GOvDBZhdI_1,resume,8.0,action,CISLR_v1.5-a_videos/E2GOvDBZhdI_1.mp4,prototype
E2SKFVvnt0s,veteran,13.0,human,CISLR_v1.5-a_videos/E2SKFVvnt0s.mp4,prototype
E3CEiwzCU94_1,conciliation,11.0,process,CISLR_v1.5-a_videos/E3CEiwzCU94_1.mp4,prototype
E3IAqXfMjWA,lassi,5.0,foods and drinks,CISLR_v1.5-a_videos/E3IAqXfMjWA.mp4,prototype
E4A1ApJjUkE_1,main,9.0,quality,CISLR_v1.5-a_videos/E4A1ApJjUkE_1.mp4,prototype
E4Kp5d5orgA_1,land improvement reform,10.0,legal,CISLR_v1.5-a_videos/E4Kp5d5orgA_1.mp4,prototype
E4_sAfIiflQ,demand draft,6.0,banking,CISLR_v1.5-a_videos/E4_sAfIiflQ.mp4,prototype
E4hL5jUFwCk,gloves,4.0,wearable,CISLR_v1.5-a_videos/E4hL5jUFwCk.mp4,prototype
E4rnCudFi8c,disappear,5.0,action,CISLR_v1.5-a_videos/E4rnCudFi8c.mp4,test
E5mWb7nGYmQ,vishnu,5.0,religious,CISLR_v1.5-a_videos/E5mWb7nGYmQ.mp4,prototype
E5teJWyr2rA,coach,6.0,sport,CISLR_v1.5-a_videos/E5teJWyr2rA.mp4,prototype
E6-Q2xXxUmc,varieties of mushroom,10.0,foods and drinks,CISLR_v1.5-a_videos/E6-Q2xXxUmc.mp4,prototype
E6XeodyBzYs_1,deed of sale,12.0,event,CISLR_v1.5-a_videos/E6XeodyBzYs_1.mp4,prototype
E6yxMBZEYhs,notify,3.0,action,CISLR_v1.5-a_videos/E6yxMBZEYhs.mp4,prototype
E7ASHBd0kDs,canada,4.0,geography,CISLR_v1.5-a_videos/E7ASHBd0kDs.mp4,prototype
E7okhzFRINQ_1,plate,7.0,utility item,CISLR_v1.5-a_videos/E7okhzFRINQ_1.mp4,prototype
E7upPuPpLIY_1,poor,7.0,abstract,CISLR_v1.5-a_videos/E7upPuPpLIY_1.mp4,prototype
E8uf2VM3KCo,get,4.0,action,CISLR_v1.5-a_videos/E8uf2VM3KCo.mp4,prototype
E91cfQBn8_4_1,help,7.0,process,CISLR_v1.5-a_videos/E91cfQBn8_4_1.mp4,prototype
E93MkvU8Hs8,balcony garden,7.0,construction,CISLR_v1.5-a_videos/E93MkvU8Hs8.mp4,prototype
E99L8qeeuVk_1,bench,6.0,utility item,CISLR_v1.5-a_videos/E99L8qeeuVk_1.mp4,prototype
EBdRrVvw25g_2,liquid,10.0,physics,CISLR_v1.5-a_videos/EBdRrVvw25g_2.mp4,prototype
ED7sE5v2jKE,solve,4.0,action,CISLR_v1.5-a_videos/ED7sE5v2jKE.mp4,test
EDDN3o-FX9Q,manipur,4.0,geography,CISLR_v1.5-a_videos/EDDN3o-FX9Q.mp4,test
EDEbbnnbHeo_1,july,6.0,time,CISLR_v1.5-a_videos/EDEbbnnbHeo_1.mp4,test
EDW7RoRvZOg_2,minute,8.0,time,CISLR_v1.5-a_videos/EDW7RoRvZOg_2.mp4,prototype
EDX7B93iM9k_1,hip,7.0,biology,CISLR_v1.5-a_videos/EDX7B93iM9k_1.mp4,prototype
ED_25-_F0MI,bookshelf,6.0,utility item,CISLR_v1.5-a_videos/ED_25-_F0MI.mp4,prototype
EDxRoZlrq5A_1,measles,7.0,biology,CISLR_v1.5-a_videos/EDxRoZlrq5A_1.mp4,prototype
EE1cuwsn1IY,hate,5.0,emotion,CISLR_v1.5-a_videos/EE1cuwsn1IY.mp4,test
EE_BDdMNWTI_1,sector,10.0,math,CISLR_v1.5-a_videos/EE_BDdMNWTI_1.mp4,prototype
EEn5WhsNLfA,minister,4.0,authority,CISLR_v1.5-a_videos/EEn5WhsNLfA.mp4,prototype
EF3PXbHGGUM_1,yearly,8.0,time,CISLR_v1.5-a_videos/EF3PXbHGGUM_1.mp4,prototype
EFBQAgXgXEk_1,sheet charge,9.0,legal,CISLR_v1.5-a_videos/EFBQAgXgXEk_1.mp4,prototype
EFPl9sfDRkM,prefer,5.0,action,CISLR_v1.5-a_videos/EFPl9sfDRkM.mp4,prototype
EFd9_rQVW6k,pizza,4.0,foods and drinks,CISLR_v1.5-a_videos/EFd9_rQVW6k.mp4,test
EFuaKRVN4Yw,week,4.0,time,CISLR_v1.5-a_videos/EFuaKRVN4Yw.mp4,test
EGt1EA-YBNw,conclude,6.0,process,CISLR_v1.5-a_videos/EGt1EA-YBNw.mp4,prototype
EHWONrQWsVE,baldness,8.0,attribute,CISLR_v1.5-a_videos/EHWONrQWsVE.mp4,prototype
EI3Z7yP6_JQ,my,3.0,language,CISLR_v1.5-a_videos/EI3Z7yP6_JQ.mp4,prototype
EI4ConsbYws_2,geography,10.0,geography,CISLR_v1.5-a_videos/EI4ConsbYws_2.mp4,test
EIS2HUEopZM_1,sweets,5.0,foods and drinks,CISLR_v1.5-a_videos/EIS2HUEopZM_1.mp4,prototype
EI_dA2lZLds_1,reasonable notice,7.0,legal,CISLR_v1.5-a_videos/EI_dA2lZLds_1.mp4,prototype
EJ0UG10b714,wise,4.0,attribute,CISLR_v1.5-a_videos/EJ0UG10b714.mp4,prototype
EJF-HPyHiYE,post,4.0,action,CISLR_v1.5-a_videos/EJF-HPyHiYE.mp4,prototype
EJo7NBj1Qx4,serial killer,10.0,human,CISLR_v1.5-a_videos/EJo7NBj1Qx4.mp4,prototype
EK6tORg211g_1,devil,5.0,religious,CISLR_v1.5-a_videos/EK6tORg211g_1.mp4,prototype
EKWgFRGdMwU,antartica,5.0,geography,CISLR_v1.5-a_videos/EKWgFRGdMwU.mp4,prototype
EKZWNoQFQuw,palm tree,6.0,flora and fauna,CISLR_v1.5-a_videos/EKZWNoQFQuw.mp4,prototype
EKp6wIukZRc,kilogram,8.0,metric,CISLR_v1.5-a_videos/EKp6wIukZRc.mp4,prototype
EKr1gGcQlXk_1,kerala,7.0,geography,CISLR_v1.5-a_videos/EKr1gGcQlXk_1.mp4,test
EL4UAMc2Kmc_2,circuit,10.0,physics,CISLR_v1.5-a_videos/EL4UAMc2Kmc_2.mp4,prototype
ELCvZrWheyk,initiative,8.0,behavior,CISLR_v1.5-a_videos/ELCvZrWheyk.mp4,prototype
ELX_Ak3IKgE_1,north pole,8.0,geography,CISLR_v1.5-a_videos/ELX_Ak3IKgE_1.mp4,test
ENY1YTTzKao_1,pepper,6.0,foods and drinks,CISLR_v1.5-a_videos/ENY1YTTzKao_1.mp4,prototype
EPIpofZRHBY_1,purchase,8.0,action,CISLR_v1.5-a_videos/EPIpofZRHBY_1.mp4,test
EQ1yzB0YoPY,delegate west bengal,3.0,authority,CISLR_v1.5-a_videos/EQ1yzB0YoPY.mp4,prototype
EQMR3agty8g_1,bearer,10.0,banking,CISLR_v1.5-a_videos/EQMR3agty8g_1.mp4,prototype
EQpjjm6rZTw,peon,11.0,profession,CISLR_v1.5-a_videos/EQpjjm6rZTw.mp4,test
EQwPLL2v2bU,neck,4.0,biology,CISLR_v1.5-a_videos/EQwPLL2v2bU.mp4,prototype
ERX99VRsSPA_1,walk,8.0,action,CISLR_v1.5-a_videos/ERX99VRsSPA_1.mp4,prototype
EUJyZCB8UoE,skin,4.0,biology,CISLR_v1.5-a_videos/EUJyZCB8UoE.mp4,test
EVLxRwi3cNY_2,technoiogy,9.0,abstract,CISLR_v1.5-a_videos/EVLxRwi3cNY_2.mp4,prototype
EVNgPUE-tys_1,milkman,6.0,profession,CISLR_v1.5-a_videos/EVNgPUE-tys_1.mp4,prototype
EVs45zQ6mTQ,on the basis of use of pond,15.0,biology,CISLR_v1.5-a_videos/EVs45zQ6mTQ.mp4,prototype
EW6ZzbkYD9g_1,penal interest,8.0,banking,CISLR_v1.5-a_videos/EW6ZzbkYD9g_1.mp4,prototype
EWDMPkRnEHI,radish,4.0,foods and drinks,CISLR_v1.5-a_videos/EWDMPkRnEHI.mp4,prototype
EWPzum2d02w_1,curtain,9.0,utility item,CISLR_v1.5-a_videos/EWPzum2d02w_1.mp4,prototype
EWUNJsze6aE,housefly,6.0,flora and fauna,CISLR_v1.5-a_videos/EWUNJsze6aE.mp4,prototype
EXEEDnScQ8g_1,shares redeemable,9.0,banking,CISLR_v1.5-a_videos/EXEEDnScQ8g_1.mp4,prototype
EXJmDDFi-5g,door,4.0,construction,CISLR_v1.5-a_videos/EXJmDDFi-5g.mp4,prototype
EXSLF0azSNs_2,number system,12.0,math,CISLR_v1.5-a_videos/EXSLF0azSNs_2.mp4,prototype
EXdh8IAeyUk_2,rotational motion,12.0,physics,CISLR_v1.5-a_videos/EXdh8IAeyUk_2.mp4,prototype
EXoZ4SeF5as_1,then,7.0,time,CISLR_v1.5-a_videos/EXoZ4SeF5as_1.mp4,prototype
EYWI_5mkrbc_1,free,7.0,behavior,CISLR_v1.5-a_videos/EYWI_5mkrbc_1.mp4,prototype
EYcuu4ETc4Y,herpes,7.0,biology,CISLR_v1.5-a_videos/EYcuu4ETc4Y.mp4,prototype
EYhsfoO3_ME_1,shirt,7.0,wearable,CISLR_v1.5-a_videos/EYhsfoO3_ME_1.mp4,prototype
EZ9S6g3CBzM,sweep,9.0,action,CISLR_v1.5-a_videos/EZ9S6g3CBzM.mp4,prototype
EZpZvb2wicY,okay,4.0,gesture,CISLR_v1.5-a_videos/EZpZvb2wicY.mp4,prototype
EZtR1UdIiBE,peru,4.0,geography,CISLR_v1.5-a_videos/EZtR1UdIiBE.mp4,prototype
E_bwQ8SGo8w,foundation organization,7.0,organisation,CISLR_v1.5-a_videos/E_bwQ8SGo8w.mp4,prototype
Eakl221Gpsg,floppy disk,12.0,computer,CISLR_v1.5-a_videos/Eakl221Gpsg.mp4,prototype
Eakrhy1WezE,share,4.0,action,CISLR_v1.5-a_videos/Eakrhy1WezE.mp4,test
Eb1zmjEoyGQ,oriya,6.0,language,CISLR_v1.5-a_videos/Eb1zmjEoyGQ.mp4,test
EbmFC4EitxU,pencil,3.0,utility item,CISLR_v1.5-a_videos/EbmFC4EitxU.mp4,test
EcCzQVbFiwE,support,5.0,action,CISLR_v1.5-a_videos/EcCzQVbFiwE.mp4,prototype
EdGBkBi0xQ4,cold,4.0,sensation,CISLR_v1.5-a_videos/EdGBkBi0xQ4.mp4,test
EdGYkgo-nX0_1,authorised signature,10.0,authority,CISLR_v1.5-a_videos/EdGYkgo-nX0_1.mp4,prototype
EekMLY_SxPo_1,in advance,9.0,time,CISLR_v1.5-a_videos/EekMLY_SxPo_1.mp4,prototype
EfIcGuRmc84,footage,11.0,computer,CISLR_v1.5-a_videos/EfIcGuRmc84.mp4,prototype
Eg7eVi4c11k,grow,3.0,time,CISLR_v1.5-a_videos/Eg7eVi4c11k.mp4,test
EgYYB3nHbyU_1,sum,8.0,math,CISLR_v1.5-a_videos/EgYYB3nHbyU_1.mp4,prototype
EgeA95Yf9IQ,soil,6.0,geography,CISLR_v1.5-a_videos/EgeA95Yf9IQ.mp4,prototype
EgeuAsy-wmc_1,leak,7.0,process,CISLR_v1.5-a_videos/EgeuAsy-wmc_1.mp4,prototype
EgnE1hPwGRs,manjira,6.0,sound,CISLR_v1.5-a_videos/EgnE1hPwGRs.mp4,prototype
EhE2_Jd7F-o_2,weekly return,6.0,banking,CISLR_v1.5-a_videos/EhE2_Jd7F-o_2.mp4,prototype
EhErcUPHNgg_1,questions,5.0,abstract,CISLR_v1.5-a_videos/EhErcUPHNgg_1.mp4,prototype
Ehm9mwSc-JU_2,direction,11.0,geography,CISLR_v1.5-a_videos/Ehm9mwSc-JU_2.mp4,prototype
Eic6GMcQ9Tc,sing,4.0,action,CISLR_v1.5-a_videos/Eic6GMcQ9Tc.mp4,test
EilGxC4fZ4g_1,plate,7.0,utility item,CISLR_v1.5-a_videos/EilGxC4fZ4g_1.mp4,test
Ejk3rD52uc0_1,tonic,8.0,substance,CISLR_v1.5-a_videos/Ejk3rD52uc0_1.mp4,test
EkK_DEi9vog,mobile,4.0,electronic and electrical,CISLR_v1.5-a_videos/EkK_DEi9vog.mp4,prototype
EkaFWDZrh2E,spur,5.0,action,CISLR_v1.5-a_videos/EkaFWDZrh2E.mp4,prototype
EkfwGwI4c6E,fast growing temporary hedges,12.0,flora and fauna,CISLR_v1.5-a_videos/EkfwGwI4c6E.mp4,prototype
Ekmr93MXzCE,portugal,3.0,geography,CISLR_v1.5-a_videos/Ekmr93MXzCE.mp4,prototype
EktuCHkw7Ss,shoot,4.0,action,CISLR_v1.5-a_videos/EktuCHkw7Ss.mp4,prototype
ElXP4DjT3H8_1,friend,10.0,relation,CISLR_v1.5-a_videos/ElXP4DjT3H8_1.mp4,prototype
EmUsRBX9664_2,day,8.0,time,CISLR_v1.5-a_videos/EmUsRBX9664_2.mp4,test
En8MHpUgipg_1,recurring,6.0,abstract,CISLR_v1.5-a_videos/En8MHpUgipg_1.mp4,prototype
EnH0HaNPtsc_1,horse cart,7.0,transport,CISLR_v1.5-a_videos/EnH0HaNPtsc_1.mp4,prototype
EnILR2WEkzc,shoulder pads,13.0,utility item,CISLR_v1.5-a_videos/EnILR2WEkzc.mp4,prototype
EnNw43_8YjY_1,argue,6.0,behavior,CISLR_v1.5-a_videos/EnNw43_8YjY_1.mp4,prototype
Eni6gYBX_-g,saturday,4.0,time,CISLR_v1.5-a_videos/Eni6gYBX_-g.mp4,test
EnyO2ToSA20_1,bat,6.0,sport,CISLR_v1.5-a_videos/EnyO2ToSA20_1.mp4,prototype
EopinjD2-4I_1,knowledge,6.0,abstract,CISLR_v1.5-a_videos/EopinjD2-4I_1.mp4,prototype
Eoz8FUQDCKY_2,repulsive force,11.0,physics,CISLR_v1.5-a_videos/Eoz8FUQDCKY_2.mp4,prototype
Ep_W1M6FWe0_1,active,7.0,behavior,CISLR_v1.5-a_videos/Ep_W1M6FWe0_1.mp4,prototype
EpxAKEtJbdI,itself,3.0,language,CISLR_v1.5-a_videos/EpxAKEtJbdI.mp4,prototype
EqGyUaKwRjg,virat kohli,4.0,human,CISLR_v1.5-a_videos/EqGyUaKwRjg.mp4,prototype
EsvQpLP_28E,steel rack,10.0,utility item,CISLR_v1.5-a_videos/EsvQpLP_28E.mp4,prototype
EuU5L4V0jsA,flower for recreation,10.0,flora and fauna,CISLR_v1.5-a_videos/EuU5L4V0jsA.mp4,prototype
EvZvymz1nRo,karate,3.0,sport,CISLR_v1.5-a_videos/EvZvymz1nRo.mp4,prototype
Evw-przGUxo_2,s.i unit,10.0,metric,CISLR_v1.5-a_videos/Evw-przGUxo_2.mp4,prototype
EvwF_HCmPxY,lg mobile,5.0,organisation,CISLR_v1.5-a_videos/EvwF_HCmPxY.mp4,prototype
EwbZoVWQ6II,religion,5.0,religious,CISLR_v1.5-a_videos/EwbZoVWQ6II.mp4,prototype
EwcX2aXTmUQ,tulip sleeve,9.0,wearable,CISLR_v1.5-a_videos/EwcX2aXTmUQ.mp4,prototype
ExEPNAW_Zk4,swimming,5.0,process,CISLR_v1.5-a_videos/ExEPNAW_Zk4.mp4,prototype
Ey1sb2Mq-00_1,belt,6.0,wearable,CISLR_v1.5-a_videos/Ey1sb2Mq-00_1.mp4,prototype
EyHkbtQEH4w_2,west,8.0,spatial position,CISLR_v1.5-a_videos/EyHkbtQEH4w_2.mp4,prototype
EzA7vpG_mnw,kitchen,6.0,foods and drinks,CISLR_v1.5-a_videos/EzA7vpG_mnw.mp4,prototype
F-NlKJvZ17E_1,cover,6.0,action,CISLR_v1.5-a_videos/F-NlKJvZ17E_1.mp4,prototype
F-aZRY9C6HY_2,osclllatory motion,12.0,physics,CISLR_v1.5-a_videos/F-aZRY9C6HY_2.mp4,prototype
F-nZwpViPqM,perform,6.0,action,CISLR_v1.5-a_videos/F-nZwpViPqM.mp4,prototype
F0Yx7_4Ox0c,shine,4.0,attribute,CISLR_v1.5-a_videos/F0Yx7_4Ox0c.mp4,prototype
F1AvK4jxMuA,nearly,5.0,attribute,CISLR_v1.5-a_videos/F1AvK4jxMuA.mp4,prototype
F2SfSlbRkj0,sympathy,6.0,emotion,CISLR_v1.5-a_videos/F2SfSlbRkj0.mp4,prototype
F2oFyH9CkpI,psychology,4.0,biology,CISLR_v1.5-a_videos/F2oFyH9CkpI.mp4,prototype
F2qZXlYNo38_1,white collar job,9.0,profession,CISLR_v1.5-a_videos/F2qZXlYNo38_1.mp4,prototype
F3qQXP8EtRs,basic pay,9.0,banking,CISLR_v1.5-a_videos/F3qQXP8EtRs.mp4,prototype
F6sn_h1Xea0,nice to meet you,4.0,greeting,CISLR_v1.5-a_videos/F6sn_h1Xea0.mp4,prototype
F7s5GtLbtGE,tinda,5.0,flora and fauna,CISLR_v1.5-a_videos/F7s5GtLbtGE.mp4,prototype
F7wUQReGNEw,earth,4.0,geography,CISLR_v1.5-a_videos/F7wUQReGNEw.mp4,test
F8ZmweysvHM,deaf,4.0,medical,CISLR_v1.5-a_videos/F8ZmweysvHM.mp4,test
F9JOa0fXPI4,few,4.0,quantity,CISLR_v1.5-a_videos/F9JOa0fXPI4.mp4,prototype
F9qYkNV06NE,fir,10.0,legal,CISLR_v1.5-a_videos/F9qYkNV06NE.mp4,prototype
F9v9eNr0daA_1,vendor,6.0,profession,CISLR_v1.5-a_videos/F9v9eNr0daA_1.mp4,prototype
F9xcw575Q-A,zoo,6.0,geography,CISLR_v1.5-a_videos/F9xcw575Q-A.mp4,prototype
FAOHczmX7Kc,rolls royce,5.0,organisation,CISLR_v1.5-a_videos/FAOHczmX7Kc.mp4,prototype
FCHXqa0qVDo,mile,7.0,metric,CISLR_v1.5-a_videos/FCHXqa0qVDo.mp4,test
FCMh8YKvD-8_1,like,7.0,comparator,CISLR_v1.5-a_videos/FCMh8YKvD-8_1.mp4,prototype
FCNV_86edvI_1,alone,6.0,emotion,CISLR_v1.5-a_videos/FCNV_86edvI_1.mp4,prototype
FD8LpV-MqEM,deadline,5.0,time,CISLR_v1.5-a_videos/FD8LpV-MqEM.mp4,test
FDV5iLDQiFs_1,bolt,6.0,instrument,CISLR_v1.5-a_videos/FDV5iLDQiFs_1.mp4,prototype
FDpm4DIIUqI,cut,3.0,action,CISLR_v1.5-a_videos/FDpm4DIIUqI.mp4,prototype
FEGl-ICREeE_1,newspaper,7.0,readable,CISLR_v1.5-a_videos/FEGl-ICREeE_1.mp4,prototype
FEi50jcTxxI_1,stop,5.0,stage,CISLR_v1.5-a_videos/FEi50jcTxxI_1.mp4,prototype
FFAd29BYBxs,self,3.0,relation,CISLR_v1.5-a_videos/FFAd29BYBxs.mp4,prototype
FG0lFws-PWo_1,brown,8.0,attribute,CISLR_v1.5-a_videos/FG0lFws-PWo_1.mp4,test
FGFEkUDv0Xs,policy,5.0,legal,CISLR_v1.5-a_videos/FGFEkUDv0Xs.mp4,prototype
FHJGiOwpmJ8_1,surname,10.0,group,CISLR_v1.5-a_videos/FHJGiOwpmJ8_1.mp4,prototype
FHwjyQeLNuY,stop,5.0,stage,CISLR_v1.5-a_videos/FHwjyQeLNuY.mp4,test
FIUecHseRiA,light fixture,7.0,electronic and electrical,CISLR_v1.5-a_videos/FIUecHseRiA.mp4,prototype
FIYZhJAQ3Qo,passbook bank,5.0,banking,CISLR_v1.5-a_videos/FIYZhJAQ3Qo.mp4,prototype
FIj5kYw23Og,sikkim,4.0,religious,CISLR_v1.5-a_videos/FIj5kYw23Og.mp4,prototype
FKzGaTqUqGY_1,prosecution,6.0,legal,CISLR_v1.5-a_videos/FKzGaTqUqGY_1.mp4,prototype
FLG6F5h_LiY_1,tuesday,5.0,time,CISLR_v1.5-a_videos/FLG6F5h_LiY_1.mp4,test
FMNrbQN6pX0_1,boxing,5.0,sport,CISLR_v1.5-a_videos/FMNrbQN6pX0_1.mp4,prototype
FNM7gqdOCzQ_1,russia,7.0,geography,CISLR_v1.5-a_videos/FNM7gqdOCzQ_1.mp4,prototype
FNwSw0aI6yk,success,4.0,stage,CISLR_v1.5-a_videos/FNwSw0aI6yk.mp4,prototype
FOXxYHFHzto_2,material,7.0,substance,CISLR_v1.5-a_videos/FOXxYHFHzto_2.mp4,prototype
FP83TXugYq4_1,shooting,7.0,action,CISLR_v1.5-a_videos/FP83TXugYq4_1.mp4,test
FPuKLNX3uKI,star,5.0,astronomical,CISLR_v1.5-a_videos/FPuKLNX3uKI.mp4,prototype
FQYd1BVpZ54,sit,3.0,action,CISLR_v1.5-a_videos/FQYd1BVpZ54.mp4,test
FR_SoS24QTs_1,clever,7.0,behavior,CISLR_v1.5-a_videos/FR_SoS24QTs_1.mp4,test
FSKTNkpTx5Q_1,october,6.0,time,CISLR_v1.5-a_videos/FSKTNkpTx5Q_1.mp4,test
FTNGNvDqp-g,hair,4.0,biology,CISLR_v1.5-a_videos/FTNGNvDqp-g.mp4,test
FWGaBkksG7c,submerged weeds,15.0,flora and fauna,CISLR_v1.5-a_videos/FWGaBkksG7c.mp4,prototype
FX4qWqaO0aE_2,bolling point,10.0,chemistry,CISLR_v1.5-a_videos/FX4qWqaO0aE_2.mp4,prototype
FXDVdq4xfbw_1,nervous,7.0,emotion,CISLR_v1.5-a_videos/FXDVdq4xfbw_1.mp4,test
FXkWue_0HsY_1,push,6.0,action,CISLR_v1.5-a_videos/FXkWue_0HsY_1.mp4,prototype
FYU1yAIBMKk,teach,4.0,action,CISLR_v1.5-a_videos/FYU1yAIBMKk.mp4,test
FYxrZhkb5Zc_2,bread board,10.0,electronic and electrical,CISLR_v1.5-a_videos/FYxrZhkb5Zc_2.mp4,prototype
FZ5a1t1hKpw_1,ticket checker,8.0,profession,CISLR_v1.5-a_videos/FZ5a1t1hKpw_1.mp4,prototype
FZFeKGTeQ5k_1,owe,5.0,action,CISLR_v1.5-a_videos/FZFeKGTeQ5k_1.mp4,prototype
FZrTVPMOSTk_1,august,6.0,time,CISLR_v1.5-a_videos/FZrTVPMOSTk_1.mp4,prototype
F_Bi2czPDcc,greedy,4.0,behavior,CISLR_v1.5-a_videos/F_Bi2czPDcc.mp4,prototype
F_es2B9Sgo0,things,4.0,miscellaneous object,CISLR_v1.5-a_videos/F_es2B9Sgo0.mp4,prototype
F_ssKRakSBs,goal,4.0,abstract,CISLR_v1.5-a_videos/F_ssKRakSBs.mp4,prototype
F_zWSg0n04A_2,uitraviolet ray,10.0,physics,CISLR_v1.5-a_videos/F_zWSg0n04A_2.mp4,prototype
FathKZe6_LI,key,5.0,utility item,CISLR_v1.5-a_videos/FathKZe6_LI.mp4,test
FdxGN0ru6F8,india,4.0,geography,CISLR_v1.5-a_videos/FdxGN0ru6F8.mp4,test
FeI5iTWw_6w_2,refraction,9.0,physics,CISLR_v1.5-a_videos/FeI5iTWw_6w_2.mp4,prototype
Fep0HNXm84k_1,grandfather,11.0,relation,CISLR_v1.5-a_videos/Fep0HNXm84k_1.mp4,prototype
FfuRz0AuxMs,pay,3.0,banking,CISLR_v1.5-a_videos/FfuRz0AuxMs.mp4,test
FgId5lNxRyM_1,magnet,7.0,physics,CISLR_v1.5-a_videos/FgId5lNxRyM_1.mp4,test
Fgkks8MEUi8_1,wool,9.0,utility item,CISLR_v1.5-a_videos/Fgkks8MEUi8_1.mp4,prototype
FhgAT_pNTIE,meat,5.0,foods and drinks,CISLR_v1.5-a_videos/FhgAT_pNTIE.mp4,prototype
FhsR37rUlRo_1,easter,8.0,religious,CISLR_v1.5-a_videos/FhsR37rUlRo_1.mp4,prototype
FiEj2MNIRAs_1,fill,5.0,action,CISLR_v1.5-a_videos/FiEj2MNIRAs_1.mp4,prototype
Fjx9s0fJjEA_1,want,6.0,abstract,CISLR_v1.5-a_videos/Fjx9s0fJjEA_1.mp4,prototype
FkCaUqcqwpA,drug,3.0,substance,CISLR_v1.5-a_videos/FkCaUqcqwpA.mp4,prototype
FkJ_uBF9n88_2,water pollution,8.0,geography,CISLR_v1.5-a_videos/FkJ_uBF9n88_2.mp4,prototype
FlB4FQhBm5M,silver,4.0,metal and minerals,CISLR_v1.5-a_videos/FlB4FQhBm5M.mp4,prototype
FlZ8Xekr-JA,work,3.0,action,CISLR_v1.5-a_videos/FlZ8Xekr-JA.mp4,prototype
FlaNoLJsw-s,remove,4.0,action,CISLR_v1.5-a_videos/FlaNoLJsw-s.mp4,prototype
Fls8pLxuhZs,confirm,5.0,process,CISLR_v1.5-a_videos/Fls8pLxuhZs.mp4,prototype
FmDMlXXPl9c_1,want,6.0,abstract,CISLR_v1.5-a_videos/FmDMlXXPl9c_1.mp4,test
FmR82ugp5Ug_1,shimla,6.0,geography,CISLR_v1.5-a_videos/FmR82ugp5Ug_1.mp4,prototype
FnSIbbCAQ3s,sculptor,11.0,profession,CISLR_v1.5-a_videos/FnSIbbCAQ3s.mp4,prototype
FnTehW6ik-Y_2,altitude,8.0,geography,CISLR_v1.5-a_videos/FnTehW6ik-Y_2.mp4,prototype
FogwGS1HzIQ,fat test of milk,12.0,process,CISLR_v1.5-a_videos/FogwGS1HzIQ.mp4,prototype
Fq1Pqke8_pE,floppy drive,13.0,computer,CISLR_v1.5-a_videos/Fq1Pqke8_pE.mp4,prototype
FqtbCwFHFrw_1,fraud,5.0,banking,CISLR_v1.5-a_videos/FqtbCwFHFrw_1.mp4,prototype
FrcAMp9yi1k_1,urgent,7.0,time,CISLR_v1.5-a_videos/FrcAMp9yi1k_1.mp4,prototype
Fty9TY6f37g_1,sweat,8.0,biology,CISLR_v1.5-a_videos/Fty9TY6f37g_1.mp4,prototype
Fu11XkNRBis,simultaneous,4.0,time,CISLR_v1.5-a_videos/Fu11XkNRBis.mp4,test
Fu6JYe2kAkg_1,pass,9.0,abstract,CISLR_v1.5-a_videos/Fu6JYe2kAkg_1.mp4,prototype
FuP3ROsNQoU,grommets,12.0,machine,CISLR_v1.5-a_videos/FuP3ROsNQoU.mp4,prototype
FuoBm8C2wRg_2,interruption,8.0,action,CISLR_v1.5-a_videos/FuoBm8C2wRg_2.mp4,prototype
Fw0sNnw7Jd8,bigamy,12.0,relation,CISLR_v1.5-a_videos/Fw0sNnw7Jd8.mp4,prototype
FxpR_7U84nQ,ally,14.0,group,CISLR_v1.5-a_videos/FxpR_7U84nQ.mp4,prototype
G-5rBFFWEIk_1,herself,6.0,language,CISLR_v1.5-a_videos/G-5rBFFWEIk_1.mp4,prototype
G-MJMctXHkY,peter pan collar,9.0,wearable,CISLR_v1.5-a_videos/G-MJMctXHkY.mp4,prototype
G-xw6dwoiBc,balance,4.0,banking,CISLR_v1.5-a_videos/G-xw6dwoiBc.mp4,test
G-zchviTHUI_1,cricket,5.0,sport,CISLR_v1.5-a_videos/G-zchviTHUI_1.mp4,prototype
G0Ii_arG_iA_1,rule,5.0,authority,CISLR_v1.5-a_videos/G0Ii_arG_iA_1.mp4,test
G1M2g_Bp2iM,roughages,15.0,foods and drinks,CISLR_v1.5-a_videos/G1M2g_Bp2iM.mp4,prototype
G1kA8fiQM3Q,cartoon,12.0,entertainment,CISLR_v1.5-a_videos/G1kA8fiQM3Q.mp4,test
G1v0EK67zuc_1,hot to feel,7.0,sensation,CISLR_v1.5-a_videos/G1v0EK67zuc_1.mp4,prototype
G2Lhs-1HRys,uncomfortable,5.0,behavior,CISLR_v1.5-a_videos/G2Lhs-1HRys.mp4,prototype
G3noibPzJ1w_1,fish,6.0,foods and drinks,CISLR_v1.5-a_videos/G3noibPzJ1w_1.mp4,prototype
G4VFlxK9srU,kinds of germination,13.0,biology,CISLR_v1.5-a_videos/G4VFlxK9srU.mp4,prototype
G6aKn9zvQ8g,cheque drop box,8.0,banking,CISLR_v1.5-a_videos/G6aKn9zvQ8g.mp4,prototype
G7LqVtoayeo,brain,7.0,biology,CISLR_v1.5-a_videos/G7LqVtoayeo.mp4,test
G9ClKgFVe4U,mumbai,4.0,geography,CISLR_v1.5-a_videos/G9ClKgFVe4U.mp4,prototype
G9MUHd-IjF4_1,election,8.0,event,CISLR_v1.5-a_videos/G9MUHd-IjF4_1.mp4,test
GA00BzF9EpE_2,photographic plate,8.0,instrument,CISLR_v1.5-a_videos/GA00BzF9EpE_2.mp4,prototype
GAP_IrJE0F0_1,before,5.0,spatial position,CISLR_v1.5-a_videos/GAP_IrJE0F0_1.mp4,test
GBvOlmOfz7s,photoperiodism,14.0,biology,CISLR_v1.5-a_videos/GBvOlmOfz7s.mp4,prototype
GDbeg02GKjA_2,latitude,14.0,geography,CISLR_v1.5-a_videos/GDbeg02GKjA_2.mp4,prototype
GE77ptzmP6g,duffle,9.0,wearable,CISLR_v1.5-a_videos/GE77ptzmP6g.mp4,prototype
GES06kpvMl4_1,account current,8.0,banking,CISLR_v1.5-a_videos/GES06kpvMl4_1.mp4,prototype
GFWW1CO5rf0_1,selfish,7.0,behavior,CISLR_v1.5-a_videos/GFWW1CO5rf0_1.mp4,test
GGBp_AxOgjE_2,average,8.0,math,CISLR_v1.5-a_videos/GGBp_AxOgjE_2.mp4,test
GGK97cywvBc,bag,4.0,utility item,CISLR_v1.5-a_videos/GGK97cywvBc.mp4,prototype
GGV55DgjlHM,nokia mobile,6.0,electronic and electrical,CISLR_v1.5-a_videos/GGV55DgjlHM.mp4,prototype
GGbmYniJ_EM,principal,4.0,authority,CISLR_v1.5-a_videos/GGbmYniJ_EM.mp4,test
GH5LgcALHiM,tooth,4.0,biology,CISLR_v1.5-a_videos/GH5LgcALHiM.mp4,prototype
GHDSqpqhyUo,budget,5.0,banking,CISLR_v1.5-a_videos/GHDSqpqhyUo.mp4,prototype
GHEnNurHKWk_1,leave medical,9.0,profession,CISLR_v1.5-a_videos/GHEnNurHKWk_1.mp4,prototype
GHp2q1IoF6I,seventeen,4.0,math,CISLR_v1.5-a_videos/GHp2q1IoF6I.mp4,prototype
GIoPLi8lba4,name,5.0,language,CISLR_v1.5-a_videos/GIoPLi8lba4.mp4,test
GK1Zc8T40Yo,pan,8.0,utility item,CISLR_v1.5-a_videos/GK1Zc8T40Yo.mp4,prototype
GKyaVPkBIvU,stapler,4.0,utility item,CISLR_v1.5-a_videos/GKyaVPkBIvU.mp4,prototype
GLLwgmHVTGM_1,over,6.0,spatial position,CISLR_v1.5-a_videos/GLLwgmHVTGM_1.mp4,prototype
GM5YzHlNbtQ_1,cloth,8.0,wearable,CISLR_v1.5-a_videos/GM5YzHlNbtQ_1.mp4,prototype
GMAuU7yQo1k_1,cucumber,7.0,foods and drinks,CISLR_v1.5-a_videos/GMAuU7yQo1k_1.mp4,prototype
GN8ge3CZFWE_2,molecuiar motion,14.0,physics,CISLR_v1.5-a_videos/GN8ge3CZFWE_2.mp4,prototype
GN8sm5YR2kg,subway,6.0,construction,CISLR_v1.5-a_videos/GN8sm5YR2kg.mp4,prototype
GNOV9MdthUU_1,tomato,7.0,foods and drinks,CISLR_v1.5-a_videos/GNOV9MdthUU_1.mp4,prototype
GNULrNz8c64,scraping,6.0,action,CISLR_v1.5-a_videos/GNULrNz8c64.mp4,prototype
GOwke9T4QOU,verb,4.0,language,CISLR_v1.5-a_videos/GOwke9T4QOU.mp4,prototype
GOxL9etVT9c_1,under developed,7.0,quality,CISLR_v1.5-a_videos/GOxL9etVT9c_1.mp4,prototype
GPDJy25-tN8_2,audio frequency,10.0,sound,CISLR_v1.5-a_videos/GPDJy25-tN8_2.mp4,prototype
GPntxbUpP8E,full frame,15.0,attribute,CISLR_v1.5-a_videos/GPntxbUpP8E.mp4,prototype
GQaw-x-oXM0,pencil,4.0,utility item,CISLR_v1.5-a_videos/GQaw-x-oXM0.mp4,test
GRvD6_yvvdc_2,prism,9.0,instrument,CISLR_v1.5-a_videos/GRvD6_yvvdc_2.mp4,prototype
GSMQDwI83aI,hair clip,4.0,utility item,CISLR_v1.5-a_videos/GSMQDwI83aI.mp4,prototype
GSeKuIBIGWs_1,concentrate,8.0,sensation,CISLR_v1.5-a_videos/GSeKuIBIGWs_1.mp4,test
GTNV1gmJDSk,climb,5.0,action,CISLR_v1.5-a_videos/GTNV1gmJDSk.mp4,prototype
GUA7UJE53Qc,concrete,6.0,construction,CISLR_v1.5-a_videos/GUA7UJE53Qc.mp4,prototype
GWE16XtuLOE_2,wind,8.0,weather,CISLR_v1.5-a_videos/GWE16XtuLOE_2.mp4,test
GWPzuYBtXA4_1,unauthorised,8.0,legal,CISLR_v1.5-a_videos/GWPzuYBtXA4_1.mp4,prototype
GWQ3h3xY7os,pressure cooker,4.0,utility item,CISLR_v1.5-a_videos/GWQ3h3xY7os.mp4,prototype
GWXw1ra-nu0_1,leave extraordinary,8.0,profession,CISLR_v1.5-a_videos/GWXw1ra-nu0_1.mp4,prototype
GWn73nB7NsA,reservation,5.0,group,CISLR_v1.5-a_videos/GWn73nB7NsA.mp4,test
GXhOBQRBsb4,instagram,3.0,internet,CISLR_v1.5-a_videos/GXhOBQRBsb4.mp4,prototype
GXpfHLOLU_4,meghalaya,4.0,geography,CISLR_v1.5-a_videos/GXpfHLOLU_4.mp4,test
GYVZ3VpzJRI,banana,4.0,foods and drinks,CISLR_v1.5-a_videos/GYVZ3VpzJRI.mp4,test
GZSpfYjY3lM,pause,5.0,time,CISLR_v1.5-a_videos/GZSpfYjY3lM.mp4,prototype
GZTuJ6NMvbw,piano,8.0,instrument,CISLR_v1.5-a_videos/GZTuJ6NMvbw.mp4,prototype
GZagTSm_qhM,shade,7.0,utility item,CISLR_v1.5-a_videos/GZagTSm_qhM.mp4,prototype
GZq28EIBmQs,good,4.0,quality,CISLR_v1.5-a_videos/GZq28EIBmQs.mp4,test
GcR4QYxAdmY,enemy,3.0,relation,CISLR_v1.5-a_videos/GcR4QYxAdmY.mp4,test
Gch0TZZQ_90_1,public,10.0,attribute,CISLR_v1.5-a_videos/Gch0TZZQ_90_1.mp4,test
Ge1eIkRgtJk,gold,7.0,metal and minerals,CISLR_v1.5-a_videos/Ge1eIkRgtJk.mp4,test
GeVnlqGHpEA,surat,4.0,geography,CISLR_v1.5-a_videos/GeVnlqGHpEA.mp4,test
GeeCVBhDSKs,own,4.0,relation,CISLR_v1.5-a_videos/GeeCVBhDSKs.mp4,prototype
Gf-58Ft9qEA_1,butter,6.0,foods and drinks,CISLR_v1.5-a_videos/Gf-58Ft9qEA_1.mp4,test
Gf4_V9dRgZk_1,diabeletes,8.0,medical,CISLR_v1.5-a_videos/Gf4_V9dRgZk_1.mp4,prototype
Gfmu5xPqDlI_1,versus,8.0,comparator,CISLR_v1.5-a_videos/Gfmu5xPqDlI_1.mp4,prototype
GgsIWmqqgoU,janitor,6.0,profession,CISLR_v1.5-a_videos/GgsIWmqqgoU.mp4,prototype
Gh-mMyOy1UY,on,4.0,spatial position,CISLR_v1.5-a_videos/Gh-mMyOy1UY.mp4,prototype
GhK-KsZ6mlo,bull,5.0,flora and fauna,CISLR_v1.5-a_videos/GhK-KsZ6mlo.mp4,prototype
GhYMzZZMMJw_1,hand,7.0,biology,CISLR_v1.5-a_videos/GhYMzZZMMJw_1.mp4,prototype
GiOVSFEP2UQ,call,5.0,action,CISLR_v1.5-a_videos/GiOVSFEP2UQ.mp4,prototype
GjOTwnRW2RM,foolish,6.0,behavior,CISLR_v1.5-a_videos/GjOTwnRW2RM.mp4,prototype
GjY2iudi9lM,association,4.0,organisation,CISLR_v1.5-a_videos/GjY2iudi9lM.mp4,prototype
GjqR1Zt5Yjw,pune,4.0,geography,CISLR_v1.5-a_videos/GjqR1Zt5Yjw.mp4,prototype
GkpQNio4dSE,shy,3.0,behavior,CISLR_v1.5-a_videos/GkpQNio4dSE.mp4,test
GktQpaPsNAk_2,main scale,9.0,instrument,CISLR_v1.5-a_videos/GktQpaPsNAk_2.mp4,prototype
Gl6b4xJGc5k_1,friday,5.0,time,CISLR_v1.5-a_videos/Gl6b4xJGc5k_1.mp4,test
GleVWSS5dmo,pen drive,4.0,electronic and electrical,CISLR_v1.5-a_videos/GleVWSS5dmo.mp4,test
GlsK0Ejjyhg,blackboard duster,8.0,education,CISLR_v1.5-a_videos/GlsK0Ejjyhg.mp4,prototype
Gm2HCSz7Jqg_1,father,9.0,relation,CISLR_v1.5-a_videos/Gm2HCSz7Jqg_1.mp4,prototype
GoDqsUZU5yk_1,woman,10.0,human,CISLR_v1.5-a_videos/GoDqsUZU5yk_1.mp4,prototype
GoO-VsRxG18,losses due to exessive water,10.0,biology,CISLR_v1.5-a_videos/GoO-VsRxG18.mp4,prototype
GogzZTi_jfM_1,reform,12.0,action,CISLR_v1.5-a_videos/GogzZTi_jfM_1.mp4,prototype
Gpjn1Iun6CI,warm,7.0,weather,CISLR_v1.5-a_videos/Gpjn1Iun6CI.mp4,test
GppkFygxOyQ_1,dislike,6.0,comparator,CISLR_v1.5-a_videos/GppkFygxOyQ_1.mp4,prototype
GqCMtSaTMwQ_1,november,5.0,time,CISLR_v1.5-a_videos/GqCMtSaTMwQ_1.mp4,test
GrNwG3wnIsI_1,capital,7.0,legal,CISLR_v1.5-a_videos/GrNwG3wnIsI_1.mp4,test
GsXkUJU2csA,methods of drainage,9.0,instrument,CISLR_v1.5-a_videos/GsXkUJU2csA.mp4,prototype
Gsl-Lhf3-PQ_1,year book,7.0,readable,CISLR_v1.5-a_videos/Gsl-Lhf3-PQ_1.mp4,prototype
Gt1EHmS3kN0,kerning,12.0,attribute,CISLR_v1.5-a_videos/Gt1EHmS3kN0.mp4,prototype
GtNAGLonyLA_2,nucleus,11.0,physics,CISLR_v1.5-a_videos/GtNAGLonyLA_2.mp4,prototype
GtaZHYq-u_M_1,dig,5.0,action,CISLR_v1.5-a_videos/GtaZHYq-u_M_1.mp4,prototype
Gu2kSZvVPUs_1,mason,7.0,profession,CISLR_v1.5-a_videos/Gu2kSZvVPUs_1.mp4,test
Gv8Q72yX4Yk,environment,4.0,biology,CISLR_v1.5-a_videos/Gv8Q72yX4Yk.mp4,test
GvXNaIt8FiA_1,idd,8.0,event,CISLR_v1.5-a_videos/GvXNaIt8FiA_1.mp4,prototype
GvfT7dP2zhk_2,sunlight,10.0,physics,CISLR_v1.5-a_videos/GvfT7dP2zhk_2.mp4,prototype
Gvg-342aMWE_1,finance,7.0,banking,CISLR_v1.5-a_videos/Gvg-342aMWE_1.mp4,prototype
Gw8cGxVbFZY_1,head,7.0,biology,CISLR_v1.5-a_videos/Gw8cGxVbFZY_1.mp4,prototype
GxT75TdGS5E_1,strong room,8.0,quality,CISLR_v1.5-a_videos/GxT75TdGS5E_1.mp4,prototype
GxrEeXKP7mQ_2,input,9.0,process,CISLR_v1.5-a_videos/GxrEeXKP7mQ_2.mp4,test
Gy0xJk_gGZ8_1,operation,6.0,medical,CISLR_v1.5-a_videos/Gy0xJk_gGZ8_1.mp4,prototype
GyQ1wh7tiaU_1,bear,6.0,flora and fauna,CISLR_v1.5-a_videos/GyQ1wh7tiaU_1.mp4,test
GybjWmdp4jM,suzuki car,5.0,transport,CISLR_v1.5-a_videos/GybjWmdp4jM.mp4,prototype
GyhrF2L7s74,vocation,5.0,profession,CISLR_v1.5-a_videos/GyhrF2L7s74.mp4,prototype
GzUACVmJWyc,misunderstand,4.0,emotion,CISLR_v1.5-a_videos/GzUACVmJWyc.mp4,prototype
H-CvK4W6-SM,week,6.0,time,CISLR_v1.5-a_videos/H-CvK4W6-SM.mp4,test
H-PnLVGWrto_1,shy,6.0,behavior,CISLR_v1.5-a_videos/H-PnLVGWrto_1.mp4,test
H-QyPKHdBpo_1,examination,7.0,education,CISLR_v1.5-a_videos/H-QyPKHdBpo_1.mp4,prototype
H-ZAN_q1XtI_1,lose,5.0,sport,CISLR_v1.5-a_videos/H-ZAN_q1XtI_1.mp4,test
H0G_jCcuCWU,which,4.0,abstract,CISLR_v1.5-a_videos/H0G_jCcuCWU.mp4,prototype
H0k_c6twr-Y_1,date,5.0,time,CISLR_v1.5-a_videos/H0k_c6twr-Y_1.mp4,test
H1BtHoJ_5gs_1,reply,6.0,action,CISLR_v1.5-a_videos/H1BtHoJ_5gs_1.mp4,prototype
H1Zt1GDnh-8,startle,6.0,behavior,CISLR_v1.5-a_videos/H1Zt1GDnh-8.mp4,prototype
H2RHQ43Nly4_1,fat,6.0,attribute,CISLR_v1.5-a_videos/H2RHQ43Nly4_1.mp4,prototype
H4L55c2xeMI_1,plough,6.0,instrument,CISLR_v1.5-a_videos/H4L55c2xeMI_1.mp4,prototype
H4pn0Iqrg8A,notify,5.0,action,CISLR_v1.5-a_videos/H4pn0Iqrg8A.mp4,test
H4ymr2I-3P4_1,level rate,11.0,banking,CISLR_v1.5-a_videos/H4ymr2I-3P4_1.mp4,prototype
H5ta0C2Sz2I,baby,9.0,stage,CISLR_v1.5-a_videos/H5ta0C2Sz2I.mp4,test
H5vUC_UZZfQ_1,cancer,8.0,medical,CISLR_v1.5-a_videos/H5vUC_UZZfQ_1.mp4,prototype
H6hAtqg32n8_2,speed,7.0,physics,CISLR_v1.5-a_videos/H6hAtqg32n8_2.mp4,prototype
H6zu3PFDwnc_1,mumps,6.0,biology,CISLR_v1.5-a_videos/H6zu3PFDwnc_1.mp4,prototype
H84q83Jmhhk,return,4.0,action,CISLR_v1.5-a_videos/H84q83Jmhhk.mp4,test
H90EE4ZyShY,arunachal pradesh,5.0,geography,CISLR_v1.5-a_videos/H90EE4ZyShY.mp4,test
H9nx2rpmH04,straight,3.0,spatial position,CISLR_v1.5-a_videos/H9nx2rpmH04.mp4,test
HB3JdzM5I8g_1,disolution,10.0,banking,CISLR_v1.5-a_videos/HB3JdzM5I8g_1.mp4,prototype
HBz_sjo1RHM,decide,7.0,action,CISLR_v1.5-a_videos/HBz_sjo1RHM.mp4,prototype
HCLav_Tthvk,tamil,4.0,language,CISLR_v1.5-a_videos/HCLav_Tthvk.mp4,prototype
HCpfu2Ud4GE,supreme court,12.0,construction,CISLR_v1.5-a_videos/HCpfu2Ud4GE.mp4,prototype
HDx7Jb5t5L0,swine farming,11.0,process,CISLR_v1.5-a_videos/HDx7Jb5t5L0.mp4,prototype
HE1mqIDP_Ik,punjab national bank,5.0,organisation,CISLR_v1.5-a_videos/HE1mqIDP_Ik.mp4,prototype
HE7cOw_O6cA,century,11.0,time,CISLR_v1.5-a_videos/HE7cOw_O6cA.mp4,prototype
HG8PkQFk6po_1,cut,6.0,action,CISLR_v1.5-a_videos/HG8PkQFk6po_1.mp4,test
HIZYnYZpipc,split,4.0,action,CISLR_v1.5-a_videos/HIZYnYZpipc.mp4,prototype
HJLgJ0K4-pk,reduce,5.0,action,CISLR_v1.5-a_videos/HJLgJ0K4-pk.mp4,prototype
HJVvCxf2J4Y,west indies,4.0,geography,CISLR_v1.5-a_videos/HJVvCxf2J4Y.mp4,prototype
HK6mbwMGSew,insult,4.0,action,CISLR_v1.5-a_videos/HK6mbwMGSew.mp4,test
HKlXMGJXHZs,triangle,9.0,math,CISLR_v1.5-a_videos/HKlXMGJXHZs.mp4,test
HLCUp2wfqLg_1,joumal,13.0,readable,CISLR_v1.5-a_videos/HLCUp2wfqLg_1.mp4,prototype
HLHBZen5qdE,font weight,7.0,attribute,CISLR_v1.5-a_videos/HLHBZen5qdE.mp4,prototype
HLJXFFx-auI,stressed,4.0,behavior,CISLR_v1.5-a_videos/HLJXFFx-auI.mp4,prototype
HLLUUMdZkFk_1,sweep,7.0,action,CISLR_v1.5-a_videos/HLLUUMdZkFk_1.mp4,test
HLngaK2mDAo,bosnia-herzegovina,4.0,geography,CISLR_v1.5-a_videos/HLngaK2mDAo.mp4,prototype
HMR5t5IGwCQ,epistaxis,10.0,medical,CISLR_v1.5-a_videos/HMR5t5IGwCQ.mp4,prototype
HMd3blEQ8g4,namibia,3.0,geography,CISLR_v1.5-a_videos/HMd3blEQ8g4.mp4,prototype
HNF-z7j8p0A,repeat,4.0,action,CISLR_v1.5-a_videos/HNF-z7j8p0A.mp4,prototype
HN_Fa-Ow650_1,sc,9.0,group,CISLR_v1.5-a_videos/HN_Fa-Ow650_1.mp4,prototype
HPhGTpO7cvc_1,bowl,5.0,utility item,CISLR_v1.5-a_videos/HPhGTpO7cvc_1.mp4,prototype
HRUodmwylRw_1,sunflower,7.0,flora and fauna,CISLR_v1.5-a_videos/HRUodmwylRw_1.mp4,test
HSEV-Y2g3A8,come,3.0,process,CISLR_v1.5-a_videos/HSEV-Y2g3A8.mp4,prototype
HSL4JTtYSXk_2,size,8.0,quantity,CISLR_v1.5-a_videos/HSL4JTtYSXk_2.mp4,prototype
HSVMcyMhWvI_2,heat engine,10.0,machine,CISLR_v1.5-a_videos/HSVMcyMhWvI_2.mp4,prototype
HSxlr1h3TyM,pamphlet,6.0,utility item,CISLR_v1.5-a_videos/HSxlr1h3TyM.mp4,prototype
HTLUdvrsUTU,to consumers,7.0,process,CISLR_v1.5-a_videos/HTLUdvrsUTU.mp4,prototype
HT_22dYhzpI_1,shoe,7.0,wearable,CISLR_v1.5-a_videos/HT_22dYhzpI_1.mp4,prototype
HToUF5z-YGw_1,urdu,7.0,language,CISLR_v1.5-a_videos/HToUF5z-YGw_1.mp4,prototype
HTy7MUaROK8,january,6.0,time,CISLR_v1.5-a_videos/HTy7MUaROK8.mp4,test
HUax1aYesBo,nothing,4.0,abstract,CISLR_v1.5-a_videos/HUax1aYesBo.mp4,prototype
HV7L78k5KeE,seventh,6.0,math,CISLR_v1.5-a_videos/HV7L78k5KeE.mp4,prototype
HWCGrOC9jmo_2,revolution,12.0,event,CISLR_v1.5-a_videos/HWCGrOC9jmo_2.mp4,prototype
HWsnuUvNGuM_1,immediate,8.0,time,CISLR_v1.5-a_videos/HWsnuUvNGuM_1.mp4,prototype
HYVbXUFLsno_1,milli litre,6.0,metric,CISLR_v1.5-a_videos/HYVbXUFLsno_1.mp4,prototype
HZDbJEL4RA4_1,parental,10.0,relation,CISLR_v1.5-a_videos/HZDbJEL4RA4_1.mp4,prototype
HZJbA05pxEg_1,ooty,6.0,geography,CISLR_v1.5-a_videos/HZJbA05pxEg_1.mp4,prototype
HZKmJZ3VpIg,style,3.0,attribute,CISLR_v1.5-a_videos/HZKmJZ3VpIg.mp4,prototype
HZkFyzvt5LA,power hacksaw,10.0,instrument,CISLR_v1.5-a_videos/HZkFyzvt5LA.mp4,prototype
HaYoTqtme1k_1,designing,6.0,action,CISLR_v1.5-a_videos/HaYoTqtme1k_1.mp4,prototype
HahAjlg8Uxc_2,destroy,8.0,action,CISLR_v1.5-a_videos/HahAjlg8Uxc_2.mp4,test
HbU2GkRlLb0,ball pein hammer,15.0,utility item,CISLR_v1.5-a_videos/HbU2GkRlLb0.mp4,prototype
HbZjNSy4OHE_1,waterfall,7.0,geography,CISLR_v1.5-a_videos/HbZjNSy4OHE_1.mp4,prototype
Hbj74PbhIzc,hygiene,15.0,attribute,CISLR_v1.5-a_videos/Hbj74PbhIzc.mp4,test
Hcp9WsOvexQ,jack plane,4.0,instrument,CISLR_v1.5-a_videos/Hcp9WsOvexQ.mp4,prototype
Hdt6acHjd3I_1,meet,6.0,group,CISLR_v1.5-a_videos/Hdt6acHjd3I_1.mp4,test
HdtJulX0Koo_2,direct current,10.0,physics,CISLR_v1.5-a_videos/HdtJulX0Koo_2.mp4,prototype
Hdvjnsplcx8_1,knife,6.0,utility item,CISLR_v1.5-a_videos/Hdvjnsplcx8_1.mp4,test
Hg3An9HPABQ,milter stripes,9.0,wearable,CISLR_v1.5-a_videos/Hg3An9HPABQ.mp4,prototype
Hgv4G60B5Fc_2,development,9.0,action,CISLR_v1.5-a_videos/Hgv4G60B5Fc_2.mp4,prototype
Hh69480i03w,transgender,5.0,group,CISLR_v1.5-a_videos/Hh69480i03w.mp4,prototype
Hh7uTyKr5ck_1,office hours,8.0,time,CISLR_v1.5-a_videos/Hh7uTyKr5ck_1.mp4,prototype
Hi65fS8-pjc,html,15.0,internet,CISLR_v1.5-a_videos/Hi65fS8-pjc.mp4,prototype
HiKegjOx1kw,friend,10.0,relation,CISLR_v1.5-a_videos/HiKegjOx1kw.mp4,test
His11C0YFps,picture,4.0,miscellaneous object,CISLR_v1.5-a_videos/His11C0YFps.mp4,prototype
Hj28Cttz1Rs,recurring deposit,4.0,banking,CISLR_v1.5-a_videos/Hj28Cttz1Rs.mp4,prototype
Hj4QeQhtsdQ,tubelight,8.0,electronic and electrical,CISLR_v1.5-a_videos/Hj4QeQhtsdQ.mp4,prototype
HjBMp6eChiY,allergy,7.0,medical,CISLR_v1.5-a_videos/HjBMp6eChiY.mp4,prototype
HjQ5ftX3H1c,theirs,4.0,relation,CISLR_v1.5-a_videos/HjQ5ftX3H1c.mp4,prototype
Hk0qqXk8-nU,wales,3.0,geography,CISLR_v1.5-a_videos/Hk0qqXk8-nU.mp4,prototype
HkPXGBLKhKM,mouth organ,5.0,biology,CISLR_v1.5-a_videos/HkPXGBLKhKM.mp4,prototype
Hkv0JPEwiEE,explain,4.0,action,CISLR_v1.5-a_videos/Hkv0JPEwiEE.mp4,test
HlY4I1V3Wn8,railway hedges,15.0,transport,CISLR_v1.5-a_videos/HlY4I1V3Wn8.mp4,prototype
HnVaM3dWOO4_1,chandigarh,5.0,geography,CISLR_v1.5-a_videos/HnVaM3dWOO4_1.mp4,prototype
HnmeVz4t4Xk,supervisor,6.0,action,CISLR_v1.5-a_videos/HnmeVz4t4Xk.mp4,prototype
HnmjmqSfmPs,make a long story short,11.0,process,CISLR_v1.5-a_videos/HnmjmqSfmPs.mp4,test
HnydoJ4McR8,litre,5.0,metric,CISLR_v1.5-a_videos/HnydoJ4McR8.mp4,test
Ho8vUmQ7Y1s_1,receipt,6.0,banking,CISLR_v1.5-a_videos/Ho8vUmQ7Y1s_1.mp4,test
Homd_Xpbpac_1,initial,8.0,time,CISLR_v1.5-a_videos/Homd_Xpbpac_1.mp4,prototype
Hoyh1m0u62U,ball point needle,9.0,utility item,CISLR_v1.5-a_videos/Hoyh1m0u62U.mp4,prototype
HpwU9tXDfpM,inheritance,13.0,relation,CISLR_v1.5-a_videos/HpwU9tXDfpM.mp4,prototype
HqCWS-Gh9zY,shank button,13.0,wearable,CISLR_v1.5-a_videos/HqCWS-Gh9zY.mp4,prototype
HqEam06JRKo,aeroplane,4.0,transport,CISLR_v1.5-a_videos/HqEam06JRKo.mp4,test
HqsZI1n6pGU,handkerchief,4.0,utility item,CISLR_v1.5-a_videos/HqsZI1n6pGU.mp4,prototype
HrYfUg6i8DY_2,distance,8.0,metric,CISLR_v1.5-a_videos/HrYfUg6i8DY_2.mp4,prototype
HsgYLaLxP5o_1,knit,7.0,process,CISLR_v1.5-a_videos/HsgYLaLxP5o_1.mp4,prototype
Ht6fXw6roFc,four cricket,4.0,sport,CISLR_v1.5-a_videos/Ht6fXw6roFc.mp4,prototype
HtG9j-D3n8c,varanasi,4.0,geography,CISLR_v1.5-a_videos/HtG9j-D3n8c.mp4,prototype
HuPD22JS5QA,diet,6.0,foods and drinks,CISLR_v1.5-a_videos/HuPD22JS5QA.mp4,prototype
HufgJPpb1kQ,bus,4.0,transport,CISLR_v1.5-a_videos/HufgJPpb1kQ.mp4,test
Hv3CUeYzFGk,one and a half hours,4.0,time,CISLR_v1.5-a_videos/Hv3CUeYzFGk.mp4,prototype
HvwdD5t8Llo_2,pressure,8.0,physics,CISLR_v1.5-a_videos/HvwdD5t8Llo_2.mp4,prototype
HwgChfSHtlI,a lot,4.0,quantity,CISLR_v1.5-a_videos/HwgChfSHtlI.mp4,prototype
HyYH_y65nQs_1,not negotiable,8.0,attribute,CISLR_v1.5-a_videos/HyYH_y65nQs_1.mp4,prototype
HymdtSakcww,label,4.0,action,CISLR_v1.5-a_videos/HymdtSakcww.mp4,prototype
HyqvSSccYGM,things,7.0,miscellaneous object,CISLR_v1.5-a_videos/HyqvSSccYGM.mp4,test
Hz77BEDzZ-E_1,cutout,7.0,sound,CISLR_v1.5-a_videos/Hz77BEDzZ-E_1.mp4,prototype
I1i5r5rd7vI_1,camera,7.0,electronic and electrical,CISLR_v1.5-a_videos/I1i5r5rd7vI_1.mp4,prototype
I1pC7URd7qM_1,tease,6.0,behavior,CISLR_v1.5-a_videos/I1pC7URd7qM_1.mp4,prototype
I2q6piLBbPo_1,priority,7.0,attribute,CISLR_v1.5-a_videos/I2q6piLBbPo_1.mp4,prototype
I2xOiEMrgM0_2,chemical energy,8.0,chemistry,CISLR_v1.5-a_videos/I2xOiEMrgM0_2.mp4,prototype
I3_S8sTuQT0,deputy director,5.0,authority,CISLR_v1.5-a_videos/I3_S8sTuQT0.mp4,prototype
I3haAOluERo,wait,5.0,action,CISLR_v1.5-a_videos/I3haAOluERo.mp4,test
I4ZsuU5C6aw,right now,4.0,time,CISLR_v1.5-a_videos/I4ZsuU5C6aw.mp4,prototype
I4pibKfr0jU,buffalo,5.0,flora and fauna,CISLR_v1.5-a_videos/I4pibKfr0jU.mp4,prototype
I5A2blkb1T8_1,cycle,6.0,transport,CISLR_v1.5-a_videos/I5A2blkb1T8_1.mp4,prototype
I5GA0QFoDos_1,copy,7.0,action,CISLR_v1.5-a_videos/I5GA0QFoDos_1.mp4,prototype
I5IcpZp0BfE,mean,4.0,behavior,CISLR_v1.5-a_videos/I5IcpZp0BfE.mp4,test
I5Nw8MVpZt8,mirror,5.0,physics,CISLR_v1.5-a_videos/I5Nw8MVpZt8.mp4,prototype
I6kZM0sKraQ,score,7.0,metric,CISLR_v1.5-a_videos/I6kZM0sKraQ.mp4,prototype
I77KHj-yyWQ,debit card,4.0,banking,CISLR_v1.5-a_videos/I77KHj-yyWQ.mp4,prototype
I8TH3Ef1yls_1,allah,6.0,religious,CISLR_v1.5-a_videos/I8TH3Ef1yls_1.mp4,prototype
I9OiCuVT6TQ,bus,4.0,transport,CISLR_v1.5-a_videos/I9OiCuVT6TQ.mp4,test
IA-RnnxesfI,button hole,8.0,wearable,CISLR_v1.5-a_videos/IA-RnnxesfI.mp4,prototype
IATnhKazi7g,technology,4.0,abstract,CISLR_v1.5-a_videos/IATnhKazi7g.mp4,prototype
IAd2idq-iPI_1,coin,6.0,banking,CISLR_v1.5-a_videos/IAd2idq-iPI_1.mp4,test
IAqSm0HcDDI_2,electron,12.0,physics,CISLR_v1.5-a_videos/IAqSm0HcDDI_2.mp4,prototype
IB4I1T_sQxo,ifsc,5.0,readable,CISLR_v1.5-a_videos/IB4I1T_sQxo.mp4,prototype
IBYqJ-C2FsA,nurse,5.0,profession,CISLR_v1.5-a_videos/IBYqJ-C2FsA.mp4,test
ICWffEGAP5Q,drug overdose,8.0,stage,CISLR_v1.5-a_videos/ICWffEGAP5Q.mp4,prototype
ICiBChM7NL0_1,sweet,6.0,attribute,CISLR_v1.5-a_videos/ICiBChM7NL0_1.mp4,test
IER9rPq_O8o_1,source,7.0,stage,CISLR_v1.5-a_videos/IER9rPq_O8o_1.mp4,prototype
IE_CEe3ZkCI_1,tonic,8.0,substance,CISLR_v1.5-a_videos/IE_CEe3ZkCI_1.mp4,test
IGNLe81lZ-M,seamline pocket,10.0,wearable,CISLR_v1.5-a_videos/IGNLe81lZ-M.mp4,prototype
IGR8WsvfoXs,tap,5.0,utility item,CISLR_v1.5-a_videos/IGR8WsvfoXs.mp4,test
IGogDBcwAnU_1,clever,8.0,behavior,CISLR_v1.5-a_videos/IGogDBcwAnU_1.mp4,test
IGsDuTIs2ZU,quickly,4.0,time,CISLR_v1.5-a_videos/IGsDuTIs2ZU.mp4,prototype
IGuFuS-aMpo,sharp,6.0,attribute,CISLR_v1.5-a_videos/IGuFuS-aMpo.mp4,prototype
IH3kcXKQgt4,barricade,5.0,miscellaneous object,CISLR_v1.5-a_videos/IH3kcXKQgt4.mp4,prototype
IIeXWQPIlqA_2,spectrometer,12.0,instrument,CISLR_v1.5-a_videos/IIeXWQPIlqA_2.mp4,prototype
IIkkBf5KDmg,fast track court,14.0,legal,CISLR_v1.5-a_videos/IIkkBf5KDmg.mp4,prototype
IItJ7hdAf_g,company secretary,6.0,profession,CISLR_v1.5-a_videos/IItJ7hdAf_g.mp4,prototype
IL9zmsdJg5g,cervical cancer,10.0,medical,CISLR_v1.5-a_videos/IL9zmsdJg5g.mp4,prototype
ILXJO86NsG8,reliance mobile,6.0,electronic and electrical,CISLR_v1.5-a_videos/ILXJO86NsG8.mp4,prototype
ILinyrxnsEs,sixty,5.0,quantity,CISLR_v1.5-a_videos/ILinyrxnsEs.mp4,prototype
ILv9XMPLqoo,very wealthy person,5.0,human,CISLR_v1.5-a_videos/ILv9XMPLqoo.mp4,prototype
IMZb4D-ulNs,percentage,5.0,math,CISLR_v1.5-a_videos/IMZb4D-ulNs.mp4,test
IMlXe5o44pc_1,address,8.0,geography,CISLR_v1.5-a_videos/IMlXe5o44pc_1.mp4,prototype
IMzhNeb2ziQ_1,juice,6.0,foods and drinks,CISLR_v1.5-a_videos/IMzhNeb2ziQ_1.mp4,prototype
INYvz3YRvT4,wedding reception,13.0,event,CISLR_v1.5-a_videos/INYvz3YRvT4.mp4,prototype
INdSYgk8Ed0_1,island,9.0,geography,CISLR_v1.5-a_videos/INdSYgk8Ed0_1.mp4,test
IO-b4Lt249Y,suspect,5.0,legal,CISLR_v1.5-a_videos/IO-b4Lt249Y.mp4,prototype
IO0nQfhpxh8,education,5.0,education,CISLR_v1.5-a_videos/IO0nQfhpxh8.mp4,prototype
IOS2_Xy4yg0,friday,5.0,time,CISLR_v1.5-a_videos/IOS2_Xy4yg0.mp4,test
IOUl-SHyP4Y_1,testify,9.0,action,CISLR_v1.5-a_videos/IOUl-SHyP4Y_1.mp4,test
IOaZtwg1czk_1,interest,12.0,banking,CISLR_v1.5-a_videos/IOaZtwg1czk_1.mp4,test
IOcKAmXpVUA,gionee,6.0,organisation,CISLR_v1.5-a_videos/IOcKAmXpVUA.mp4,prototype
IOp7Ml6b4sk,right,3.0,spatial position,CISLR_v1.5-a_videos/IOp7Ml6b4sk.mp4,prototype
IOz0Yx8IpHU_1,across,6.0,spatial position,CISLR_v1.5-a_videos/IOz0Yx8IpHU_1.mp4,prototype
IP9M9Q_sJlU_1,six monthly,8.0,time,CISLR_v1.5-a_videos/IP9M9Q_sJlU_1.mp4,prototype
IPRNWTt4NDY_1,objection,6.0,action,CISLR_v1.5-a_videos/IPRNWTt4NDY_1.mp4,prototype
IPUJ9bHGQgM,waterfall,5.0,geography,CISLR_v1.5-a_videos/IPUJ9bHGQgM.mp4,test
IQS9ORLYumE_1,additional,8.0,quantity,CISLR_v1.5-a_videos/IQS9ORLYumE_1.mp4,prototype
IQdo3niLRus_1,bug,6.0,flora and fauna,CISLR_v1.5-a_videos/IQdo3niLRus_1.mp4,prototype
IRT4-x0KYrI_1,tree,6.0,flora and fauna,CISLR_v1.5-a_videos/IRT4-x0KYrI_1.mp4,test
IRUYQfpLjhY,tornado,5.0,weather,CISLR_v1.5-a_videos/IRUYQfpLjhY.mp4,prototype
IRmlHHtW_Q0_1,thank you,6.0,gesture,CISLR_v1.5-a_videos/IRmlHHtW_Q0_1.mp4,test
IRpEcHFlSk0_1,stay,7.0,action,CISLR_v1.5-a_videos/IRpEcHFlSk0_1.mp4,prototype
ITV9-ymtK_M_1,exchange,5.0,action,CISLR_v1.5-a_videos/ITV9-ymtK_M_1.mp4,prototype
ITnvvRnzDsI_1,self,7.0,relation,CISLR_v1.5-a_videos/ITnvvRnzDsI_1.mp4,test
ITtZaBbXqyE_1,farm,7.0,construction,CISLR_v1.5-a_videos/ITtZaBbXqyE_1.mp4,prototype
IUj1aN_hzQ8_1,birthday,7.0,event,CISLR_v1.5-a_videos/IUj1aN_hzQ8_1.mp4,prototype
IUxURsL66jY,huge,4.0,math,CISLR_v1.5-a_videos/IUxURsL66jY.mp4,prototype
IVY4EYIVHMI,food,4.0,foods and drinks,CISLR_v1.5-a_videos/IVY4EYIVHMI.mp4,prototype
IWBVW-QyFEw,fox,6.0,flora and fauna,CISLR_v1.5-a_videos/IWBVW-QyFEw.mp4,prototype
IWCiPFCUzI0,janmashtami,5.0,event,CISLR_v1.5-a_videos/IWCiPFCUzI0.mp4,prototype
IWWZql-w610,leave,7.0,profession,CISLR_v1.5-a_videos/IWWZql-w610.mp4,prototype
IWxnrliK3Mk_1,bath,6.0,action,CISLR_v1.5-a_videos/IWxnrliK3Mk_1.mp4,prototype
IYf_zhHRbWw_1,eat,7.0,action,CISLR_v1.5-a_videos/IYf_zhHRbWw_1.mp4,test
IZ5P9dAvZ5A_1,default,12.0,stage,CISLR_v1.5-a_videos/IZ5P9dAvZ5A_1.mp4,prototype
I_TQyqgYvoA,area,4.0,geography,CISLR_v1.5-a_videos/I_TQyqgYvoA.mp4,test
Ic7hCwzP2PI_1,irregular,10.0,attribute,CISLR_v1.5-a_videos/Ic7hCwzP2PI_1.mp4,prototype
IctKxBrrjJI,interpreter,4.0,profession,CISLR_v1.5-a_videos/IctKxBrrjJI.mp4,prototype
IdF3Z-HI8QY_1,on,5.0,spatial position,CISLR_v1.5-a_videos/IdF3Z-HI8QY_1.mp4,test
IdTIbvWgePA,muharram,5.0,event,CISLR_v1.5-a_videos/IdTIbvWgePA.mp4,prototype
Idb2wQQ85ho,brahma,5.0,religious,CISLR_v1.5-a_videos/Idb2wQQ85ho.mp4,prototype
Idc4ADhTayI,leaf,4.0,flora and fauna,CISLR_v1.5-a_videos/Idc4ADhTayI.mp4,prototype
Idq3nOcunPw,deepika padukone,4.0,human,CISLR_v1.5-a_videos/Idq3nOcunPw.mp4,prototype
IdrYzD-b0MU_1,march,7.0,time,CISLR_v1.5-a_videos/IdrYzD-b0MU_1.mp4,prototype
IeGTCdw-lFQ_1,account commission,9.0,banking,CISLR_v1.5-a_videos/IeGTCdw-lFQ_1.mp4,prototype
IfL2BoxCI_U_1,remember,7.0,action,CISLR_v1.5-a_videos/IfL2BoxCI_U_1.mp4,test
IghFboP-goM,slovakia,4.0,geography,CISLR_v1.5-a_videos/IghFboP-goM.mp4,prototype
IgilYoGrZlg,repair,4.0,action,CISLR_v1.5-a_videos/IgilYoGrZlg.mp4,test
IhUPDOGqMaw,true,4.0,abstract,CISLR_v1.5-a_videos/IhUPDOGqMaw.mp4,test
IhaMUrrY6yw_2,physics,14.0,physics,CISLR_v1.5-a_videos/IhaMUrrY6yw_2.mp4,prototype
IhoXleQ5yy8_1,point,8.0,math,CISLR_v1.5-a_videos/IhoXleQ5yy8_1.mp4,prototype
Ii2bgYmdoQo,vegetable preservation,15.0,process,CISLR_v1.5-a_videos/Ii2bgYmdoQo.mp4,prototype
IiAx8ef2Rwo,hidden file,6.0,utility item,CISLR_v1.5-a_videos/IiAx8ef2Rwo.mp4,prototype
IihwJw1jkfA_1,allotment,11.0,banking,CISLR_v1.5-a_videos/IihwJw1jkfA_1.mp4,prototype
IijA65GKXKc,surgeon,5.0,profession,CISLR_v1.5-a_videos/IijA65GKXKc.mp4,prototype
IioAwnwu91s,mali,3.0,geography,CISLR_v1.5-a_videos/IioAwnwu91s.mp4,prototype
Iiz4Zy_pAGA_2,voltmeter,10.0,instrument,CISLR_v1.5-a_videos/Iiz4Zy_pAGA_2.mp4,prototype
IjJkyhtkX58,numpad,12.0,computer,CISLR_v1.5-a_videos/IjJkyhtkX58.mp4,prototype
Iji2l3tYxHc,today,3.0,time,CISLR_v1.5-a_videos/Iji2l3tYxHc.mp4,test
IjyH501MJjY_1,agra,5.0,geography,CISLR_v1.5-a_videos/IjyH501MJjY_1.mp4,test
IkEVVymlfjk,non access,14.0,abstract,CISLR_v1.5-a_videos/IkEVVymlfjk.mp4,prototype
Ika-iBJ4-Ns,wash,4.0,action,CISLR_v1.5-a_videos/Ika-iBJ4-Ns.mp4,test
IkmV2lTGHL8_1,under review,6.0,process,CISLR_v1.5-a_videos/IkmV2lTGHL8_1.mp4,prototype
Il9Z5pMnfDo,cheque,5.0,banking,CISLR_v1.5-a_videos/Il9Z5pMnfDo.mp4,test
IlFz5jLv0HA,christian,6.0,religious,CISLR_v1.5-a_videos/IlFz5jLv0HA.mp4,test
IlO3fdD1Ytk,shoulder,4.0,biology,CISLR_v1.5-a_videos/IlO3fdD1Ytk.mp4,test
IljBrnpRkLI,over,5.0,spatial position,CISLR_v1.5-a_videos/IljBrnpRkLI.mp4,test
IommKlI9JqQ_1,feel,6.0,sensation,CISLR_v1.5-a_videos/IommKlI9JqQ_1.mp4,prototype
IphLasWnRHk_1,bank,5.0,banking,CISLR_v1.5-a_videos/IphLasWnRHk_1.mp4,prototype
Iplh792WyLM,flower for beautification,8.0,flora and fauna,CISLR_v1.5-a_videos/Iplh792WyLM.mp4,prototype
Ipvw2kyzr_w_1,final accounts,10.0,banking,CISLR_v1.5-a_videos/Ipvw2kyzr_w_1.mp4,prototype
IqAQQves3xE,essel world,5.0,entertainment,CISLR_v1.5-a_videos/IqAQQves3xE.mp4,prototype
IqVx7zjG9s0_1,hill,9.0,geography,CISLR_v1.5-a_videos/IqVx7zjG9s0_1.mp4,prototype
Iqjt_znBgeE,gas stove,4.0,instrument,CISLR_v1.5-a_videos/Iqjt_znBgeE.mp4,test
Ir-Qe2kkROw,wifi,4.0,internet,CISLR_v1.5-a_videos/Ir-Qe2kkROw.mp4,test
IsvFw88fne8,shillong,4.0,geography,CISLR_v1.5-a_videos/IsvFw88fne8.mp4,prototype
ItV99Fhz1X8_1,merger,8.0,organisation,CISLR_v1.5-a_videos/ItV99Fhz1X8_1.mp4,prototype
ItvaPW9FnxE,algeria,4.0,geography,CISLR_v1.5-a_videos/ItvaPW9FnxE.mp4,prototype
Iu0WhShkyw0,pause,6.0,time,CISLR_v1.5-a_videos/Iu0WhShkyw0.mp4,test
Iu1aKegaeek,funeral,9.0,event,CISLR_v1.5-a_videos/Iu1aKegaeek.mp4,prototype
IuIV6N8k4Ik_1,thursday,6.0,time,CISLR_v1.5-a_videos/IuIV6N8k4Ik_1.mp4,test
Iub1Yb-tOAI,video,3.0,computer,CISLR_v1.5-a_videos/Iub1Yb-tOAI.mp4,prototype
IvHyCTGWTOc,biased,8.0,attribute,CISLR_v1.5-a_videos/IvHyCTGWTOc.mp4,prototype
IvWnYjnrMZg_1,himachal pradesh,7.0,geography,CISLR_v1.5-a_videos/IvWnYjnrMZg_1.mp4,prototype
IwjaiMCqRSk,cinema,4.0,entertainment,CISLR_v1.5-a_videos/IwjaiMCqRSk.mp4,prototype
IxDZyvc3cRM,president,4.0,authority,CISLR_v1.5-a_videos/IxDZyvc3cRM.mp4,prototype
IylKyQ_81Zo,licence,15.0,legal,CISLR_v1.5-a_videos/IylKyQ_81Zo.mp4,prototype
Iz9sVAKjbMU_1,iron,7.0,metal and minerals,CISLR_v1.5-a_videos/Iz9sVAKjbMU_1.mp4,test
IzIT4zP2sTU,parameter,8.0,computer,CISLR_v1.5-a_videos/IzIT4zP2sTU.mp4,prototype
J06ynDbTJDY,mtnl,5.0,organisation,CISLR_v1.5-a_videos/J06ynDbTJDY.mp4,prototype
J0D4SC4WJQQ_1,institute,7.0,organisation,CISLR_v1.5-a_videos/J0D4SC4WJQQ_1.mp4,prototype
J0Jx4BIuGn0,television,4.0,electronic and electrical,CISLR_v1.5-a_videos/J0Jx4BIuGn0.mp4,prototype
J0OaU0o7cL8,pond on the basis of situation,14.0,geography,CISLR_v1.5-a_videos/J0OaU0o7cL8.mp4,prototype
J0vgYiSZ0Zk_1,profit,7.0,banking,CISLR_v1.5-a_videos/J0vgYiSZ0Zk_1.mp4,test
J36iHjTW6Jo,reward,4.0,miscellaneous object,CISLR_v1.5-a_videos/J36iHjTW6Jo.mp4,test
J3BJa0TWc8U_1,incompetence,7.0,attribute,CISLR_v1.5-a_videos/J3BJa0TWc8U_1.mp4,prototype
J4G3ltp807A,notify,5.0,action,CISLR_v1.5-a_videos/J4G3ltp807A.mp4,test
J6YkOCzKPpA_1,coconut,7.0,foods and drinks,CISLR_v1.5-a_videos/J6YkOCzKPpA_1.mp4,test
J79s05Z0NZ8,whatever,3.0,abstract,CISLR_v1.5-a_videos/J79s05Z0NZ8.mp4,prototype
J7Bq-xjpcvs_1,leader,7.0,authority,CISLR_v1.5-a_videos/J7Bq-xjpcvs_1.mp4,prototype
J81k9pkL1tg,tvs bike,5.0,transport,CISLR_v1.5-a_videos/J81k9pkL1tg.mp4,prototype
J84aAikfD88,sweater,4.0,wearable,CISLR_v1.5-a_videos/J84aAikfD88.mp4,test
J9ZYf-S-gNI,wall garden,15.0,construction,CISLR_v1.5-a_videos/J9ZYf-S-gNI.mp4,prototype
J9rhbSDTm4w_1,black,8.0,quality,CISLR_v1.5-a_videos/J9rhbSDTm4w_1.mp4,prototype
JAoQ3a0DIXQ,spanner,9.0,instrument,CISLR_v1.5-a_videos/JAoQ3a0DIXQ.mp4,prototype
JAvrviPNIOI_1,illiterate,7.0,education,CISLR_v1.5-a_videos/JAvrviPNIOI_1.mp4,prototype
JBO4vOeqQxs_1,parent,10.0,relation,CISLR_v1.5-a_videos/JBO4vOeqQxs_1.mp4,prototype
JC80hJOObmg,mango,4.0,foods and drinks,CISLR_v1.5-a_videos/JC80hJOObmg.mp4,prototype
JD1NFsUtYrg_1,pan,8.0,utility item,CISLR_v1.5-a_videos/JD1NFsUtYrg_1.mp4,test
JDFAUSbxIhk_2,compare,8.0,process,CISLR_v1.5-a_videos/JDFAUSbxIhk_2.mp4,prototype
JDvfWq3CAAU_1,kangaroo,6.0,flora and fauna,CISLR_v1.5-a_videos/JDvfWq3CAAU_1.mp4,prototype
JE_6hkeERgY,donkey,5.0,flora and fauna,CISLR_v1.5-a_videos/JE_6hkeERgY.mp4,prototype
JFVB97UDh6o,category,4.0,abstract,CISLR_v1.5-a_videos/JFVB97UDh6o.mp4,prototype
JFrHbTIRXp0_1,hard,7.0,quality,CISLR_v1.5-a_videos/JFrHbTIRXp0_1.mp4,test
JG9WnZMN5ZA_1,account suit filed,12.0,banking,CISLR_v1.5-a_videos/JG9WnZMN5ZA_1.mp4,prototype
JGDj06htv-A_1,few,5.0,quantity,CISLR_v1.5-a_videos/JGDj06htv-A_1.mp4,test
JGiAZZ8byeU_1,forget,7.0,action,CISLR_v1.5-a_videos/JGiAZZ8byeU_1.mp4,test
JGmPOUUxRzE,stairs,4.0,construction,CISLR_v1.5-a_videos/JGmPOUUxRzE.mp4,prototype
JHK7flaSzzM,applause,4.0,action,CISLR_v1.5-a_videos/JHK7flaSzzM.mp4,prototype
JHh44ooGaY4,school bag,4.0,utility item,CISLR_v1.5-a_videos/JHh44ooGaY4.mp4,prototype
JHyzbf0wbL0,youtube,5.0,internet,CISLR_v1.5-a_videos/JHyzbf0wbL0.mp4,prototype
JIm7aysFevs_1,order,7.0,action,CISLR_v1.5-a_videos/JIm7aysFevs_1.mp4,prototype
JJ2y6sfvlUA_1,tongs,7.0,instrument,CISLR_v1.5-a_videos/JJ2y6sfvlUA_1.mp4,test
JJ4iKa2vdoM_1,floor,8.0,construction,CISLR_v1.5-a_videos/JJ4iKa2vdoM_1.mp4,test
JJamPbb5o_A,same,4.0,comparator,CISLR_v1.5-a_videos/JJamPbb5o_A.mp4,test
JKKejwob7W8_1,eye,6.0,biology,CISLR_v1.5-a_videos/JKKejwob7W8_1.mp4,prototype
JLwyU0Pd35Y,tolerate,5.0,behavior,CISLR_v1.5-a_videos/JLwyU0Pd35Y.mp4,prototype
JMafDHZmr8s_1,recruitment,6.0,action,CISLR_v1.5-a_videos/JMafDHZmr8s_1.mp4,prototype
JN0xDQF2NWs,tunic,10.0,wearable,CISLR_v1.5-a_videos/JN0xDQF2NWs.mp4,prototype
JO6xA9yQgUA,track ball,13.0,action,CISLR_v1.5-a_videos/JO6xA9yQgUA.mp4,prototype
JPGOxP4NRRw_1,stitch,7.0,process,CISLR_v1.5-a_videos/JPGOxP4NRRw_1.mp4,prototype
JPvEO-Q1N08,personal,4.0,relation,CISLR_v1.5-a_videos/JPvEO-Q1N08.mp4,prototype
JQ0W7D0nvlY,starve,7.0,action,CISLR_v1.5-a_videos/JQ0W7D0nvlY.mp4,prototype
JRE6SRmb_yI_2,clockwise,11.0,spatial position,CISLR_v1.5-a_videos/JRE6SRmb_yI_2.mp4,prototype
JSEGoqKaQM0,job,5.0,profession,CISLR_v1.5-a_videos/JSEGoqKaQM0.mp4,prototype
JSf7HjXTT78_1,yellow,10.0,attribute,CISLR_v1.5-a_videos/JSf7HjXTT78_1.mp4,test
JSgfX7o3cCI_1,cow,7.0,flora and fauna,CISLR_v1.5-a_videos/JSgfX7o3cCI_1.mp4,test
JTfbRXxg4mU_1,false,7.0,abstract,CISLR_v1.5-a_videos/JTfbRXxg4mU_1.mp4,test
JUMBB2W1Q94,glue,4.0,substance,CISLR_v1.5-a_videos/JUMBB2W1Q94.mp4,prototype
JVplYs4HTtE,piping,12.0,wearable,CISLR_v1.5-a_videos/JVplYs4HTtE.mp4,prototype
JW9yPJ2REK0_1,difficult,5.0,attribute,CISLR_v1.5-a_videos/JW9yPJ2REK0_1.mp4,prototype
JWG3G2AfAO4_1,cement,6.0,construction,CISLR_v1.5-a_videos/JWG3G2AfAO4_1.mp4,prototype
JWbMe5M36V8,aquatic plants of various colour,13.0,flora and fauna,CISLR_v1.5-a_videos/JWbMe5M36V8.mp4,prototype
JWsKWK1W9q4_1,regret,7.0,emotion,CISLR_v1.5-a_videos/JWsKWK1W9q4_1.mp4,prototype
JXkN1Nb0WmI_1,gloves,6.0,wearable,CISLR_v1.5-a_videos/JXkN1Nb0WmI_1.mp4,test
JXtbhw70wpY_1,credit,10.0,banking,CISLR_v1.5-a_videos/JXtbhw70wpY_1.mp4,prototype
JYvB-eiJP-I,catch,4.0,action,CISLR_v1.5-a_videos/JYvB-eiJP-I.mp4,prototype
JZLbNmS3Lu4_1,duck,7.0,flora and fauna,CISLR_v1.5-a_videos/JZLbNmS3Lu4_1.mp4,test
JZRAOigBYnM,personality,12.0,attribute,CISLR_v1.5-a_videos/JZRAOigBYnM.mp4,prototype
JZtlpCJqR-M_1,delegate,10.0,authority,CISLR_v1.5-a_videos/JZtlpCJqR-M_1.mp4,prototype
J_iH6uAoAJM,orissa,4.0,geography,CISLR_v1.5-a_videos/J_iH6uAoAJM.mp4,prototype
JabTaO_zQ-M_2,key,7.0,utility item,CISLR_v1.5-a_videos/JabTaO_zQ-M_2.mp4,test
Jarh1WMa868_1,happy,7.0,emotion,CISLR_v1.5-a_videos/Jarh1WMa868_1.mp4,prototype
Jaw_nTMEwzY_1,gossip,6.0,action,CISLR_v1.5-a_videos/Jaw_nTMEwzY_1.mp4,prototype
JbG_KfmEYm4_1,script,9.0,readable,CISLR_v1.5-a_videos/JbG_KfmEYm4_1.mp4,prototype
JckFhrO4KD0_1,ramzan,9.0,event,CISLR_v1.5-a_videos/JckFhrO4KD0_1.mp4,prototype
Jd-pxhXGefA_1,stop gap,6.0,quantity,CISLR_v1.5-a_videos/Jd-pxhXGefA_1.mp4,prototype
Jd3to2MXy6s,medal,5.0,utility item,CISLR_v1.5-a_videos/Jd3to2MXy6s.mp4,prototype
Je-ZDJTfVsw_1,promise,7.0,action,CISLR_v1.5-a_videos/Je-ZDJTfVsw_1.mp4,prototype
JeJLv2tM3nY_1,breakfast,6.0,foods and drinks,CISLR_v1.5-a_videos/JeJLv2tM3nY_1.mp4,prototype
Jedn1-9fyXw,bridegroom,9.0,human,CISLR_v1.5-a_videos/Jedn1-9fyXw.mp4,prototype
Jh4PPOr7tjo,annual plants,14.0,flora and fauna,CISLR_v1.5-a_videos/Jh4PPOr7tjo.mp4,prototype
JiPwL-4i6Uo_1,establishment,9.0,organisation,CISLR_v1.5-a_videos/JiPwL-4i6Uo_1.mp4,prototype
JjDVZDpPjbc,store,4.0,action,CISLR_v1.5-a_videos/JjDVZDpPjbc.mp4,prototype
JjQDPdI82Tw_1,twins,9.0,biology,CISLR_v1.5-a_videos/JjQDPdI82Tw_1.mp4,test
Jm23ZwhmPlQ,clumsy,12.0,behavior,CISLR_v1.5-a_videos/Jm23ZwhmPlQ.mp4,prototype
Jm2j6rZhGXo,delicious,5.0,attribute,CISLR_v1.5-a_videos/Jm2j6rZhGXo.mp4,prototype
Jm8OXSwWnCY,audi,6.0,organisation,CISLR_v1.5-a_videos/Jm8OXSwWnCY.mp4,prototype
JmBmx8jNivk,classification of vegetables,9.0,action,CISLR_v1.5-a_videos/JmBmx8jNivk.mp4,prototype
JmPgvxIFzGE,oriental bank of commerce,6.0,organisation,CISLR_v1.5-a_videos/JmPgvxIFzGE.mp4,prototype
JmsjCb19HB4_1,coffee,6.0,foods and drinks,CISLR_v1.5-a_videos/JmsjCb19HB4_1.mp4,prototype
Jn9jwPcSKag,plate,5.0,utility item,CISLR_v1.5-a_videos/Jn9jwPcSKag.mp4,test
JqBJjFOxuLk,dithering,12.0,sound,CISLR_v1.5-a_videos/JqBJjFOxuLk.mp4,prototype
JqPK7r2pB_8_2,south,7.0,spatial position,CISLR_v1.5-a_videos/JqPK7r2pB_8_2.mp4,prototype
JqUNaUjxigE,job,6.0,profession,CISLR_v1.5-a_videos/JqUNaUjxigE.mp4,test
JqZFdQuy3QU,false flooring,9.0,construction,CISLR_v1.5-a_videos/JqZFdQuy3QU.mp4,prototype
JqwXMlzSPoM,poultry feeds,13.0,flora and fauna,CISLR_v1.5-a_videos/JqwXMlzSPoM.mp4,prototype
JsdNgRcC4wU_1,bring,6.0,action,CISLR_v1.5-a_videos/JsdNgRcC4wU_1.mp4,prototype
JtWmt2W6g-4_1,immovable property,8.0,legal,CISLR_v1.5-a_videos/JtWmt2W6g-4_1.mp4,prototype
Jtk0QePDuds_1,sofa,7.0,utility item,CISLR_v1.5-a_videos/Jtk0QePDuds_1.mp4,prototype
JtykP_hFReg,message,4.0,readable,CISLR_v1.5-a_videos/JtykP_hFReg.mp4,prototype
JumxHKPgPsw,shark,6.0,flora and fauna,CISLR_v1.5-a_videos/JumxHKPgPsw.mp4,prototype
JvZwKXBG8sQ_1,predecessor,10.0,stage,CISLR_v1.5-a_videos/JvZwKXBG8sQ_1.mp4,prototype
JwE82vJ5lF4,sweet lime,4.0,foods and drinks,CISLR_v1.5-a_videos/JwE82vJ5lF4.mp4,prototype
JwvgzR8JBQw,leaf,4.0,flora and fauna,CISLR_v1.5-a_videos/JwvgzR8JBQw.mp4,test
JxEGnvLxNu4_2,contraction,9.0,physics,CISLR_v1.5-a_videos/JxEGnvLxNu4_2.mp4,prototype
JxiY9s8T8eg,drainage,15.0,miscellaneous object,CISLR_v1.5-a_videos/JxiY9s8T8eg.mp4,prototype
JyAbrgrmXFQ,drip irrigation,14.0,process,CISLR_v1.5-a_videos/JyAbrgrmXFQ.mp4,prototype
JybAScc2Ppo_1,speech therapist,7.0,profession,CISLR_v1.5-a_videos/JybAScc2Ppo_1.mp4,prototype
JzyZDgP62tM_1,refrigerater,7.0,utility item,CISLR_v1.5-a_videos/JzyZDgP62tM_1.mp4,prototype
K-cAmlbGqqE_1,direct appointment,8.0,authority,CISLR_v1.5-a_videos/K-cAmlbGqqE_1.mp4,prototype
K0EyqFbG2N0_1,charge sheet,11.0,banking,CISLR_v1.5-a_videos/K0EyqFbG2N0_1.mp4,prototype
K0VsSQMEtMU,west bengal,4.0,geography,CISLR_v1.5-a_videos/K0VsSQMEtMU.mp4,prototype
K1N6oh0nYvo_1,faith,6.0,abstract,CISLR_v1.5-a_videos/K1N6oh0nYvo_1.mp4,prototype
K3pj5alsYHc,valley,5.0,geography,CISLR_v1.5-a_videos/K3pj5alsYHc.mp4,test
K4bb2bBt1uY,same,4.0,comparator,CISLR_v1.5-a_videos/K4bb2bBt1uY.mp4,test
K5K6_yItMbc,hill garden,12.0,geography,CISLR_v1.5-a_videos/K5K6_yItMbc.mp4,prototype
K5qR4GaiYqc,form,7.0,readable,CISLR_v1.5-a_videos/K5qR4GaiYqc.mp4,test
K5xvRicYsgQ,agricultural robot,15.0,electronic and electrical,CISLR_v1.5-a_videos/K5xvRicYsgQ.mp4,prototype
K6ef6wLNV6A_2,negative error,9.0,math,CISLR_v1.5-a_videos/K6ef6wLNV6A_2.mp4,prototype
K8Se1Eiyqq8_2,vaccum,11.0,physics,CISLR_v1.5-a_videos/K8Se1Eiyqq8_2.mp4,prototype
K9BFoOaBA18_1,body,6.0,biology,CISLR_v1.5-a_videos/K9BFoOaBA18_1.mp4,test
KAkggm-5ApA_2,merchant,9.0,profession,CISLR_v1.5-a_videos/KAkggm-5ApA_2.mp4,prototype
KAsaLUHY0y4,former,5.0,comparator,CISLR_v1.5-a_videos/KAsaLUHY0y4.mp4,prototype
KAyF64u5G0w,english,4.0,language,CISLR_v1.5-a_videos/KAyF64u5G0w.mp4,test
KB2cTekqy38,flower for controlling soil erosion,11.0,flora and fauna,CISLR_v1.5-a_videos/KB2cTekqy38.mp4,prototype
KBfrB3Kx5Kw_1,always,6.0,time,CISLR_v1.5-a_videos/KBfrB3Kx5Kw_1.mp4,prototype
KCFYiQAly-Q_1,fare,9.0,banking,CISLR_v1.5-a_videos/KCFYiQAly-Q_1.mp4,prototype
KDUJ4CR6_dE,panaji,4.0,geography,CISLR_v1.5-a_videos/KDUJ4CR6_dE.mp4,test
KD_mAE7nypI,manager,6.0,profession,CISLR_v1.5-a_videos/KD_mAE7nypI.mp4,prototype
KEa28LtX2W4_1,mixer,7.0,machine,CISLR_v1.5-a_videos/KEa28LtX2W4_1.mp4,test
KEcsIGtSp88_1,chennai,6.0,geography,CISLR_v1.5-a_videos/KEcsIGtSp88_1.mp4,test
KEhIkzsFVhk_2,eletronegative force,10.0,physics,CISLR_v1.5-a_videos/KEhIkzsFVhk_2.mp4,prototype
KF_6TkQc5Ag_2,beaker,8.0,chemistry,CISLR_v1.5-a_videos/KF_6TkQc5Ag_2.mp4,prototype
KG_OHYYtnoQ_1,red,10.0,abstract,CISLR_v1.5-a_videos/KG_OHYYtnoQ_1.mp4,test
KGd-YJ5cDTM,paper,5.0,utility item,CISLR_v1.5-a_videos/KGd-YJ5cDTM.mp4,prototype
KHbIUov_fKY,noun,6.0,language,CISLR_v1.5-a_videos/KHbIUov_fKY.mp4,test
KIoc3qEV7No_1,outstanding,10.0,quality,CISLR_v1.5-a_videos/KIoc3qEV7No_1.mp4,prototype
KJl7MI-S9ag_1,verification,8.0,legal,CISLR_v1.5-a_videos/KJl7MI-S9ag_1.mp4,prototype
KKOqbdFgAgo,nutrition,13.0,medical,CISLR_v1.5-a_videos/KKOqbdFgAgo.mp4,prototype
KKPPaj3WuIM_1,sitar,7.0,instrument,CISLR_v1.5-a_videos/KKPPaj3WuIM_1.mp4,prototype
KKXbxgBsRoQ_1,mistake,6.0,abstract,CISLR_v1.5-a_videos/KKXbxgBsRoQ_1.mp4,prototype
KKfE1JlLal8_1,basketball,6.0,sport,CISLR_v1.5-a_videos/KKfE1JlLal8_1.mp4,prototype
KLWmJJC8WvA,millionaire,6.0,behavior,CISLR_v1.5-a_videos/KLWmJJC8WvA.mp4,prototype
KLpXMM5NiYQ,triangle,4.0,math,CISLR_v1.5-a_videos/KLpXMM5NiYQ.mp4,test
KMAl51jbqD8_1,nose stud,5.0,wearable,CISLR_v1.5-a_videos/KMAl51jbqD8_1.mp4,prototype
KMB0F5vWexE_1,during,6.0,time,CISLR_v1.5-a_videos/KMB0F5vWexE_1.mp4,test
KN6wMRGjxGk,government,4.0,authority,CISLR_v1.5-a_videos/KN6wMRGjxGk.mp4,prototype
KNYxG5Owm6Y_1,unclaimed,9.0,banking,CISLR_v1.5-a_videos/KNYxG5Owm6Y_1.mp4,prototype
KNZbdGWxDfw,outside,3.0,spatial position,CISLR_v1.5-a_videos/KNZbdGWxDfw.mp4,prototype
KNepaNAPVHM,apiculture bee keeping,15.0,profession,CISLR_v1.5-a_videos/KNepaNAPVHM.mp4,prototype
KNshT57aEW8_1,spill,5.0,action,CISLR_v1.5-a_videos/KNshT57aEW8_1.mp4,prototype
KO4tS6VabH0_1,lazy,8.0,attribute,CISLR_v1.5-a_videos/KO4tS6VabH0_1.mp4,prototype
KOn9NUTFkp8_1,glass,7.0,substance,CISLR_v1.5-a_videos/KOn9NUTFkp8_1.mp4,prototype
KP83EtWUOqQ_2,minimum,8.0,comparator,CISLR_v1.5-a_videos/KP83EtWUOqQ_2.mp4,test
KPIxtz5y-AQ,paytm,4.0,banking,CISLR_v1.5-a_videos/KPIxtz5y-AQ.mp4,test
KRiQ8XKAhxY_1,bone,8.0,medical,CISLR_v1.5-a_videos/KRiQ8XKAhxY_1.mp4,prototype
KRnfvBZ_V14,doubt,4.0,attribute,CISLR_v1.5-a_videos/KRnfvBZ_V14.mp4,prototype
KT6xge7oPak_2,distribution,11.0,action,CISLR_v1.5-a_videos/KT6xge7oPak_2.mp4,prototype
KTCV2tyighk_1,toast,5.0,action,CISLR_v1.5-a_videos/KTCV2tyighk_1.mp4,prototype
KTNP8wR6a_I,sharpening stone,11.0,instrument,CISLR_v1.5-a_videos/KTNP8wR6a_I.mp4,prototype
KU3jXLCl5ng,snow,6.0,weather,CISLR_v1.5-a_videos/KU3jXLCl5ng.mp4,prototype
KVIEAqtUyxE_1,soldier,7.0,profession,CISLR_v1.5-a_videos/KVIEAqtUyxE_1.mp4,test
KVe4agrfeOA_1,fingers,9.0,human,CISLR_v1.5-a_videos/KVe4agrfeOA_1.mp4,test
KVhmMplAyTE_1,ghost,6.0,religious,CISLR_v1.5-a_videos/KVhmMplAyTE_1.mp4,prototype
KVnMqcijBkQ_1,pretend,7.0,action,CISLR_v1.5-a_videos/KVnMqcijBkQ_1.mp4,prototype
KVxHxFu6C1U,relay race,4.0,event,CISLR_v1.5-a_videos/KVxHxFu6C1U.mp4,test
KXNl6DtK84A,jamun,5.0,foods and drinks,CISLR_v1.5-a_videos/KXNl6DtK84A.mp4,prototype
KXnSguJGdN8,sorry,4.0,greeting,CISLR_v1.5-a_videos/KXnSguJGdN8.mp4,test
KXzzVhXY0F4_1,light,6.0,physics,CISLR_v1.5-a_videos/KXzzVhXY0F4_1.mp4,test
KYU0N1_c7so_1,cremate,12.0,action,CISLR_v1.5-a_videos/KYU0N1_c7so_1.mp4,test
KYWyFwglnCE,mouthwash,5.0,substance,CISLR_v1.5-a_videos/KYWyFwglnCE.mp4,prototype
KYknqu3Sq8o,bump cutter,10.0,construction,CISLR_v1.5-a_videos/KYknqu3Sq8o.mp4,prototype
KYqKLRfxPQs_1,sunrise,8.0,event,CISLR_v1.5-a_videos/KYqKLRfxPQs_1.mp4,prototype
KZkI_RcaNjI_1,rajasthan,7.0,geography,CISLR_v1.5-a_videos/KZkI_RcaNjI_1.mp4,prototype
K_d8eu4SgG0_1,explain,6.0,action,CISLR_v1.5-a_videos/K_d8eu4SgG0_1.mp4,test
K_lfla-AAV4,compass surveying,13.0,process,CISLR_v1.5-a_videos/K_lfla-AAV4.mp4,prototype
KbF95Py-dZI,crawler loader,6.0,machine,CISLR_v1.5-a_videos/KbF95Py-dZI.mp4,prototype
Kb_ozOWxAfQ_1,my,7.0,language,CISLR_v1.5-a_videos/Kb_ozOWxAfQ_1.mp4,test
KbmqszvRUmQ,policy,5.0,legal,CISLR_v1.5-a_videos/KbmqszvRUmQ.mp4,test
KcJguZ4bFWU_1,what time,6.0,abstract,CISLR_v1.5-a_videos/KcJguZ4bFWU_1.mp4,prototype
KcNbuobK5GI,skating,5.0,sport,CISLR_v1.5-a_videos/KcNbuobK5GI.mp4,prototype
KcxcXM11Lmo,mushroom,4.0,foods and drinks,CISLR_v1.5-a_videos/KcxcXM11Lmo.mp4,prototype
KeXpYtzYCGo_2,random,8.0,abstract,CISLR_v1.5-a_videos/KeXpYtzYCGo_2.mp4,prototype
KfY5FcxSBFk_2,globe,9.0,geography,CISLR_v1.5-a_videos/KfY5FcxSBFk_2.mp4,prototype
KfqRU_5sing,guinea,4.0,geography,CISLR_v1.5-a_videos/KfqRU_5sing.mp4,prototype
Kh30NOSJmBc,fornication,15.0,action,CISLR_v1.5-a_videos/Kh30NOSJmBc.mp4,prototype
KhHs-1AePDw,bless,5.0,action,CISLR_v1.5-a_videos/KhHs-1AePDw.mp4,prototype
KicAz88jtLU_1,tariff,7.0,legal,CISLR_v1.5-a_videos/KicAz88jtLU_1.mp4,prototype
KicV8fyFj2U_2,voit,8.0,metric,CISLR_v1.5-a_videos/KicV8fyFj2U_2.mp4,prototype
KjuOnxtgNrs_1,touch,6.0,sensation,CISLR_v1.5-a_videos/KjuOnxtgNrs_1.mp4,test
KkLXMOjfW1M_1,bihar,6.0,geography,CISLR_v1.5-a_videos/KkLXMOjfW1M_1.mp4,prototype
KlLTWfYX95g,milling cutter convex,6.0,instrument,CISLR_v1.5-a_videos/KlLTWfYX95g.mp4,prototype
Km1_9ZLW-w0,query,4.0,abstract,CISLR_v1.5-a_videos/Km1_9ZLW-w0.mp4,prototype
Km4I-9zMWD4,soil survey,12.0,geography,CISLR_v1.5-a_videos/Km4I-9zMWD4.mp4,prototype
KmAO72itjok_1,crow,8.0,flora and fauna,CISLR_v1.5-a_videos/KmAO72itjok_1.mp4,prototype
KnE_y9wziOc,cherry,4.0,foods and drinks,CISLR_v1.5-a_videos/KnE_y9wziOc.mp4,prototype
Ko2hEXvMWB4_1,jaundice,8.0,biology,CISLR_v1.5-a_videos/Ko2hEXvMWB4_1.mp4,prototype
KoMeOserJ2M,burn,5.0,sensation,CISLR_v1.5-a_videos/KoMeOserJ2M.mp4,prototype
KoixXkIyiUM_2,bulb,8.0,utility item,CISLR_v1.5-a_videos/KoixXkIyiUM_2.mp4,prototype
KotGJithHPs,asphyxia,13.0,medical,CISLR_v1.5-a_videos/KotGJithHPs.mp4,prototype
KqdHyxm3XDA,amazon,5.0,organisation,CISLR_v1.5-a_videos/KqdHyxm3XDA.mp4,test
Ks0qQY_4_zo_1,vigilance,7.0,behavior,CISLR_v1.5-a_videos/Ks0qQY_4_zo_1.mp4,prototype
KsNrhfiqWHc,weave,4.0,process,CISLR_v1.5-a_videos/KsNrhfiqWHc.mp4,prototype
KsbMoTA5Rvk,comfortable,5.0,sensation,CISLR_v1.5-a_videos/KsbMoTA5Rvk.mp4,prototype
Ksqo7pUZGnM_1,trust,6.0,emotion,CISLR_v1.5-a_videos/Ksqo7pUZGnM_1.mp4,prototype
Kt4-ijSTM58,chart,5.0,readable,CISLR_v1.5-a_videos/Kt4-ijSTM58.mp4,prototype
KtYQWbd8c2c,weak,3.0,quality,CISLR_v1.5-a_videos/KtYQWbd8c2c.mp4,test
KtjbWweEkKE,paragraph,11.0,language,CISLR_v1.5-a_videos/KtjbWweEkKE.mp4,test
Ku52vuQCoak_2,echo,11.0,action,CISLR_v1.5-a_videos/Ku52vuQCoak_2.mp4,prototype
KuG1qosmz1w,on cloud nine,15.0,emotion,CISLR_v1.5-a_videos/KuG1qosmz1w.mp4,prototype
KuwgdEpM9Bw_1,electrician,7.0,profession,CISLR_v1.5-a_videos/KuwgdEpM9Bw_1.mp4,prototype
Kx46yWsDfrU,build,7.0,action,CISLR_v1.5-a_videos/Kx46yWsDfrU.mp4,prototype
Kxj8mG2kNCc,mother,3.0,relation,CISLR_v1.5-a_videos/Kxj8mG2kNCc.mp4,test
Ky8LfzgWGDU,very hot,4.0,weather,CISLR_v1.5-a_videos/Ky8LfzgWGDU.mp4,prototype
KzcNcvmdfUc_1,classification,11.0,action,CISLR_v1.5-a_videos/KzcNcvmdfUc_1.mp4,prototype
L-u8WLA5E18_1,decide,7.0,action,CISLR_v1.5-a_videos/L-u8WLA5E18_1.mp4,test
L0C9pyt3Iv0_1,chickoo,7.0,foods and drinks,CISLR_v1.5-a_videos/L0C9pyt3Iv0_1.mp4,prototype
L0J8OikrRXQ_1,competition,8.0,event,CISLR_v1.5-a_videos/L0J8OikrRXQ_1.mp4,prototype
L0dm0QB0XNc_1,receive,6.0,action,CISLR_v1.5-a_videos/L0dm0QB0XNc_1.mp4,prototype
L1n0OnAH5YU,samsung mobile,5.0,electronic and electrical,CISLR_v1.5-a_videos/L1n0OnAH5YU.mp4,prototype
L2Kvwf8SEvE,transparent,4.0,attribute,CISLR_v1.5-a_videos/L2Kvwf8SEvE.mp4,prototype
L2skBcrtvU4_1,sikh,6.0,religious,CISLR_v1.5-a_videos/L2skBcrtvU4_1.mp4,prototype
L37McuHckSI,good morning,4.0,greeting,CISLR_v1.5-a_videos/L37McuHckSI.mp4,prototype
L3YJkEmPbaY_1,sparrow,8.0,flora and fauna,CISLR_v1.5-a_videos/L3YJkEmPbaY_1.mp4,prototype
L3zllm-N0pA_1,amount,8.0,banking,CISLR_v1.5-a_videos/L3zllm-N0pA_1.mp4,test
L42e09-GlGE_1,australia,7.0,geography,CISLR_v1.5-a_videos/L42e09-GlGE_1.mp4,test
L4iyGvSJbBU,arm hole,12.0,wearable,CISLR_v1.5-a_videos/L4iyGvSJbBU.mp4,prototype
L4q4_7OOznw,goa,4.0,geography,CISLR_v1.5-a_videos/L4q4_7OOznw.mp4,prototype
L5LPezmVNTY,honey,5.0,foods and drinks,CISLR_v1.5-a_videos/L5LPezmVNTY.mp4,prototype
L5N6iSUREkg_1,point,8.0,math,CISLR_v1.5-a_videos/L5N6iSUREkg_1.mp4,test
L6opOP8-MB4_1,account,10.0,banking,CISLR_v1.5-a_videos/L6opOP8-MB4_1.mp4,prototype
L77Jvnk92gI,reception,14.0,behavior,CISLR_v1.5-a_videos/L77Jvnk92gI.mp4,prototype
L8RxN_IwuxU,marigold,5.0,flora and fauna,CISLR_v1.5-a_videos/L8RxN_IwuxU.mp4,prototype
L8btjcJoJMQ_1,time limit,12.0,time,CISLR_v1.5-a_videos/L8btjcJoJMQ_1.mp4,prototype
L9tJKkCTWfs_1,another,6.0,group,CISLR_v1.5-a_videos/L9tJKkCTWfs_1.mp4,prototype
L9zst1EDfWQ,report,3.0,metric,CISLR_v1.5-a_videos/L9zst1EDfWQ.mp4,prototype
LAMyZKIAF9c,millilitre,6.0,metric,CISLR_v1.5-a_videos/LAMyZKIAF9c.mp4,prototype
LAT-u9Ww5ZU,yes,4.0,comparator,CISLR_v1.5-a_videos/LAT-u9Ww5ZU.mp4,prototype
LAxFz0h8jVA,asia,5.0,geography,CISLR_v1.5-a_videos/LAxFz0h8jVA.mp4,prototype
LBDJe5RV0Is_2,society marketing,10.0,commerce,CISLR_v1.5-a_videos/LBDJe5RV0Is_2.mp4,prototype
LBHkQz5_AX8_1,top management,11.0,comparator,CISLR_v1.5-a_videos/LBHkQz5_AX8_1.mp4,prototype
LBjLmVz_ae0_1,telephone,7.0,electronic and electrical,CISLR_v1.5-a_videos/LBjLmVz_ae0_1.mp4,test
LCM-nxFhJA8,actuary,4.0,profession,CISLR_v1.5-a_videos/LCM-nxFhJA8.mp4,prototype
LCT8D8alG48_1,credit voucher,12.0,banking,CISLR_v1.5-a_videos/LCT8D8alG48_1.mp4,prototype
LEU5wPrJOEE_2,virtual image,9.0,physics,CISLR_v1.5-a_videos/LEU5wPrJOEE_2.mp4,prototype
LEkQofDsLww_1,lend,6.0,banking,CISLR_v1.5-a_videos/LEkQofDsLww_1.mp4,prototype
LEqwMyWAVG0_1,computerisation,8.0,computer,CISLR_v1.5-a_videos/LEqwMyWAVG0_1.mp4,prototype
LFAMKxEzB_g,hot air balloon,5.0,transport,CISLR_v1.5-a_videos/LFAMKxEzB_g.mp4,prototype
LFFS1Hdq7cA_1,lunch,6.0,foods and drinks,CISLR_v1.5-a_videos/LFFS1Hdq7cA_1.mp4,test
LFzg2ex5OPs_2,perfect,9.0,attribute,CISLR_v1.5-a_videos/LFzg2ex5OPs_2.mp4,prototype
LG9lvVHK-xA,target,4.0,abstract,CISLR_v1.5-a_videos/LG9lvVHK-xA.mp4,prototype
LGWGD0eoxFg,chickenpox,4.0,medical,CISLR_v1.5-a_videos/LGWGD0eoxFg.mp4,prototype
LH_-eRo-vYw,points,4.0,math,CISLR_v1.5-a_videos/LH_-eRo-vYw.mp4,prototype
LIZdSKzcc7c_2,electromagnet,8.0,physics,CISLR_v1.5-a_videos/LIZdSKzcc7c_2.mp4,prototype
LJDiOMjjmgQ_1,inefficient,8.0,quality,CISLR_v1.5-a_videos/LJDiOMjjmgQ_1.mp4,prototype
LJErvGH5rVU_1,bug,6.0,flora and fauna,CISLR_v1.5-a_videos/LJErvGH5rVU_1.mp4,test
LJZaMf1NGs0,snake,4.0,flora and fauna,CISLR_v1.5-a_videos/LJZaMf1NGs0.mp4,test
LKNKVzQj9S4_1,rubber,7.0,utility item,CISLR_v1.5-a_videos/LKNKVzQj9S4_1.mp4,test
LLRVhSkiGkc,judge,8.0,authority,CISLR_v1.5-a_videos/LLRVhSkiGkc.mp4,test
LLZBIVJyAW8_1,open dated,9.0,time,CISLR_v1.5-a_videos/LLZBIVJyAW8_1.mp4,prototype
LMiCwHGzWWY,multi storey building,7.0,construction,CISLR_v1.5-a_videos/LMiCwHGzWWY.mp4,prototype
LNGTLVpK9pY,family court,15.0,legal,CISLR_v1.5-a_videos/LNGTLVpK9pY.mp4,prototype
LNVUK4DX5GA,wave,7.0,physics,CISLR_v1.5-a_videos/LNVUK4DX5GA.mp4,prototype
LNeQmfpFxKw,lauki,5.0,foods and drinks,CISLR_v1.5-a_videos/LNeQmfpFxKw.mp4,prototype
LOHFGeu_YVo_1,quote,6.0,abstract,CISLR_v1.5-a_videos/LOHFGeu_YVo_1.mp4,prototype
LOJcAGPKq50,thirty,5.0,math,CISLR_v1.5-a_videos/LOJcAGPKq50.mp4,prototype
LPASkvwrEhg_1,emoluments,9.0,banking,CISLR_v1.5-a_videos/LPASkvwrEhg_1.mp4,prototype
LRAKP8hKHTs_1,snow,9.0,weather,CISLR_v1.5-a_videos/LRAKP8hKHTs_1.mp4,test
LRgu4y1wgyM_1,sculpture,6.0,miscellaneous object,CISLR_v1.5-a_videos/LRgu4y1wgyM_1.mp4,prototype
LSrto7ULuac,trust,4.0,emotion,CISLR_v1.5-a_videos/LSrto7ULuac.mp4,test
LSysLOgMsG8_1,search,8.0,action,CISLR_v1.5-a_videos/LSysLOgMsG8_1.mp4,test
LUZ-fo_p2eM,kiss,5.0,action,CISLR_v1.5-a_videos/LUZ-fo_p2eM.mp4,prototype
LUwTvq8IlG8_1,wrong,6.0,comparator,CISLR_v1.5-a_videos/LUwTvq8IlG8_1.mp4,prototype
LVelMSPoeIk_2,stepup transformer,12.0,physics,CISLR_v1.5-a_videos/LVelMSPoeIk_2.mp4,prototype
LVoWdSuY_DA,broom,5.0,utility item,CISLR_v1.5-a_videos/LVoWdSuY_DA.mp4,prototype
LVqnqzIAFGg,jammu & kashmir,5.0,geography,CISLR_v1.5-a_videos/LVqnqzIAFGg.mp4,prototype
LVx3EA_f0yo_1,shave,7.0,action,CISLR_v1.5-a_videos/LVx3EA_f0yo_1.mp4,prototype
LWiXmjFqjIU_1,bread,6.0,foods and drinks,CISLR_v1.5-a_videos/LWiXmjFqjIU_1.mp4,prototype
LY35ZmX5ZKA_1,nest,7.0,flora and fauna,CISLR_v1.5-a_videos/LY35ZmX5ZKA_1.mp4,prototype
LY6maLw5JZg,bajaj bike,5.0,transport,CISLR_v1.5-a_videos/LY6maLw5JZg.mp4,prototype
LYQL5Is2IP0,without,5.0,abstract,CISLR_v1.5-a_videos/LYQL5Is2IP0.mp4,test
LYRpKbuXtw8,drug,4.0,substance,CISLR_v1.5-a_videos/LYRpKbuXtw8.mp4,test
LYaC4yU2_AE,online shopping,4.0,internet,CISLR_v1.5-a_videos/LYaC4yU2_AE.mp4,prototype
LYfzb9LaUHw_2,earth,8.0,geography,CISLR_v1.5-a_videos/LYfzb9LaUHw_2.mp4,test
LYrq1Zc046M_2,tuning fork,9.0,physics,CISLR_v1.5-a_videos/LYrq1Zc046M_2.mp4,prototype
LZNIKt_FVwI_1,earn,6.0,profession,CISLR_v1.5-a_videos/LZNIKt_FVwI_1.mp4,test
LZXA3I9E1gM,tool,5.0,instrument,CISLR_v1.5-a_videos/LZXA3I9E1gM.mp4,prototype
LZheGIIbAGs_2,final,7.0,stage,CISLR_v1.5-a_videos/LZheGIIbAGs_2.mp4,prototype
LZreqlssnWQ_1,love,7.0,emotion,CISLR_v1.5-a_videos/LZreqlssnWQ_1.mp4,prototype
LashuTkELEo_2,alternate current,8.0,physics,CISLR_v1.5-a_videos/LashuTkELEo_2.mp4,test
LbxSV8unB9M_1,afternoon,6.0,time,CISLR_v1.5-a_videos/LbxSV8unB9M_1.mp4,prototype
LcIgsxb9F1Y_1,birth,9.0,stage,CISLR_v1.5-a_videos/LcIgsxb9F1Y_1.mp4,test
Ld5T9glcT2k_1,things,6.0,miscellaneous object,CISLR_v1.5-a_videos/Ld5T9glcT2k_1.mp4,test
Ld9qDys95es,jellyfish,5.0,flora and fauna,CISLR_v1.5-a_videos/Ld9qDys95es.mp4,prototype
LdB-xdR0WlM_2,cold,7.0,sensation,CISLR_v1.5-a_videos/LdB-xdR0WlM_2.mp4,test
LdEwOck6U_w_2,thermal,8.0,wearable,CISLR_v1.5-a_videos/LdEwOck6U_w_2.mp4,prototype
LdYbstdYCR8,bmw,5.0,organisation,CISLR_v1.5-a_videos/LdYbstdYCR8.mp4,prototype
LdhMy2tqQB4_2,in lieu of,8.0,comparator,CISLR_v1.5-a_videos/LdhMy2tqQB4_2.mp4,prototype
LeIkWWTH__A_1,quotation,8.0,abstract,CISLR_v1.5-a_videos/LeIkWWTH__A_1.mp4,prototype
LeRzzzBBsmU,graft,5.0,biology,CISLR_v1.5-a_videos/LeRzzzBBsmU.mp4,prototype
LfNnApnUb0k,yamaha bike,4.0,transport,CISLR_v1.5-a_videos/LfNnApnUb0k.mp4,prototype
LfYldiPt7Uw_1,holy,8.0,religious,CISLR_v1.5-a_videos/LfYldiPt7Uw_1.mp4,prototype
LfeTLkxBG30,skirt,3.0,wearable,CISLR_v1.5-a_videos/LfeTLkxBG30.mp4,test
LfpizDfWhns_1,query,7.0,abstract,CISLR_v1.5-a_videos/LfpizDfWhns_1.mp4,test
Lh8YfU2MNWc_1,experience,5.0,abstract,CISLR_v1.5-a_videos/Lh8YfU2MNWc_1.mp4,prototype
LiMHHFhjutc,son,3.0,relation,CISLR_v1.5-a_videos/LiMHHFhjutc.mp4,prototype
LipF082b75I,pinking shears,9.0,instrument,CISLR_v1.5-a_videos/LipF082b75I.mp4,prototype
Lj9L7fUElLE,match,4.0,event,CISLR_v1.5-a_videos/Lj9L7fUElLE.mp4,prototype
LjoBu4KD33Y,complain,4.0,process,CISLR_v1.5-a_videos/LjoBu4KD33Y.mp4,test
LjwZPYHjqds,tripura,5.0,geography,CISLR_v1.5-a_videos/LjwZPYHjqds.mp4,test
LjxomDXWlSU_1,hindu undivided family,11.0,group,CISLR_v1.5-a_videos/LjxomDXWlSU_1.mp4,prototype
LkAdSi8XMnA_1,map,8.0,geography,CISLR_v1.5-a_videos/LkAdSi8XMnA_1.mp4,prototype
Lkztp3ZDShA,view,4.0,action,CISLR_v1.5-a_videos/Lkztp3ZDShA.mp4,test
Ll1sRFunlD8,anti corruption law,5.0,legal,CISLR_v1.5-a_videos/Ll1sRFunlD8.mp4,prototype
LlpSiou4X7w,elephant,4.0,flora and fauna,CISLR_v1.5-a_videos/LlpSiou4X7w.mp4,prototype
LmFIEd0Ejq8,process,4.0,event,CISLR_v1.5-a_videos/LmFIEd0Ejq8.mp4,test
Lngoh_uQHzw_1,month,5.0,time,CISLR_v1.5-a_videos/Lngoh_uQHzw_1.mp4,test
LoDs7v25rTw,civil engineering,4.0,education,CISLR_v1.5-a_videos/LoDs7v25rTw.mp4,prototype
LpK4vi7gyoU,dubai,5.0,geography,CISLR_v1.5-a_videos/LpK4vi7gyoU.mp4,prototype
Lq13Nl5Ps58,abacus,7.0,instrument,CISLR_v1.5-a_videos/Lq13Nl5Ps58.mp4,prototype
LqLnP37No_Y,switch,4.0,electronic and electrical,CISLR_v1.5-a_videos/LqLnP37No_Y.mp4,test
Lr1RBzRU5IY,prevent,12.0,action,CISLR_v1.5-a_videos/Lr1RBzRU5IY.mp4,prototype
LtKLGzkfK7k,semi aniline skin,10.0,miscellaneous object,CISLR_v1.5-a_videos/LtKLGzkfK7k.mp4,prototype
Lu0AwKQ33Sw,concrete,6.0,construction,CISLR_v1.5-a_videos/Lu0AwKQ33Sw.mp4,test
Lu_R01JQky8_1,apple,7.0,flora and fauna,CISLR_v1.5-a_videos/Lu_R01JQky8_1.mp4,prototype
Lv_-f-V3ylE,slap,4.0,action,CISLR_v1.5-a_videos/Lv_-f-V3ylE.mp4,test
LwD7BG_zdXM,reporter,7.0,profession,CISLR_v1.5-a_videos/LwD7BG_zdXM.mp4,test
LyZNz7OHiBc,clear,4.0,attribute,CISLR_v1.5-a_videos/LyZNz7OHiBc.mp4,prototype
Lypi1wvlQ5s_1,socks,6.0,wearable,CISLR_v1.5-a_videos/Lypi1wvlQ5s_1.mp4,test
LzD3My7FOzI,professional,5.0,attribute,CISLR_v1.5-a_videos/LzD3My7FOzI.mp4,prototype
M-0j7OCBolw_1,brass,9.0,metal and minerals,CISLR_v1.5-a_videos/M-0j7OCBolw_1.mp4,prototype
M-aaJfrtvaA,weapon,8.0,utility item,CISLR_v1.5-a_videos/M-aaJfrtvaA.mp4,prototype
M-sKe4o73uE,i don't know,4.0,action,CISLR_v1.5-a_videos/M-sKe4o73uE.mp4,prototype
M0bcUWG8vrg,hyderabad,6.0,geography,CISLR_v1.5-a_videos/M0bcUWG8vrg.mp4,prototype
M1qOXnG0A6s,lower court,15.0,legal,CISLR_v1.5-a_videos/M1qOXnG0A6s.mp4,prototype
M24VjuHEfgo,wait,4.0,action,CISLR_v1.5-a_videos/M24VjuHEfgo.mp4,test
M4-wk97gffk_1,debt,9.0,banking,CISLR_v1.5-a_videos/M4-wk97gffk_1.mp4,prototype
M5ML0oF4VzU,can,6.0,utility item,CISLR_v1.5-a_videos/M5ML0oF4VzU.mp4,test
M5d-xq3xJi4,manner,5.0,emotion,CISLR_v1.5-a_videos/M5d-xq3xJi4.mp4,test
M7-RJmu46Fs_1,fumiture,11.0,utility item,CISLR_v1.5-a_videos/M7-RJmu46Fs_1.mp4,prototype
M7fd9b-5J64_1,blind,6.0,medical,CISLR_v1.5-a_videos/M7fd9b-5J64_1.mp4,prototype
M84ritBmcTE,egypt,4.0,geography,CISLR_v1.5-a_videos/M84ritBmcTE.mp4,test
M9A3PKPxbdY_1,door,8.0,construction,CISLR_v1.5-a_videos/M9A3PKPxbdY_1.mp4,test
M9dzu-DC9Yg,judaism,5.0,religious,CISLR_v1.5-a_videos/M9dzu-DC9Yg.mp4,prototype
MAZVS8doD6E,learn,6.0,action,CISLR_v1.5-a_videos/MAZVS8doD6E.mp4,test
MB7HhOsEvxk,expiry,6.0,banking,CISLR_v1.5-a_videos/MB7HhOsEvxk.mp4,prototype
MBJe-opDrVg,banker,7.0,banking,CISLR_v1.5-a_videos/MBJe-opDrVg.mp4,prototype
MBQiG5ZQFQM_1,angle,10.0,math,CISLR_v1.5-a_videos/MBQiG5ZQFQM_1.mp4,prototype
MBpTWWSc1JE_1,science,6.0,education,CISLR_v1.5-a_videos/MBpTWWSc1JE_1.mp4,test
MDshuUzuAQQ_1,drown,6.0,action,CISLR_v1.5-a_videos/MDshuUzuAQQ_1.mp4,prototype
ME7pnv4k_l0_1,good,7.0,quality,CISLR_v1.5-a_videos/ME7pnv4k_l0_1.mp4,test
MF1FXsA8yXw,hot,5.0,sensation,CISLR_v1.5-a_videos/MF1FXsA8yXw.mp4,test
MFNsb1cUbDc,automatic,4.0,abstract,CISLR_v1.5-a_videos/MFNsb1cUbDc.mp4,prototype
MFWHZG1Xnr4,livelihood,4.0,abstract,CISLR_v1.5-a_videos/MFWHZG1Xnr4.mp4,test
MGPdiPWgglk_1,lgnore,5.0,action,CISLR_v1.5-a_videos/MGPdiPWgglk_1.mp4,prototype
MGrjrGgjADY,rich,4.0,attribute,CISLR_v1.5-a_videos/MGrjrGgjADY.mp4,prototype
MH1cXARmtE0,sequential,6.0,attribute,CISLR_v1.5-a_videos/MH1cXARmtE0.mp4,prototype
MH7f6cug0zU_1,re pledge,6.0,banking,CISLR_v1.5-a_videos/MH7f6cug0zU_1.mp4,prototype
MHcb7CiK_IA_1,accessories,11.0,instrument,CISLR_v1.5-a_videos/MHcb7CiK_IA_1.mp4,prototype
MI2Jae1agR4,news,4.0,entertainment,CISLR_v1.5-a_videos/MI2Jae1agR4.mp4,prototype
MIal50cVwM0_1,x-ray,6.0,medical,CISLR_v1.5-a_videos/MIal50cVwM0_1.mp4,prototype
MJTOje2ViH4,our,4.0,relation,CISLR_v1.5-a_videos/MJTOje2ViH4.mp4,test
MJelSVaA5KY_1,roar,5.0,sound,CISLR_v1.5-a_videos/MJelSVaA5KY_1.mp4,prototype
MKSKluySI3E,timid,5.0,behavior,CISLR_v1.5-a_videos/MKSKluySI3E.mp4,prototype
MKbBSGnFUPY,fluted  pleats,14.0,wearable,CISLR_v1.5-a_videos/MKbBSGnFUPY.mp4,prototype
MKirgaLINXQ_1,trouble,7.0,stage,CISLR_v1.5-a_videos/MKirgaLINXQ_1.mp4,test
MLAL7ASrh5s,pure,4.0,attribute,CISLR_v1.5-a_videos/MLAL7ASrh5s.mp4,test
MMHxvuN8Z_0_1,job,8.0,profession,CISLR_v1.5-a_videos/MMHxvuN8Z_0_1.mp4,test
MMrUJwt_8oQ,orange,4.0,foods and drinks,CISLR_v1.5-a_videos/MMrUJwt_8oQ.mp4,test
MMzsqe-mNmc,qualification,4.0,abstract,CISLR_v1.5-a_videos/MMzsqe-mNmc.mp4,test
MN2qjSNQdMg,steering wheel,6.0,utility item,CISLR_v1.5-a_videos/MN2qjSNQdMg.mp4,prototype
MNCeezFR_YI,bread,4.0,foods and drinks,CISLR_v1.5-a_videos/MNCeezFR_YI.mp4,test
MONtOZhRgek_2,positive,8.0,abstract,CISLR_v1.5-a_videos/MONtOZhRgek_2.mp4,test
MOW2rm7IXxg_1,solid,7.0,substance,CISLR_v1.5-a_videos/MOW2rm7IXxg_1.mp4,prototype
MOu0z-QaJww_1,lay out,11.0,banking,CISLR_v1.5-a_videos/MOu0z-QaJww_1.mp4,prototype
MOy1x8EroPs,bandit munger,4.0,profession,CISLR_v1.5-a_videos/MOy1x8EroPs.mp4,prototype
MPCAeXe2E0c,three days after,4.0,time,CISLR_v1.5-a_videos/MPCAeXe2E0c.mp4,prototype
MRcVRxcFrVE,glue gun,15.0,machine,CISLR_v1.5-a_videos/MRcVRxcFrVE.mp4,prototype
MRf9vcls4eQ,restaurant,4.0,construction,CISLR_v1.5-a_videos/MRf9vcls4eQ.mp4,prototype
MT8KL4XePl8_1,year calender,8.0,readable,CISLR_v1.5-a_videos/MT8KL4XePl8_1.mp4,prototype
MTAoneZNzeQ,allow,3.0,action,CISLR_v1.5-a_videos/MTAoneZNzeQ.mp4,test
MUALhjDPcdE,bank account number,4.0,banking,CISLR_v1.5-a_videos/MUALhjDPcdE.mp4,prototype
MUWVSQ7vqGE_1,supersession,9.0,action,CISLR_v1.5-a_videos/MUWVSQ7vqGE_1.mp4,prototype
MVggQBRCOIw_1,september,5.0,time,CISLR_v1.5-a_videos/MVggQBRCOIw_1.mp4,test
MWnrLOwPLqQ_1,kitchen,8.0,foods and drinks,CISLR_v1.5-a_videos/MWnrLOwPLqQ_1.mp4,test
MXNChZEW6yI,denmark,3.0,geography,CISLR_v1.5-a_videos/MXNChZEW6yI.mp4,prototype
MXmTYGHWvvE,yes,3.0,comparator,CISLR_v1.5-a_videos/MXmTYGHWvvE.mp4,test
MY-9YI3Slvg_1,posting,7.0,readable,CISLR_v1.5-a_videos/MY-9YI3Slvg_1.mp4,prototype
MYVwYIX47wQ,never,5.0,abstract,CISLR_v1.5-a_videos/MYVwYIX47wQ.mp4,prototype
MYfR4Ec-zU0_1,association,9.0,organisation,CISLR_v1.5-a_videos/MYfR4Ec-zU0_1.mp4,test
MYjYOTXhiZs,residential building,6.0,construction,CISLR_v1.5-a_videos/MYjYOTXhiZs.mp4,prototype
MZBRGZovo8A_1,punishment,5.0,action,CISLR_v1.5-a_videos/MZBRGZovo8A_1.mp4,prototype
MZZ52lsCfSw,seven,4.0,math,CISLR_v1.5-a_videos/MZZ52lsCfSw.mp4,prototype
MZsQzU7tOfs,ban,4.0,action,CISLR_v1.5-a_videos/MZsQzU7tOfs.mp4,prototype
M_F0YMifj5g_1,zebra crossing,7.0,transport,CISLR_v1.5-a_videos/M_F0YMifj5g_1.mp4,test
MbKRtuwkHPM,wild swine,13.0,medical,CISLR_v1.5-a_videos/MbKRtuwkHPM.mp4,prototype
MbUT3Kfq4Dc_1,beat,6.0,action,CISLR_v1.5-a_videos/MbUT3Kfq4Dc_1.mp4,prototype
Mbu8042cTuA_1,back,8.0,spatial position,CISLR_v1.5-a_videos/Mbu8042cTuA_1.mp4,prototype
McHijMoln7U,knowledgeable,4.0,attribute,CISLR_v1.5-a_videos/McHijMoln7U.mp4,prototype
MeJB3ZRQQcY,hygiene,5.0,attribute,CISLR_v1.5-a_videos/MeJB3ZRQQcY.mp4,test
MeKJPAuFOgk_1,bhopal,6.0,geography,CISLR_v1.5-a_videos/MeKJPAuFOgk_1.mp4,prototype
MeoJV0K0uTg_1,pass book,8.0,banking,CISLR_v1.5-a_videos/MeoJV0K0uTg_1.mp4,prototype
MflJey4lrQk,hair dryer,6.0,utility item,CISLR_v1.5-a_videos/MflJey4lrQk.mp4,prototype
MhHOduyqKv4,two,3.0,quantity,CISLR_v1.5-a_videos/MhHOduyqKv4.mp4,prototype
MhUpw_qPCHU_2,ammeter,8.0,physics,CISLR_v1.5-a_videos/MhUpw_qPCHU_2.mp4,test
MhZrm3H1aBE,join,4.0,group,CISLR_v1.5-a_videos/MhZrm3H1aBE.mp4,prototype
Mhwfin8V4sQ_1,round,9.0,math,CISLR_v1.5-a_videos/Mhwfin8V4sQ_1.mp4,prototype
MiGluii6UII,maruti car,5.0,transport,CISLR_v1.5-a_videos/MiGluii6UII.mp4,prototype
Miw0xZr0diU,roti,5.0,foods and drinks,CISLR_v1.5-a_videos/Miw0xZr0diU.mp4,prototype
MjRPq3GCSZk,weird,4.0,abstract,CISLR_v1.5-a_videos/MjRPq3GCSZk.mp4,prototype
MlZ9Hx3mkBk_1,onion,5.0,foods and drinks,CISLR_v1.5-a_videos/MlZ9Hx3mkBk_1.mp4,test
MlfKy5CzqVg_1,withhold,7.0,banking,CISLR_v1.5-a_videos/MlfKy5CzqVg_1.mp4,prototype
MmeNMGTN-aY_1,hippo,7.0,flora and fauna,CISLR_v1.5-a_videos/MmeNMGTN-aY_1.mp4,prototype
MmrdlTXfNco,uttar pradesh,4.0,geography,CISLR_v1.5-a_videos/MmrdlTXfNco.mp4,prototype
MnSaW7AFr1w_1,weigh,6.0,abstract,CISLR_v1.5-a_videos/MnSaW7AFr1w_1.mp4,prototype
Mo-VXbTe0bs_1,january,6.0,time,CISLR_v1.5-a_videos/Mo-VXbTe0bs_1.mp4,test
Moi8EgQo6rE_2,atom,9.0,chemistry,CISLR_v1.5-a_videos/Moi8EgQo6rE_2.mp4,prototype
MpOh9MQvWbY,belt,4.0,wearable,CISLR_v1.5-a_videos/MpOh9MQvWbY.mp4,test
Mq1c27rJxqY_1,mirror,7.0,physics,CISLR_v1.5-a_videos/Mq1c27rJxqY_1.mp4,test
Mq8cmp7QjOY,mason square,11.0,instrument,CISLR_v1.5-a_videos/Mq8cmp7QjOY.mp4,prototype
Mqa0sDOMArQ,exercise,4.0,medical,CISLR_v1.5-a_videos/Mqa0sDOMArQ.mp4,prototype
Mr30rM7vf4Q,dizzy,5.0,sensation,CISLR_v1.5-a_videos/Mr30rM7vf4Q.mp4,prototype
MrP80GmJveQ_2,spectrum,9.0,physics,CISLR_v1.5-a_videos/MrP80GmJveQ_2.mp4,prototype
MsWnmwlUBik_2,angular velocity,8.0,physics,CISLR_v1.5-a_videos/MsWnmwlUBik_2.mp4,prototype
MsxYYS8q9Hw_1,result,6.0,abstract,CISLR_v1.5-a_videos/MsxYYS8q9Hw_1.mp4,prototype
Mtm4Xg52b9c_1,subscription,9.0,entertainment,CISLR_v1.5-a_videos/Mtm4Xg52b9c_1.mp4,prototype
MtnBSpuX1IA,value scale,10.0,metric,CISLR_v1.5-a_videos/MtnBSpuX1IA.mp4,prototype
MtnXC9CWB6I_1,horse,6.0,flora and fauna,CISLR_v1.5-a_videos/MtnXC9CWB6I_1.mp4,prototype
MwHD6LxnfXo,website,4.0,internet,CISLR_v1.5-a_videos/MwHD6LxnfXo.mp4,prototype
Mx_mNhBhWx0,toy,7.0,entertainment,CISLR_v1.5-a_videos/Mx_mNhBhWx0.mp4,prototype
Mxlci8amm_0_1,necklace,6.0,utility item,CISLR_v1.5-a_videos/Mxlci8amm_0_1.mp4,test
My4hzshl_RY_1,us,5.0,group,CISLR_v1.5-a_videos/My4hzshl_RY_1.mp4,prototype
MyFCxLg44HY_2,capillary tube,8.0,medical,CISLR_v1.5-a_videos/MyFCxLg44HY_2.mp4,prototype
MzwOHZTi4OU,shaving brush,4.0,utility item,CISLR_v1.5-a_videos/MzwOHZTi4OU.mp4,prototype
N0-cIcGCH3A,kazakhstan,3.0,geography,CISLR_v1.5-a_videos/N0-cIcGCH3A.mp4,prototype
N05i2V0_8kI,malaysia,4.0,geography,CISLR_v1.5-a_videos/N05i2V0_8kI.mp4,prototype
N0HOc0gJyRs_1,laugh,6.0,gesture,CISLR_v1.5-a_videos/N0HOc0gJyRs_1.mp4,prototype
N0OMPBVVK3o,praise,4.0,action,CISLR_v1.5-a_videos/N0OMPBVVK3o.mp4,test
N0QNiLrVGl4,casio,5.0,sound,CISLR_v1.5-a_videos/N0QNiLrVGl4.mp4,prototype
N0Tgyn59Erw_1,waterfall,7.0,geography,CISLR_v1.5-a_videos/N0Tgyn59Erw_1.mp4,test
N0bpk_dzCuk,bite,6.0,action,CISLR_v1.5-a_videos/N0bpk_dzCuk.mp4,test
N0lQZi87koY,meeting,4.0,group,CISLR_v1.5-a_videos/N0lQZi87koY.mp4,prototype
N13nVxyNA2Q,setting of cement,8.0,construction,CISLR_v1.5-a_videos/N13nVxyNA2Q.mp4,prototype
N1J4iPzvFDY_2,apparatus,10.0,instrument,CISLR_v1.5-a_videos/N1J4iPzvFDY_2.mp4,prototype
N1sRspbhlk8_2,geothermal energy,12.0,physics,CISLR_v1.5-a_videos/N1sRspbhlk8_2.mp4,prototype
N2GsWA1smG8,amazed,4.0,emotion,CISLR_v1.5-a_videos/N2GsWA1smG8.mp4,prototype
N4NevefkpsQ,cycle,5.0,transport,CISLR_v1.5-a_videos/N4NevefkpsQ.mp4,test
N4a_K3p9KG8,tractive work,14.0,quality,CISLR_v1.5-a_videos/N4a_K3p9KG8.mp4,prototype
N4rsVFJsb1Y_1,accumulated,13.0,quantity,CISLR_v1.5-a_videos/N4rsVFJsb1Y_1.mp4,prototype
N51UnxHrRZg,process,4.0,event,CISLR_v1.5-a_videos/N51UnxHrRZg.mp4,test
N53qGezr7MU,woodpecker,6.0,flora and fauna,CISLR_v1.5-a_videos/N53qGezr7MU.mp4,prototype
N62iv94HI18,thailand,3.0,geography,CISLR_v1.5-a_videos/N62iv94HI18.mp4,prototype
N6DxyKcaZVs,lighthouse,7.0,construction,CISLR_v1.5-a_videos/N6DxyKcaZVs.mp4,prototype
N6zCu36_1xI_2,blue,8.0,quality,CISLR_v1.5-a_videos/N6zCu36_1xI_2.mp4,prototype
N7q37KQfzhk_1,sufficient,10.0,quantity,CISLR_v1.5-a_videos/N7q37KQfzhk_1.mp4,prototype
N9JQMzE7_DI,england,3.0,geography,CISLR_v1.5-a_videos/N9JQMzE7_DI.mp4,test
N9XgekP7Qtg,hidden file,6.0,utility item,CISLR_v1.5-a_videos/N9XgekP7Qtg.mp4,test
NA5iMrff4Cs,elastic,12.0,attribute,CISLR_v1.5-a_videos/NA5iMrff4Cs.mp4,prototype
NATVmGM4bpQ_1,year,8.0,time,CISLR_v1.5-a_videos/NATVmGM4bpQ_1.mp4,test
NAiENsui-oc_1,lie,6.0,action,CISLR_v1.5-a_videos/NAiENsui-oc_1.mp4,test
NAkU6Uj85R8,zipper foot,8.0,utility item,CISLR_v1.5-a_videos/NAkU6Uj85R8.mp4,prototype
NBEVpBk-9VI,soft,4.0,quality,CISLR_v1.5-a_videos/NBEVpBk-9VI.mp4,test
NC0iEaE7Ba4,tuesday,3.0,time,CISLR_v1.5-a_videos/NC0iEaE7Ba4.mp4,test
NCRLLU_dxcM_1,sparrow,9.0,flora and fauna,CISLR_v1.5-a_videos/NCRLLU_dxcM_1.mp4,test
ND1WM_XYP4Q,numerical control,10.0,math,CISLR_v1.5-a_videos/ND1WM_XYP4Q.mp4,prototype
ND4_C6fI-BU,society,5.0,group,CISLR_v1.5-a_videos/ND4_C6fI-BU.mp4,prototype
NFHHa94P-k8,concrete mixture,11.0,construction,CISLR_v1.5-a_videos/NFHHa94P-k8.mp4,prototype
NFnBaFx_SWI,annual for foliage beauty,14.0,flora and fauna,CISLR_v1.5-a_videos/NFnBaFx_SWI.mp4,prototype
NGJkhj4AWbA_1,sick,6.0,medical,CISLR_v1.5-a_videos/NGJkhj4AWbA_1.mp4,prototype
NGRn28khiEY,rainy season vegetables,11.0,flora and fauna,CISLR_v1.5-a_videos/NGRn28khiEY.mp4,prototype
NGfUhD-kG1M,change,4.0,action,CISLR_v1.5-a_videos/NGfUhD-kG1M.mp4,test
NJWphYVdS5I_1,justice,6.0,legal,CISLR_v1.5-a_videos/NJWphYVdS5I_1.mp4,prototype
NJZoju_a6Ig_1,hang,6.0,action,CISLR_v1.5-a_videos/NJZoju_a6Ig_1.mp4,test
NJuhUVHvXi4_2,created,8.0,action,CISLR_v1.5-a_videos/NJuhUVHvXi4_2.mp4,prototype
NKaU1IK6k94_1,august,6.0,time,CISLR_v1.5-a_videos/NKaU1IK6k94_1.mp4,test
NLEkfw25jWU_2,focal length,10.0,physics,CISLR_v1.5-a_videos/NLEkfw25jWU_2.mp4,prototype
NLlTJ8yeeYM_1,honorarium,8.0,banking,CISLR_v1.5-a_videos/NLlTJ8yeeYM_1.mp4,prototype
NLy90nqeNko_1,singapore,8.0,geography,CISLR_v1.5-a_videos/NLy90nqeNko_1.mp4,test
NMajC62MvaQ_1,work,6.0,action,CISLR_v1.5-a_videos/NMajC62MvaQ_1.mp4,test
NMnARovUYLw_1,vomit,7.0,medical,CISLR_v1.5-a_videos/NMnARovUYLw_1.mp4,prototype
NMwrtYskaeU,leaf spring,14.0,transport,CISLR_v1.5-a_videos/NMwrtYskaeU.mp4,prototype
NNiFl_dTBk0_1,throw,6.0,action,CISLR_v1.5-a_videos/NNiFl_dTBk0_1.mp4,prototype
NPrAFhC6vWk_1,body,7.0,biology,CISLR_v1.5-a_videos/NPrAFhC6vWk_1.mp4,test
NPxCD7p6M80_1,small pox,6.0,medical,CISLR_v1.5-a_videos/NPxCD7p6M80_1.mp4,test
NQ7Gnl9nRuY,window,6.0,construction,CISLR_v1.5-a_videos/NQ7Gnl9nRuY.mp4,prototype
NQTfv_uhpfg,winter,4.0,time,CISLR_v1.5-a_videos/NQTfv_uhpfg.mp4,prototype
NROeKyImRuI_1,food,6.0,foods and drinks,CISLR_v1.5-a_videos/NROeKyImRuI_1.mp4,test
NS7WrHCEPVk_1,penality,6.0,legal,CISLR_v1.5-a_videos/NS7WrHCEPVk_1.mp4,prototype
NSERnk7V4ZA_1,careful,7.0,attribute,CISLR_v1.5-a_videos/NSERnk7V4ZA_1.mp4,test
NSM4xH0MhHY,benign,13.0,medical,CISLR_v1.5-a_videos/NSM4xH0MhHY.mp4,prototype
NSwtAmwDTZE_1,sand,9.0,geography,CISLR_v1.5-a_videos/NSwtAmwDTZE_1.mp4,test
NT-LpmJHMcw,mediocre,4.0,quality,CISLR_v1.5-a_videos/NT-LpmJHMcw.mp4,prototype
NTNbTr_PLqU_1,participation,8.0,action,CISLR_v1.5-a_videos/NTNbTr_PLqU_1.mp4,prototype
NUKt0kkYSg4,sick,4.0,medical,CISLR_v1.5-a_videos/NUKt0kkYSg4.mp4,test
NUn7Lyw4H9U,wheeled robots,11.0,electronic and electrical,CISLR_v1.5-a_videos/NUn7Lyw4H9U.mp4,prototype
NVNirvNgU9g,pledge,4.0,legal,CISLR_v1.5-a_videos/NVNirvNgU9g.mp4,prototype
NW-BP9pf4JI_1,girl,9.0,human,CISLR_v1.5-a_videos/NW-BP9pf4JI_1.mp4,prototype
NWx2vBB9F7g_1,pig,7.0,flora and fauna,CISLR_v1.5-a_videos/NWx2vBB9F7g_1.mp4,test
NXEPPzd8AXk_1,freeze,6.0,process,CISLR_v1.5-a_videos/NXEPPzd8AXk_1.mp4,test
NXjRJs0Wxkg,wedge,12.0,machine,CISLR_v1.5-a_videos/NXjRJs0Wxkg.mp4,prototype
NY2fpEI5uDY_1,world,6.0,geography,CISLR_v1.5-a_videos/NY2fpEI5uDY_1.mp4,prototype
NY7NZeZ-ufw,research farm,12.0,education,CISLR_v1.5-a_videos/NY7NZeZ-ufw.mp4,prototype
NYWcVvZIlwY_2,external,9.0,attribute,CISLR_v1.5-a_videos/NYWcVvZIlwY_2.mp4,prototype
NYbiMxMfp3A,brown sport of rice,13.0,medical,CISLR_v1.5-a_videos/NYbiMxMfp3A.mp4,prototype
NZ2sunnoc7k,torch,4.0,electronic and electrical,CISLR_v1.5-a_videos/NZ2sunnoc7k.mp4,test
NZ3PZzNJ2hs_1,magic,6.0,abstract,CISLR_v1.5-a_videos/NZ3PZzNJ2hs_1.mp4,prototype
NZXhDTubUiI,videographer,7.0,profession,CISLR_v1.5-a_videos/NZXhDTubUiI.mp4,prototype
NZZkWB8jtls_2,adjustable screw,9.0,instrument,CISLR_v1.5-a_videos/NZZkWB8jtls_2.mp4,prototype
NZn29gNlDio,stress,5.0,physics,CISLR_v1.5-a_videos/NZn29gNlDio.mp4,prototype
NZoSVSZeP7s_1,prohibit,8.0,action,CISLR_v1.5-a_videos/NZoSVSZeP7s_1.mp4,prototype
NZwNyVXvpTo_1,money,6.0,banking,CISLR_v1.5-a_videos/NZwNyVXvpTo_1.mp4,prototype
NaiHTSSvCuE_2,telescope,10.0,instrument,CISLR_v1.5-a_videos/NaiHTSSvCuE_2.mp4,prototype
Nb7os_UNC0o_1,hen,6.0,flora and fauna,CISLR_v1.5-a_videos/Nb7os_UNC0o_1.mp4,prototype
Nb8uJ822Tig,tinda,5.0,flora and fauna,CISLR_v1.5-a_videos/Nb8uJ822Tig.mp4,test
NbG_5zEsSoE,express,4.0,action,CISLR_v1.5-a_videos/NbG_5zEsSoE.mp4,prototype
NbO2R-jwElw_1,moneylender,8.0,profession,CISLR_v1.5-a_videos/NbO2R-jwElw_1.mp4,prototype
Ncpxyoe9VTE_1,crime,5.0,legal,CISLR_v1.5-a_videos/Ncpxyoe9VTE_1.mp4,prototype
NcqHqk2ybW4_2,parallel,9.0,math,CISLR_v1.5-a_videos/NcqHqk2ybW4_2.mp4,prototype
Ncynk9HDp3c_1,swallow,9.0,biology,CISLR_v1.5-a_videos/Ncynk9HDp3c_1.mp4,test
NeEUjskiXkY,layered skirt,11.0,wearable,CISLR_v1.5-a_videos/NeEUjskiXkY.mp4,prototype
NeXKnG1-7cU_1,false,6.0,abstract,CISLR_v1.5-a_videos/NeXKnG1-7cU_1.mp4,test
Ned2R4FgR7Y_1,calculation,9.0,math,CISLR_v1.5-a_videos/Ned2R4FgR7Y_1.mp4,prototype
NfOadhavWHs_1,demand,7.0,action,CISLR_v1.5-a_videos/NfOadhavWHs_1.mp4,prototype
Nfxj5lRpg2o_1,pakistan,7.0,geography,CISLR_v1.5-a_videos/Nfxj5lRpg2o_1.mp4,test
Ng4xJEF8wEg,mucosal disease,13.0,biology,CISLR_v1.5-a_videos/Ng4xJEF8wEg.mp4,prototype
Ngrila2aXJg_1,conveyance allowance,9.0,legal,CISLR_v1.5-a_videos/Ngrila2aXJg_1.mp4,prototype
NhCDD4ktBjY_2,loud speaker,9.0,electronic and electrical,CISLR_v1.5-a_videos/NhCDD4ktBjY_2.mp4,prototype
NhFLlpEnqK8,punjab,4.0,geography,CISLR_v1.5-a_videos/NhFLlpEnqK8.mp4,prototype
NhVVvn7cwd4,russia,3.0,geography,CISLR_v1.5-a_videos/NhVVvn7cwd4.mp4,test
Ni3iHE6bas8,unite,4.0,action,CISLR_v1.5-a_videos/Ni3iHE6bas8.mp4,test
Ni5kmFuBXzI,wednesday,4.0,time,CISLR_v1.5-a_videos/Ni5kmFuBXzI.mp4,test
NiE43suq2F4_1,patience,7.0,behavior,CISLR_v1.5-a_videos/NiE43suq2F4_1.mp4,prototype
NiIyd5WjjFg,put,4.0,action,CISLR_v1.5-a_videos/NiIyd5WjjFg.mp4,test
NiXOVcIQU7g_2,static electricity,13.0,physics,CISLR_v1.5-a_videos/NiXOVcIQU7g_2.mp4,prototype
NjT3zasZLP0,harmonium,5.0,sound,CISLR_v1.5-a_videos/NjT3zasZLP0.mp4,prototype
NjjNU4VrO00_1,stage,7.0,stage,CISLR_v1.5-a_videos/NjjNU4VrO00_1.mp4,prototype
NjzsZG20E7U,strength,4.0,attribute,CISLR_v1.5-a_videos/NjzsZG20E7U.mp4,prototype
NkFzajnrYkA_1,method of accounting,10.0,banking,CISLR_v1.5-a_videos/NkFzajnrYkA_1.mp4,prototype
NkQLCSHvZcY_1,field,8.0,geography,CISLR_v1.5-a_videos/NkQLCSHvZcY_1.mp4,prototype
NmPpZgrECW0,police,4.0,profession,CISLR_v1.5-a_videos/NmPpZgrECW0.mp4,test
NmTBx9PgX-I_1,quality,6.0,quality,CISLR_v1.5-a_videos/NmTBx9PgX-I_1.mp4,prototype
NmmgvY4gy40_1,cheque,6.0,banking,CISLR_v1.5-a_videos/NmmgvY4gy40_1.mp4,test
Nn3ooGh1n7w,rude,15.0,attribute,CISLR_v1.5-a_videos/Nn3ooGh1n7w.mp4,prototype
NnETy9fmveQ_1,small enterprise,10.0,commerce,CISLR_v1.5-a_videos/NnETy9fmveQ_1.mp4,prototype
NnGjm_iFM1s,vent,11.0,wearable,CISLR_v1.5-a_videos/NnGjm_iFM1s.mp4,prototype
NnUnWcgPFC4,digging bar,6.0,instrument,CISLR_v1.5-a_videos/NnUnWcgPFC4.mp4,prototype
No2J7utvqrg,ballon pump,6.0,machine,CISLR_v1.5-a_videos/No2J7utvqrg.mp4,prototype
NoKq5zdDsQk,smile,4.0,action,CISLR_v1.5-a_videos/NoKq5zdDsQk.mp4,prototype
Non0cu5dbSs,party,4.0,event,CISLR_v1.5-a_videos/Non0cu5dbSs.mp4,prototype
NpQQCK0Yk_g_1,taluk,7.0,legal,CISLR_v1.5-a_videos/NpQQCK0Yk_g_1.mp4,prototype
NpTKGzsDGoQ_1,par - at,8.0,comparator,CISLR_v1.5-a_videos/NpTKGzsDGoQ_1.mp4,prototype
Nqh6_B0gfec,adopt,4.0,relation,CISLR_v1.5-a_videos/Nqh6_B0gfec.mp4,prototype
NqnV9iNS62M,reproduction,14.0,biology,CISLR_v1.5-a_videos/NqnV9iNS62M.mp4,prototype
NqtEH9nZexY,water logged hedges,12.0,flora and fauna,CISLR_v1.5-a_videos/NqtEH9nZexY.mp4,prototype
Nr80alTAMrw,baseball jacket,12.0,sport,CISLR_v1.5-a_videos/Nr80alTAMrw.mp4,prototype
NrQ-7PGyl70_1,output,8.0,miscellaneous object,CISLR_v1.5-a_videos/NrQ-7PGyl70_1.mp4,prototype
Ns3lBPP73Jk_1,taxi,6.0,transport,CISLR_v1.5-a_videos/Ns3lBPP73Jk_1.mp4,prototype
NsQZ8by-g_k,sibling,4.0,relation,CISLR_v1.5-a_videos/NsQZ8by-g_k.mp4,prototype
Nt5QgTWqBcU,olericulture,12.0,biology,CISLR_v1.5-a_videos/Nt5QgTWqBcU.mp4,prototype
NtnfUEDzoPo,telangana,5.0,geography,CISLR_v1.5-a_videos/NtnfUEDzoPo.mp4,prototype
NuTEITSEAUA,papaya,5.0,foods and drinks,CISLR_v1.5-a_videos/NuTEITSEAUA.mp4,test
Nud7Ld9x7Z4,perfect,3.0,attribute,CISLR_v1.5-a_videos/Nud7Ld9x7Z4.mp4,test
Nus1qk-Khiw,north-east,5.0,spatial position,CISLR_v1.5-a_videos/Nus1qk-Khiw.mp4,prototype
NvxJw6Zi6UA_1,toothbrush,7.0,utility item,CISLR_v1.5-a_videos/NvxJw6Zi6UA_1.mp4,test
NxxURb8wKd0,punjabi,4.0,language,CISLR_v1.5-a_videos/NxxURb8wKd0.mp4,test
NypNRzPI2Hg,punjab,4.0,geography,CISLR_v1.5-a_videos/NypNRzPI2Hg.mp4,test
O-H9plmvvoE,prime minister,4.0,authority,CISLR_v1.5-a_videos/O-H9plmvvoE.mp4,test
O-o5XXFpqEY_2,heavier,8.0,comparator,CISLR_v1.5-a_videos/O-o5XXFpqEY_2.mp4,prototype
O1DOtxdULkQ_1,misbehaviour,9.0,emotion,CISLR_v1.5-a_videos/O1DOtxdULkQ_1.mp4,prototype
O1HMV7OKCZs_1,cheque gift,10.0,banking,CISLR_v1.5-a_videos/O1HMV7OKCZs_1.mp4,prototype
O2_3lA8kVVE,brain,5.0,biology,CISLR_v1.5-a_videos/O2_3lA8kVVE.mp4,test
O2_ZeoKvo5I_1,queen,7.0,authority,CISLR_v1.5-a_videos/O2_ZeoKvo5I_1.mp4,prototype
O3SeL_0pvTs_1,sunday,6.0,time,CISLR_v1.5-a_videos/O3SeL_0pvTs_1.mp4,test
O4CkLiyI2a4,shearling,8.0,action,CISLR_v1.5-a_videos/O4CkLiyI2a4.mp4,prototype
O4sOntiraJc,punish,4.0,action,CISLR_v1.5-a_videos/O4sOntiraJc.mp4,test
O6YJgD20e2g,goodbye,5.0,greeting,CISLR_v1.5-a_videos/O6YJgD20e2g.mp4,prototype
O8jMsqDMiRE,who,4.0,abstract,CISLR_v1.5-a_videos/O8jMsqDMiRE.mp4,prototype
O9Dk6KdQ4to_1,transparent,7.0,attribute,CISLR_v1.5-a_videos/O9Dk6KdQ4to_1.mp4,test
O9ZwfYTIETI,together,4.0,group,CISLR_v1.5-a_videos/O9ZwfYTIETI.mp4,test
O9pRqLLFUEE_1,happy,7.0,emotion,CISLR_v1.5-a_videos/O9pRqLLFUEE_1.mp4,test
OB6FvmCHsDg,invent,6.0,process,CISLR_v1.5-a_videos/OB6FvmCHsDg.mp4,test
OBHeVltjXT0_1,young,6.0,attribute,CISLR_v1.5-a_videos/OBHeVltjXT0_1.mp4,prototype
OBPTV3YthOw_1,out,6.0,spatial position,CISLR_v1.5-a_videos/OBPTV3YthOw_1.mp4,prototype
OBRmS71p6TU_1,stars,7.0,astronomical,CISLR_v1.5-a_videos/OBRmS71p6TU_1.mp4,test
OC3FU_0GKBE,astigmatism,15.0,medical,CISLR_v1.5-a_videos/OC3FU_0GKBE.mp4,prototype
OC4C5-lLWxc,float,6.0,action,CISLR_v1.5-a_videos/OC4C5-lLWxc.mp4,prototype
OC7HHIF25ik,box,5.0,utility item,CISLR_v1.5-a_videos/OC7HHIF25ik.mp4,prototype
OCDSqlCaWlA_2,refrigerator,10.0,utility item,CISLR_v1.5-a_videos/OCDSqlCaWlA_2.mp4,prototype
OCcDnB5VdgU_1,window,8.0,construction,CISLR_v1.5-a_videos/OCcDnB5VdgU_1.mp4,test
ODFZJd2f9X8,amazon,4.0,organisation,CISLR_v1.5-a_videos/ODFZJd2f9X8.mp4,test
ODNZ6nd7uls,actress,14.0,profession,CISLR_v1.5-a_videos/ODNZ6nd7uls.mp4,prototype
ODRI_ATiWnM,jagannath ratha yatra,6.0,transport,CISLR_v1.5-a_videos/ODRI_ATiWnM.mp4,prototype
OE5sct8DJxM,cock,9.0,flora and fauna,CISLR_v1.5-a_videos/OE5sct8DJxM.mp4,prototype
OELaDZo5R7I,brain,4.0,biology,CISLR_v1.5-a_videos/OELaDZo5R7I.mp4,test
OEZKlgaRH4o,alarm,4.0,utility item,CISLR_v1.5-a_videos/OEZKlgaRH4o.mp4,prototype
OEm1Uov-v9o_1,training,11.0,action,CISLR_v1.5-a_videos/OEm1Uov-v9o_1.mp4,prototype
OF-9aiQTAfM,hanuman,5.0,religious,CISLR_v1.5-a_videos/OF-9aiQTAfM.mp4,test
OGO8HQ6ZYUg_1,overtime allowance,9.0,banking,CISLR_v1.5-a_videos/OGO8HQ6ZYUg_1.mp4,prototype
OHFdjCUkpME_1,elephant,6.0,flora and fauna,CISLR_v1.5-a_videos/OHFdjCUkpME_1.mp4,test
OJqZgTGpghQ,deal,5.0,commerce,CISLR_v1.5-a_videos/OJqZgTGpghQ.mp4,prototype
OL-CqbpYr8w,quiet,4.0,sound,CISLR_v1.5-a_videos/OL-CqbpYr8w.mp4,prototype
OL_k_mBRxbA,pyjama,3.0,wearable,CISLR_v1.5-a_videos/OL_k_mBRxbA.mp4,test
OM_yE9ewbcM,digital electronics,13.0,electronic and electrical,CISLR_v1.5-a_videos/OM_yE9ewbcM.mp4,prototype
ON8Ou8j8BjY,principal,3.0,authority,CISLR_v1.5-a_videos/ON8Ou8j8BjY.mp4,test
ONhI6iem9kg,hat,3.0,wearable,CISLR_v1.5-a_videos/ONhI6iem9kg.mp4,prototype
OP1V4l-DdcA_1,hope,7.0,action,CISLR_v1.5-a_videos/OP1V4l-DdcA_1.mp4,test
OP_7FlLGoAY_1,premium,8.0,attribute,CISLR_v1.5-a_videos/OP_7FlLGoAY_1.mp4,prototype
OPfZfLKxZTU_1,instigate,7.0,action,CISLR_v1.5-a_videos/OPfZfLKxZTU_1.mp4,test
OQ1e6lpNybo,maha shivaratri,4.0,event,CISLR_v1.5-a_videos/OQ1e6lpNybo.mp4,prototype
ORU-AfSTIwI,rip out,10.0,action,CISLR_v1.5-a_videos/ORU-AfSTIwI.mp4,prototype
ORwg4bg9aeU,rock gardening,14.0,entertainment,CISLR_v1.5-a_videos/ORwg4bg9aeU.mp4,prototype
OSRpGh3d0cI,long term,4.0,legal,CISLR_v1.5-a_videos/OSRpGh3d0cI.mp4,prototype
OSxSHGU_WOo_1,false,6.0,abstract,CISLR_v1.5-a_videos/OSxSHGU_WOo_1.mp4,test
OTUecrbGM7E,roof griders,11.0,construction,CISLR_v1.5-a_videos/OTUecrbGM7E.mp4,prototype
OTfPJGdUm50,nature,5.0,biology,CISLR_v1.5-a_videos/OTfPJGdUm50.mp4,prototype
OTtrGki5gQg_1,angel,6.0,religious,CISLR_v1.5-a_videos/OTtrGki5gQg_1.mp4,prototype
OU-XIIEFnw4,garage,6.0,construction,CISLR_v1.5-a_videos/OU-XIIEFnw4.mp4,prototype
OUQa0HC_ORM_1,understand,5.0,action,CISLR_v1.5-a_videos/OUQa0HC_ORM_1.mp4,test
OUVv-5cwFaE_1,dosa,6.0,foods and drinks,CISLR_v1.5-a_videos/OUVv-5cwFaE_1.mp4,prototype
OUr2XSyxfsY,seminar,5.0,event,CISLR_v1.5-a_videos/OUr2XSyxfsY.mp4,prototype
OWya5pey33I,read,5.0,action,CISLR_v1.5-a_videos/OWya5pey33I.mp4,test
OX23xzI_GhY,land,4.0,geography,CISLR_v1.5-a_videos/OX23xzI_GhY.mp4,prototype
OXmN5c7MCUk,kumbh mela,4.0,event,CISLR_v1.5-a_videos/OXmN5c7MCUk.mp4,prototype
OYENl3VfTb4,south indian bank,5.0,organisation,CISLR_v1.5-a_videos/OYENl3VfTb4.mp4,prototype
OYQVWFoke9E,pick,8.0,action,CISLR_v1.5-a_videos/OYQVWFoke9E.mp4,test
OZ2IdcRTgrs_1,insurance,8.0,banking,CISLR_v1.5-a_videos/OZ2IdcRTgrs_1.mp4,prototype
OZp4PyHgUC8,public gardens,9.0,construction,CISLR_v1.5-a_videos/OZp4PyHgUC8.mp4,prototype
OaQqutxOEAE_1,eagle,8.0,flora and fauna,CISLR_v1.5-a_videos/OaQqutxOEAE_1.mp4,prototype
Oamv71HbOMA,apex court,10.0,legal,CISLR_v1.5-a_videos/Oamv71HbOMA.mp4,prototype
Oaqk8I-2-IE,tool,5.0,instrument,CISLR_v1.5-a_videos/Oaqk8I-2-IE.mp4,test
ObJnMFN4KQg_1,company joint stock,12.0,commerce,CISLR_v1.5-a_videos/ObJnMFN4KQg_1.mp4,prototype
ObVcGiVYofE_1,forged,9.0,quality,CISLR_v1.5-a_videos/ObVcGiVYofE_1.mp4,prototype
ObrkXqrK96M,peon,5.0,profession,CISLR_v1.5-a_videos/ObrkXqrK96M.mp4,test
ObwZnI075E8,melt,7.0,process,CISLR_v1.5-a_videos/ObwZnI075E8.mp4,prototype
Oc7vrILPpCQ_1,first charge,8.0,banking,CISLR_v1.5-a_videos/Oc7vrILPpCQ_1.mp4,prototype
OcBBb1cbZqc_2,natural,9.0,biology,CISLR_v1.5-a_videos/OcBBb1cbZqc_2.mp4,prototype
OcSgDKInrg8,hot,4.0,sensation,CISLR_v1.5-a_videos/OcSgDKInrg8.mp4,test
OchKEyyyoF0_1,money order,9.0,legal,CISLR_v1.5-a_videos/OchKEyyyoF0_1.mp4,prototype
OeV_XZBC3VA_1,separate,6.0,action,CISLR_v1.5-a_videos/OeV_XZBC3VA_1.mp4,test
OelZVA_CCzo,superficial,6.0,quality,CISLR_v1.5-a_videos/OelZVA_CCzo.mp4,prototype
OfCw-0gAd6E,order,15.0,action,CISLR_v1.5-a_videos/OfCw-0gAd6E.mp4,test
OfGHhLbHWq4_1,spoil,6.0,action,CISLR_v1.5-a_videos/OfGHhLbHWq4_1.mp4,test
OfGkvEa9C-A_2,object,8.0,miscellaneous object,CISLR_v1.5-a_videos/OfGkvEa9C-A_2.mp4,prototype
OhE6VRcxlKA,disc brake master cylinder,14.0,machine,CISLR_v1.5-a_videos/OhE6VRcxlKA.mp4,prototype
OhHLtn0U6K0_1,initials,8.0,banking,CISLR_v1.5-a_videos/OhHLtn0U6K0_1.mp4,prototype
Ohcc1XNi-s4,meeting,4.0,group,CISLR_v1.5-a_videos/Ohcc1XNi-s4.mp4,test
Oi__gIjhBk0_1,engineer,7.0,profession,CISLR_v1.5-a_videos/Oi__gIjhBk0_1.mp4,test
Oiewyo7WQ4w,netflix,4.0,organisation,CISLR_v1.5-a_videos/Oiewyo7WQ4w.mp4,prototype
Oittiy14URk,left indent,8.0,attribute,CISLR_v1.5-a_videos/Oittiy14URk.mp4,prototype
OjJ2Vu0k5d8,animals,6.0,flora and fauna,CISLR_v1.5-a_videos/OjJ2Vu0k5d8.mp4,test
OjPz3neEd7U_1,measure,6.0,math,CISLR_v1.5-a_videos/OjPz3neEd7U_1.mp4,test
OjYou9zLuDM_1,daughter,10.0,relation,CISLR_v1.5-a_videos/OjYou9zLuDM_1.mp4,test
Ok6fbvE1cu0_1,alarm system,11.0,electronic and electrical,CISLR_v1.5-a_videos/Ok6fbvE1cu0_1.mp4,prototype
OkC4seOp-00,wash,5.0,action,CISLR_v1.5-a_videos/OkC4seOp-00.mp4,test
OkHQG79PRCk,classification based on the transplanting capacity,14.0,action,CISLR_v1.5-a_videos/OkHQG79PRCk.mp4,prototype
OnqiVVsNE8I_1,locker,10.0,machine,CISLR_v1.5-a_videos/OnqiVVsNE8I_1.mp4,prototype
OoFz4JC0sjU_1,cover,6.0,action,CISLR_v1.5-a_videos/OoFz4JC0sjU_1.mp4,test
Op97JG5142c,kinds of honey bee found in india,10.0,flora and fauna,CISLR_v1.5-a_videos/Op97JG5142c.mp4,prototype
Oql_D1R8kVE,building structure,6.0,construction,CISLR_v1.5-a_videos/Oql_D1R8kVE.mp4,prototype
OqzxnQ6fGIw_1,out of print,8.0,event,CISLR_v1.5-a_videos/OqzxnQ6fGIw_1.mp4,prototype
OrOlKiBzVAY_2,molecule,11.0,physics,CISLR_v1.5-a_videos/OrOlKiBzVAY_2.mp4,prototype
OrlYpvp8gnI_2,condition,7.0,quality,CISLR_v1.5-a_videos/OrlYpvp8gnI_2.mp4,prototype
OrrlfNA40zg_2,perpendicular,8.0,math,CISLR_v1.5-a_videos/OrrlfNA40zg_2.mp4,prototype
OsRTZjf3msw_1,disbursement,9.0,banking,CISLR_v1.5-a_videos/OsRTZjf3msw_1.mp4,prototype
Ot-XctUkMY8,buddhist,4.0,religious,CISLR_v1.5-a_videos/Ot-XctUkMY8.mp4,prototype
OuOKDmE7q2c_1,parliament,7.0,legal,CISLR_v1.5-a_videos/OuOKDmE7q2c_1.mp4,test
Ov-hdZ4oacg,marry,5.0,action,CISLR_v1.5-a_videos/Ov-hdZ4oacg.mp4,prototype
OvDIlDiFmnU,school,3.0,organisation,CISLR_v1.5-a_videos/OvDIlDiFmnU.mp4,prototype
OwI1yeom0EM,surname,4.0,group,CISLR_v1.5-a_videos/OwI1yeom0EM.mp4,test
Owp1cwVnCok,question,4.0,abstract,CISLR_v1.5-a_videos/Owp1cwVnCok.mp4,prototype
Oy09VfmP5sQ,action,4.0,action,CISLR_v1.5-a_videos/Oy09VfmP5sQ.mp4,test
Oz4iaojP1LQ,retention of moisture,15.0,biology,CISLR_v1.5-a_videos/Oz4iaojP1LQ.mp4,prototype
P-0wocPMVyQ,tagetus,11.0,flora and fauna,CISLR_v1.5-a_videos/P-0wocPMVyQ.mp4,prototype
P-35FnAOLeo_1,walk,9.0,action,CISLR_v1.5-a_videos/P-35FnAOLeo_1.mp4,test
P-k3HOBisv8_1,i,6.0,language,CISLR_v1.5-a_videos/P-k3HOBisv8_1.mp4,prototype
P18HvmCotMU_1,information,7.0,legal,CISLR_v1.5-a_videos/P18HvmCotMU_1.mp4,prototype
P1WDAwasyoI,safety goggle,9.0,wearable,CISLR_v1.5-a_videos/P1WDAwasyoI.mp4,prototype
P1r-uVbFZ00_1,cold,6.0,biology,CISLR_v1.5-a_videos/P1r-uVbFZ00_1.mp4,test
P29jupnZniw,close up,8.0,action,CISLR_v1.5-a_videos/P29jupnZniw.mp4,prototype
P2If73nwzYs,tabernaemontana coronaria,11.0,medical,CISLR_v1.5-a_videos/P2If73nwzYs.mp4,prototype
P2OKqOpct8s,grey,8.0,colour,CISLR_v1.5-a_videos/P2OKqOpct8s.mp4,test
P2YHoSAHJUg_1,train,5.0,action,CISLR_v1.5-a_videos/P2YHoSAHJUg_1.mp4,test
P2abspkSU_s,able,7.0,abstract,CISLR_v1.5-a_videos/P2abspkSU_s.mp4,prototype
P3LobzeDo9E_1,sad,7.0,emotion,CISLR_v1.5-a_videos/P3LobzeDo9E_1.mp4,prototype
P3LqZYt2U30_1,economic,11.0,education,CISLR_v1.5-a_videos/P3LqZYt2U30_1.mp4,prototype
P3MpvLubTKw,sms notification,10.0,internet,CISLR_v1.5-a_videos/P3MpvLubTKw.mp4,prototype
P3pALl9igN8,flatfoot,11.0,human,CISLR_v1.5-a_videos/P3pALl9igN8.mp4,prototype
P4bcxgldVSQ_1,benefit,7.0,banking,CISLR_v1.5-a_videos/P4bcxgldVSQ_1.mp4,prototype
P58pF-HenyU,pause,5.0,time,CISLR_v1.5-a_videos/P58pF-HenyU.mp4,test
P5CapJo7Oe8_1,overseas,7.0,spatial position,CISLR_v1.5-a_videos/P5CapJo7Oe8_1.mp4,prototype
P5Dty8Ecdek,nuncupative will,10.0,legal,CISLR_v1.5-a_videos/P5Dty8Ecdek.mp4,prototype
P6e7z3qKweg_2,fossll fueis,10.0,substance,CISLR_v1.5-a_videos/P6e7z3qKweg_2.mp4,prototype
P7aSfqQTkTk_1,yourself,7.0,abstract,CISLR_v1.5-a_videos/P7aSfqQTkTk_1.mp4,prototype
P8c9TRiU7HI,invite,5.0,action,CISLR_v1.5-a_videos/P8c9TRiU7HI.mp4,prototype
P8nCFvhToww_1,remind,8.0,action,CISLR_v1.5-a_videos/P8nCFvhToww_1.mp4,prototype
P8q4ktLxy-A_1,pain,7.0,sensation,CISLR_v1.5-a_videos/P8q4ktLxy-A_1.mp4,test
P91b_WSLDa8_1,system,9.0,instrument,CISLR_v1.5-a_videos/P91b_WSLDa8_1.mp4,prototype
P9GAmYhGhJ0,janmashtami,5.0,event,CISLR_v1.5-a_videos/P9GAmYhGhJ0.mp4,test
PAkQhoRDVMQ,debug,11.0,computer,CISLR_v1.5-a_videos/PAkQhoRDVMQ.mp4,prototype
PB7rn__dcKg_1,fan,6.0,electronic and electrical,CISLR_v1.5-a_videos/PB7rn__dcKg_1.mp4,prototype
PBPb-_V8A_U,mouse,5.0,flora and fauna,CISLR_v1.5-a_videos/PBPb-_V8A_U.mp4,prototype
PFALmbyUi5A,microphone,5.0,electronic and electrical,CISLR_v1.5-a_videos/PFALmbyUi5A.mp4,prototype
PFH8OX7kSEA,online,7.0,internet,CISLR_v1.5-a_videos/PFH8OX7kSEA.mp4,test
PGYE6puPzKU_1,chappels,6.0,wearable,CISLR_v1.5-a_videos/PGYE6puPzKU_1.mp4,prototype
PGbVUlqDu1A,hawker,14.0,profession,CISLR_v1.5-a_videos/PGbVUlqDu1A.mp4,prototype
PGdVl8-IzJA,mother tongue,7.0,language,CISLR_v1.5-a_videos/PGdVl8-IzJA.mp4,prototype
PGrGJBQGm3E_1,sales retum,8.0,banking,CISLR_v1.5-a_videos/PGrGJBQGm3E_1.mp4,prototype
PGzUbRs5KcE_1,stone,7.0,metal and minerals,CISLR_v1.5-a_videos/PGzUbRs5KcE_1.mp4,prototype
PI1wVAKM9t0_1,true copy,8.0,quality,CISLR_v1.5-a_videos/PI1wVAKM9t0_1.mp4,prototype
PI6SVXN35Rg,praise,5.0,action,CISLR_v1.5-a_videos/PI6SVXN35Rg.mp4,test
PI8mabNvaE0,netaji subhas chandra bose,6.0,human,CISLR_v1.5-a_videos/PI8mabNvaE0.mp4,prototype
PJtAsebnGrM,convertible  collar,7.0,wearable,CISLR_v1.5-a_videos/PJtAsebnGrM.mp4,prototype
PK4bvgOLUWs,try,4.0,action,CISLR_v1.5-a_videos/PK4bvgOLUWs.mp4,prototype
PKLiUylI7jY,beetroot,6.0,foods and drinks,CISLR_v1.5-a_videos/PKLiUylI7jY.mp4,prototype
PKi9kC2RNzo_1,fluctuation,10.0,action,CISLR_v1.5-a_videos/PKi9kC2RNzo_1.mp4,prototype
PKyGYvB0Mf0,tripura,5.0,geography,CISLR_v1.5-a_videos/PKyGYvB0Mf0.mp4,test
PLF4Zs0Q80Q,ball room,11.0,construction,CISLR_v1.5-a_videos/PLF4Zs0Q80Q.mp4,prototype
PLtRFkjPkxo_1,genius,4.0,behavior,CISLR_v1.5-a_videos/PLtRFkjPkxo_1.mp4,prototype
PMUPf08r0Jo,tecoma stans,11.0,flora and fauna,CISLR_v1.5-a_videos/PMUPf08r0Jo.mp4,prototype
PMYXK-B1Few,hypoxia,10.0,biology,CISLR_v1.5-a_videos/PMYXK-B1Few.mp4,prototype
PMv7R76mAZA,rowdy,6.0,behavior,CISLR_v1.5-a_videos/PMv7R76mAZA.mp4,prototype
PODw7DyLs64_1,play,7.0,action,CISLR_v1.5-a_videos/PODw7DyLs64_1.mp4,test
POwFUYdLjX8_1,sailor,8.0,profession,CISLR_v1.5-a_videos/POwFUYdLjX8_1.mp4,prototype
PP3bE6cjRdQ,mouth spray,4.0,substance,CISLR_v1.5-a_videos/PP3bE6cjRdQ.mp4,prototype
PQ5BHjzvK5A_1,zebra,7.0,flora and fauna,CISLR_v1.5-a_videos/PQ5BHjzvK5A_1.mp4,test
PQBIO5wAinc_1,copper,9.0,metal and minerals,CISLR_v1.5-a_videos/PQBIO5wAinc_1.mp4,test
PQoocuBF2f8_1,go,6.0,process,CISLR_v1.5-a_videos/PQoocuBF2f8_1.mp4,prototype
PRDX6PAOvF0_1,rhinocerous,6.0,flora and fauna,CISLR_v1.5-a_videos/PRDX6PAOvF0_1.mp4,prototype
PSB4z3DAScs_1,volley ball,5.0,sport,CISLR_v1.5-a_videos/PSB4z3DAScs_1.mp4,prototype
PTv4C3vii08_1,surcharge,9.0,banking,CISLR_v1.5-a_videos/PTv4C3vii08_1.mp4,prototype
PU5hB6j8ivk,unfair dismissal,12.0,action,CISLR_v1.5-a_videos/PU5hB6j8ivk.mp4,test
PUDnvoajVUk,office branch,7.0,organisation,CISLR_v1.5-a_videos/PUDnvoajVUk.mp4,prototype
PUtHYOs4aXQ,summary,5.0,education,CISLR_v1.5-a_videos/PUtHYOs4aXQ.mp4,test
PUwW0NPqTh0_1,force,6.0,physics,CISLR_v1.5-a_videos/PUwW0NPqTh0_1.mp4,test
PVdmrokA81k,record video,4.0,action,CISLR_v1.5-a_videos/PVdmrokA81k.mp4,prototype
PVhCsYKStLI_2,put up,7.0,action,CISLR_v1.5-a_videos/PVhCsYKStLI_2.mp4,prototype
PWHh7NmzzV4,special,3.0,attribute,CISLR_v1.5-a_videos/PWHh7NmzzV4.mp4,prototype
PWLWkd68QIA,notch collar,10.0,wearable,CISLR_v1.5-a_videos/PWLWkd68QIA.mp4,prototype
PWWRIQ49qHs_2,tally,9.0,gesture,CISLR_v1.5-a_videos/PWWRIQ49qHs_2.mp4,prototype
PWi1hx2Omgo,jewelery,6.0,utility item,CISLR_v1.5-a_videos/PWi1hx2Omgo.mp4,prototype
PWuJv2FHsvA_1,bed,8.0,utility item,CISLR_v1.5-a_videos/PWuJv2FHsvA_1.mp4,prototype
PX-5cHBSak0_2,uranus,10.0,astronomical,CISLR_v1.5-a_videos/PX-5cHBSak0_2.mp4,prototype
PXEWAfcfs_A_2,appreciation,8.0,emotion,CISLR_v1.5-a_videos/PXEWAfcfs_A_2.mp4,prototype
PY11Ny4fz3A_1,paid up capital,9.0,banking,CISLR_v1.5-a_videos/PY11Ny4fz3A_1.mp4,prototype
PZONaOEO8AQ_1,small,7.0,quality,CISLR_v1.5-a_videos/PZONaOEO8AQ_1.mp4,prototype
P_o20L8zhHU,themselves,5.0,relation,CISLR_v1.5-a_videos/P_o20L8zhHU.mp4,prototype
PaFoWYRBizg,abdicate,12.0,action,CISLR_v1.5-a_videos/PaFoWYRBizg.mp4,test
PaOVb_cMohw_1,hindu,5.0,religious,CISLR_v1.5-a_videos/PaOVb_cMohw_1.mp4,prototype
PaXZzVi_OsY_1,region,6.0,spatial position,CISLR_v1.5-a_videos/PaXZzVi_OsY_1.mp4,prototype
Pb7q2FmzWS8_1,mat,8.0,utility item,CISLR_v1.5-a_videos/Pb7q2FmzWS8_1.mp4,test
Pbf2EXs2e4k,catch  stitch,11.0,wearable,CISLR_v1.5-a_videos/Pbf2EXs2e4k.mp4,prototype
PbfCur5zsw8,poison,9.0,medical,CISLR_v1.5-a_videos/PbfCur5zsw8.mp4,prototype
PeH-ArgS-fw_1,brown,8.0,attribute,CISLR_v1.5-a_videos/PeH-ArgS-fw_1.mp4,test
PemmRc-BA94,kerala,5.0,geography,CISLR_v1.5-a_videos/PemmRc-BA94.mp4,test
PerHf9tanw0_2,anticlockwise,8.0,metric,CISLR_v1.5-a_videos/PerHf9tanw0_2.mp4,prototype
Pf8tWovZQ2U,baluster,7.0,construction,CISLR_v1.5-a_videos/Pf8tWovZQ2U.mp4,prototype
PffO6Uac1uY,permission,4.0,abstract,CISLR_v1.5-a_videos/PffO6Uac1uY.mp4,prototype
Pgm4Qs_l-EE_1,buffalo,7.0,flora and fauna,CISLR_v1.5-a_videos/Pgm4Qs_l-EE_1.mp4,test
PhkRGU9K9ZY_1,light,6.0,physics,CISLR_v1.5-a_videos/PhkRGU9K9ZY_1.mp4,test
PiSY8MIVoMs_1,ice cream,6.0,foods and drinks,CISLR_v1.5-a_videos/PiSY8MIVoMs_1.mp4,prototype
PijCNItuc1E_1,site,9.0,construction,CISLR_v1.5-a_videos/PijCNItuc1E_1.mp4,prototype
Pj0MkbEahC8,toothpaste,5.0,utility item,CISLR_v1.5-a_videos/Pj0MkbEahC8.mp4,prototype
Pl5J3391Pao_1,cash remmitance,10.0,banking,CISLR_v1.5-a_videos/Pl5J3391Pao_1.mp4,prototype
Pl5cCJ2SVN8_1,junior,10.0,attribute,CISLR_v1.5-a_videos/Pl5cCJ2SVN8_1.mp4,prototype
PlEUE-SExy8,canara bank,5.0,banking,CISLR_v1.5-a_videos/PlEUE-SExy8.mp4,prototype
PlYZEnLNpdQ_1,shipping freight,10.0,transport,CISLR_v1.5-a_videos/PlYZEnLNpdQ_1.mp4,prototype
PlitAZnyimo_1,noon,7.0,time,CISLR_v1.5-a_videos/PlitAZnyimo_1.mp4,test
PnAOEoaN0tU_1,rotate,7.0,action,CISLR_v1.5-a_videos/PnAOEoaN0tU_1.mp4,prototype
PnwR2TZB_9w,pickpocket,13.0,action,CISLR_v1.5-a_videos/PnwR2TZB_9w.mp4,prototype
PpE3Mdz1Z4w,seed,5.0,foods and drinks,CISLR_v1.5-a_videos/PpE3Mdz1Z4w.mp4,test
Ppbq_RDljyA_1,france,7.0,geography,CISLR_v1.5-a_videos/Ppbq_RDljyA_1.mp4,prototype
Pq-OLkv13Bw,light,4.0,physics,CISLR_v1.5-a_videos/Pq-OLkv13Bw.mp4,test
Pq7GkdMqan8,rough,4.0,sensation,CISLR_v1.5-a_videos/Pq7GkdMqan8.mp4,test
PqOEUuH2gj4,try,3.0,action,CISLR_v1.5-a_videos/PqOEUuH2gj4.mp4,test
PqftjzLnMEM_1,stock,6.0,banking,CISLR_v1.5-a_videos/PqftjzLnMEM_1.mp4,prototype
Pqm1i-zg24o_1,eagle,9.0,flora and fauna,CISLR_v1.5-a_videos/Pqm1i-zg24o_1.mp4,test
Pro1Tbg-LE8,swap,3.0,action,CISLR_v1.5-a_videos/Pro1Tbg-LE8.mp4,prototype
Ps4VoPyMAb8,baseball,5.0,sport,CISLR_v1.5-a_videos/Ps4VoPyMAb8.mp4,prototype
Psd08qZsYnQ,word pad,9.0,utility item,CISLR_v1.5-a_videos/Psd08qZsYnQ.mp4,prototype
PsdIuGsFt9c_1,remove,7.0,action,CISLR_v1.5-a_videos/PsdIuGsFt9c_1.mp4,test
Psk7z4TM-yM,wiring,13.0,action,CISLR_v1.5-a_videos/Psk7z4TM-yM.mp4,prototype
Pu9zSjEsqnk,bell,6.0,miscellaneous object,CISLR_v1.5-a_videos/Pu9zSjEsqnk.mp4,test
PvzM89FGSp0,advertisement,4.0,internet,CISLR_v1.5-a_videos/PvzM89FGSp0.mp4,test
PxXzMm43V0U_1,accuse,6.0,action,CISLR_v1.5-a_videos/PxXzMm43V0U_1.mp4,prototype
Py0R_2XywOQ,capsicum,5.0,foods and drinks,CISLR_v1.5-a_videos/Py0R_2XywOQ.mp4,prototype
Py2RBS-e9Xg,tree,5.0,flora and fauna,CISLR_v1.5-a_videos/Py2RBS-e9Xg.mp4,test
PyQVgJzE2-Y,electric car,10.0,transport,CISLR_v1.5-a_videos/PyQVgJzE2-Y.mp4,prototype
PzT1paHu8C4_2,photographic camera,8.0,instrument,CISLR_v1.5-a_videos/PzT1paHu8C4_2.mp4,prototype
Q-S63Q62ZiU,venezuela,4.0,geography,CISLR_v1.5-a_videos/Q-S63Q62ZiU.mp4,prototype
Q-Sg1afVMsE,flowers for pot,8.0,flora and fauna,CISLR_v1.5-a_videos/Q-Sg1afVMsE.mp4,prototype
Q-jSZX4uAjY_1,coal,9.0,metal and minerals,CISLR_v1.5-a_videos/Q-jSZX4uAjY_1.mp4,prototype
Q0HKbrbAj0A_1,chief,5.0,authority,CISLR_v1.5-a_videos/Q0HKbrbAj0A_1.mp4,prototype
Q0SJzhLv0SQ_1,kind,8.0,behavior,CISLR_v1.5-a_videos/Q0SJzhLv0SQ_1.mp4,test
Q1FtAjA_raE,walk,4.0,action,CISLR_v1.5-a_videos/Q1FtAjA_raE.mp4,test
Q1zbpcSoTws,cataract,7.0,medical,CISLR_v1.5-a_videos/Q1zbpcSoTws.mp4,prototype
Q25uAMfX5Fc,remember,4.0,action,CISLR_v1.5-a_videos/Q25uAMfX5Fc.mp4,test
Q2gjYvb7fcE,birth defect,10.0,medical,CISLR_v1.5-a_videos/Q2gjYvb7fcE.mp4,prototype
Q3oaDDt1Yc8_1,record,7.0,action,CISLR_v1.5-a_videos/Q3oaDDt1Yc8_1.mp4,prototype
Q4JcKkId3Aw_2,kilogram,8.0,metric,CISLR_v1.5-a_videos/Q4JcKkId3Aw_2.mp4,test
Q4WiRFOlOu0_1,easy,6.0,comparator,CISLR_v1.5-a_videos/Q4WiRFOlOu0_1.mp4,prototype
Q5uGiH8-uQk_1,paint,7.0,action,CISLR_v1.5-a_videos/Q5uGiH8-uQk_1.mp4,prototype
Q65na_iR_HQ,messages videos,6.0,internet,CISLR_v1.5-a_videos/Q65na_iR_HQ.mp4,prototype
Q7Ggc0qz3Jo,ridge board,15.0,construction,CISLR_v1.5-a_videos/Q7Ggc0qz3Jo.mp4,prototype
Q7rYOmLAa2o,nigeria,4.0,geography,CISLR_v1.5-a_videos/Q7rYOmLAa2o.mp4,prototype
Q7wCb9WlhA0,counsel,3.0,organisation,CISLR_v1.5-a_videos/Q7wCb9WlhA0.mp4,prototype
Q9w0G35HNLw,anti corruption law,11.0,legal,CISLR_v1.5-a_videos/Q9w0G35HNLw.mp4,test
QBbAwvlhH0o_1,below,6.0,spatial position,CISLR_v1.5-a_videos/QBbAwvlhH0o_1.mp4,prototype
QBg2Y55juuY_1,football,7.0,sport,CISLR_v1.5-a_videos/QBg2Y55juuY_1.mp4,prototype
QBjMKvsK1sk_1,black board,6.0,education,CISLR_v1.5-a_videos/QBjMKvsK1sk_1.mp4,prototype
QE4UkDB3MyE,you,3.0,relation,CISLR_v1.5-a_videos/QE4UkDB3MyE.mp4,prototype
QEKQr_KeKe4,easy,5.0,comparator,CISLR_v1.5-a_videos/QEKQr_KeKe4.mp4,test
QF-_qNWaBaU_1,voucher,7.0,utility item,CISLR_v1.5-a_videos/QF-_qNWaBaU_1.mp4,prototype
QF_QXmNelLk,tall,4.0,attribute,CISLR_v1.5-a_videos/QF_QXmNelLk.mp4,test
QGozGZ4rg9c_1,biscuit,6.0,foods and drinks,CISLR_v1.5-a_videos/QGozGZ4rg9c_1.mp4,test
QHpNcX0Ugsc,mongolia,3.0,geography,CISLR_v1.5-a_videos/QHpNcX0Ugsc.mp4,prototype
QIL8ey6N_vs,red rot of sugarcane,10.0,flora and fauna,CISLR_v1.5-a_videos/QIL8ey6N_vs.mp4,prototype
QIXGt2ddetI_1,bedroom,10.0,construction,CISLR_v1.5-a_videos/QIXGt2ddetI_1.mp4,prototype
QIaK1zBDLkE,cambodia,3.0,geography,CISLR_v1.5-a_videos/QIaK1zBDLkE.mp4,prototype
QJDAMIo3A6Y,diwali,4.0,event,CISLR_v1.5-a_videos/QJDAMIo3A6Y.mp4,prototype
QJDOHjM9eb8,beautiful,3.0,attribute,CISLR_v1.5-a_videos/QJDOHjM9eb8.mp4,prototype
QKEuQ32GLNc_2,electrical tester,9.0,instrument,CISLR_v1.5-a_videos/QKEuQ32GLNc_2.mp4,prototype
QLWJMrs77Kc,electrical burns,9.0,medical,CISLR_v1.5-a_videos/QLWJMrs77Kc.mp4,prototype
QLx1uWXhB1g,abstention,11.0,action,CISLR_v1.5-a_videos/QLx1uWXhB1g.mp4,prototype
QM3TDqfMMWY_1,process,6.0,event,CISLR_v1.5-a_videos/QM3TDqfMMWY_1.mp4,test
QMEYstHkpA0_2,light,7.0,physics,CISLR_v1.5-a_videos/QMEYstHkpA0_2.mp4,test
QMFllz8bqbI,zipper,6.0,utility item,CISLR_v1.5-a_videos/QMFllz8bqbI.mp4,prototype
QNqJ9kQ5xT4,norfolk jacket,9.0,wearable,CISLR_v1.5-a_videos/QNqJ9kQ5xT4.mp4,prototype
QOXSBvW5Pds_2,zero error,8.0,quality,CISLR_v1.5-a_videos/QOXSBvW5Pds_2.mp4,prototype
QPHySC61DCY_1,bud,6.0,flora and fauna,CISLR_v1.5-a_videos/QPHySC61DCY_1.mp4,test
QQJQeK3IU4o_2,round,13.0,math,CISLR_v1.5-a_videos/QQJQeK3IU4o_2.mp4,test
QRTBO6eAlFY,adult,4.0,stage,CISLR_v1.5-a_videos/QRTBO6eAlFY.mp4,prototype
QRTZR4dcC6k_2,black,10.0,quality,CISLR_v1.5-a_videos/QRTZR4dcC6k_2.mp4,test
QRtqJ1CnS0U_1,cave,9.0,geography,CISLR_v1.5-a_videos/QRtqJ1CnS0U_1.mp4,prototype
QSdgD2M4Xdw,word,4.0,language,CISLR_v1.5-a_videos/QSdgD2M4Xdw.mp4,prototype
QSg-1wqJezg_1,ask,7.0,action,CISLR_v1.5-a_videos/QSg-1wqJezg_1.mp4,prototype
QT4Su3HeNoE_1,under valuation,13.0,quality,CISLR_v1.5-a_videos/QT4Su3HeNoE_1.mp4,prototype
QTSZAgSMfio_2,division,9.0,action,CISLR_v1.5-a_videos/QTSZAgSMfio_2.mp4,test
QTyJEcqXDTg_1,duck,7.0,flora and fauna,CISLR_v1.5-a_videos/QTyJEcqXDTg_1.mp4,test
QU-ZlgFpBVw_2,compression,8.0,physics,CISLR_v1.5-a_videos/QU-ZlgFpBVw_2.mp4,prototype
QVZZq9BDyhA_2,interference,9.0,process,CISLR_v1.5-a_videos/QVZZq9BDyhA_2.mp4,prototype
QVrRwXgj7GU_1,worth,7.0,abstract,CISLR_v1.5-a_videos/QVrRwXgj7GU_1.mp4,prototype
QWN6Q7XTChg_2,rhythmic,11.0,sound,CISLR_v1.5-a_videos/QWN6Q7XTChg_2.mp4,prototype
QWrJAZS_jNk_2,quota,7.0,banking,CISLR_v1.5-a_videos/QWrJAZS_jNk_2.mp4,prototype
QX2YCbSelwo,rjd,6.0,politics,CISLR_v1.5-a_videos/QX2YCbSelwo.mp4,prototype
QXQ8ILhehkI,thirteen,4.0,math,CISLR_v1.5-a_videos/QXQ8ILhehkI.mp4,prototype
QXRCiVRaHsI_1,these,5.0,relation,CISLR_v1.5-a_videos/QXRCiVRaHsI_1.mp4,prototype
QYaPv88J2iE,kitchen,6.0,foods and drinks,CISLR_v1.5-a_videos/QYaPv88J2iE.mp4,test
QYkPPw0ePck,seed,7.0,foods and drinks,CISLR_v1.5-a_videos/QYkPPw0ePck.mp4,test
QYnm3ITnMb4_1,product,7.0,miscellaneous object,CISLR_v1.5-a_videos/QYnm3ITnMb4_1.mp4,prototype
Q_wBjlTT4GY_1,dim,8.0,attribute,CISLR_v1.5-a_videos/Q_wBjlTT4GY_1.mp4,prototype
QaB25cChRXc_1,courier,10.0,transport,CISLR_v1.5-a_videos/QaB25cChRXc_1.mp4,prototype
Qb3nTAfOz2Q,country,7.0,geography,CISLR_v1.5-a_videos/Qb3nTAfOz2Q.mp4,prototype
Qc72veU0a6g_1,ball,5.0,sport,CISLR_v1.5-a_videos/Qc72veU0a6g_1.mp4,prototype
QcQGHMntX5c_1,signature,7.0,readable,CISLR_v1.5-a_videos/QcQGHMntX5c_1.mp4,prototype
QdOmsCK3gHg_1,jam,6.0,foods and drinks,CISLR_v1.5-a_videos/QdOmsCK3gHg_1.mp4,prototype
QeNE9BjginQ_1,specimen,10.0,biology,CISLR_v1.5-a_videos/QeNE9BjginQ_1.mp4,prototype
QfGq9Md-D2o_1,cash receipt,9.0,banking,CISLR_v1.5-a_videos/QfGq9Md-D2o_1.mp4,prototype
QhgyOz4p-iM_2,stepdown transformer,15.0,physics,CISLR_v1.5-a_videos/QhgyOz4p-iM_2.mp4,prototype
QhhIAUupAeo_1,nut,6.0,instrument,CISLR_v1.5-a_videos/QhhIAUupAeo_1.mp4,prototype
Qhvb075HF_Y,clock,5.0,utility item,CISLR_v1.5-a_videos/Qhvb075HF_Y.mp4,test
QiHtCEo3nEk,paper clip,5.0,utility item,CISLR_v1.5-a_videos/QiHtCEo3nEk.mp4,prototype
QiX_rb7Lm3I,close friend,6.0,relation,CISLR_v1.5-a_videos/QiX_rb7Lm3I.mp4,prototype
Qiit5KIeWFw_2,music,9.0,sound,CISLR_v1.5-a_videos/Qiit5KIeWFw_2.mp4,prototype
QkHS0W8x2M4,bellboy jacket,5.0,wearable,CISLR_v1.5-a_videos/QkHS0W8x2M4.mp4,prototype
QkIAlWUDxPo_1,account head,12.0,banking,CISLR_v1.5-a_videos/QkIAlWUDxPo_1.mp4,prototype
QlEKJLgEWMg,quantity,4.0,quantity,CISLR_v1.5-a_videos/QlEKJLgEWMg.mp4,test
QlqLuC-1u1U_1,mother,9.0,relation,CISLR_v1.5-a_videos/QlqLuC-1u1U_1.mp4,test
QlvGeWOzc-0_1,south america,8.0,geography,CISLR_v1.5-a_videos/QlvGeWOzc-0_1.mp4,prototype
QlxwXFyAhOw_1,gardener,7.0,profession,CISLR_v1.5-a_videos/QlxwXFyAhOw_1.mp4,test
QmCEr-G9Nug,bus conductor,5.0,human,CISLR_v1.5-a_videos/QmCEr-G9Nug.mp4,prototype
QmWhfW8wyMs,start,5.0,stage,CISLR_v1.5-a_videos/QmWhfW8wyMs.mp4,prototype
QmxDpQ8YY9k_2,refusal,6.0,abstract,CISLR_v1.5-a_videos/QmxDpQ8YY9k_2.mp4,prototype
Qn3Yf2GDWn8,states,5.0,geography,CISLR_v1.5-a_videos/Qn3Yf2GDWn8.mp4,prototype
Qo2EdbZg68A,onion,5.0,foods and drinks,CISLR_v1.5-a_videos/Qo2EdbZg68A.mp4,test
Qom3R9ndKoc,regulator,5.0,electronic and electrical,CISLR_v1.5-a_videos/Qom3R9ndKoc.mp4,prototype
QowRgF354O8,quarter,12.0,math,CISLR_v1.5-a_videos/QowRgF354O8.mp4,prototype
QpcvD-hUihA_1,rank,8.0,organisation,CISLR_v1.5-a_videos/QpcvD-hUihA_1.mp4,test
QqBeIG-uvM8,camouflage,9.0,attribute,CISLR_v1.5-a_videos/QqBeIG-uvM8.mp4,prototype
QqCdT8DJ2r0_1,window,8.0,construction,CISLR_v1.5-a_videos/QqCdT8DJ2r0_1.mp4,test
Qs2XJTA7LWU_2,potential energy,11.0,physics,CISLR_v1.5-a_videos/Qs2XJTA7LWU_2.mp4,prototype
QsQkRAFAKWM,delegate,3.0,authority,CISLR_v1.5-a_videos/QsQkRAFAKWM.mp4,test
QsgOFiTSpa8_1,school bag,6.0,utility item,CISLR_v1.5-a_videos/QsgOFiTSpa8_1.mp4,test
Qt7PxYKRi7c_1,write,6.0,action,CISLR_v1.5-a_videos/Qt7PxYKRi7c_1.mp4,prototype
QtR5-M2w3RQ,consent,6.0,process,CISLR_v1.5-a_videos/QtR5-M2w3RQ.mp4,prototype
Qu5KH6X5dd8_1,he,7.0,language,CISLR_v1.5-a_videos/Qu5KH6X5dd8_1.mp4,prototype
QvOMfMtfb7k_1,rate concessional,6.0,banking,CISLR_v1.5-a_videos/QvOMfMtfb7k_1.mp4,prototype
QvuS8pyY2a0_2,decimal,9.0,math,CISLR_v1.5-a_videos/QvuS8pyY2a0_2.mp4,prototype
Qwa5c4aDFaY_1,heart,8.0,biology,CISLR_v1.5-a_videos/Qwa5c4aDFaY_1.mp4,prototype
QxTqhAxngF0_1,sub head,9.0,authority,CISLR_v1.5-a_videos/QxTqhAxngF0_1.mp4,prototype
Qy07r-5SdkA_1,little,6.0,quantity,CISLR_v1.5-a_videos/Qy07r-5SdkA_1.mp4,prototype
QyL43-YjgK8,nice,4.0,quality,CISLR_v1.5-a_videos/QyL43-YjgK8.mp4,prototype
Qy_q0sAucuw,teacher,5.0,profession,CISLR_v1.5-a_videos/Qy_q0sAucuw.mp4,test
QyxD5H8-cHE,slow passenger train,5.0,transport,CISLR_v1.5-a_videos/QyxD5H8-cHE.mp4,prototype
QzFmQvfUaa0_1,self balancing,9.0,attribute,CISLR_v1.5-a_videos/QzFmQvfUaa0_1.mp4,prototype
QzVK5LtCZkw_1,trouble,6.0,stage,CISLR_v1.5-a_videos/QzVK5LtCZkw_1.mp4,test
R-IpftpYr2g,bored,5.0,attribute,CISLR_v1.5-a_videos/R-IpftpYr2g.mp4,prototype
R-fKz1aaXRI_2,random motion,11.0,physics,CISLR_v1.5-a_videos/R-fKz1aaXRI_2.mp4,prototype
R07yPaWBR8g,operation,6.0,medical,CISLR_v1.5-a_videos/R07yPaWBR8g.mp4,test
R0JV03iiFtU,promotion,6.0,organisation,CISLR_v1.5-a_videos/R0JV03iiFtU.mp4,test
R1jaD2vHFNY_1,monday,5.0,time,CISLR_v1.5-a_videos/R1jaD2vHFNY_1.mp4,test
R1moiZ5YFMw_2,wave,8.0,physics,CISLR_v1.5-a_videos/R1moiZ5YFMw_2.mp4,test
R22GF3-wqUY,traditional,5.0,abstract,CISLR_v1.5-a_videos/R22GF3-wqUY.mp4,prototype
R3jDoLjKAa0,bias cowl dress,9.0,wearable,CISLR_v1.5-a_videos/R3jDoLjKAa0.mp4,prototype
R3jedCIQWrE,star,5.0,astronomical,CISLR_v1.5-a_videos/R3jedCIQWrE.mp4,test
R3s7Vetdseg_2,wind energy,9.0,physics,CISLR_v1.5-a_videos/R3s7Vetdseg_2.mp4,prototype
R4uJr2ys09Y_1,affidavit,11.0,banking,CISLR_v1.5-a_videos/R4uJr2ys09Y_1.mp4,prototype
R5k5q5laIfk_2,calorie,10.0,foods and drinks,CISLR_v1.5-a_videos/R5k5q5laIfk_2.mp4,prototype
R5lzZf3MVaY_1,sanction,5.0,legal,CISLR_v1.5-a_videos/R5lzZf3MVaY_1.mp4,prototype
R6ILTJGPlUo,goldfish,6.0,flora and fauna,CISLR_v1.5-a_videos/R6ILTJGPlUo.mp4,prototype
R6KdIjSPkvo,vision,5.0,abstract,CISLR_v1.5-a_videos/R6KdIjSPkvo.mp4,test
R7P29MkehIM_1,plastic,7.0,miscellaneous object,CISLR_v1.5-a_videos/R7P29MkehIM_1.mp4,prototype
R7lhpy6_niU_2,angle of refraction,10.0,physics,CISLR_v1.5-a_videos/R7lhpy6_niU_2.mp4,prototype
RAvAYYM05v4,shimla,4.0,geography,CISLR_v1.5-a_videos/RAvAYYM05v4.mp4,test
RCd8Aat8xa4_1,hockey,5.0,sport,CISLR_v1.5-a_videos/RCd8Aat8xa4_1.mp4,prototype
RCdDeF6erqo,chamber,15.0,construction,CISLR_v1.5-a_videos/RCdDeF6erqo.mp4,prototype
RDrpOAnwThg_1,iron,7.0,metal and minerals,CISLR_v1.5-a_videos/RDrpOAnwThg_1.mp4,test
REPEztEF060_1,envelope,6.0,utility item,CISLR_v1.5-a_videos/REPEztEF060_1.mp4,prototype
RGDTXsCvZBQ,thousand,5.0,math,CISLR_v1.5-a_videos/RGDTXsCvZBQ.mp4,prototype
RHetQGTr7nU_1,continue,6.0,process,CISLR_v1.5-a_videos/RHetQGTr7nU_1.mp4,prototype
RIWIAARKqCo,africa,4.0,geography,CISLR_v1.5-a_videos/RIWIAARKqCo.mp4,test
RIo6nyBv2oY_1,table tennis,5.0,sport,CISLR_v1.5-a_videos/RIo6nyBv2oY_1.mp4,test
RJ2_mx6DsmA_1,brush,5.0,utility item,CISLR_v1.5-a_videos/RJ2_mx6DsmA_1.mp4,prototype
RJVa8OUU9pA_1,close,5.0,action,CISLR_v1.5-a_videos/RJVa8OUU9pA_1.mp4,prototype
RKMKhsFem98,jd u,4.0,politics,CISLR_v1.5-a_videos/RKMKhsFem98.mp4,prototype
RLYcKEP4af0,rjd,4.0,politics,CISLR_v1.5-a_videos/RLYcKEP4af0.mp4,test
RMFMc1KxwPM_1,why,5.0,abstract,CISLR_v1.5-a_videos/RMFMc1KxwPM_1.mp4,test
RMo1aaidZJo_1,august,6.0,time,CISLR_v1.5-a_videos/RMo1aaidZJo_1.mp4,test
RN3kLXQdNcc,paramedic,7.0,medical,CISLR_v1.5-a_videos/RN3kLXQdNcc.mp4,prototype
ROF9TjG0q34_1,tamil,6.0,language,CISLR_v1.5-a_videos/ROF9TjG0q34_1.mp4,test
RPzCiRXVcr8,meager,4.0,quantity,CISLR_v1.5-a_videos/RPzCiRXVcr8.mp4,prototype
RQ02eJz61lk_1,mosque,6.0,religious,CISLR_v1.5-a_videos/RQ02eJz61lk_1.mp4,prototype
RQEHiQQ25bY_1,ambulance,7.0,medical,CISLR_v1.5-a_videos/RQEHiQQ25bY_1.mp4,prototype
RRX3vZmNyw4_1,sound,7.0,sound,CISLR_v1.5-a_videos/RRX3vZmNyw4_1.mp4,prototype
RTvZD8AZs64,large,4.0,quantity,CISLR_v1.5-a_videos/RTvZD8AZs64.mp4,prototype
RUKgTVVuVcg,increase,5.0,comparator,CISLR_v1.5-a_videos/RUKgTVVuVcg.mp4,test
RVKZfvYZHks_1,cheat,6.0,action,CISLR_v1.5-a_videos/RVKZfvYZHks_1.mp4,prototype
RX34_NaukPo_1,tortoise,6.0,flora and fauna,CISLR_v1.5-a_videos/RX34_NaukPo_1.mp4,test
RYeWs0MPMEA_1,terrace,9.0,construction,CISLR_v1.5-a_videos/RYeWs0MPMEA_1.mp4,test
RZo8XEvx1G8,confirm,5.0,process,CISLR_v1.5-a_videos/RZo8XEvx1G8.mp4,test
RZymw-Gk26s_1,denomination,12.0,banking,CISLR_v1.5-a_videos/RZymw-Gk26s_1.mp4,prototype
R_6XeLEZzu0_1,proforma,8.0,legal,CISLR_v1.5-a_videos/R_6XeLEZzu0_1.mp4,prototype
R_GaklgD4bY=-,,,,CISLR_v1.5-a_videos/R_GaklgD4bY=-.mp4,prototype
Ra22ZVhrcxw,revise,13.0,action,CISLR_v1.5-a_videos/Ra22ZVhrcxw.mp4,prototype
RaT4rhSnixI_1,friday,5.0,time,CISLR_v1.5-a_videos/RaT4rhSnixI_1.mp4,test
RaTUMGgYYTY,pdp,5.0,politics,CISLR_v1.5-a_videos/RaTUMGgYYTY.mp4,prototype
Rah844Dfxf8,water lifting equipments,13.0,electronic and electrical,CISLR_v1.5-a_videos/Rah844Dfxf8.mp4,prototype
RbTU0PE3ebM,notification,5.0,legal,CISLR_v1.5-a_videos/RbTU0PE3ebM.mp4,prototype
Rc4vFhGRgIs,cat,4.0,flora and fauna,CISLR_v1.5-a_videos/Rc4vFhGRgIs.mp4,prototype
RcWDXAwySlM,power sockets,6.0,electronic and electrical,CISLR_v1.5-a_videos/RcWDXAwySlM.mp4,prototype
RcZ64U1ydeg,clown,7.0,entertainment,CISLR_v1.5-a_videos/RcZ64U1ydeg.mp4,prototype
Rc_b4h5nFqo,bottle,5.0,utility item,CISLR_v1.5-a_videos/Rc_b4h5nFqo.mp4,test
Rd6B7wNJ2wQ,pair,6.0,group,CISLR_v1.5-a_videos/Rd6B7wNJ2wQ.mp4,prototype
RdhTo_18rQg,sightseeing,6.0,entertainment,CISLR_v1.5-a_videos/RdhTo_18rQg.mp4,prototype
RdySS4hQE0s,division,15.0,action,CISLR_v1.5-a_videos/RdySS4hQE0s.mp4,test
ReA3MBOOJZU_1,secondary,8.0,attribute,CISLR_v1.5-a_videos/ReA3MBOOJZU_1.mp4,prototype
ReGozpDkRcc,dream,4.0,behavior,CISLR_v1.5-a_videos/ReGozpDkRcc.mp4,prototype
RfTlPy0yoLg,beer,4.0,foods and drinks,CISLR_v1.5-a_videos/RfTlPy0yoLg.mp4,test
RfhBkV1VBNo_1,tribunal,6.0,legal,CISLR_v1.5-a_videos/RfhBkV1VBNo_1.mp4,prototype
RhEpVt-AEK8,lion,7.0,flora and fauna,CISLR_v1.5-a_videos/RhEpVt-AEK8.mp4,test
RhS6nAUP3C4,united kingdom,3.0,geography,CISLR_v1.5-a_videos/RhS6nAUP3C4.mp4,prototype
RhzIqPFf72k_1,mountain,9.0,geography,CISLR_v1.5-a_videos/RhzIqPFf72k_1.mp4,test
RiAJCOudSjM_1,interim,7.0,profession,CISLR_v1.5-a_videos/RiAJCOudSjM_1.mp4,prototype
RiyB_IpLUoA,chamfering,7.0,process,CISLR_v1.5-a_videos/RiyB_IpLUoA.mp4,prototype
Rj6pX9wzxqA_1,sister,13.0,relation,CISLR_v1.5-a_videos/Rj6pX9wzxqA_1.mp4,prototype
RjDvvpbDcHk,bihar,4.0,geography,CISLR_v1.5-a_videos/RjDvvpbDcHk.mp4,test
RjI4uWN3FXg_1,potentiality,7.0,attribute,CISLR_v1.5-a_videos/RjI4uWN3FXg_1.mp4,prototype
RjlLl95EtCQ_1,half,9.0,math,CISLR_v1.5-a_videos/RjlLl95EtCQ_1.mp4,prototype
Rjv2fm62JAY_1,claim,8.0,action,CISLR_v1.5-a_videos/Rjv2fm62JAY_1.mp4,prototype
RkMTKS4AjQU_1,bite,7.0,action,CISLR_v1.5-a_videos/RkMTKS4AjQU_1.mp4,test
RlC8ZTPuOBU_1,interest,7.0,behavior,CISLR_v1.5-a_videos/RlC8ZTPuOBU_1.mp4,test
RlIkYzzsHpg_1,at,6.0,spatial position,CISLR_v1.5-a_videos/RlIkYzzsHpg_1.mp4,prototype
Rloiqc9KybA,brick,4.0,construction,CISLR_v1.5-a_videos/Rloiqc9KybA.mp4,prototype
Rmwh_Cfw9GE,draughtsman,7.0,profession,CISLR_v1.5-a_videos/Rmwh_Cfw9GE.mp4,prototype
RmxC2ESB77I,milk adultration,9.0,biology,CISLR_v1.5-a_videos/RmxC2ESB77I.mp4,prototype
RnbKUzEYGq8_1,reconsider,7.0,abstract,CISLR_v1.5-a_videos/RnbKUzEYGq8_1.mp4,prototype
RnqeyToK1I8,drizzle,7.0,weather,CISLR_v1.5-a_videos/RnqeyToK1I8.mp4,prototype
Ro2y0_fypc4_1,signal,5.0,gesture,CISLR_v1.5-a_videos/Ro2y0_fypc4_1.mp4,prototype
Roe3st2xwgQ,disability,4.0,biology,CISLR_v1.5-a_videos/Roe3st2xwgQ.mp4,prototype
Roh9CQ2tF3Y,watch,3.0,action,CISLR_v1.5-a_videos/Roh9CQ2tF3Y.mp4,test
RorIn-P_3DI,have,4.0,action,CISLR_v1.5-a_videos/RorIn-P_3DI.mp4,prototype
RpLX2iGqahI,pair,4.0,group,CISLR_v1.5-a_videos/RpLX2iGqahI.mp4,test
RpZGZHEgtYI,bake,4.0,foods and drinks,CISLR_v1.5-a_videos/RpZGZHEgtYI.mp4,prototype
RpoDGwIp43s,hotel,5.0,construction,CISLR_v1.5-a_videos/RpoDGwIp43s.mp4,prototype
RqddJENqoOY,go,3.0,process,CISLR_v1.5-a_videos/RqddJENqoOY.mp4,test
RrtHIJ1gjL0,dicoty ledoneae,11.0,flora and fauna,CISLR_v1.5-a_videos/RrtHIJ1gjL0.mp4,prototype
RryRyaLEaeM,arc welding,15.0,process,CISLR_v1.5-a_videos/RryRyaLEaeM.mp4,prototype
Rs0EKMMQqPI,kenya,3.0,geography,CISLR_v1.5-a_videos/Rs0EKMMQqPI.mp4,prototype
Rs5qSbsnJKs_1,roar,6.0,sound,CISLR_v1.5-a_videos/Rs5qSbsnJKs_1.mp4,test
RsVR6VKYIbw,section  admin,11.0,authority,CISLR_v1.5-a_videos/RsVR6VKYIbw.mp4,prototype
RtOOeGlFdh4_1,head office,8.0,profession,CISLR_v1.5-a_videos/RtOOeGlFdh4_1.mp4,prototype
Rty4lN6R8LY_1,car,5.0,transport,CISLR_v1.5-a_videos/Rty4lN6R8LY_1.mp4,prototype
Rv-ass03RkM_1,original,9.0,attribute,CISLR_v1.5-a_videos/Rv-ass03RkM_1.mp4,test
Rv7YAemJwp8,revolving chair,5.0,utility item,CISLR_v1.5-a_videos/Rv7YAemJwp8.mp4,prototype
RwIFUiFGMGw,luck,4.0,abstract,CISLR_v1.5-a_videos/RwIFUiFGMGw.mp4,prototype
RwdFk6p7tyo,very hot,5.0,weather,CISLR_v1.5-a_videos/RwdFk6p7tyo.mp4,test
Rwtcr4Lp9TQ_2,irreversible,8.0,attribute,CISLR_v1.5-a_videos/Rwtcr4Lp9TQ_2.mp4,prototype
Rxj7JFcWujk_1,van,6.0,transport,CISLR_v1.5-a_videos/Rxj7JFcWujk_1.mp4,prototype
RxqkJA2EG0s,identity card,5.0,utility item,CISLR_v1.5-a_videos/RxqkJA2EG0s.mp4,prototype
RyuTiOy4BBI,steel,4.0,metal and minerals,CISLR_v1.5-a_videos/RyuTiOy4BBI.mp4,test
S-BjndLCySU,plum,4.0,foods and drinks,CISLR_v1.5-a_videos/S-BjndLCySU.mp4,prototype
S-v0z93Qc6I_1,roll,8.0,action,CISLR_v1.5-a_videos/S-v0z93Qc6I_1.mp4,prototype
S06jHWa7Brk_1,whistle,5.0,sound,CISLR_v1.5-a_videos/S06jHWa7Brk_1.mp4,prototype
S0eE3CkrjZU_1,fox,6.0,flora and fauna,CISLR_v1.5-a_videos/S0eE3CkrjZU_1.mp4,test
S0nGLXH4H5Y,tennis,5.0,sport,CISLR_v1.5-a_videos/S0nGLXH4H5Y.mp4,test
S1eFafNFNOE,switzerland,3.0,geography,CISLR_v1.5-a_videos/S1eFafNFNOE.mp4,prototype
S21lcUrY_pM,approximate,4.0,metric,CISLR_v1.5-a_videos/S21lcUrY_pM.mp4,prototype
S23VB6dVnw8_1,introduction,9.0,process,CISLR_v1.5-a_videos/S23VB6dVnw8_1.mp4,prototype
S3pN7MBKPU0,smell,5.0,sensation,CISLR_v1.5-a_videos/S3pN7MBKPU0.mp4,prototype
S4GZ0J3GZvQ,sweden,3.0,geography,CISLR_v1.5-a_videos/S4GZ0J3GZvQ.mp4,prototype
S4Ygl6RqD98,idfc bank,5.0,organisation,CISLR_v1.5-a_videos/S4Ygl6RqD98.mp4,prototype
S5iQxTVeKNE_2,dry cell,8.0,chemistry,CISLR_v1.5-a_videos/S5iQxTVeKNE_2.mp4,prototype
S9wg2vb8-Aw,bandage,4.0,medical,CISLR_v1.5-a_videos/S9wg2vb8-Aw.mp4,prototype
SAPfIHh1BPg_1,cat,7.0,flora and fauna,CISLR_v1.5-a_videos/SAPfIHh1BPg_1.mp4,test
SB50UhgrFMY,muslim,3.0,religious,CISLR_v1.5-a_videos/SB50UhgrFMY.mp4,test
SBeMy0KGdEw_1,refresher course,7.0,education,CISLR_v1.5-a_videos/SBeMy0KGdEw_1.mp4,prototype
SCNfdbheXqo_1,succession,11.0,relation,CISLR_v1.5-a_videos/SCNfdbheXqo_1.mp4,prototype
SCd7SRCOr9o_1,first floor,8.0,construction,CISLR_v1.5-a_videos/SCd7SRCOr9o_1.mp4,prototype
SDQ1doHsLn0,superficial,6.0,quality,CISLR_v1.5-a_videos/SDQ1doHsLn0.mp4,test
SEVIbuIk3AU_2,sphere,10.0,abstract,CISLR_v1.5-a_videos/SEVIbuIk3AU_2.mp4,test
SEVkZ5qhIC0_1,swallow,7.0,biology,CISLR_v1.5-a_videos/SEVkZ5qhIC0_1.mp4,test
SEYjG-0Mi3U,death row,10.0,event,CISLR_v1.5-a_videos/SEYjG-0Mi3U.mp4,prototype
SEmdCAG7t24_1,regulation,7.0,authority,CISLR_v1.5-a_videos/SEmdCAG7t24_1.mp4,prototype
SEuUIH_SeVc_1,balance sheet,11.0,banking,CISLR_v1.5-a_videos/SEuUIH_SeVc_1.mp4,prototype
SF7r2SG-fck,desktop cleanup wizard,8.0,computer,CISLR_v1.5-a_videos/SF7r2SG-fck.mp4,prototype
SFD6zesDMMY,pray,4.0,action,CISLR_v1.5-a_videos/SFD6zesDMMY.mp4,test
SFP1Y49gip0_1,friday,6.0,time,CISLR_v1.5-a_videos/SFP1Y49gip0_1.mp4,test
SG-B3o7bMAc,since,4.0,time,CISLR_v1.5-a_videos/SG-B3o7bMAc.mp4,prototype
SGLYqU0p4X4,south,4.0,spatial position,CISLR_v1.5-a_videos/SGLYqU0p4X4.mp4,test
SGsTDG4Awfk_1,fast,6.0,attribute,CISLR_v1.5-a_videos/SGsTDG4Awfk_1.mp4,prototype
SHPaqAaE29Q_1,re issue,8.0,banking,CISLR_v1.5-a_videos/SHPaqAaE29Q_1.mp4,prototype
SHsq8VSKV_M,korea,3.0,geography,CISLR_v1.5-a_videos/SHsq8VSKV_M.mp4,prototype
SINe8jrjQfA_1,needle,7.0,utility item,CISLR_v1.5-a_videos/SINe8jrjQfA_1.mp4,prototype
SIR3vIJJECY,disease,10.0,biology,CISLR_v1.5-a_videos/SIR3vIJJECY.mp4,prototype
SInKhy-06qA,sign language,4.0,language,CISLR_v1.5-a_videos/SInKhy-06qA.mp4,prototype
SIqQlHOR0JM,industrial building,8.0,construction,CISLR_v1.5-a_videos/SIqQlHOR0JM.mp4,prototype
SJJSpU8MFDs_2,unit,7.0,metric,CISLR_v1.5-a_videos/SJJSpU8MFDs_2.mp4,prototype
SJaqmqaD77k,website,4.0,internet,CISLR_v1.5-a_videos/SJaqmqaD77k.mp4,test
SJrFnoOcTcI,spherical structure,14.0,utility item,CISLR_v1.5-a_videos/SJrFnoOcTcI.mp4,prototype
SJxqZH9B3zw,jaundice,5.0,biology,CISLR_v1.5-a_videos/SJxqZH9B3zw.mp4,test
SKlTYkUBVvQ_1,boy,9.0,human,CISLR_v1.5-a_videos/SKlTYkUBVvQ_1.mp4,prototype
SKzJwTW4NQ8,dairy science,9.0,profession,CISLR_v1.5-a_videos/SKzJwTW4NQ8.mp4,prototype
SMEVutE0yBw,excuse me,4.0,action,CISLR_v1.5-a_videos/SMEVutE0yBw.mp4,prototype
SOMg4XV_dEY,diwali,6.0,event,CISLR_v1.5-a_videos/SOMg4XV_dEY.mp4,test
SOkA4zA7ahE_1,jeep,6.0,transport,CISLR_v1.5-a_videos/SOkA4zA7ahE_1.mp4,prototype
SPF11a6Uwy4_1,chennai,5.0,geography,CISLR_v1.5-a_videos/SPF11a6Uwy4_1.mp4,test
SPVkNI9K4wA_1,calm,8.0,emotion,CISLR_v1.5-a_videos/SPVkNI9K4wA_1.mp4,prototype
SP_OSl0wle0_2,initial,9.0,time,CISLR_v1.5-a_videos/SP_OSl0wle0_2.mp4,test
SPqwUnfpXvg_2,octal,8.0,math,CISLR_v1.5-a_videos/SPqwUnfpXvg_2.mp4,prototype
SQ6O9z7AJpM,hydropneumatic sprayer,14.0,machine,CISLR_v1.5-a_videos/SQ6O9z7AJpM.mp4,prototype
SQXRw3c2dYw,utility of mushroom,7.0,flora and fauna,CISLR_v1.5-a_videos/SQXRw3c2dYw.mp4,prototype
SQZyez6oDKg,plenty,6.0,attribute,CISLR_v1.5-a_videos/SQZyez6oDKg.mp4,prototype
SQsT1oeLr4g,cotter ring,15.0,metal and minerals,CISLR_v1.5-a_videos/SQsT1oeLr4g.mp4,prototype
SQymUlHks-I,pram,5.0,instrument,CISLR_v1.5-a_videos/SQymUlHks-I.mp4,prototype
SREF6XRNv0w,plumb bob and line,10.0,instrument,CISLR_v1.5-a_videos/SREF6XRNv0w.mp4,prototype
SSkoetdv7G4,sculptor,6.0,profession,CISLR_v1.5-a_videos/SSkoetdv7G4.mp4,test
STJ38FSDE8w,part,4.0,math,CISLR_v1.5-a_videos/STJ38FSDE8w.mp4,prototype
STNM0hUpfhQ,long day plant,15.0,flora and fauna,CISLR_v1.5-a_videos/STNM0hUpfhQ.mp4,prototype
STXgnu97Y6Y_1,kurta,6.0,wearable,CISLR_v1.5-a_videos/STXgnu97Y6Y_1.mp4,prototype
STdeLMDk8Sc,jacket,4.0,wearable,CISLR_v1.5-a_videos/STdeLMDk8Sc.mp4,prototype
STn1cOJ8Pms,boring machine,6.0,machine,CISLR_v1.5-a_videos/STn1cOJ8Pms.mp4,prototype
SUBSvmdSrXc_1,saturday,5.0,time,CISLR_v1.5-a_videos/SUBSvmdSrXc_1.mp4,test
SUGgjeP54CQ,car,4.0,transport,CISLR_v1.5-a_videos/SUGgjeP54CQ.mp4,test
SULzv6BHjHs_1,monday,5.0,time,CISLR_v1.5-a_videos/SULzv6BHjHs_1.mp4,test
SVIuCiTrn_8_2,observation,8.0,action,CISLR_v1.5-a_videos/SVIuCiTrn_8_2.mp4,prototype
SVxNsaZs3dI_1,full,6.0,sensation,CISLR_v1.5-a_videos/SVxNsaZs3dI_1.mp4,test
SWWKwdMT9qQ,close relation,5.0,relation,CISLR_v1.5-a_videos/SWWKwdMT9qQ.mp4,prototype
SWi723tppLE_1,weak,7.0,quality,CISLR_v1.5-a_videos/SWi723tppLE_1.mp4,test
SWq-SiX-v20_1,sunset,7.0,event,CISLR_v1.5-a_videos/SWq-SiX-v20_1.mp4,test
SYNNpD0n0U0_2,binary,10.0,math,CISLR_v1.5-a_videos/SYNNpD0n0U0_2.mp4,prototype
SYlMAasD3Aw,extra,5.0,quantity,CISLR_v1.5-a_videos/SYlMAasD3Aw.mp4,prototype
SYrln3Ug1Lk,radio,5.0,electronic and electrical,CISLR_v1.5-a_videos/SYrln3Ug1Lk.mp4,test
SZeSrHZy0dM_1,parsi,5.0,religious,CISLR_v1.5-a_videos/SZeSrHZy0dM_1.mp4,prototype
SaqUZcI2zDA,post,7.0,internet,CISLR_v1.5-a_videos/SaqUZcI2zDA.mp4,test
Sb7r4EnLG-A_2,transformer,12.0,electronic and electrical,CISLR_v1.5-a_videos/Sb7r4EnLG-A_2.mp4,prototype
SbYK9K-klAw,double click,7.0,computer,CISLR_v1.5-a_videos/SbYK9K-klAw.mp4,prototype
SccmMdkBiAU_1,chat,8.0,action,CISLR_v1.5-a_videos/SccmMdkBiAU_1.mp4,test
ScoqXyTkXp8_1,wrong,7.0,comparator,CISLR_v1.5-a_videos/ScoqXyTkXp8_1.mp4,test
ScstGTIjdOY_2,security convertible,10.0,legal,CISLR_v1.5-a_videos/ScstGTIjdOY_2.mp4,prototype
Sd07nnmlTAE_2,wavemotion,11.0,physics,CISLR_v1.5-a_videos/Sd07nnmlTAE_2.mp4,prototype
Sd7e5qVlMB8,photograph,6.0,miscellaneous object,CISLR_v1.5-a_videos/Sd7e5qVlMB8.mp4,prototype
SdBirBu-dak,cause of action,12.0,action,CISLR_v1.5-a_videos/SdBirBu-dak.mp4,prototype
SdsEu8iuUpE,christmas,4.0,event,CISLR_v1.5-a_videos/SdsEu8iuUpE.mp4,test
SewBqDY49qs,eclipse,5.0,event,CISLR_v1.5-a_videos/SewBqDY49qs.mp4,test
Sh3P9rHIKOM,three,4.0,math,CISLR_v1.5-a_videos/Sh3P9rHIKOM.mp4,prototype
Sh5c_9ADHFs,paper clip,4.0,utility item,CISLR_v1.5-a_videos/Sh5c_9ADHFs.mp4,test
ShXISzBU1Ug_2,gas equation,11.0,physics,CISLR_v1.5-a_videos/ShXISzBU1Ug_2.mp4,prototype
SiP1g7kh1nE,ms windows,10.0,computer,CISLR_v1.5-a_videos/SiP1g7kh1nE.mp4,prototype
SiRYkIO7AmQ_2,video camera,11.0,electronic and electrical,CISLR_v1.5-a_videos/SiRYkIO7AmQ_2.mp4,prototype
SifysRkEATg_1,sly,6.0,attribute,CISLR_v1.5-a_videos/SifysRkEATg_1.mp4,prototype
SjfLsGRnuGo,name,3.0,language,CISLR_v1.5-a_videos/SjfLsGRnuGo.mp4,test
SknrxI_nq64_1,postman,5.0,profession,CISLR_v1.5-a_videos/SknrxI_nq64_1.mp4,prototype
SlORjr0kUM4,water,4.0,substance,CISLR_v1.5-a_videos/SlORjr0kUM4.mp4,test
Sm7Cei87rg4_1,hardworking,8.0,behavior,CISLR_v1.5-a_videos/Sm7Cei87rg4_1.mp4,test
SmgLg_SSvZg_1,supply,6.0,commerce,CISLR_v1.5-a_videos/SmgLg_SSvZg_1.mp4,prototype
SnUlY4XhAG0,profit,5.0,banking,CISLR_v1.5-a_videos/SnUlY4XhAG0.mp4,test
SojDDNUsSew_1,monday,6.0,time,CISLR_v1.5-a_videos/SojDDNUsSew_1.mp4,test
SoxMQgRbBsA,brothel,7.0,construction,CISLR_v1.5-a_videos/SoxMQgRbBsA.mp4,prototype
SqIhCix7O9I,gas pipe,7.0,instrument,CISLR_v1.5-a_videos/SqIhCix7O9I.mp4,prototype
SqN3GrAvif8,construction contract,15.0,construction,CISLR_v1.5-a_videos/SqN3GrAvif8.mp4,prototype
SqXx7G7FX5A,singapore,5.0,geography,CISLR_v1.5-a_videos/SqXx7G7FX5A.mp4,test
SqjG2lMm-NU_1,god,6.0,religious,CISLR_v1.5-a_videos/SqjG2lMm-NU_1.mp4,prototype
SqoYBOJfc9w_1,job consciousness,11.0,profession,CISLR_v1.5-a_videos/SqoYBOJfc9w_1.mp4,prototype
Srl_Gk0vjLE,tattoo,5.0,attribute,CISLR_v1.5-a_videos/Srl_Gk0vjLE.mp4,prototype
SsDjl4tijyg_1,paying slip,9.0,banking,CISLR_v1.5-a_videos/SsDjl4tijyg_1.mp4,prototype
Ssub7QHvQIA,shoot,3.0,action,CISLR_v1.5-a_videos/Ssub7QHvQIA.mp4,test
Sv-nLK45XFA_1,dasara,7.0,religious,CISLR_v1.5-a_videos/Sv-nLK45XFA_1.mp4,prototype
SvabwOUNAEE,august,4.0,time,CISLR_v1.5-a_videos/SvabwOUNAEE.mp4,test
Svm8Kk4Vr2Q_1,stand,7.0,action,CISLR_v1.5-a_videos/Svm8Kk4Vr2Q_1.mp4,test
SwLX5yOifFI,saina nehwal,4.0,human,CISLR_v1.5-a_videos/SwLX5yOifFI.mp4,prototype
SwLs3Kowas8_1,charge,10.0,banking,CISLR_v1.5-a_videos/SwLs3Kowas8_1.mp4,prototype
Swad8O2a5Qc_1,equator,8.0,geography,CISLR_v1.5-a_videos/Swad8O2a5Qc_1.mp4,prototype
Swny54RpOVw_1,interfere,6.0,process,CISLR_v1.5-a_videos/Swny54RpOVw_1.mp4,prototype
SwtT_BdLe3A_1,bitter,5.0,sensation,CISLR_v1.5-a_videos/SwtT_BdLe3A_1.mp4,prototype
Sx34-t7A_xM_1,mumps,6.0,biology,CISLR_v1.5-a_videos/Sx34-t7A_xM_1.mp4,test
SxLd_Jwhy80,micromax mobile,6.0,electronic and electrical,CISLR_v1.5-a_videos/SxLd_Jwhy80.mp4,prototype
SyRmYT523cU,sob,4.0,emotion,CISLR_v1.5-a_videos/SyRmYT523cU.mp4,prototype
SyZFNqdlRmc_1,breathe,8.0,action,CISLR_v1.5-a_videos/SyZFNqdlRmc_1.mp4,test
Sz-NQ2ENlqA_1,cauliflower,7.0,foods and drinks,CISLR_v1.5-a_videos/Sz-NQ2ENlqA_1.mp4,prototype
T--ANw8Oxkk,uttarakhand,4.0,geography,CISLR_v1.5-a_videos/T--ANw8Oxkk.mp4,prototype
T1M8kXkQJAY,pullet,11.0,flora and fauna,CISLR_v1.5-a_videos/T1M8kXkQJAY.mp4,prototype
T3DNMjNynU0_1,school,7.0,organisation,CISLR_v1.5-a_videos/T3DNMjNynU0_1.mp4,test
T3wOnHCetE0_1,daily list,11.0,banking,CISLR_v1.5-a_videos/T3wOnHCetE0_1.mp4,prototype
T4-Q9pABqYs,waterfall,5.0,geography,CISLR_v1.5-a_videos/T4-Q9pABqYs.mp4,test
T41OsrviQCY,birthday,4.0,event,CISLR_v1.5-a_videos/T41OsrviQCY.mp4,test
T45Hsn9ABV4,jordan,3.0,geography,CISLR_v1.5-a_videos/T45Hsn9ABV4.mp4,prototype
T4BQsAvPno8_1,leave preparatory to retirement,11.0,profession,CISLR_v1.5-a_videos/T4BQsAvPno8_1.mp4,prototype
T4VLu2P-X9s_1,staff,12.0,group,CISLR_v1.5-a_videos/T4VLu2P-X9s_1.mp4,prototype
T4ySB6yP-m0_1,fire,8.0,substance,CISLR_v1.5-a_videos/T4ySB6yP-m0_1.mp4,test
T5JAHMxSu2w_1,right,6.0,abstract,CISLR_v1.5-a_videos/T5JAHMxSu2w_1.mp4,test
T6vd9Criu48,six,4.0,quantity,CISLR_v1.5-a_videos/T6vd9Criu48.mp4,prototype
T7RBzS7EJ6A_1,husband,9.0,relation,CISLR_v1.5-a_videos/T7RBzS7EJ6A_1.mp4,test
T7RIPkBR3ik_1,woman,11.0,human,CISLR_v1.5-a_videos/T7RIPkBR3ik_1.mp4,test
T7afcYzRNU0_2,wattmeter,10.0,instrument,CISLR_v1.5-a_videos/T7afcYzRNU0_2.mp4,prototype
T7b0UnZEOvM_1,minutes,6.0,time,CISLR_v1.5-a_videos/T7b0UnZEOvM_1.mp4,prototype
T7v9JbH90I0_1,confident,7.0,emotion,CISLR_v1.5-a_videos/T7v9JbH90I0_1.mp4,test
T8I_n42FuBc,plant physiology,15.0,biology,CISLR_v1.5-a_videos/T8I_n42FuBc.mp4,prototype
T8g7H3Ie5YU,boyfriend,5.0,relation,CISLR_v1.5-a_videos/T8g7H3Ie5YU.mp4,prototype
T976ElYJ-qY,enjoy,4.0,action,CISLR_v1.5-a_videos/T976ElYJ-qY.mp4,prototype
T9GMyhxIv5k_1,iron,7.0,metal and minerals,CISLR_v1.5-a_videos/T9GMyhxIv5k_1.mp4,test
T9eBnmIRtqg,like,5.0,comparator,CISLR_v1.5-a_videos/T9eBnmIRtqg.mp4,test
T9nijwnbCqw,rajasthan,4.0,geography,CISLR_v1.5-a_videos/T9nijwnbCqw.mp4,test
TBZtRv2owM8,bacterial diseases animals,15.0,biology,CISLR_v1.5-a_videos/TBZtRv2owM8.mp4,prototype
TCGWpLngbVA_1,prove,9.0,action,CISLR_v1.5-a_videos/TCGWpLngbVA_1.mp4,test
TCHTGgRtZeI_1,tender,12.0,legal,CISLR_v1.5-a_videos/TCHTGgRtZeI_1.mp4,prototype
TDbdRtOwX10,ballast device,9.0,miscellaneous object,CISLR_v1.5-a_videos/TDbdRtOwX10.mp4,prototype
TDdKRcFO4k8,fingerspell,4.0,gesture,CISLR_v1.5-a_videos/TDdKRcFO4k8.mp4,prototype
TDlj5kHwiTk,behind,3.0,spatial position,CISLR_v1.5-a_videos/TDlj5kHwiTk.mp4,prototype
TEkWFmWdQ8Q_1,donkey,6.0,flora and fauna,CISLR_v1.5-a_videos/TEkWFmWdQ8Q_1.mp4,test
TGckzkVJiio_1,seniority,9.0,authority,CISLR_v1.5-a_videos/TGckzkVJiio_1.mp4,prototype
THp4JJ3PWvo_1,dam,7.0,construction,CISLR_v1.5-a_videos/THp4JJ3PWvo_1.mp4,prototype
TING64HUZ2k_2,ernission,8.0,action,CISLR_v1.5-a_videos/TING64HUZ2k_2.mp4,prototype
TIlcuqK-fr8_1,delivery,9.0,action,CISLR_v1.5-a_videos/TIlcuqK-fr8_1.mp4,prototype
TIr35oN6iSE,wallet,5.0,banking,CISLR_v1.5-a_videos/TIr35oN6iSE.mp4,prototype
TIzjrc3-71E,apiculturist,13.0,profession,CISLR_v1.5-a_videos/TIzjrc3-71E.mp4,prototype
TJJHfurpn-I,runs,4.0,sport,CISLR_v1.5-a_videos/TJJHfurpn-I.mp4,prototype
TJQdtS0Dkyw,section,7.0,group,CISLR_v1.5-a_videos/TJQdtS0Dkyw.mp4,prototype
TJeHXGVDCms,temperature,7.0,weather,CISLR_v1.5-a_videos/TJeHXGVDCms.mp4,test
TK3H8rmoV1Q,burger,6.0,foods and drinks,CISLR_v1.5-a_videos/TK3H8rmoV1Q.mp4,prototype
TKsGy30vLtI,environmental pollution,7.0,biology,CISLR_v1.5-a_videos/TKsGy30vLtI.mp4,prototype
TL4iZGEw9CY,neat,4.0,quality,CISLR_v1.5-a_videos/TL4iZGEw9CY.mp4,prototype
TLN5DkTzcX8,quarrel,4.0,action,CISLR_v1.5-a_videos/TLN5DkTzcX8.mp4,prototype
TLXAEKQwcBY,spain,3.0,geography,CISLR_v1.5-a_videos/TLXAEKQwcBY.mp4,prototype
TLf8Uvxntpg_2,x ray,10.0,medical,CISLR_v1.5-a_videos/TLf8Uvxntpg_2.mp4,prototype
TMANBpLx6s0_1,tomorrow,6.0,time,CISLR_v1.5-a_videos/TMANBpLx6s0_1.mp4,test
TN5HogAE-fs,water pump,5.0,electronic and electrical,CISLR_v1.5-a_videos/TN5HogAE-fs.mp4,prototype
TNNoq5pS-WQ_1,volume,5.0,sound,CISLR_v1.5-a_videos/TNNoq5pS-WQ_1.mp4,prototype
TNODnmQ9R1M_1,spot and forward,10.0,action,CISLR_v1.5-a_videos/TNODnmQ9R1M_1.mp4,prototype
TOK4IBhtuYI,giga byte,13.0,metric,CISLR_v1.5-a_videos/TOK4IBhtuYI.mp4,prototype
TPCuCv8TjE8_1,cheque stale,9.0,banking,CISLR_v1.5-a_videos/TPCuCv8TjE8_1.mp4,prototype
TPdAyuJYQtE,bill,4.0,banking,CISLR_v1.5-a_videos/TPdAyuJYQtE.mp4,test
TPwPNPP1rpI,social,5.0,behavior,CISLR_v1.5-a_videos/TPwPNPP1rpI.mp4,prototype
TQeI5Uixibg,pomegranate,5.0,foods and drinks,CISLR_v1.5-a_videos/TQeI5Uixibg.mp4,prototype
TQpNNdkU0ZI_1,jaundice,8.0,biology,CISLR_v1.5-a_videos/TQpNNdkU0ZI_1.mp4,test
TR30xmE3v0s,battered child syndrome,10.0,medical,CISLR_v1.5-a_videos/TR30xmE3v0s.mp4,prototype
TRIMTrqzSOc_1,zone,8.0,geography,CISLR_v1.5-a_videos/TRIMTrqzSOc_1.mp4,prototype
TR_tbUxLUco,it,4.0,language,CISLR_v1.5-a_videos/TR_tbUxLUco.mp4,test
TRgM0lzJs-4,best,4.0,quality,CISLR_v1.5-a_videos/TRgM0lzJs-4.mp4,test
TSBR8lkAmaQ,bike silencer pipe,8.0,instrument,CISLR_v1.5-a_videos/TSBR8lkAmaQ.mp4,prototype
TSTGnppZmfA_1,address,9.0,geography,CISLR_v1.5-a_videos/TSTGnppZmfA_1.mp4,test
TSoaGw5OEb0_1,injection,6.0,medical,CISLR_v1.5-a_videos/TSoaGw5OEb0_1.mp4,prototype
TVfeNBBdWpQ_1,skirt,7.0,wearable,CISLR_v1.5-a_videos/TVfeNBBdWpQ_1.mp4,test
TW2KbOGRx2I,sex,5.0,biology,CISLR_v1.5-a_videos/TW2KbOGRx2I.mp4,prototype
TXA5pIG0jEM,expensive,4.0,attribute,CISLR_v1.5-a_videos/TXA5pIG0jEM.mp4,test
TXe-rPMd1q4_1,cheap,6.0,attribute,CISLR_v1.5-a_videos/TXe-rPMd1q4_1.mp4,prototype
TXtLoo3D-xQ,wikipedia,5.0,internet,CISLR_v1.5-a_videos/TXtLoo3D-xQ.mp4,prototype
TYiNnkTwP0w,agenda,6.0,process,CISLR_v1.5-a_videos/TYiNnkTwP0w.mp4,prototype
TZEYZ0PggwY_1,vide,5.0,action,CISLR_v1.5-a_videos/TZEYZ0PggwY_1.mp4,prototype
TZkleWcH-wU_2,gravity,12.0,physics,CISLR_v1.5-a_videos/TZkleWcH-wU_2.mp4,prototype
TZqRg598wGQ,shower,5.0,utility item,CISLR_v1.5-a_videos/TZqRg598wGQ.mp4,prototype
TcjKtM3VKj4,speech therapist,8.0,profession,CISLR_v1.5-a_videos/TcjKtM3VKj4.mp4,test
TdbUnoeHXcE_1,gujarat,7.0,geography,CISLR_v1.5-a_videos/TdbUnoeHXcE_1.mp4,test
TdwAJ3968lM,xbox,10.0,entertainment,CISLR_v1.5-a_videos/TdwAJ3968lM.mp4,prototype
Te9AcG7ugOc,present,5.0,time,CISLR_v1.5-a_videos/Te9AcG7ugOc.mp4,prototype
TelHvRCbKco_1,account currency,13.0,banking,CISLR_v1.5-a_videos/TelHvRCbKco_1.mp4,prototype
Teyhg_5_rdw_1,brick,7.0,construction,CISLR_v1.5-a_videos/Teyhg_5_rdw_1.mp4,test
Tf97LjJhrMU,below,5.0,spatial position,CISLR_v1.5-a_videos/Tf97LjJhrMU.mp4,test
TftELGOtnLM_2,millimetre,9.0,metric,CISLR_v1.5-a_videos/TftELGOtnLM_2.mp4,prototype
Tfxp43vVHpY,listen,4.0,action,CISLR_v1.5-a_videos/Tfxp43vVHpY.mp4,test
ThLhLlan5Yo_1,bird,7.0,flora and fauna,CISLR_v1.5-a_videos/ThLhLlan5Yo_1.mp4,prototype
Ti-7CP2GtaI_1,leafy vegetables,8.0,foods and drinks,CISLR_v1.5-a_videos/Ti-7CP2GtaI_1.mp4,prototype
TiPPYhh323E,sorry,4.0,greeting,CISLR_v1.5-a_videos/TiPPYhh323E.mp4,test
TickiRU7XxU,bulb,5.0,utility item,CISLR_v1.5-a_videos/TickiRU7XxU.mp4,test
TihAh8jvRTs_2,exhaust pump,9.0,machine,CISLR_v1.5-a_videos/TihAh8jvRTs_2.mp4,prototype
TirzXnBaSt0,italy,3.0,geography,CISLR_v1.5-a_videos/TirzXnBaSt0.mp4,prototype
Tj5FRh9ASMU,sanitary pad,5.0,miscellaneous object,CISLR_v1.5-a_videos/Tj5FRh9ASMU.mp4,prototype
TjSYqjfk-lc,temperature,11.0,weather,CISLR_v1.5-a_videos/TjSYqjfk-lc.mp4,test
TkREyqdJoCI,discipline,4.0,behavior,CISLR_v1.5-a_videos/TkREyqdJoCI.mp4,prototype
TkWzFh1m6KU_1,run,8.0,action,CISLR_v1.5-a_videos/TkWzFh1m6KU_1.mp4,prototype
TkZ8qS_TIXk,cell,4.0,electronic and electrical,CISLR_v1.5-a_videos/TkZ8qS_TIXk.mp4,test
TlGf_1YuYyE_1,pass to,8.0,action,CISLR_v1.5-a_videos/TlGf_1YuYyE_1.mp4,prototype
Tm_V8zmIsCA_1,buffalo,7.0,flora and fauna,CISLR_v1.5-a_videos/Tm_V8zmIsCA_1.mp4,test
TmsgikIaXu4,understand,3.0,action,CISLR_v1.5-a_videos/TmsgikIaXu4.mp4,test
TnGCg69kb1s_1,sports,6.0,sport,CISLR_v1.5-a_videos/TnGCg69kb1s_1.mp4,prototype
Tp0lrE7068E,matrimonial home,10.0,geography,CISLR_v1.5-a_videos/Tp0lrE7068E.mp4,prototype
Tpyp71m96Nk_1,clouds,7.0,weather,CISLR_v1.5-a_videos/Tpyp71m96Nk_1.mp4,prototype
TqSyQEAlkU8_2,centigram,7.0,metric,CISLR_v1.5-a_videos/TqSyQEAlkU8_2.mp4,prototype
TrCMG8Jm2_c,bamboo,6.0,flora and fauna,CISLR_v1.5-a_videos/TrCMG8Jm2_c.mp4,prototype
TrDii_6LlNg,gujarat,4.0,geography,CISLR_v1.5-a_videos/TrDii_6LlNg.mp4,test
TrGBcTGTlhI,plunger,7.0,instrument,CISLR_v1.5-a_videos/TrGBcTGTlhI.mp4,prototype
TspS8Y62sXs,pick stitch,11.0,action,CISLR_v1.5-a_videos/TspS8Y62sXs.mp4,prototype
TtNpydFV6rI,behind,4.0,spatial position,CISLR_v1.5-a_videos/TtNpydFV6rI.mp4,test
TuH0o_tiW3o,august,4.0,time,CISLR_v1.5-a_videos/TuH0o_tiW3o.mp4,test
Tuq_-EuFAhI,bonafide,11.0,legal,CISLR_v1.5-a_videos/Tuq_-EuFAhI.mp4,prototype
Tv1bOlYSqYI,website,3.0,internet,CISLR_v1.5-a_videos/Tv1bOlYSqYI.mp4,test
Tw2qPxlzf6Q,power duster,13.0,instrument,CISLR_v1.5-a_videos/Tw2qPxlzf6Q.mp4,prototype
Tw8BsgjnKIg,mitsubishi motors,5.0,organisation,CISLR_v1.5-a_videos/Tw8BsgjnKIg.mp4,prototype
TwD2W_F22dE_2,calorimeter,10.0,instrument,CISLR_v1.5-a_videos/TwD2W_F22dE_2.mp4,prototype
TwRRZw_m1Po_1,rubber,7.0,utility item,CISLR_v1.5-a_videos/TwRRZw_m1Po_1.mp4,test
Ty8eDa-6gQ0,water pipe,5.0,utility item,CISLR_v1.5-a_videos/Ty8eDa-6gQ0.mp4,prototype
Tyn9hWjEn5A_1,how many,6.0,quantity,CISLR_v1.5-a_videos/Tyn9hWjEn5A_1.mp4,prototype
TziAcjoELVE_1,subject matter,10.0,education,CISLR_v1.5-a_videos/TziAcjoELVE_1.mp4,prototype
U--0FZU2bDg,house,4.0,construction,CISLR_v1.5-a_videos/U--0FZU2bDg.mp4,test
U-3Gvctw8Do_1,access,9.0,action,CISLR_v1.5-a_videos/U-3Gvctw8Do_1.mp4,prototype
U-DAmE4tzo4,wise,4.0,attribute,CISLR_v1.5-a_videos/U-DAmE4tzo4.mp4,test
U-MdJz1XGpg_1,paw,6.0,flora and fauna,CISLR_v1.5-a_videos/U-MdJz1XGpg_1.mp4,prototype
U-dEobzY4o4,village,5.0,geography,CISLR_v1.5-a_videos/U-dEobzY4o4.mp4,test
U18qbyFJKnA,toothbrush,5.0,utility item,CISLR_v1.5-a_videos/U18qbyFJKnA.mp4,test
U1TZROWBuoo,confused,6.0,emotion,CISLR_v1.5-a_videos/U1TZROWBuoo.mp4,prototype
U1WpPYHOp84_1,message,8.0,readable,CISLR_v1.5-a_videos/U1WpPYHOp84_1.mp4,test
U1jYplNZtN0_1,draw,6.0,action,CISLR_v1.5-a_videos/U1jYplNZtN0_1.mp4,prototype
U2DPGFl5JFA_1,kitchen,7.0,foods and drinks,CISLR_v1.5-a_videos/U2DPGFl5JFA_1.mp4,test
U2UQ6QHvt_s_1,eclipse,7.0,event,CISLR_v1.5-a_videos/U2UQ6QHvt_s_1.mp4,test
U2W9kUCDsgU_1,university,7.0,education,CISLR_v1.5-a_videos/U2W9kUCDsgU_1.mp4,prototype
U3w2AbN_8Og_1,safe guard,7.0,wearable,CISLR_v1.5-a_videos/U3w2AbN_8Og_1.mp4,prototype
U45soEQ1V4o_1,handkerchief,6.0,utility item,CISLR_v1.5-a_videos/U45soEQ1V4o_1.mp4,test
U45t3T05qRk_1,cock,8.0,flora and fauna,CISLR_v1.5-a_videos/U45t3T05qRk_1.mp4,test
U46jloztxAQ,coimbatore,4.0,geography,CISLR_v1.5-a_videos/U46jloztxAQ.mp4,test
U4dnLRpeTN8,twelve,4.0,quantity,CISLR_v1.5-a_videos/U4dnLRpeTN8.mp4,prototype
U4zeXOlfF2c,gift,4.0,utility item,CISLR_v1.5-a_videos/U4zeXOlfF2c.mp4,prototype
U5KcZNFATFM,garden,5.0,construction,CISLR_v1.5-a_videos/U5KcZNFATFM.mp4,test
U5lSxZnyve4_1,diabetes,8.0,medical,CISLR_v1.5-a_videos/U5lSxZnyve4_1.mp4,prototype
U7Y3GocRUak_1,october,6.0,time,CISLR_v1.5-a_videos/U7Y3GocRUak_1.mp4,test
U8-__KRMRSM,photosynthesis,14.0,biology,CISLR_v1.5-a_videos/U8-__KRMRSM.mp4,prototype
U8TyoD2LxLU,dictionary,4.0,readable,CISLR_v1.5-a_videos/U8TyoD2LxLU.mp4,prototype
U8aIoaNXadQ,change,5.0,action,CISLR_v1.5-a_videos/U8aIoaNXadQ.mp4,test
U9WAeaZQgtE_2,soldering iron,7.0,process,CISLR_v1.5-a_videos/U9WAeaZQgtE_2.mp4,prototype
UAHpTtftpWE_1,any,6.0,abstract,CISLR_v1.5-a_videos/UAHpTtftpWE_1.mp4,prototype
UB4Z8Wzkj5g,fixed deposit,4.0,banking,CISLR_v1.5-a_videos/UB4Z8Wzkj5g.mp4,prototype
UCd4aYE00KM_1,without,6.0,abstract,CISLR_v1.5-a_videos/UCd4aYE00KM_1.mp4,test
UD02Bmbm1kk,pro circle,15.0,utility item,CISLR_v1.5-a_videos/UD02Bmbm1kk.mp4,prototype
UDCvZbi5eMw_2,humidity,14.0,weather,CISLR_v1.5-a_videos/UDCvZbi5eMw_2.mp4,prototype
UDcg2skGRXM_1,brother,12.0,relation,CISLR_v1.5-a_videos/UDcg2skGRXM_1.mp4,prototype
UE2dRDkXVOw_1,stabilisation,10.0,process,CISLR_v1.5-a_videos/UE2dRDkXVOw_1.mp4,prototype
UFePdoNR_KM,write,4.0,action,CISLR_v1.5-a_videos/UFePdoNR_KM.mp4,test
UGFkd_LTNW0_2,thermostat,10.0,electronic and electrical,CISLR_v1.5-a_videos/UGFkd_LTNW0_2.mp4,prototype
UGMQBqwFQzg_1,empty,6.0,quantity,CISLR_v1.5-a_videos/UGMQBqwFQzg_1.mp4,prototype
UGX6actjbuM,dairy farm record,10.0,readable,CISLR_v1.5-a_videos/UGX6actjbuM.mp4,prototype
UIZbKwFr9ck_1,saturday,6.0,time,CISLR_v1.5-a_videos/UIZbKwFr9ck_1.mp4,test
UJHjwQ7yclM,welcome,3.0,greeting,CISLR_v1.5-a_videos/UJHjwQ7yclM.mp4,prototype
UJe2UCSOExA,bone cancer osteosarcoma and malignant fibrous histiocytoma,5.0,medical,CISLR_v1.5-a_videos/UJe2UCSOExA.mp4,prototype
UJyI-681CrM,scratch,7.0,action,CISLR_v1.5-a_videos/UJyI-681CrM.mp4,test
UK-aS_5scz4_1,monday,5.0,time,CISLR_v1.5-a_videos/UK-aS_5scz4_1.mp4,test
UK3lCFwSt7A,chilli,5.0,foods and drinks,CISLR_v1.5-a_videos/UK3lCFwSt7A.mp4,prototype
ULLLdCsmxDU_1,lumpsum,8.0,banking,CISLR_v1.5-a_videos/ULLLdCsmxDU_1.mp4,prototype
ULXqpYB1yYw,support,4.0,action,CISLR_v1.5-a_videos/ULXqpYB1yYw.mp4,test
UMGZsGFUVcA_1,see,9.0,action,CISLR_v1.5-a_videos/UMGZsGFUVcA_1.mp4,prototype
UMMYGhp1SD4,carrot,4.0,foods and drinks,CISLR_v1.5-a_videos/UMMYGhp1SD4.mp4,prototype
UMS2IJZt6To,free,4.0,behavior,CISLR_v1.5-a_videos/UMS2IJZt6To.mp4,test
UNNkbxYzexA,taiwan,3.0,geography,CISLR_v1.5-a_videos/UNNkbxYzexA.mp4,prototype
UOCJkoSjr9w,finish,6.0,stage,CISLR_v1.5-a_videos/UOCJkoSjr9w.mp4,test
UOF_LN4gRRw_1,hindi,7.0,language,CISLR_v1.5-a_videos/UOF_LN4gRRw_1.mp4,prototype
UOFozu6HCwg_1,cross,5.0,action,CISLR_v1.5-a_videos/UOFozu6HCwg_1.mp4,prototype
UORRNKMTusE,twitter,5.0,internet,CISLR_v1.5-a_videos/UORRNKMTusE.mp4,test
UOktZawGna4,band-aid,5.0,medical,CISLR_v1.5-a_videos/UOktZawGna4.mp4,prototype
UPBonZ_8HIM,life,5.0,abstract,CISLR_v1.5-a_videos/UPBonZ_8HIM.mp4,prototype
UPTSoIuNOIw_1,egg,7.0,foods and drinks,CISLR_v1.5-a_videos/UPTSoIuNOIw_1.mp4,test
UPh2mJTMLIQ,lollipop,5.0,foods and drinks,CISLR_v1.5-a_videos/UPh2mJTMLIQ.mp4,prototype
UQh8UwdcnBI_1,reminder,8.0,time,CISLR_v1.5-a_videos/UQh8UwdcnBI_1.mp4,prototype
UQnQ_sw1fHA_1,neck,8.0,biology,CISLR_v1.5-a_videos/UQnQ_sw1fHA_1.mp4,test
UQogb-cniR4_1,cockroach,6.0,flora and fauna,CISLR_v1.5-a_videos/UQogb-cniR4_1.mp4,test
URA2L-D-MAQ,city,5.0,geography,CISLR_v1.5-a_videos/URA2L-D-MAQ.mp4,test
URJUqJrqo_8,wire stripper,10.0,instrument,CISLR_v1.5-a_videos/URJUqJrqo_8.mp4,prototype
URTZQEPHVxk,wholesale merchants,10.0,profession,CISLR_v1.5-a_videos/URTZQEPHVxk.mp4,prototype
US1v85XAz0c,ram navami,6.0,religious,CISLR_v1.5-a_videos/US1v85XAz0c.mp4,prototype
USyI1R3TCr4,runner,9.0,instrument,CISLR_v1.5-a_videos/USyI1R3TCr4.mp4,prototype
UTkhiWX3IBk,wheat rust,15.0,foods and drinks,CISLR_v1.5-a_videos/UTkhiWX3IBk.mp4,prototype
UUYEkCl4HvI,snail,4.0,flora and fauna,CISLR_v1.5-a_videos/UUYEkCl4HvI.mp4,test
UWWGrijcLSs,criminal court,7.0,legal,CISLR_v1.5-a_videos/UWWGrijcLSs.mp4,prototype
UWzrvtCcWDA,run,4.0,action,CISLR_v1.5-a_videos/UWzrvtCcWDA.mp4,test
UXoDCHd7VuQ_1,monday,5.0,time,CISLR_v1.5-a_videos/UXoDCHd7VuQ_1.mp4,test
UXoVPWIYL4k_2,uniform motion,9.0,physics,CISLR_v1.5-a_videos/UXoVPWIYL4k_2.mp4,prototype
UY6S37YeDTE_1,cash,9.0,banking,CISLR_v1.5-a_videos/UY6S37YeDTE_1.mp4,prototype
UYS5jKTw0Ik_1,clerk,6.0,profession,CISLR_v1.5-a_videos/UYS5jKTw0Ik_1.mp4,prototype
UYYmJtinmNg,toffee,6.0,foods and drinks,CISLR_v1.5-a_videos/UYYmJtinmNg.mp4,prototype
U_I4IzFnhdw,scratch,4.0,action,CISLR_v1.5-a_videos/U_I4IzFnhdw.mp4,test
Ua00PZ_-QKE_1,center,6.0,spatial position,CISLR_v1.5-a_videos/Ua00PZ_-QKE_1.mp4,prototype
Ua8OAMfzWAQ_1,pre paid,7.0,banking,CISLR_v1.5-a_videos/Ua8OAMfzWAQ_1.mp4,prototype
UbEMzE9pxXU,absorption of water,12.0,chemistry,CISLR_v1.5-a_videos/UbEMzE9pxXU.mp4,prototype
UbLgHH4sOtA_1,mother,10.0,relation,CISLR_v1.5-a_videos/UbLgHH4sOtA_1.mp4,test
UbQHwZHQSRM,alternative,5.0,abstract,CISLR_v1.5-a_videos/UbQHwZHQSRM.mp4,prototype
UbZzQI8wKY8_2,regular vibration,9.0,sound,CISLR_v1.5-a_videos/UbZzQI8wKY8_2.mp4,prototype
Ubg4ASlf83o_1,cream,6.0,utility item,CISLR_v1.5-a_videos/Ubg4ASlf83o_1.mp4,prototype
Ubkc3VIH4QY,side,4.0,spatial position,CISLR_v1.5-a_videos/Ubkc3VIH4QY.mp4,prototype
UcEpOfJMly4_1,magic,6.0,abstract,CISLR_v1.5-a_videos/UcEpOfJMly4_1.mp4,test
UceHJJVBBzU,grudge,6.0,emotion,CISLR_v1.5-a_videos/UceHJJVBBzU.mp4,prototype
Uctb3c7u__M_1,mobilisation deposit,10.0,banking,CISLR_v1.5-a_videos/Uctb3c7u__M_1.mp4,prototype
UdD80Owt1n8_1,kite,5.0,sport,CISLR_v1.5-a_videos/UdD80Owt1n8_1.mp4,prototype
UevozhypOqs_1,necklace,6.0,utility item,CISLR_v1.5-a_videos/UevozhypOqs_1.mp4,test
Uf6P20S4HbI_1,register,7.0,miscellaneous object,CISLR_v1.5-a_videos/Uf6P20S4HbI_1.mp4,prototype
UfA1NhqdyRQ_1,weight,6.0,abstract,CISLR_v1.5-a_videos/UfA1NhqdyRQ_1.mp4,prototype
UfJyWbJ_RpQ_2,error of omission,7.0,banking,CISLR_v1.5-a_videos/UfJyWbJ_RpQ_2.mp4,prototype
UfYeaYNJV8E_1,from,5.0,language,CISLR_v1.5-a_videos/UfYeaYNJV8E_1.mp4,prototype
UfZyeijqQeY_1,allowance,10.0,banking,CISLR_v1.5-a_videos/UfZyeijqQeY_1.mp4,prototype
UgLgrXYY9Es,shine,4.0,attribute,CISLR_v1.5-a_videos/UgLgrXYY9Es.mp4,test
UgR3sxHLsDg,view,4.0,action,CISLR_v1.5-a_videos/UgR3sxHLsDg.mp4,test
UhOwvFFtKVs_1,lotus,6.0,flora and fauna,CISLR_v1.5-a_videos/UhOwvFFtKVs_1.mp4,test
UhtjXl2_OcA_1,bangladesh,9.0,geography,CISLR_v1.5-a_videos/UhtjXl2_OcA_1.mp4,prototype
UivWWBHOnAc,child prostitution,13.0,legal,CISLR_v1.5-a_videos/UivWWBHOnAc.mp4,prototype
UjkcbDkHvxY,touchscreen,4.0,electronic and electrical,CISLR_v1.5-a_videos/UjkcbDkHvxY.mp4,prototype
Ujw6xa-mmZM,temporary,3.0,abstract,CISLR_v1.5-a_videos/Ujw6xa-mmZM.mp4,prototype
Uk2g1CB1O2s_1,buyer,6.0,human,CISLR_v1.5-a_videos/Uk2g1CB1O2s_1.mp4,prototype
Ukr__1TiaOo_1,wait,6.0,action,CISLR_v1.5-a_videos/Ukr__1TiaOo_1.mp4,test
UksWdbYQW2k_2,natural gas,10.0,substance,CISLR_v1.5-a_videos/UksWdbYQW2k_2.mp4,prototype
UlQ5cTjCqT8_1,tuesday,6.0,time,CISLR_v1.5-a_videos/UlQ5cTjCqT8_1.mp4,test
UmIy-iRAW48,shaft,11.0,instrument,CISLR_v1.5-a_videos/UmIy-iRAW48.mp4,prototype
UnOmbIQFwOE_1,until,7.0,time,CISLR_v1.5-a_videos/UnOmbIQFwOE_1.mp4,test
Unvi9R9Qg8w,similar,4.0,comparator,CISLR_v1.5-a_videos/Unvi9R9Qg8w.mp4,test
UoBpthYc-HE,u neck,9.0,wearable,CISLR_v1.5-a_videos/UoBpthYc-HE.mp4,prototype
UoONuBxuPLg_1,cold,6.0,biology,CISLR_v1.5-a_videos/UoONuBxuPLg_1.mp4,test
UodmDnAnLmg_1,cabbage,7.0,foods and drinks,CISLR_v1.5-a_videos/UodmDnAnLmg_1.mp4,test
UpDvz4TFXuY,garlic,5.0,foods and drinks,CISLR_v1.5-a_videos/UpDvz4TFXuY.mp4,prototype
UpTUXgf7Wck,sanitary pad,4.0,miscellaneous object,CISLR_v1.5-a_videos/UpTUXgf7Wck.mp4,test
UrDzxGca4Vg,jal mahal,6.0,geography,CISLR_v1.5-a_videos/UrDzxGca4Vg.mp4,prototype
Us3qUIzVN30_1,outstanding cheque,8.0,banking,CISLR_v1.5-a_videos/Us3qUIzVN30_1.mp4,prototype
UsfdUqWfoko_1,tum over,8.0,banking,CISLR_v1.5-a_videos/UsfdUqWfoko_1.mp4,prototype
UtDbK5h2P5s,advocate general,7.0,profession,CISLR_v1.5-a_videos/UtDbK5h2P5s.mp4,prototype
UtIn2Jira9w,builder,6.0,profession,CISLR_v1.5-a_videos/UtIn2Jira9w.mp4,prototype
UuYeKt00J9s_2,battery,8.0,physics,CISLR_v1.5-a_videos/UuYeKt00J9s_2.mp4,prototype
UvsWlQg31Ts,pain,3.0,sensation,CISLR_v1.5-a_videos/UvsWlQg31Ts.mp4,test
UwWaRajzxt0,regular,4.0,attribute,CISLR_v1.5-a_videos/UwWaRajzxt0.mp4,prototype
UwjyKkkLN7o_1,remittance,8.0,banking,CISLR_v1.5-a_videos/UwjyKkkLN7o_1.mp4,prototype
Uwz4-pLZMC8,punctual,4.0,attribute,CISLR_v1.5-a_videos/Uwz4-pLZMC8.mp4,test
UxC_mC9iK-I,eraser,7.0,utility item,CISLR_v1.5-a_videos/UxC_mC9iK-I.mp4,prototype
UxfnLulLdVQ,suspect,12.0,legal,CISLR_v1.5-a_videos/UxfnLulLdVQ.mp4,test
UyIz1DzGwQQ_1,explain,7.0,action,CISLR_v1.5-a_videos/UyIz1DzGwQQ_1.mp4,test
UyOvMtr_ZOE_1,lc,8.0,banking,CISLR_v1.5-a_videos/UyOvMtr_ZOE_1.mp4,prototype
UyuuFpV2QCg,extend,5.0,action,CISLR_v1.5-a_videos/UyuuFpV2QCg.mp4,prototype
Uyx_b73fxUc,hearsay,15.0,legal,CISLR_v1.5-a_videos/Uyx_b73fxUc.mp4,prototype
Uz_wWiAtIUY,thread,8.0,utility item,CISLR_v1.5-a_videos/Uz_wWiAtIUY.mp4,prototype
UzpCuTtVV9Y_1,understand,6.0,action,CISLR_v1.5-a_videos/UzpCuTtVV9Y_1.mp4,test
V-BQYv-0PKs,podium,6.0,miscellaneous object,CISLR_v1.5-a_videos/V-BQYv-0PKs.mp4,test
V-YrxoE9qBE,publish,4.0,action,CISLR_v1.5-a_videos/V-YrxoE9qBE.mp4,prototype
V0VRDcoop14_1,duplicate,9.0,comparator,CISLR_v1.5-a_videos/V0VRDcoop14_1.mp4,prototype
V1-w01T8L84_1,folio,9.0,readable,CISLR_v1.5-a_videos/V1-w01T8L84_1.mp4,prototype
V1dlIBcgvjo,inner shell membrane,14.0,biology,CISLR_v1.5-a_videos/V1dlIBcgvjo.mp4,prototype
V279MbdgsSY_1,hair,7.0,biology,CISLR_v1.5-a_videos/V279MbdgsSY_1.mp4,test
V29VnUcT42Q,wiring,13.0,action,CISLR_v1.5-a_videos/V29VnUcT42Q.mp4,test
V2MPSLmneX0,colour palette,10.0,colour,CISLR_v1.5-a_videos/V2MPSLmneX0.mp4,prototype
V2xejNSSroM,upper division clerk,4.0,profession,CISLR_v1.5-a_videos/V2xejNSSroM.mp4,prototype
V3YYjAXQwmI_2,rectifier,10.0,instrument,CISLR_v1.5-a_videos/V3YYjAXQwmI_2.mp4,prototype
V3bwmMHBHzE,engineering compass,14.0,instrument,CISLR_v1.5-a_videos/V3bwmMHBHzE.mp4,prototype
V3nAp-Rq1W0_1,mtl,10.0,banking,CISLR_v1.5-a_videos/V3nAp-Rq1W0_1.mp4,prototype
V3vmgiymarA,route,10.0,transport,CISLR_v1.5-a_videos/V3vmgiymarA.mp4,prototype
V41e4s7n5jY_1,cure,7.0,medical,CISLR_v1.5-a_videos/V41e4s7n5jY_1.mp4,prototype
V4nZC24tRJ4_2,solar system,9.0,astronomical,CISLR_v1.5-a_videos/V4nZC24tRJ4_2.mp4,prototype
V5ZoFg0ZI08_1,noc,9.0,legal,CISLR_v1.5-a_videos/V5ZoFg0ZI08_1.mp4,prototype
V5ays4bEcFE,brandishing of a weapon,11.0,legal,CISLR_v1.5-a_videos/V5ays4bEcFE.mp4,prototype
V5pMbP6wR8k,corel draw,7.0,internet,CISLR_v1.5-a_videos/V5pMbP6wR8k.mp4,prototype
V63xT_OqUOw_1,yellow,9.0,attribute,CISLR_v1.5-a_videos/V63xT_OqUOw_1.mp4,test
V6STX-F9V8o_1,overdue,9.0,time,CISLR_v1.5-a_videos/V6STX-F9V8o_1.mp4,prototype
V762TGrdsYI,establish,6.0,action,CISLR_v1.5-a_videos/V762TGrdsYI.mp4,prototype
V94cJaXyYpY,obey,3.0,action,CISLR_v1.5-a_videos/V94cJaXyYpY.mp4,prototype
V9YCBo53D94_1,bedroom,10.0,construction,CISLR_v1.5-a_videos/V9YCBo53D94_1.mp4,test
VA6jHsfpa4g,acacia modesta,14.0,flora and fauna,CISLR_v1.5-a_videos/VA6jHsfpa4g.mp4,prototype
VAGtePDt80E_1,bark,6.0,action,CISLR_v1.5-a_videos/VAGtePDt80E_1.mp4,prototype
VAhELbOjQFc,india,4.0,geography,CISLR_v1.5-a_videos/VAhELbOjQFc.mp4,test
VAiekrFaH-A_2,noise pollution,8.0,sound,CISLR_v1.5-a_videos/VAiekrFaH-A_2.mp4,test
VBM4ss11k-k,anxious,4.0,emotion,CISLR_v1.5-a_videos/VBM4ss11k-k.mp4,prototype
VBX7WykbnZM,python,6.0,flora and fauna,CISLR_v1.5-a_videos/VBX7WykbnZM.mp4,prototype
VBdO8sQJM1s_1,vessel,7.0,utility item,CISLR_v1.5-a_videos/VBdO8sQJM1s_1.mp4,prototype
VBnTbBdLA1M_2,direct,9.0,language,CISLR_v1.5-a_videos/VBnTbBdLA1M_2.mp4,prototype
VBvgxVhTCU4,cultivators,7.0,profession,CISLR_v1.5-a_videos/VBvgxVhTCU4.mp4,prototype
VBx8a9gFcQI_1,cinema,5.0,entertainment,CISLR_v1.5-a_videos/VBx8a9gFcQI_1.mp4,test
VCAyZMacKXM,inverter,6.0,electronic and electrical,CISLR_v1.5-a_videos/VCAyZMacKXM.mp4,prototype
VCDSOi8Hix0,distance,7.0,metric,CISLR_v1.5-a_videos/VCDSOi8Hix0.mp4,test
VCOeuYSrcMI_1,puppet show,5.0,event,CISLR_v1.5-a_videos/VCOeuYSrcMI_1.mp4,prototype
VCRZM4u-FYs,power,4.0,attribute,CISLR_v1.5-a_videos/VCRZM4u-FYs.mp4,test
VC_lTWT1HXU,right,4.0,spatial position,CISLR_v1.5-a_videos/VC_lTWT1HXU.mp4,test
VCjWwq5ww18_1,granddaughter,13.0,relation,CISLR_v1.5-a_videos/VCjWwq5ww18_1.mp4,prototype
VDET3icqk6A,wrench,15.0,instrument,CISLR_v1.5-a_videos/VDET3icqk6A.mp4,prototype
VDbvWI5QT70,neighbour,4.0,human,CISLR_v1.5-a_videos/VDbvWI5QT70.mp4,prototype
VEALNsI7Ijg,silk,4.0,wearable,CISLR_v1.5-a_videos/VEALNsI7Ijg.mp4,test
VEppUiloi6c_1,blood pressure,8.0,medical,CISLR_v1.5-a_videos/VEppUiloi6c_1.mp4,test
VFLmd-lcwZw_1,praise,6.0,action,CISLR_v1.5-a_videos/VFLmd-lcwZw_1.mp4,test
VGY3MIoFFoU_2,procedure,7.0,action,CISLR_v1.5-a_videos/VGY3MIoFFoU_2.mp4,prototype
VGa4oRGUQ-w,exchange positions,4.0,action,CISLR_v1.5-a_videos/VGa4oRGUQ-w.mp4,prototype
VH9BKxQgE4I,veterinarian,8.0,profession,CISLR_v1.5-a_videos/VH9BKxQgE4I.mp4,prototype
VHEz_cYLDe8,puducherry,4.0,geography,CISLR_v1.5-a_videos/VHEz_cYLDe8.mp4,prototype
VHdpLk4GK08_2,convex mirror,9.0,physics,CISLR_v1.5-a_videos/VHdpLk4GK08_2.mp4,prototype
VI6RwfsB3Tc_1,hippo,7.0,flora and fauna,CISLR_v1.5-a_videos/VI6RwfsB3Tc_1.mp4,test
VIDtd_VYM2Y,copy,8.0,action,CISLR_v1.5-a_videos/VIDtd_VYM2Y.mp4,test
VJNSZFoRLzE,follow,4.0,action,CISLR_v1.5-a_videos/VJNSZFoRLzE.mp4,test
VJlRCE_Tw3A_1,silver,7.0,metal and minerals,CISLR_v1.5-a_videos/VJlRCE_Tw3A_1.mp4,test
VKeDxmyvczg_1,account govemment,13.0,banking,CISLR_v1.5-a_videos/VKeDxmyvczg_1.mp4,prototype
VL83qtgsLCk,printer,5.0,instrument,CISLR_v1.5-a_videos/VL83qtgsLCk.mp4,prototype
VLeir-T0xmU,magnet,5.0,physics,CISLR_v1.5-a_videos/VLeir-T0xmU.mp4,test
VMI2RvR_tNA,demarcation west bengal,10.0,authority,CISLR_v1.5-a_videos/VMI2RvR_tNA.mp4,prototype
VMsWda7pWZA,black,5.0,quality,CISLR_v1.5-a_videos/VMsWda7pWZA.mp4,test
VN0pOHZP1KQ,leave,13.0,profession,CISLR_v1.5-a_videos/VN0pOHZP1KQ.mp4,test
VO1Wuqwc4wg,memory unit,15.0,metric,CISLR_v1.5-a_videos/VO1Wuqwc4wg.mp4,prototype
VOEpCw8MRuo,factorisation,14.0,math,CISLR_v1.5-a_videos/VOEpCw8MRuo.mp4,prototype
VORmSzXh6YU,funny,5.0,sensation,CISLR_v1.5-a_videos/VORmSzXh6YU.mp4,test
VPB0XOlm-qE,counter sinking,6.0,process,CISLR_v1.5-a_videos/VPB0XOlm-qE.mp4,prototype
VPU-Gw_h9ko,debit card,4.0,banking,CISLR_v1.5-a_videos/VPU-Gw_h9ko.mp4,test
VPiwsR-P4Tc_1,skin,8.0,biology,CISLR_v1.5-a_videos/VPiwsR-P4Tc_1.mp4,test
VPja-SPBsSk_1,rice,5.0,foods and drinks,CISLR_v1.5-a_videos/VPja-SPBsSk_1.mp4,test
VRTBNXGQAVY,applique,10.0,wearable,CISLR_v1.5-a_videos/VRTBNXGQAVY.mp4,prototype
VRhdtFEOlXs,man,4.0,human,CISLR_v1.5-a_videos/VRhdtFEOlXs.mp4,prototype
VS_ZuiQIJx0,no,5.0,abstract,CISLR_v1.5-a_videos/VS_ZuiQIJx0.mp4,test
VSvlO0WM5fg_1,november,6.0,time,CISLR_v1.5-a_videos/VSvlO0WM5fg_1.mp4,test
VT9WJZKrys8_1,true,6.0,abstract,CISLR_v1.5-a_videos/VT9WJZKrys8_1.mp4,test
VTDRIXo-Bpg_1,kurta,6.0,wearable,CISLR_v1.5-a_videos/VTDRIXo-Bpg_1.mp4,test
VV3za4vmTTs,vessel,7.0,utility item,CISLR_v1.5-a_videos/VV3za4vmTTs.mp4,test
VV7wIkRKbf0_1,form,6.0,readable,CISLR_v1.5-a_videos/VV7wIkRKbf0_1.mp4,test
VWNsruK2Yk0_1,programme,7.0,event,CISLR_v1.5-a_videos/VWNsruK2Yk0_1.mp4,prototype
VX-0YdOVhIE,hashtag,3.0,language,CISLR_v1.5-a_videos/VX-0YdOVhIE.mp4,prototype
VYVrUCzDt_w_1,uncovered,7.0,banking,CISLR_v1.5-a_videos/VYVrUCzDt_w_1.mp4,prototype
V_NJjyZpYY4,indicator,15.0,time,CISLR_v1.5-a_videos/V_NJjyZpYY4.mp4,prototype
VaWad6GHjNM_1,lips,7.0,biology,CISLR_v1.5-a_videos/VaWad6GHjNM_1.mp4,prototype
VaXddHdk-K0_1,pillow,8.0,utility item,CISLR_v1.5-a_videos/VaXddHdk-K0_1.mp4,test
Va_b6_X-wOs,fishing for games,5.0,sport,CISLR_v1.5-a_videos/Va_b6_X-wOs.mp4,prototype
VbRmhM7sUGo,wet,3.0,attribute,CISLR_v1.5-a_videos/VbRmhM7sUGo.mp4,prototype
VbiFEC7SKhg_2,instrument,9.0,instrument,CISLR_v1.5-a_videos/VbiFEC7SKhg_2.mp4,prototype
Vc0YkcqRNAM,kohima,5.0,geography,CISLR_v1.5-a_videos/Vc0YkcqRNAM.mp4,prototype
Vc81XotPSFs,madagascar,3.0,geography,CISLR_v1.5-a_videos/Vc81XotPSFs.mp4,prototype
VcOM49u8maQ,share market,3.0,banking,CISLR_v1.5-a_videos/VcOM49u8maQ.mp4,prototype
VdG0pGDoCzM,ethics,4.0,behavior,CISLR_v1.5-a_videos/VdG0pGDoCzM.mp4,prototype
VdR3IR0wqDY,air,3.0,substance,CISLR_v1.5-a_videos/VdR3IR0wqDY.mp4,test
VdaOSlNkCEY,print,4.0,action,CISLR_v1.5-a_videos/VdaOSlNkCEY.mp4,prototype
VfKd7mog6AA,tug of war haryana,7.0,sport,CISLR_v1.5-a_videos/VfKd7mog6AA.mp4,prototype
VfN66I8-KEk,war,5.0,abstract,CISLR_v1.5-a_videos/VfN66I8-KEk.mp4,test
VfQpOfUkVg8,my name is,4.0,language,CISLR_v1.5-a_videos/VfQpOfUkVg8.mp4,prototype
Vft0oixnLPs,mushroom pleating,9.0,process,CISLR_v1.5-a_videos/Vft0oixnLPs.mp4,prototype
VgrQMDa1vlI,hand sanitizer,9.0,substance,CISLR_v1.5-a_videos/VgrQMDa1vlI.mp4,prototype
VhB51KKUi10,air pollution,5.0,chemistry,CISLR_v1.5-a_videos/VhB51KKUi10.mp4,prototype
VhiPxEZMhus_1,monday,6.0,time,CISLR_v1.5-a_videos/VhiPxEZMhus_1.mp4,test
VhpYWt3XsNk,caftan,8.0,wearable,CISLR_v1.5-a_videos/VhpYWt3XsNk.mp4,prototype
VhsF-apA_D8_1,barber,6.0,profession,CISLR_v1.5-a_videos/VhsF-apA_D8_1.mp4,prototype
VhyiA9MZWZw,half,3.0,math,CISLR_v1.5-a_videos/VhyiA9MZWZw.mp4,test
VigebdpoRlI,chief justice,13.0,legal,CISLR_v1.5-a_videos/VigebdpoRlI.mp4,prototype
VjjImnuWU2A_2,variable,7.0,math,CISLR_v1.5-a_videos/VjjImnuWU2A_2.mp4,test
VkHrewA9bJI_1,trust,7.0,emotion,CISLR_v1.5-a_videos/VkHrewA9bJI_1.mp4,test
VkrF0Q4fWRo,group,4.0,group,CISLR_v1.5-a_videos/VkrF0Q4fWRo.mp4,test
Vl5pPd0iGy8_2,integrated chip,10.0,electronic and electrical,CISLR_v1.5-a_videos/Vl5pPd0iGy8_2.mp4,prototype
VoGbGa9k9K8_1,requisite,6.0,abstract,CISLR_v1.5-a_videos/VoGbGa9k9K8_1.mp4,prototype
VqF3Q_7eQDc_1,china,7.0,geography,CISLR_v1.5-a_videos/VqF3Q_7eQDc_1.mp4,prototype
VqIMqvX3c20,advance,3.0,banking,CISLR_v1.5-a_videos/VqIMqvX3c20.mp4,prototype
VqaaRKqS4tw_1,poor,6.0,abstract,CISLR_v1.5-a_videos/VqaaRKqS4tw_1.mp4,test
VqeazWZzEp4,disobey,5.0,behavior,CISLR_v1.5-a_videos/VqeazWZzEp4.mp4,prototype
VqekGul5Xb0_1,mother,9.0,relation,CISLR_v1.5-a_videos/VqekGul5Xb0_1.mp4,test
VsCf7FnMXn0_1,cholera,6.0,medical,CISLR_v1.5-a_videos/VsCf7FnMXn0_1.mp4,prototype
VsZTOd6ZyJ4_1,how big,6.0,quantity,CISLR_v1.5-a_videos/VsZTOd6ZyJ4_1.mp4,prototype
VvCX63OKLoA_1,responsibility,7.0,abstract,CISLR_v1.5-a_videos/VvCX63OKLoA_1.mp4,prototype
VvIaOziZ0ac_1,minutes,6.0,time,CISLR_v1.5-a_videos/VvIaOziZ0ac_1.mp4,test
VvT_rRyfhYs,google chat,6.0,internet,CISLR_v1.5-a_videos/VvT_rRyfhYs.mp4,prototype
VvrNTIzW2g8_1,testament,12.0,attribute,CISLR_v1.5-a_videos/VvrNTIzW2g8_1.mp4,prototype
VvsXemECtHM_1,high,7.0,spatial position,CISLR_v1.5-a_videos/VvsXemECtHM_1.mp4,prototype
Vxw3BnPmi3s_1,college,7.0,education,CISLR_v1.5-a_videos/Vxw3BnPmi3s_1.mp4,test
VyDyh75isWg,form,6.0,readable,CISLR_v1.5-a_videos/VyDyh75isWg.mp4,test
VyjKJB6Koyk,laying,15.0,action,CISLR_v1.5-a_videos/VyjKJB6Koyk.mp4,prototype
VylWxxPSBOo,croatia,3.0,geography,CISLR_v1.5-a_videos/VylWxxPSBOo.mp4,prototype
Vym9FKyQnLQ_1,landlord,10.0,banking,CISLR_v1.5-a_videos/Vym9FKyQnLQ_1.mp4,prototype
W0VSNIUgNVw,endure,4.0,action,CISLR_v1.5-a_videos/W0VSNIUgNVw.mp4,test
W1JjuXkqfyA,canteen,4.0,organisation,CISLR_v1.5-a_videos/W1JjuXkqfyA.mp4,prototype
W2MiLfsDFyU,wind erosion,14.0,geography,CISLR_v1.5-a_videos/W2MiLfsDFyU.mp4,prototype
W2nI_GK8rY4_1,district,8.0,geography,CISLR_v1.5-a_videos/W2nI_GK8rY4_1.mp4,prototype
W3kbYwydKm4_1,sari,6.0,wearable,CISLR_v1.5-a_videos/W3kbYwydKm4_1.mp4,test
W3mz1IrwitA,hypotension,6.0,biology,CISLR_v1.5-a_videos/W3mz1IrwitA.mp4,prototype
W45SsK9W5qc_1,trophy,6.0,miscellaneous object,CISLR_v1.5-a_videos/W45SsK9W5qc_1.mp4,prototype
W4DGPU0uPEw_1,manure,8.0,flora and fauna,CISLR_v1.5-a_videos/W4DGPU0uPEw_1.mp4,prototype
W4I02aYytbg,pencil box,5.0,utility item,CISLR_v1.5-a_videos/W4I02aYytbg.mp4,prototype
W4cePmQ87gw,narrow,6.0,quality,CISLR_v1.5-a_videos/W4cePmQ87gw.mp4,test
W5EDhJ6YeyE,drug addiction,14.0,stage,CISLR_v1.5-a_videos/W5EDhJ6YeyE.mp4,prototype
W5RDOklZQxc,empowerment,4.0,abstract,CISLR_v1.5-a_videos/W5RDOklZQxc.mp4,prototype
W5yf-VHdSsg_2,change in state,8.0,chemistry,CISLR_v1.5-a_videos/W5yf-VHdSsg_2.mp4,prototype
W62nMzY2gT4_1,earthquake,7.0,event,CISLR_v1.5-a_videos/W62nMzY2gT4_1.mp4,test
W6k4SdELuOA,bib,5.0,wearable,CISLR_v1.5-a_videos/W6k4SdELuOA.mp4,prototype
W7fDu4rueCg_1,follow,6.0,action,CISLR_v1.5-a_videos/W7fDu4rueCg_1.mp4,test
W8978OLdbx0,left demrocatic front,3.0,politics,CISLR_v1.5-a_videos/W8978OLdbx0.mp4,prototype
W8DhdsaqA1A,hdfc  bank,6.0,organisation,CISLR_v1.5-a_videos/W8DhdsaqA1A.mp4,prototype
W96HGg5hT2Y_1,previous,7.0,time,CISLR_v1.5-a_videos/W96HGg5hT2Y_1.mp4,prototype
W98Zz8BTu7A_1,through,5.0,stage,CISLR_v1.5-a_videos/W98Zz8BTu7A_1.mp4,prototype
W9OUQR3I6nU_2,magnetism,8.0,physics,CISLR_v1.5-a_videos/W9OUQR3I6nU_2.mp4,prototype
WA9_DgdTz7M_1,department,11.0,abstract,CISLR_v1.5-a_videos/WA9_DgdTz7M_1.mp4,prototype
WAJPb-9uOMI,electrical engineering,6.0,education,CISLR_v1.5-a_videos/WAJPb-9uOMI.mp4,prototype
WAWc1DosGJM_1,cave,9.0,geography,CISLR_v1.5-a_videos/WAWc1DosGJM_1.mp4,test
WBHJgw_7yEg,mix,3.0,process,CISLR_v1.5-a_videos/WBHJgw_7yEg.mp4,test
WBIjeM1OYEQ_1,monday,5.0,time,CISLR_v1.5-a_videos/WBIjeM1OYEQ_1.mp4,test
WBM9qyakPIo_1,trunk,6.0,biology,CISLR_v1.5-a_videos/WBM9qyakPIo_1.mp4,prototype
WBcTr4MBhHY_1,progress,6.0,action,CISLR_v1.5-a_videos/WBcTr4MBhHY_1.mp4,prototype
WDHSvLNLkdM,body piercing,7.0,biology,CISLR_v1.5-a_videos/WDHSvLNLkdM.mp4,prototype
WDlqCvrPrAE_1,elephant,6.0,flora and fauna,CISLR_v1.5-a_videos/WDlqCvrPrAE_1.mp4,test
WERWKq12o8g,sunny,4.0,weather,CISLR_v1.5-a_videos/WERWKq12o8g.mp4,prototype
WEnejEf0veY,close,5.0,action,CISLR_v1.5-a_videos/WEnejEf0veY.mp4,test
WFrPLJ77amU,like social media,4.0,internet,CISLR_v1.5-a_videos/WFrPLJ77amU.mp4,test
WGdXSExEco8,classification of shrubs,9.0,action,CISLR_v1.5-a_videos/WGdXSExEco8.mp4,prototype
WGp_XsdMsp8,5g,3.0,internet,CISLR_v1.5-a_videos/WGp_XsdMsp8.mp4,prototype
WGvrtl9p1eY,shiv sena,3.0,politics,CISLR_v1.5-a_videos/WGvrtl9p1eY.mp4,prototype
WGwhxNQtfbE_1,where,6.0,abstract,CISLR_v1.5-a_videos/WGwhxNQtfbE_1.mp4,test
WHhRVTU1Lcs_2,decrease,8.0,comparator,CISLR_v1.5-a_videos/WHhRVTU1Lcs_2.mp4,test
WHmrq95mmOw,bolero jacket,7.0,wearable,CISLR_v1.5-a_videos/WHmrq95mmOw.mp4,prototype
WISR3HEeKgU,hard of hearing,5.0,sound,CISLR_v1.5-a_videos/WISR3HEeKgU.mp4,prototype
WKPkIP9yP4s_2,millilitre,7.0,metric,CISLR_v1.5-a_videos/WKPkIP9yP4s_2.mp4,test
WKgIi8YdHtI,local train,4.0,transport,CISLR_v1.5-a_videos/WKgIi8YdHtI.mp4,prototype
WLBjunNqebs_1,hen,6.0,flora and fauna,CISLR_v1.5-a_videos/WLBjunNqebs_1.mp4,test
WMZ6Yh1FSP4_1,skilled labour,9.0,attribute,CISLR_v1.5-a_videos/WMZ6Yh1FSP4_1.mp4,prototype
WNcSoq9M-FU,maximum,4.0,quantity,CISLR_v1.5-a_videos/WNcSoq9M-FU.mp4,prototype
WNeSwJJ4J7o,deceased,7.0,medical,CISLR_v1.5-a_videos/WNeSwJJ4J7o.mp4,prototype
WOUQtem-BE0,bengali,5.0,language,CISLR_v1.5-a_videos/WOUQtem-BE0.mp4,test
WP5T6GzCCy4,june,4.0,time,CISLR_v1.5-a_videos/WP5T6GzCCy4.mp4,test
WPckRR8epk8_1,purchase retum,9.0,banking,CISLR_v1.5-a_videos/WPckRR8epk8_1.mp4,prototype
WPgq1Rr9M9s_2,resistor,8.0,physics,CISLR_v1.5-a_videos/WPgq1Rr9M9s_2.mp4,test
WQpetmGGa2Y,classification of poultry feeds,15.0,action,CISLR_v1.5-a_videos/WQpetmGGa2Y.mp4,prototype
WQtuFPPXrts_1,occupation,6.0,profession,CISLR_v1.5-a_videos/WQtuFPPXrts_1.mp4,prototype
WSEFp-h4Vk0,blood pressure,5.0,medical,CISLR_v1.5-a_videos/WSEFp-h4Vk0.mp4,test
WUH-YL4puUI_1,confidential report,10.0,legal,CISLR_v1.5-a_videos/WUH-YL4puUI_1.mp4,prototype
WUTYbHOHrnM,hand rail,4.0,construction,CISLR_v1.5-a_videos/WUTYbHOHrnM.mp4,prototype
WV786dTqOyQ,sandwich,6.0,foods and drinks,CISLR_v1.5-a_videos/WV786dTqOyQ.mp4,test
WVaqG1MJyr4_1,face value,7.0,banking,CISLR_v1.5-a_videos/WVaqG1MJyr4_1.mp4,prototype
WW5m7jWsHFA_1,comfortable,7.0,sensation,CISLR_v1.5-a_videos/WW5m7jWsHFA_1.mp4,test
WWSODzzlgO8_2,eclipse,9.0,event,CISLR_v1.5-a_videos/WWSODzzlgO8_2.mp4,test
WX8QEtaZ8Qs_1,level,8.0,abstract,CISLR_v1.5-a_videos/WX8QEtaZ8Qs_1.mp4,test
WXDDCUpUoUo,guru nanak,5.0,human,CISLR_v1.5-a_videos/WXDDCUpUoUo.mp4,prototype
WYEvZx_EaEo,akshay kumar,4.0,human,CISLR_v1.5-a_videos/WYEvZx_EaEo.mp4,prototype
WYav7_mmBHc_1,intensive,8.0,quantity,CISLR_v1.5-a_videos/WYav7_mmBHc_1.mp4,prototype
WYgbIDwh3pQ_1,attendant,14.0,profession,CISLR_v1.5-a_videos/WYgbIDwh3pQ_1.mp4,prototype
WYoKVNCSH30_1,witness,7.0,human,CISLR_v1.5-a_videos/WYoKVNCSH30_1.mp4,prototype
WZNbLu4g4IA,backdate,5.0,time,CISLR_v1.5-a_videos/WZNbLu4g4IA.mp4,test
W_qFjH-GKzA_1,thank you,7.0,gesture,CISLR_v1.5-a_videos/W_qFjH-GKzA_1.mp4,test
WaTcrOr3-gk,international,5.0,geography,CISLR_v1.5-a_videos/WaTcrOr3-gk.mp4,prototype
WaYyPwTPsY4,hug,4.0,gesture,CISLR_v1.5-a_videos/WaYyPwTPsY4.mp4,prototype
Wasx0HPXASQ,move,5.0,process,CISLR_v1.5-a_videos/Wasx0HPXASQ.mp4,prototype
WcmCeaR7Kk4,monsoon,7.0,geography,CISLR_v1.5-a_videos/WcmCeaR7Kk4.mp4,prototype
WdBygG07nkU,knife,6.0,utility item,CISLR_v1.5-a_videos/WdBygG07nkU.mp4,test
WdE0jsfQVhw_1,blue,9.0,quality,CISLR_v1.5-a_videos/WdE0jsfQVhw_1.mp4,test
WdZpExRajmQ_1,thursday,5.0,time,CISLR_v1.5-a_videos/WdZpExRajmQ_1.mp4,test
Web5iasWBo8,programme,10.0,event,CISLR_v1.5-a_videos/Web5iasWBo8.mp4,test
WegWM9MfmYo,official,6.0,profession,CISLR_v1.5-a_videos/WegWM9MfmYo.mp4,prototype
Wi0iDXiVO3Q,allahabad bank,5.0,banking,CISLR_v1.5-a_videos/Wi0iDXiVO3Q.mp4,prototype
WiOoeG7LL6I,clean,5.0,action,CISLR_v1.5-a_videos/WiOoeG7LL6I.mp4,prototype
WihSOQ3tQkw_1,gazette,10.0,readable,CISLR_v1.5-a_videos/WihSOQ3tQkw_1.mp4,prototype
Wj8Inf10Cds,donkey,6.0,flora and fauna,CISLR_v1.5-a_videos/Wj8Inf10Cds.mp4,test
WjM69tcGYT4,next,5.0,time,CISLR_v1.5-a_videos/WjM69tcGYT4.mp4,prototype
WjikjzSwWqo_1,mail,6.0,readable,CISLR_v1.5-a_videos/WjikjzSwWqo_1.mp4,prototype
WlHa4foZbc0,queen,4.0,authority,CISLR_v1.5-a_videos/WlHa4foZbc0.mp4,test
WlhFpHM7lYY,see,4.0,action,CISLR_v1.5-a_videos/WlhFpHM7lYY.mp4,test
Wli68zezuKs_1,sight bill,7.0,legal,CISLR_v1.5-a_videos/Wli68zezuKs_1.mp4,prototype
WnMFiznX8XY_1,registered,7.0,legal,CISLR_v1.5-a_videos/WnMFiznX8XY_1.mp4,prototype
WoCa7_MyCog_2,melting point,9.0,physics,CISLR_v1.5-a_videos/WoCa7_MyCog_2.mp4,prototype
WoNO_8tWHBQ,young,4.0,attribute,CISLR_v1.5-a_videos/WoNO_8tWHBQ.mp4,test
Wp4jKO4IYgU_1,wednesday,5.0,time,CISLR_v1.5-a_videos/Wp4jKO4IYgU_1.mp4,test
WpleZf7o6Gc_1,welcome,6.0,greeting,CISLR_v1.5-a_videos/WpleZf7o6Gc_1.mp4,test
WqC9XaIJz8w_1,tabala,6.0,sound,CISLR_v1.5-a_videos/WqC9XaIJz8w_1.mp4,prototype
WqPLcJouptA_2,longitudinal wave,11.0,geography,CISLR_v1.5-a_videos/WqPLcJouptA_2.mp4,prototype
WqWsOMVE56M_1,relative,11.0,relation,CISLR_v1.5-a_videos/WqWsOMVE56M_1.mp4,prototype
WrkOKBm3ALI_1,china,7.0,geography,CISLR_v1.5-a_videos/WrkOKBm3ALI_1.mp4,test
Wro4Idj6K5s,crow bar,5.0,machine,CISLR_v1.5-a_videos/Wro4Idj6K5s.mp4,prototype
WuGMN12WHWc_1,negogiable instrumemts,10.0,instrument,CISLR_v1.5-a_videos/WuGMN12WHWc_1.mp4,prototype
WuKSQ-_M1aI,rat,4.0,flora and fauna,CISLR_v1.5-a_videos/WuKSQ-_M1aI.mp4,test
WuoR5g21H1Q,kannada,8.0,language,CISLR_v1.5-a_videos/WuoR5g21H1Q.mp4,prototype
Wv59G4v5X2Y,colour,3.0,colour,CISLR_v1.5-a_videos/Wv59G4v5X2Y.mp4,prototype
WviZ3J-pPPI_1,working capital,8.0,banking,CISLR_v1.5-a_videos/WviZ3J-pPPI_1.mp4,prototype
WwD4gB4M3XA_2,real image,8.0,physics,CISLR_v1.5-a_videos/WwD4gB4M3XA_2.mp4,prototype
WwL2FQcTAlg_1,kitchen,7.0,foods and drinks,CISLR_v1.5-a_videos/WwL2FQcTAlg_1.mp4,test
WwlvxaeHNGI,video call,5.0,internet,CISLR_v1.5-a_videos/WwlvxaeHNGI.mp4,prototype
WxIEetxTkzk,urdu,3.0,language,CISLR_v1.5-a_videos/WxIEetxTkzk.mp4,test
WzQaqtHXGOc,waveform,4.0,physics,CISLR_v1.5-a_videos/WzQaqtHXGOc.mp4,prototype
WzjR1buH7o8,learn,6.0,action,CISLR_v1.5-a_videos/WzjR1buH7o8.mp4,test
X-yEakgxzbs,kali mata,4.0,religious,CISLR_v1.5-a_videos/X-yEakgxzbs.mp4,test
X0wavLbnBUU_1,sunset,7.0,event,CISLR_v1.5-a_videos/X0wavLbnBUU_1.mp4,test
X1g2HV45ghU,fish as a human food,9.0,foods and drinks,CISLR_v1.5-a_videos/X1g2HV45ghU.mp4,prototype
X2LpR5Hc7YE,air matress,8.0,utility item,CISLR_v1.5-a_videos/X2LpR5Hc7YE.mp4,prototype
X2PsOJ4GaNY,next,4.0,time,CISLR_v1.5-a_videos/X2PsOJ4GaNY.mp4,test
X2zPMYXfVkI_1,bright,8.0,attribute,CISLR_v1.5-a_videos/X2zPMYXfVkI_1.mp4,test
X3SkopKJi5M_1,gujarat,6.0,geography,CISLR_v1.5-a_videos/X3SkopKJi5M_1.mp4,test
X3YXNM8tpD8,fryers,15.0,foods and drinks,CISLR_v1.5-a_videos/X3YXNM8tpD8.mp4,prototype
X4AM6n6lNhw_1,password,9.0,computer,CISLR_v1.5-a_videos/X4AM6n6lNhw_1.mp4,prototype
X4Vs1TVkNss,yahoo,3.0,internet,CISLR_v1.5-a_videos/X4Vs1TVkNss.mp4,prototype
X5CuJTOY2g0,way,3.0,process,CISLR_v1.5-a_videos/X5CuJTOY2g0.mp4,test
X6SdTvnlu94_1,soiled note,9.0,banking,CISLR_v1.5-a_videos/X6SdTvnlu94_1.mp4,prototype
X6V6ixAK0bI,inflammatory bowel disease,12.0,biology,CISLR_v1.5-a_videos/X6V6ixAK0bI.mp4,prototype
X6ZfXYmVdZY,train,4.0,transport,CISLR_v1.5-a_videos/X6ZfXYmVdZY.mp4,test
X7cTwzYjoko,vertical scroll bar,13.0,computer,CISLR_v1.5-a_videos/X7cTwzYjoko.mp4,prototype
X7vnmMCdV48,hurdle race,4.0,sport,CISLR_v1.5-a_videos/X7vnmMCdV48.mp4,prototype
X8RjdHHXbCY_2,soldering flux,9.0,physics,CISLR_v1.5-a_videos/X8RjdHHXbCY_2.mp4,prototype
X8_WnuAdIoE_1,bread,6.0,foods and drinks,CISLR_v1.5-a_videos/X8_WnuAdIoE_1.mp4,test
X9PzLJ-yL6s_1,september,6.0,time,CISLR_v1.5-a_videos/X9PzLJ-yL6s_1.mp4,test
X9wanmhpROw_1,maturity,10.0,behavior,CISLR_v1.5-a_videos/X9wanmhpROw_1.mp4,prototype
XAvOgSgdGDA,motorcycle,5.0,transport,CISLR_v1.5-a_videos/XAvOgSgdGDA.mp4,prototype
XBDWMGgWI04_1,aluminium,8.0,metal and minerals,CISLR_v1.5-a_videos/XBDWMGgWI04_1.mp4,test
XCPgFzW3yUE_1,withdrawal slip,7.0,banking,CISLR_v1.5-a_videos/XCPgFzW3yUE_1.mp4,prototype
XCYJTR2fzss_1,assembly,7.0,group,CISLR_v1.5-a_videos/XCYJTR2fzss_1.mp4,prototype
XCsc6GXwslU_1,april,6.0,time,CISLR_v1.5-a_videos/XCsc6GXwslU_1.mp4,test
XDNgMT4swe4,grow,8.0,time,CISLR_v1.5-a_videos/XDNgMT4swe4.mp4,test
XDO5mNV8P8o,abusive language,11.0,language,CISLR_v1.5-a_videos/XDO5mNV8P8o.mp4,prototype
XDSaCZLa0o0,express train,6.0,transport,CISLR_v1.5-a_videos/XDSaCZLa0o0.mp4,prototype
XE2bfzfoTro,golf,5.0,sport,CISLR_v1.5-a_videos/XE2bfzfoTro.mp4,prototype
XECPEZiJD4E_2,eliminate,7.0,action,CISLR_v1.5-a_videos/XECPEZiJD4E_2.mp4,prototype
XEKKQz2x4DE,dubai,5.0,geography,CISLR_v1.5-a_videos/XEKKQz2x4DE.mp4,test
XEQsvpY65LY_1,ratification,7.0,legal,CISLR_v1.5-a_videos/XEQsvpY65LY_1.mp4,prototype
XFDOnLG4P7Y,shatabdi express,4.0,transport,CISLR_v1.5-a_videos/XFDOnLG4P7Y.mp4,prototype
XFG6tJjEar8,lie,4.0,action,CISLR_v1.5-a_videos/XFG6tJjEar8.mp4,test
XHJhdPI69bU_1,bend,5.0,action,CISLR_v1.5-a_videos/XHJhdPI69bU_1.mp4,prototype
XI4MKE3j4no,communicate,4.0,process,CISLR_v1.5-a_videos/XI4MKE3j4no.mp4,prototype
XIKz5RlhRZU,button placket,5.0,wearable,CISLR_v1.5-a_videos/XIKz5RlhRZU.mp4,prototype
XJlP6BgrAow,san serif,12.0,abstract,CISLR_v1.5-a_videos/XJlP6BgrAow.mp4,prototype
XJmhK6SxaMQ,mugshot,12.0,legal,CISLR_v1.5-a_videos/XJmhK6SxaMQ.mp4,prototype
XMtMf2GRxxk,translator,4.0,electronic and electrical,CISLR_v1.5-a_videos/XMtMf2GRxxk.mp4,prototype
XNwWFLtgL8I,singer,5.0,profession,CISLR_v1.5-a_videos/XNwWFLtgL8I.mp4,prototype
XNzRI_vkkxM_1,banian,7.0,wearable,CISLR_v1.5-a_videos/XNzRI_vkkxM_1.mp4,prototype
XOHJjemMcW8_2,rapidly,8.0,time,CISLR_v1.5-a_videos/XOHJjemMcW8_2.mp4,prototype
XOqFl-yg95M_2,white,9.0,abstract,CISLR_v1.5-a_videos/XOqFl-yg95M_2.mp4,prototype
XP1X2toQb3s,common,5.0,abstract,CISLR_v1.5-a_videos/XP1X2toQb3s.mp4,prototype
XQgxYpjO6jU_2,muitimeter,10.0,instrument,CISLR_v1.5-a_videos/XQgxYpjO6jU_2.mp4,prototype
XR2EElHLeWE_2,heat,8.0,physics,CISLR_v1.5-a_videos/XR2EElHLeWE_2.mp4,prototype
XR_LQZfd3F8,bishop sleeve,7.0,wearable,CISLR_v1.5-a_videos/XR_LQZfd3F8.mp4,prototype
XRo4L75knlY,postman,4.0,profession,CISLR_v1.5-a_videos/XRo4L75knlY.mp4,test
XSg7UigBYwY_1,bus conductor,7.0,human,CISLR_v1.5-a_videos/XSg7UigBYwY_1.mp4,test
XSz3T7I9Fbg_1,leave study,8.0,profession,CISLR_v1.5-a_videos/XSz3T7I9Fbg_1.mp4,prototype
XT42tl2wl_4,general,4.0,abstract,CISLR_v1.5-a_videos/XT42tl2wl_4.mp4,prototype
XT4QvSmPJRQ_1,unearned,8.0,banking,CISLR_v1.5-a_videos/XT4QvSmPJRQ_1.mp4,prototype
XTZcfTHZlW0,haryana,5.0,geography,CISLR_v1.5-a_videos/XTZcfTHZlW0.mp4,prototype
XUmgkiZM4JI_1,earth,8.0,geography,CISLR_v1.5-a_videos/XUmgkiZM4JI_1.mp4,test
XV9orqztWis,bank branch code,7.0,banking,CISLR_v1.5-a_videos/XV9orqztWis.mp4,prototype
XVlUiV0aFOM_1,inspection,8.0,authority,CISLR_v1.5-a_videos/XVlUiV0aFOM_1.mp4,prototype
XVoGUfRZqHo,electrician,5.0,profession,CISLR_v1.5-a_videos/XVoGUfRZqHo.mp4,test
XVyV9wkauSw_1,outstanding report,9.0,readable,CISLR_v1.5-a_videos/XVyV9wkauSw_1.mp4,prototype
XWvuOZR3KRY_1,unavoidable,8.0,abstract,CISLR_v1.5-a_videos/XWvuOZR3KRY_1.mp4,prototype
XWwz6oS8uz8,diarrhea,5.0,medical,CISLR_v1.5-a_videos/XWwz6oS8uz8.mp4,prototype
XYVygMJqlTQ,suspect,6.0,legal,CISLR_v1.5-a_videos/XYVygMJqlTQ.mp4,test
XYfVG8GNe4E_1,funeral,9.0,event,CISLR_v1.5-a_videos/XYfVG8GNe4E_1.mp4,test
XYyZ0xYVA6I,pakistan,3.0,geography,CISLR_v1.5-a_videos/XYyZ0xYVA6I.mp4,test
X_tu5xG4icY_1,lighthouse,8.0,construction,CISLR_v1.5-a_videos/X_tu5xG4icY_1.mp4,test
XaifQVBtgpw_1,axe,7.0,instrument,CISLR_v1.5-a_videos/XaifQVBtgpw_1.mp4,prototype
XalS8Nhpxy8,sim card,4.0,utility item,CISLR_v1.5-a_videos/XalS8Nhpxy8.mp4,prototype
XbKXIrsb2Sw,boolean,12.0,math,CISLR_v1.5-a_videos/XbKXIrsb2Sw.mp4,prototype
XbKePH5Af7I_1,court,6.0,legal,CISLR_v1.5-a_videos/XbKePH5Af7I_1.mp4,prototype
Xbglx4_9h88,iceland,4.0,geography,CISLR_v1.5-a_videos/Xbglx4_9h88.mp4,prototype
Xbumrid_U8k_1,routine,8.0,action,CISLR_v1.5-a_videos/Xbumrid_U8k_1.mp4,prototype
XcQTq6tBNeE_1,communicate,6.0,process,CISLR_v1.5-a_videos/XcQTq6tBNeE_1.mp4,test
Xca-yzLOWRU,close,13.0,action,CISLR_v1.5-a_videos/Xca-yzLOWRU.mp4,test
XclyR8ijJbo_1,running account,10.0,banking,CISLR_v1.5-a_videos/XclyR8ijJbo_1.mp4,prototype
XdGYd0-mOy8,unlimited,5.0,quantity,CISLR_v1.5-a_videos/XdGYd0-mOy8.mp4,prototype
XdNhZENdMvM,shoot,4.0,action,CISLR_v1.5-a_videos/XdNhZENdMvM.mp4,test
XdhGx06dlAI,relative,8.0,relation,CISLR_v1.5-a_videos/XdhGx06dlAI.mp4,test
Xds_c4kK0UQ_2,pollution,7.0,geography,CISLR_v1.5-a_videos/Xds_c4kK0UQ_2.mp4,prototype
XeV_Qqks978,unlawful,5.0,legal,CISLR_v1.5-a_videos/XeV_Qqks978.mp4,test
Xf0NPEArdgY,equal,4.0,metric,CISLR_v1.5-a_videos/Xf0NPEArdgY.mp4,prototype
XfXW-x1C4Es_1,hip,6.0,biology,CISLR_v1.5-a_videos/XfXW-x1C4Es_1.mp4,test
XgbPX-5ddNM,surprised,4.0,behavior,CISLR_v1.5-a_videos/XgbPX-5ddNM.mp4,prototype
XggUmMB_05c_1,arm,8.0,biology,CISLR_v1.5-a_videos/XggUmMB_05c_1.mp4,test
XgnLpUYDvoE,geodetic surveying,14.0,education,CISLR_v1.5-a_videos/XgnLpUYDvoE.mp4,prototype
XhewfEcC070,innovate,8.0,action,CISLR_v1.5-a_videos/XhewfEcC070.mp4,prototype
XhiIueAytF4,stomach,4.0,biology,CISLR_v1.5-a_videos/XhiIueAytF4.mp4,prototype
XhxvdfUYX1E_1,last pay certificate,10.0,banking,CISLR_v1.5-a_videos/XhxvdfUYX1E_1.mp4,prototype
XirShDs3mK8_1,punjab,8.0,geography,CISLR_v1.5-a_videos/XirShDs3mK8_1.mp4,test
Xj4aXWm1Ivk,hack saw frame,8.0,instrument,CISLR_v1.5-a_videos/Xj4aXWm1Ivk.mp4,prototype
XjXXmj-9kFE,virus,6.0,medical,CISLR_v1.5-a_videos/XjXXmj-9kFE.mp4,test
Xjnz65u4rsc_1,cash credit key,10.0,banking,CISLR_v1.5-a_videos/Xjnz65u4rsc_1.mp4,prototype
Xl-YVIaxrFE_2,vacation,9.0,event,CISLR_v1.5-a_videos/Xl-YVIaxrFE_2.mp4,test
XlHIH3wgbr4_1,thorn,6.0,miscellaneous object,CISLR_v1.5-a_videos/XlHIH3wgbr4_1.mp4,prototype
Xlo5HX0NVO0,tool box,9.0,instrument,CISLR_v1.5-a_videos/Xlo5HX0NVO0.mp4,prototype
Xlq9pRiAwLA_1,towards,6.0,relation,CISLR_v1.5-a_videos/Xlq9pRiAwLA_1.mp4,prototype
XnTZYBLuwos,classification according to parts used for crop,15.0,action,CISLR_v1.5-a_videos/XnTZYBLuwos.mp4,prototype
XnkB49W7JEI,humble,4.0,sensation,CISLR_v1.5-a_videos/XnkB49W7JEI.mp4,prototype
XpQ4QGeNsGM_1,angry,7.0,emotion,CISLR_v1.5-a_videos/XpQ4QGeNsGM_1.mp4,test
XpYDSeC0hTA_1,poision,5.0,medical,CISLR_v1.5-a_videos/XpYDSeC0hTA_1.mp4,prototype
XqH46D16YDI_1,tea,5.0,foods and drinks,CISLR_v1.5-a_videos/XqH46D16YDI_1.mp4,prototype
XqcaXXg2ncs,flatulence,10.0,human,CISLR_v1.5-a_videos/XqcaXXg2ncs.mp4,prototype
XqqYCaMA1oM,damp proofing material,13.0,substance,CISLR_v1.5-a_videos/XqqYCaMA1oM.mp4,prototype
Xqqb4UhRPMI_1,underwriter,9.0,banking,CISLR_v1.5-a_videos/Xqqb4UhRPMI_1.mp4,prototype
Xr1SEUip10E,reception,5.0,behavior,CISLR_v1.5-a_videos/Xr1SEUip10E.mp4,test
Xt6ujzVtikU_2,change in temperature,9.0,chemistry,CISLR_v1.5-a_videos/Xt6ujzVtikU_2.mp4,prototype
Xu7Bjpz-ZRs,receive,4.0,action,CISLR_v1.5-a_videos/Xu7Bjpz-ZRs.mp4,test
Xu87pjWy-zY_1,varanasi,5.0,geography,CISLR_v1.5-a_videos/Xu87pjWy-zY_1.mp4,test
XunH_PEln9Y,piece,7.0,miscellaneous object,CISLR_v1.5-a_videos/XunH_PEln9Y.mp4,test
XvUEpKDeies,owner,5.0,human,CISLR_v1.5-a_videos/XvUEpKDeies.mp4,test
XvtQ_hOFO8E_1,dream,6.0,behavior,CISLR_v1.5-a_videos/XvtQ_hOFO8E_1.mp4,test
Xvw_2UBBL30_2,known loss,8.0,banking,CISLR_v1.5-a_videos/Xvw_2UBBL30_2.mp4,prototype
Xw90mtR4Z7c_2,capacitor,8.0,electronic and electrical,CISLR_v1.5-a_videos/Xw90mtR4Z7c_2.mp4,prototype
XwQxJ5FXoQ8,may,5.0,time,CISLR_v1.5-a_videos/XwQxJ5FXoQ8.mp4,prototype
XxRvBiQEf1s,arunachal pradesh,5.0,geography,CISLR_v1.5-a_videos/XxRvBiQEf1s.mp4,test
XyDptoi7dw4,flower for exhibition,13.0,flora and fauna,CISLR_v1.5-a_videos/XyDptoi7dw4.mp4,prototype
XzFGTYxVrW0_2,extermal combustion engine,11.0,machine,CISLR_v1.5-a_videos/XzFGTYxVrW0_2.mp4,prototype
XzRvTWXXufk,vivekananda rock memorial,7.0,construction,CISLR_v1.5-a_videos/XzRvTWXXufk.mp4,prototype
XzUB9q5Buyw_1,sick,7.0,medical,CISLR_v1.5-a_videos/XzUB9q5Buyw_1.mp4,test
Y0-DjFLQcLw,jam,6.0,foods and drinks,CISLR_v1.5-a_videos/Y0-DjFLQcLw.mp4,test
Y0G5Sqs-lYw,librarian,4.0,profession,CISLR_v1.5-a_videos/Y0G5Sqs-lYw.mp4,prototype
Y0JhQ12-JVE,negligent,4.0,quality,CISLR_v1.5-a_videos/Y0JhQ12-JVE.mp4,prototype
Y0ObDf8ZmJ0,enjoy,6.0,action,CISLR_v1.5-a_videos/Y0ObDf8ZmJ0.mp4,test
Y1KyjzkkP4E_1,of,6.0,language,CISLR_v1.5-a_videos/Y1KyjzkkP4E_1.mp4,prototype
Y1_xQfLPThU_1,provision,8.0,action,CISLR_v1.5-a_videos/Y1_xQfLPThU_1.mp4,prototype
Y1qTt6mL5ck,world federation of the deaf,4.0,organisation,CISLR_v1.5-a_videos/Y1qTt6mL5ck.mp4,prototype
Y1sJK9C1Y14,change of venue,11.0,action,CISLR_v1.5-a_videos/Y1sJK9C1Y14.mp4,prototype
Y2uzoxP4eZc,central processing unit,11.0,computer,CISLR_v1.5-a_videos/Y2uzoxP4eZc.mp4,prototype
Y638xpGVl88_1,copy,6.0,action,CISLR_v1.5-a_videos/Y638xpGVl88_1.mp4,test
Y66DFt19PyE,student,3.0,profession,CISLR_v1.5-a_videos/Y66DFt19PyE.mp4,prototype
Y6FhOnbO6UI_1,thursday,6.0,time,CISLR_v1.5-a_videos/Y6FhOnbO6UI_1.mp4,test
Y7Smdq0HgqY,choking,14.0,medical,CISLR_v1.5-a_videos/Y7Smdq0HgqY.mp4,prototype
Y7eYIdnqRSU,pumpkin,4.0,foods and drinks,CISLR_v1.5-a_videos/Y7eYIdnqRSU.mp4,prototype
Y8X09M_jMsI,sunrise,5.0,event,CISLR_v1.5-a_videos/Y8X09M_jMsI.mp4,test
Y9MkvKtXngo,decade,5.0,time,CISLR_v1.5-a_videos/Y9MkvKtXngo.mp4,prototype
YAn2NmtqmkU_1,climb up,6.0,action,CISLR_v1.5-a_videos/YAn2NmtqmkU_1.mp4,prototype
YCnpEJTrtb4,older sister,3.0,relation,CISLR_v1.5-a_videos/YCnpEJTrtb4.mp4,prototype
YCunYHD0SVY,lawyer,4.0,legal,CISLR_v1.5-a_videos/YCunYHD0SVY.mp4,prototype
YCuxJLH5fK0_2,refinance,7.0,banking,CISLR_v1.5-a_videos/YCuxJLH5fK0_2.mp4,prototype
YDCikAndHLU_1,wife,10.0,relation,CISLR_v1.5-a_videos/YDCikAndHLU_1.mp4,prototype
YEHQWC5VjX4_2,light,8.0,physics,CISLR_v1.5-a_videos/YEHQWC5VjX4_2.mp4,test
YELxiOno-Q4_1,income,8.0,banking,CISLR_v1.5-a_videos/YELxiOno-Q4_1.mp4,prototype
YF6c_Lb35ng_1,housefly,6.0,flora and fauna,CISLR_v1.5-a_videos/YF6c_Lb35ng_1.mp4,test
YF72FhOc8B8_1,tall,6.0,attribute,CISLR_v1.5-a_videos/YF72FhOc8B8_1.mp4,test
YFFVY9bYiW8,mizoram,5.0,geography,CISLR_v1.5-a_videos/YFFVY9bYiW8.mp4,test
YFl0dGwRwYo,property,7.0,banking,CISLR_v1.5-a_videos/YFl0dGwRwYo.mp4,test
YFrtVUeFoe4,peril,4.0,abstract,CISLR_v1.5-a_videos/YFrtVUeFoe4.mp4,prototype
YGISt7qQBCw,catalogue,9.0,utility item,CISLR_v1.5-a_videos/YGISt7qQBCw.mp4,prototype
YGPgejLrILM,date,6.0,time,CISLR_v1.5-a_videos/YGPgejLrILM.mp4,test
YGog5xq4SiQ_1,corruption,7.0,legal,CISLR_v1.5-a_videos/YGog5xq4SiQ_1.mp4,test
YHRvUilX5yc_1,incharge,10.0,authority,CISLR_v1.5-a_videos/YHRvUilX5yc_1.mp4,prototype
YHd3THK5M-w,paint,6.0,computer,CISLR_v1.5-a_videos/YHd3THK5M-w.mp4,test
YHl7zDSdzVE,javelin throw,3.0,sport,CISLR_v1.5-a_videos/YHl7zDSdzVE.mp4,prototype
YIns3vxfhnk,masculine,4.0,behavior,CISLR_v1.5-a_videos/YIns3vxfhnk.mp4,prototype
YJTInZmt8eE,brick masonry,7.0,construction,CISLR_v1.5-a_videos/YJTInZmt8eE.mp4,prototype
YKFHr8y6YRI,metal,5.0,metal and minerals,CISLR_v1.5-a_videos/YKFHr8y6YRI.mp4,test
YKeS_ZBqjUs,lantana camera,14.0,flora and fauna,CISLR_v1.5-a_videos/YKeS_ZBqjUs.mp4,prototype
YKnnyhESBww_1,kurta,6.0,wearable,CISLR_v1.5-a_videos/YKnnyhESBww_1.mp4,test
YL4WDUU1nNU_1,nepal,7.0,geography,CISLR_v1.5-a_videos/YL4WDUU1nNU_1.mp4,test
YMao9qfTNDs,herniated intervertebral,14.0,biology,CISLR_v1.5-a_videos/YMao9qfTNDs.mp4,prototype
YMsS8QIdWM0,tuesday,3.0,time,CISLR_v1.5-a_videos/YMsS8QIdWM0.mp4,test
YMuk_8H4EWM,madhya pradesh,4.0,geography,CISLR_v1.5-a_videos/YMuk_8H4EWM.mp4,prototype
YMzAv4AKiZI_1,responsible,7.0,behavior,CISLR_v1.5-a_videos/YMzAv4AKiZI_1.mp4,prototype
YOouxgzRLPY_1,ant,6.0,flora and fauna,CISLR_v1.5-a_videos/YOouxgzRLPY_1.mp4,prototype
YP8kV_QxB5k_1,hyderabad,6.0,geography,CISLR_v1.5-a_videos/YP8kV_QxB5k_1.mp4,test
YPnTIhCizr0,rainbow,5.0,weather,CISLR_v1.5-a_videos/YPnTIhCizr0.mp4,prototype
YQONdUfXS78_1,local,10.0,spatial position,CISLR_v1.5-a_videos/YQONdUfXS78_1.mp4,test
YQcpKDKzhIQ_1,bad,8.0,quality,CISLR_v1.5-a_videos/YQcpKDKzhIQ_1.mp4,test
YQd_WV8xzI4_1,minor,9.0,behavior,CISLR_v1.5-a_videos/YQd_WV8xzI4_1.mp4,test
YQflbkaOx2g,table,4.0,utility item,CISLR_v1.5-a_videos/YQflbkaOx2g.mp4,prototype
YRCrJpcwteg_1,january,6.0,time,CISLR_v1.5-a_videos/YRCrJpcwteg_1.mp4,test
YRc3fxOAnOg,hungary,3.0,geography,CISLR_v1.5-a_videos/YRc3fxOAnOg.mp4,prototype
YRlUUOC7_-0_1,partnership,10.0,relation,CISLR_v1.5-a_videos/YRlUUOC7_-0_1.mp4,prototype
YSKXGgR-m4Y_1,visit,6.0,action,CISLR_v1.5-a_videos/YSKXGgR-m4Y_1.mp4,prototype
YSgIm4RE1E4_1,soap,7.0,utility item,CISLR_v1.5-a_videos/YSgIm4RE1E4_1.mp4,prototype
YT1x1wgyjLQ_1,tiffin box,6.0,foods and drinks,CISLR_v1.5-a_videos/YT1x1wgyjLQ_1.mp4,prototype
YT3NbB5D_AU_1,sue,10.0,action,CISLR_v1.5-a_videos/YT3NbB5D_AU_1.mp4,prototype
YT73Lh88yeE,waste,4.0,abstract,CISLR_v1.5-a_videos/YT73Lh88yeE.mp4,test
YVKW4zFBxRs_1,wednesday,5.0,time,CISLR_v1.5-a_videos/YVKW4zFBxRs_1.mp4,test
YVRYl6f1f_0_1,experiment,7.0,process,CISLR_v1.5-a_videos/YVRYl6f1f_0_1.mp4,test
YW5naaaX4ag_1,tight,6.0,quality,CISLR_v1.5-a_videos/YW5naaaX4ag_1.mp4,prototype
YXM8FEEsI_A,conference,6.0,group,CISLR_v1.5-a_videos/YXM8FEEsI_A.mp4,test
YYJ96CO6dt0,slippers,4.0,wearable,CISLR_v1.5-a_videos/YYJ96CO6dt0.mp4,prototype
YYMy75KpmJk,sweat,6.0,biology,CISLR_v1.5-a_videos/YYMy75KpmJk.mp4,test
YZNxu9uehxA_1,land revenue,10.0,banking,CISLR_v1.5-a_videos/YZNxu9uehxA_1.mp4,prototype
Y_T9AimBaqk_1,wastage,6.0,abstract,CISLR_v1.5-a_videos/Y_T9AimBaqk_1.mp4,prototype
YbaTI-fVR9c,salary,4.0,banking,CISLR_v1.5-a_videos/YbaTI-fVR9c.mp4,test
Yc0Mx7DJ_Io,your,3.0,relation,CISLR_v1.5-a_videos/Yc0Mx7DJ_Io.mp4,test
YcSno6m_WPQ_1,inauguaration,7.0,event,CISLR_v1.5-a_videos/YcSno6m_WPQ_1.mp4,prototype
YcTowX_Es6E,banana tree,6.0,flora and fauna,CISLR_v1.5-a_videos/YcTowX_Es6E.mp4,prototype
YewyTxkCShU,lawn,8.0,construction,CISLR_v1.5-a_videos/YewyTxkCShU.mp4,prototype
Yf38Dy5zOF4,coconut,4.0,foods and drinks,CISLR_v1.5-a_videos/Yf38Dy5zOF4.mp4,test
YfCkx2qZd10_1,bake,7.0,foods and drinks,CISLR_v1.5-a_videos/YfCkx2qZd10_1.mp4,test
YfPizjRLLBk_1,nail polish,7.0,utility item,CISLR_v1.5-a_videos/YfPizjRLLBk_1.mp4,prototype
YfbeV360wAA,kajal,4.0,utility item,CISLR_v1.5-a_videos/YfbeV360wAA.mp4,prototype
YgZcsvejUF0,sixteen,4.0,quantity,CISLR_v1.5-a_videos/YgZcsvejUF0.mp4,prototype
Ygj0IRouWKg,wash,3.0,action,CISLR_v1.5-a_videos/Ygj0IRouWKg.mp4,test
YhHAI3h-Pno,phone,6.0,electronic and electrical,CISLR_v1.5-a_videos/YhHAI3h-Pno.mp4,prototype
YhVonZ8wM4s,reservation,5.0,group,CISLR_v1.5-a_videos/YhVonZ8wM4s.mp4,test
Yic2UpwFlV0_1,maximum,9.0,quantity,CISLR_v1.5-a_videos/Yic2UpwFlV0_1.mp4,test
Yipdqci-cG4,speak,3.0,action,CISLR_v1.5-a_videos/Yipdqci-cG4.mp4,prototype
Yiu0Yd9fSk8_1,boy,8.0,human,CISLR_v1.5-a_videos/Yiu0Yd9fSk8_1.mp4,test
YjFFLGIxdsw,indian national congress,3.0,politics,CISLR_v1.5-a_videos/YjFFLGIxdsw.mp4,prototype
Yk2bJx0XDKk,corn,14.0,foods and drinks,CISLR_v1.5-a_videos/Yk2bJx0XDKk.mp4,test
YkB8oNd9yWk_1,insult,6.0,action,CISLR_v1.5-a_videos/YkB8oNd9yWk_1.mp4,test
YkczyHs5RyA,deer,4.0,flora and fauna,CISLR_v1.5-a_videos/YkczyHs5RyA.mp4,test
YkjhmBTDRSE,surface erosion,10.0,geography,CISLR_v1.5-a_videos/YkjhmBTDRSE.mp4,prototype
Ykt6OXbw1q0,blue,6.0,quality,CISLR_v1.5-a_videos/Ykt6OXbw1q0.mp4,test
Ykv_2L4-7RY,accident,5.0,event,CISLR_v1.5-a_videos/Ykv_2L4-7RY.mp4,prototype
YlpdAUskBYI,protect,5.0,action,CISLR_v1.5-a_videos/YlpdAUskBYI.mp4,prototype
YnAajpsmDmk_1,cloth,8.0,wearable,CISLR_v1.5-a_videos/YnAajpsmDmk_1.mp4,test
YnKRMSyKkJk_1,chapathi,6.0,foods and drinks,CISLR_v1.5-a_videos/YnKRMSyKkJk_1.mp4,prototype
YnZWnAEfIPw,round,4.0,math,CISLR_v1.5-a_videos/YnZWnAEfIPw.mp4,test
YnmUSF3cQCA_1,minister,7.0,authority,CISLR_v1.5-a_videos/YnmUSF3cQCA_1.mp4,test
YoqthDSpmXU,show,4.0,action,CISLR_v1.5-a_videos/YoqthDSpmXU.mp4,prototype
Yp-T6g3cBAU_1,rectangle,11.0,math,CISLR_v1.5-a_videos/Yp-T6g3cBAU_1.mp4,prototype
Ypycm97DvfI,paragraph,6.0,language,CISLR_v1.5-a_videos/Ypycm97DvfI.mp4,test
Yrzxd9xMdf4_1,manual of instruction,9.0,readable,CISLR_v1.5-a_videos/Yrzxd9xMdf4_1.mp4,prototype
YsHiDhGbv0Q,nepal,5.0,geography,CISLR_v1.5-a_videos/YsHiDhGbv0Q.mp4,test
YscdSP4txHA,gang box,9.0,utility item,CISLR_v1.5-a_videos/YscdSP4txHA.mp4,prototype
Ystk7l_FXfM,specialist,5.0,profession,CISLR_v1.5-a_videos/Ystk7l_FXfM.mp4,prototype
YtiMW5yuGp0,pass,6.0,abstract,CISLR_v1.5-a_videos/YtiMW5yuGp0.mp4,test
YtxxtvSqLN0,button loop,10.0,wearable,CISLR_v1.5-a_videos/YtxxtvSqLN0.mp4,prototype
Yu6K4sXguXs_1,fruits,7.0,foods and drinks,CISLR_v1.5-a_videos/Yu6K4sXguXs_1.mp4,prototype
YufUJ48avIM,all india federation of the deaf,4.0,organisation,CISLR_v1.5-a_videos/YufUJ48avIM.mp4,prototype
YuqMoY_OqRg,printer,5.0,instrument,CISLR_v1.5-a_videos/YuqMoY_OqRg.mp4,test
Yv8NF6YIl10_1,stone,7.0,metal and minerals,CISLR_v1.5-a_videos/Yv8NF6YIl10_1.mp4,test
YwFKOE6S4C0_1,bogie,9.0,transport,CISLR_v1.5-a_videos/YwFKOE6S4C0_1.mp4,prototype
YwR00ZeFcQY_1,mother,8.0,relation,CISLR_v1.5-a_videos/YwR00ZeFcQY_1.mp4,test
Yws2a_L3P5k,top,4.0,comparator,CISLR_v1.5-a_videos/Yws2a_L3P5k.mp4,test
Ywv9sPO2h8U_1,shipping order,9.0,process,CISLR_v1.5-a_videos/Ywv9sPO2h8U_1.mp4,prototype
Yx69VxUEjg4_1,expansion,8.0,quantity,CISLR_v1.5-a_videos/Yx69VxUEjg4_1.mp4,prototype
Yympd7Zsia4,visa,4.0,legal,CISLR_v1.5-a_videos/Yympd7Zsia4.mp4,test
Yz4vZ5ALDfw,thank you,3.0,gesture,CISLR_v1.5-a_videos/Yz4vZ5ALDfw.mp4,test
Yz6em7jgxK0,weak,4.0,quality,CISLR_v1.5-a_videos/Yz6em7jgxK0.mp4,test
YzE81xCkrbs_1,premature,10.0,attribute,CISLR_v1.5-a_videos/YzE81xCkrbs_1.mp4,prototype
YzFnEXBbgqk,railway station,6.0,transport,CISLR_v1.5-a_videos/YzFnEXBbgqk.mp4,prototype
YzFnEXBbgqk_1,railway station,6.0,transport,CISLR_v1.5-a_videos/YzFnEXBbgqk_1.mp4,test
YzMaVzYqmoI,cutlery,7.0,foods and drinks,CISLR_v1.5-a_videos/YzMaVzYqmoI.mp4,prototype
Z-WSsu6coz0_1,specimen signature,11.0,attribute,CISLR_v1.5-a_videos/Z-WSsu6coz0_1.mp4,prototype
Z-eYQ41xjss_1,auditorium,7.0,construction,CISLR_v1.5-a_videos/Z-eYQ41xjss_1.mp4,prototype
Z1QjMt7Nv8g_1,neighbour,11.0,human,CISLR_v1.5-a_videos/Z1QjMt7Nv8g_1.mp4,test
Z1du80pIIo0,brochure,5.0,readable,CISLR_v1.5-a_videos/Z1du80pIIo0.mp4,prototype
Z1rwaj311WE_1,need,6.0,abstract,CISLR_v1.5-a_videos/Z1rwaj311WE_1.mp4,prototype
Z3CJVJpzaio_1,keeper,10.0,human,CISLR_v1.5-a_videos/Z3CJVJpzaio_1.mp4,prototype
Z3vKfnZktzo,parking,6.0,transport,CISLR_v1.5-a_videos/Z3vKfnZktzo.mp4,prototype
Z40K5gHMTUI_1,transfer,6.0,action,CISLR_v1.5-a_videos/Z40K5gHMTUI_1.mp4,prototype
Z45tFt5f02s_1,more,6.0,quantity,CISLR_v1.5-a_videos/Z45tFt5f02s_1.mp4,prototype
Z57OPDQI-AM_2,transverse wave,10.0,physics,CISLR_v1.5-a_videos/Z57OPDQI-AM_2.mp4,prototype
Z6JNDTUxfUc,grey,8.0,colour,CISLR_v1.5-a_videos/Z6JNDTUxfUc.mp4,test
Z6tnoY_mWJI,ahmedabad,5.0,geography,CISLR_v1.5-a_videos/Z6tnoY_mWJI.mp4,prototype
Z7IcqSuMStI_1,silver,7.0,metal and minerals,CISLR_v1.5-a_videos/Z7IcqSuMStI_1.mp4,test
Z7SDxmGugRY_2,stretch,9.0,action,CISLR_v1.5-a_videos/Z7SDxmGugRY_2.mp4,prototype
Z7eSedTdh8o_1,lock,8.0,machine,CISLR_v1.5-a_videos/Z7eSedTdh8o_1.mp4,test
Z7rp2PsMEnM_1,flat,6.0,attribute,CISLR_v1.5-a_videos/Z7rp2PsMEnM_1.mp4,prototype
Z8s8vMx7whQ_1,andhra pradesh,7.0,geography,CISLR_v1.5-a_videos/Z8s8vMx7whQ_1.mp4,test
Z90_kV0h1d8_1,re sale,6.0,banking,CISLR_v1.5-a_videos/Z90_kV0h1d8_1.mp4,prototype
Z9fW5tpQOYY,lake,8.0,geography,CISLR_v1.5-a_videos/Z9fW5tpQOYY.mp4,test
ZA9VMWZGtLw_1,socks,7.0,wearable,CISLR_v1.5-a_videos/ZA9VMWZGtLw_1.mp4,test
ZAVbHxqvcZM,projector,4.0,instrument,CISLR_v1.5-a_videos/ZAVbHxqvcZM.mp4,test
ZAXYZbQjJd8,official,3.0,legal,CISLR_v1.5-a_videos/ZAXYZbQjJd8.mp4,test
ZBUU3_QSSZ0,ant,6.0,flora and fauna,CISLR_v1.5-a_videos/ZBUU3_QSSZ0.mp4,test
ZBUU3_QSSZ0_1,ant,6.0,flora and fauna,CISLR_v1.5-a_videos/ZBUU3_QSSZ0_1.mp4,test
ZD4iPTVebqg,flowering hedges,10.0,flora and fauna,CISLR_v1.5-a_videos/ZD4iPTVebqg.mp4,prototype
ZE26UZXyMDs_1,laddu,5.0,foods and drinks,CISLR_v1.5-a_videos/ZE26UZXyMDs_1.mp4,prototype
ZEGaQMAZwgE_2,vision,7.0,abstract,CISLR_v1.5-a_videos/ZEGaQMAZwgE_2.mp4,test
ZEOITP9Urts,goat,6.0,flora and fauna,CISLR_v1.5-a_videos/ZEOITP9Urts.mp4,test
ZES6f5bu19M,jantar mantar,5.0,geography,CISLR_v1.5-a_videos/ZES6f5bu19M.mp4,prototype
ZGH9wRwlXSA_1,leg,9.0,biology,CISLR_v1.5-a_videos/ZGH9wRwlXSA_1.mp4,prototype
ZGZMh2l-Kro_1,upper age limit,9.0,time,CISLR_v1.5-a_videos/ZGZMh2l-Kro_1.mp4,prototype
ZH6w06bHVJs,center  back,10.0,spatial position,CISLR_v1.5-a_videos/ZH6w06bHVJs.mp4,prototype
ZHBeAUvAWFw_1,gram,6.0,metric,CISLR_v1.5-a_videos/ZHBeAUvAWFw_1.mp4,test
ZHn-DlqMC3c_1,deposit short,12.0,banking,CISLR_v1.5-a_videos/ZHn-DlqMC3c_1.mp4,prototype
ZIKWlQUff9c,there,3.0,geography,CISLR_v1.5-a_videos/ZIKWlQUff9c.mp4,test
ZKrESO7NJkw,electrical leakage,10.0,physics,CISLR_v1.5-a_videos/ZKrESO7NJkw.mp4,prototype
ZLBwSYUFhqk,resign,4.0,action,CISLR_v1.5-a_videos/ZLBwSYUFhqk.mp4,test
ZLMSgBfkRgc,lebanon,4.0,geography,CISLR_v1.5-a_videos/ZLMSgBfkRgc.mp4,prototype
ZLj7E6Q5ZUg_1,year to year,9.0,comparator,CISLR_v1.5-a_videos/ZLj7E6Q5ZUg_1.mp4,prototype
ZM0n1zjza48,trader,7.0,commerce,CISLR_v1.5-a_videos/ZM0n1zjza48.mp4,prototype
ZM95iphl6eM,chile,3.0,geography,CISLR_v1.5-a_videos/ZM95iphl6eM.mp4,prototype
ZQXv3lFCkp8_2,equation,8.0,math,CISLR_v1.5-a_videos/ZQXv3lFCkp8_2.mp4,prototype
ZQzqGalXdEU_1,raddish,7.0,foods and drinks,CISLR_v1.5-a_videos/ZQzqGalXdEU_1.mp4,prototype
ZRb_4bhHAus_1,lunacy,9.0,attribute,CISLR_v1.5-a_videos/ZRb_4bhHAus_1.mp4,prototype
ZRmC8bZ5OgY_1,notification,8.0,legal,CISLR_v1.5-a_videos/ZRmC8bZ5OgY_1.mp4,test
ZSOCalqaCTw_1,east,6.0,spatial position,CISLR_v1.5-a_videos/ZSOCalqaCTw_1.mp4,test
ZT-CEOMhqAI_1,planet,8.0,astronomical,CISLR_v1.5-a_videos/ZT-CEOMhqAI_1.mp4,prototype
ZT1KeYVFU3s,over,5.0,spatial position,CISLR_v1.5-a_videos/ZT1KeYVFU3s.mp4,test
ZTdHkUXOcHU_2,visible ray,8.0,physics,CISLR_v1.5-a_videos/ZTdHkUXOcHU_2.mp4,prototype
ZThUGVQhL08,umbrella,5.0,utility item,CISLR_v1.5-a_videos/ZThUGVQhL08.mp4,test
ZTyOfVeFBgA_2,sotar,8.0,astronomical,CISLR_v1.5-a_videos/ZTyOfVeFBgA_2.mp4,prototype
ZU74gADGVD4,practice,5.0,action,CISLR_v1.5-a_videos/ZU74gADGVD4.mp4,prototype
ZUL1-j2VL6w,technician,4.0,profession,CISLR_v1.5-a_videos/ZUL1-j2VL6w.mp4,prototype
ZW9M04OzRVU_1,owl,7.0,flora and fauna,CISLR_v1.5-a_videos/ZW9M04OzRVU_1.mp4,test
ZWdAqWE-J3k,polite,5.0,attribute,CISLR_v1.5-a_videos/ZWdAqWE-J3k.mp4,prototype
ZY-WTPLbMZc,yourself,3.0,abstract,CISLR_v1.5-a_videos/ZY-WTPLbMZc.mp4,test
ZYzl-LchceU_1,lucknow,5.0,geography,CISLR_v1.5-a_videos/ZYzl-LchceU_1.mp4,prototype
ZZAKxP9xMSE_1,plastic,8.0,miscellaneous object,CISLR_v1.5-a_videos/ZZAKxP9xMSE_1.mp4,test
ZZtr21utYZU,cartidge,15.0,utility item,CISLR_v1.5-a_videos/ZZtr21utYZU.mp4,prototype
Z_LPvE-ICAw_1,near,6.0,spatial position,CISLR_v1.5-a_videos/Z_LPvE-ICAw_1.mp4,prototype
Z_M-x3Xb-7c_1,enemy,9.0,relation,CISLR_v1.5-a_videos/Z_M-x3Xb-7c_1.mp4,test
Z_aF7Dndg5o,wrestling,4.0,sport,CISLR_v1.5-a_videos/Z_aF7Dndg5o.mp4,test
Za7gQoC8eaA_1,hospital,6.0,construction,CISLR_v1.5-a_videos/Za7gQoC8eaA_1.mp4,prototype
ZaBfhzfL_II,long jump,4.0,sport,CISLR_v1.5-a_videos/ZaBfhzfL_II.mp4,prototype
ZaNS5RUpBAM_1,jain,5.0,religious,CISLR_v1.5-a_videos/ZaNS5RUpBAM_1.mp4,prototype
ZanVx78hi-g_1,water,8.0,substance,CISLR_v1.5-a_videos/ZanVx78hi-g_1.mp4,test
Zb_TG66NcQM,libya,4.0,geography,CISLR_v1.5-a_videos/Zb_TG66NcQM.mp4,prototype
Zbzwv7UaDLE_1,cholera,6.0,medical,CISLR_v1.5-a_videos/Zbzwv7UaDLE_1.mp4,test
Zc9o_U0ilpU,discount,6.0,banking,CISLR_v1.5-a_videos/Zc9o_U0ilpU.mp4,prototype
ZcKsHron__8,graders,10.0,education,CISLR_v1.5-a_videos/ZcKsHron__8.mp4,prototype
ZcVzjZeVwj0,lock,4.0,machine,CISLR_v1.5-a_videos/ZcVzjZeVwj0.mp4,test
ZcxtRrRVHFE,request,4.0,action,CISLR_v1.5-a_videos/ZcxtRrRVHFE.mp4,prototype
ZePqDGIfLng_1,goat,6.0,flora and fauna,CISLR_v1.5-a_videos/ZePqDGIfLng_1.mp4,test
ZfEb14w8ZMk_1,housefly,6.0,flora and fauna,CISLR_v1.5-a_videos/ZfEb14w8ZMk_1.mp4,test
ZfvUujCbJR0,motorola,5.0,organisation,CISLR_v1.5-a_videos/ZfvUujCbJR0.mp4,prototype
Zgmvl6IgXuY,amazon,4.0,organisation,CISLR_v1.5-a_videos/Zgmvl6IgXuY.mp4,test
Zgt1aed1imY,buddhism,4.0,religious,CISLR_v1.5-a_videos/Zgt1aed1imY.mp4,prototype
ZhM0Ej44-3A_1,poision,6.0,medical,CISLR_v1.5-a_videos/ZhM0Ej44-3A_1.mp4,test
ZhZN3BiLEqg_1,student,7.0,profession,CISLR_v1.5-a_videos/ZhZN3BiLEqg_1.mp4,test
Zj_vIX40c4U,internet,8.0,internet,CISLR_v1.5-a_videos/Zj_vIX40c4U.mp4,prototype
ZjgpWHd9cyc_1,blue,9.0,quality,CISLR_v1.5-a_videos/ZjgpWHd9cyc_1.mp4,test
ZkswCQRgxvQ_1,tongue,6.0,biology,CISLR_v1.5-a_videos/ZkswCQRgxvQ_1.mp4,prototype
ZlECIvK4NRU,name,4.0,language,CISLR_v1.5-a_videos/ZlECIvK4NRU.mp4,test
ZlEsSpNpRWc_1,tiger,5.0,flora and fauna,CISLR_v1.5-a_videos/ZlEsSpNpRWc_1.mp4,prototype
ZlHosNYMQwE,christianity,4.0,religious,CISLR_v1.5-a_videos/ZlHosNYMQwE.mp4,prototype
ZmPkrJiAoGU,shock,4.0,behavior,CISLR_v1.5-a_videos/ZmPkrJiAoGU.mp4,test
ZmQb16XR9Uk,themselves,4.0,relation,CISLR_v1.5-a_videos/ZmQb16XR9Uk.mp4,test
ZmwQgw19ceU,lime paste,7.0,substance,CISLR_v1.5-a_videos/ZmwQgw19ceU.mp4,prototype
Zn0fVlU7o9Y_1,note,6.0,banking,CISLR_v1.5-a_videos/Zn0fVlU7o9Y_1.mp4,prototype
ZolqmXUbwIw_1,kangaroo,6.0,flora and fauna,CISLR_v1.5-a_videos/ZolqmXUbwIw_1.mp4,test
Zr3LQ0FwcUM,victory,4.0,event,CISLR_v1.5-a_videos/Zr3LQ0FwcUM.mp4,prototype
ZrPL-xKnDfk,degree,6.0,education,CISLR_v1.5-a_videos/ZrPL-xKnDfk.mp4,test
ZrRMVnEBilo_1,magnet,8.0,physics,CISLR_v1.5-a_videos/ZrRMVnEBilo_1.mp4,test
Zrcq4sIJPH0_1,transaction,9.0,commerce,CISLR_v1.5-a_videos/Zrcq4sIJPH0_1.mp4,prototype
ZrzSxs277R8,bronchial tumors,10.0,medical,CISLR_v1.5-a_videos/ZrzSxs277R8.mp4,prototype
Zs0aCR0psKg_1,maximum,7.0,quantity,CISLR_v1.5-a_videos/Zs0aCR0psKg_1.mp4,test
ZsQKzWzog3w,cylinder,5.0,utility item,CISLR_v1.5-a_videos/ZsQKzWzog3w.mp4,test
ZsQM3Ip3WP4,oneplus mobile,4.0,electronic and electrical,CISLR_v1.5-a_videos/ZsQM3Ip3WP4.mp4,prototype
ZtAKgVo5KFQ_2,property tax,6.0,banking,CISLR_v1.5-a_videos/ZtAKgVo5KFQ_2.mp4,prototype
ZuEwvrlmnyw_1,thursday,6.0,time,CISLR_v1.5-a_videos/ZuEwvrlmnyw_1.mp4,test
ZuMVWIDZEQI_1,incentive,9.0,legal,CISLR_v1.5-a_videos/ZuMVWIDZEQI_1.mp4,prototype
ZuVsJQ_IKxc_1,balance outstanding,11.0,banking,CISLR_v1.5-a_videos/ZuVsJQ_IKxc_1.mp4,prototype
ZwVF0XfVD7I,bath,5.0,action,CISLR_v1.5-a_videos/ZwVF0XfVD7I.mp4,test
ZxL9a3whvvo,tubelight,5.0,electronic and electrical,CISLR_v1.5-a_videos/ZxL9a3whvvo.mp4,test
ZytQJwYWKuM_1,africa,7.0,geography,CISLR_v1.5-a_videos/ZytQJwYWKuM_1.mp4,test
ZzvSRtMXoSA_1,garlic,7.0,foods and drinks,CISLR_v1.5-a_videos/ZzvSRtMXoSA_1.mp4,test
_-U30DSj-t0_2,plane,9.0,math,CISLR_v1.5-a_videos/_-U30DSj-t0_2.mp4,prototype
_16L9IQXOm8_1,around,6.0,spatial position,CISLR_v1.5-a_videos/_16L9IQXOm8_1.mp4,prototype
_1V-RYndk_o_1,bark,6.0,action,CISLR_v1.5-a_videos/_1V-RYndk_o_1.mp4,test
_1vtXVjFtg0_1,brittle,7.0,attribute,CISLR_v1.5-a_videos/_1vtXVjFtg0_1.mp4,prototype
_2S9CpnbPLk_1,volcano,7.0,geography,CISLR_v1.5-a_videos/_2S9CpnbPLk_1.mp4,test
_2TlWc7fctg,donald duck,5.0,entertainment,CISLR_v1.5-a_videos/_2TlWc7fctg.mp4,prototype
_45PKVEtIUE_1,clown,6.0,entertainment,CISLR_v1.5-a_videos/_45PKVEtIUE_1.mp4,test
_4oE2cTO6V4,blind stitch,14.0,wearable,CISLR_v1.5-a_videos/_4oE2cTO6V4.mp4,prototype
_5-p1Ci-LQI,norway,4.0,geography,CISLR_v1.5-a_videos/_5-p1Ci-LQI.mp4,prototype
_5ISkq46e4U,volkswagen,5.0,organisation,CISLR_v1.5-a_videos/_5ISkq46e4U.mp4,test
_5yHq8UYB-8_1,throat,7.0,biology,CISLR_v1.5-a_videos/_5yHq8UYB-8_1.mp4,test
_7E0eolOh4c,elevator,4.0,construction,CISLR_v1.5-a_videos/_7E0eolOh4c.mp4,prototype
_7G2Uzs6TTE_1,prescription,7.0,medical,CISLR_v1.5-a_videos/_7G2Uzs6TTE_1.mp4,prototype
_8BciHWrpOA,genuine,4.0,attribute,CISLR_v1.5-a_videos/_8BciHWrpOA.mp4,prototype
_8bxz4NREvk,prime location,12.0,spatial position,CISLR_v1.5-a_videos/_8bxz4NREvk.mp4,prototype
_9JUz_eRGKk_1,arrears,10.0,commerce,CISLR_v1.5-a_videos/_9JUz_eRGKk_1.mp4,prototype
_9fyR8lD1Uo_2,zero correction,9.0,quantity,CISLR_v1.5-a_videos/_9fyR8lD1Uo_2.mp4,prototype
_BPtLQumNF4_1,radio,7.0,electronic and electrical,CISLR_v1.5-a_videos/_BPtLQumNF4_1.mp4,test
_C-VYAN3NP0_1,sly,7.0,attribute,CISLR_v1.5-a_videos/_C-VYAN3NP0_1.mp4,test
_CKSfuSN8qY,test,5.0,education,CISLR_v1.5-a_videos/_CKSfuSN8qY.mp4,prototype
_DzQr-7t3Wo,why,8.0,abstract,CISLR_v1.5-a_videos/_DzQr-7t3Wo.mp4,test
_Dzn4G-zY6Y,opuntia,12.0,biology,CISLR_v1.5-a_videos/_Dzn4G-zY6Y.mp4,prototype
_FpLmutBgNQ_2,curvature,10.0,physics,CISLR_v1.5-a_videos/_FpLmutBgNQ_2.mp4,prototype
_GG3jvZWj_4,chikoo,4.0,foods and drinks,CISLR_v1.5-a_videos/_GG3jvZWj_4.mp4,prototype
_HPV8-2Xdx8,distance learning,6.0,education,CISLR_v1.5-a_videos/_HPV8-2Xdx8.mp4,prototype
_I7a-SaQTbQ_1,wound,8.0,medical,CISLR_v1.5-a_videos/_I7a-SaQTbQ_1.mp4,test
_J3ub2IKdWM,clauses,14.0,language,CISLR_v1.5-a_videos/_J3ub2IKdWM.mp4,prototype
_JhAFFdTuQk,time table,5.0,time,CISLR_v1.5-a_videos/_JhAFFdTuQk.mp4,prototype
_K6fZSaEvfY,idbi bank,6.0,organisation,CISLR_v1.5-a_videos/_K6fZSaEvfY.mp4,prototype
_KD_lxiKv6o_1,overleaf,9.0,abstract,CISLR_v1.5-a_videos/_KD_lxiKv6o_1.mp4,prototype
_KNZJg6KmXo_1,sharpener,5.0,utility item,CISLR_v1.5-a_videos/_KNZJg6KmXo_1.mp4,prototype
_MQLjVv71vA_2,convex,12.0,physics,CISLR_v1.5-a_videos/_MQLjVv71vA_2.mp4,prototype
_MfSh3vAg-8_1,trunk,6.0,biology,CISLR_v1.5-a_videos/_MfSh3vAg-8_1.mp4,test
_NCg6SOF43E,august,5.0,time,CISLR_v1.5-a_videos/_NCg6SOF43E.mp4,test
_NQG94L6Ook,some,4.0,quantity,CISLR_v1.5-a_videos/_NQG94L6Ook.mp4,prototype
_O0kLRn736A_1,belt,6.0,wearable,CISLR_v1.5-a_videos/_O0kLRn736A_1.mp4,test
_OCCVPF3icI,buffalo,4.0,flora and fauna,CISLR_v1.5-a_videos/_OCCVPF3icI.mp4,test
_OVPsuqM4WA,axe,4.0,instrument,CISLR_v1.5-a_videos/_OVPsuqM4WA.mp4,test
_P4bfLS4TnU,influenza flu,10.0,biology,CISLR_v1.5-a_videos/_P4bfLS4TnU.mp4,prototype
_PagRKs0NVw_1,cosmetics,7.0,substance,CISLR_v1.5-a_videos/_PagRKs0NVw_1.mp4,test
_QKUHg7BOt0_1,model,7.0,behavior,CISLR_v1.5-a_videos/_QKUHg7BOt0_1.mp4,prototype
_QuzEYjeK5o_1,task force,9.0,legal,CISLR_v1.5-a_videos/_QuzEYjeK5o_1.mp4,prototype
_RUSSzoAwkI_1,grind,6.0,process,CISLR_v1.5-a_videos/_RUSSzoAwkI_1.mp4,prototype
_SL5nKedSfM,defraud,5.0,banking,CISLR_v1.5-a_videos/_SL5nKedSfM.mp4,prototype
_UPbbNrJVTI,outer shell,13.0,substance,CISLR_v1.5-a_videos/_UPbbNrJVTI.mp4,prototype
_VEDOuAOkwY_1,sweater,7.0,wearable,CISLR_v1.5-a_videos/_VEDOuAOkwY_1.mp4,test
_VfAEWS3NIs_1,nose,8.0,biology,CISLR_v1.5-a_videos/_VfAEWS3NIs_1.mp4,test
_VoVLROfTak_1,cash certificates,10.0,banking,CISLR_v1.5-a_videos/_VoVLROfTak_1.mp4,prototype
_WJFCAKQNOk_2,particular,12.0,attribute,CISLR_v1.5-a_videos/_WJFCAKQNOk_2.mp4,prototype
_XNGzuCEq_k_1,certificate,7.0,readable,CISLR_v1.5-a_videos/_XNGzuCEq_k_1.mp4,test
_YZmHbnrcmM_2,air pollution,12.0,chemistry,CISLR_v1.5-a_videos/_YZmHbnrcmM_2.mp4,test
_ZQRTRss6sY,parliament,4.0,legal,CISLR_v1.5-a_videos/_ZQRTRss6sY.mp4,test
_Zk6T8osdEc,xylophone,5.0,sound,CISLR_v1.5-a_videos/_Zk6T8osdEc.mp4,prototype
_Zqd_PC4zYs,order,4.0,action,CISLR_v1.5-a_videos/_Zqd_PC4zYs.mp4,test
__Rz2PaTB1c,malayalam,5.0,language,CISLR_v1.5-a_videos/__Rz2PaTB1c.mp4,prototype
__cUle3-80c_2,copper wire,10.0,metal and minerals,CISLR_v1.5-a_videos/__cUle3-80c_2.mp4,prototype
_a81r3Cftzk,can,3.0,attribute,CISLR_v1.5-a_videos/_a81r3Cftzk.mp4,test
_buJuYv17y0_1,cupboard,9.0,utility item,CISLR_v1.5-a_videos/_buJuYv17y0_1.mp4,test
_deTkHwvwhc,best,4.0,quality,CISLR_v1.5-a_videos/_deTkHwvwhc.mp4,test
_eYKufKYrnM,lumberjack,11.0,profession,CISLR_v1.5-a_videos/_eYKufKYrnM.mp4,prototype
_erfAmrdyIM,take a photo,6.0,action,CISLR_v1.5-a_videos/_erfAmrdyIM.mp4,prototype
_g40sO4Upvg,iraq,4.0,geography,CISLR_v1.5-a_videos/_g40sO4Upvg.mp4,prototype
_g4EWTEciww,milling cutter concave,8.0,instrument,CISLR_v1.5-a_videos/_g4EWTEciww.mp4,prototype
_gSbFjpWY5c_1,serve,6.0,action,CISLR_v1.5-a_videos/_gSbFjpWY5c_1.mp4,prototype
_gdCYZeEcTY,in the middle,5.0,spatial position,CISLR_v1.5-a_videos/_gdCYZeEcTY.mp4,prototype
_guaVXmbJsE,bell sleeve,8.0,wearable,CISLR_v1.5-a_videos/_guaVXmbJsE.mp4,prototype
_hrzFsvu4iI_2,plane convex lens,10.0,physics,CISLR_v1.5-a_videos/_hrzFsvu4iI_2.mp4,prototype
_idIz52QU2Y_1,country,7.0,geography,CISLR_v1.5-a_videos/_idIz52QU2Y_1.mp4,test
_jbbOFSVFyY,basil,6.0,flora and fauna,CISLR_v1.5-a_videos/_jbbOFSVFyY.mp4,prototype
_k5G74jDhCE_1,present,7.0,time,CISLR_v1.5-a_videos/_k5G74jDhCE_1.mp4,test
_kI81r19zgI_1,hindu,6.0,religious,CISLR_v1.5-a_videos/_kI81r19zgI_1.mp4,test
_l5aWVYPWik_1,stock book,10.0,banking,CISLR_v1.5-a_videos/_l5aWVYPWik_1.mp4,prototype
_lArEvKP43c,original,4.0,attribute,CISLR_v1.5-a_videos/_lArEvKP43c.mp4,test
_lF0BZafFlw,belgium,3.0,geography,CISLR_v1.5-a_videos/_lF0BZafFlw.mp4,prototype
_mAt07ZKGeg,kolkata calcutta,5.0,geography,CISLR_v1.5-a_videos/_mAt07ZKGeg.mp4,prototype
_mRzTYgtxCU_1,quantity,7.0,quantity,CISLR_v1.5-a_videos/_mRzTYgtxCU_1.mp4,test
_mmkfKN0-dg,chipping,4.0,process,CISLR_v1.5-a_videos/_mmkfKN0-dg.mp4,prototype
_n7v_yu-uiY_1,rotten,7.0,attribute,CISLR_v1.5-a_videos/_n7v_yu-uiY_1.mp4,prototype
_ok_Ke5qnV8_2,temperature,8.0,weather,CISLR_v1.5-a_videos/_ok_Ke5qnV8_2.mp4,test
_otCOj9YmMs,drunk driving law,10.0,legal,CISLR_v1.5-a_videos/_otCOj9YmMs.mp4,prototype
_p5nn1S8iRE_1,blouse,7.0,wearable,CISLR_v1.5-a_videos/_p5nn1S8iRE_1.mp4,test
_pDr9N-HtgQ_1,monthly return,10.0,banking,CISLR_v1.5-a_videos/_pDr9N-HtgQ_1.mp4,prototype
_prgaw9obbQ,wash,4.0,action,CISLR_v1.5-a_videos/_prgaw9obbQ.mp4,test
_pzmJOER_y8,ooty,7.0,geography,CISLR_v1.5-a_videos/_pzmJOER_y8.mp4,test
_qABLoRjm18_1,survey,10.0,process,CISLR_v1.5-a_videos/_qABLoRjm18_1.mp4,prototype
_qWORH98SLc,person,3.0,human,CISLR_v1.5-a_videos/_qWORH98SLc.mp4,test
_rEVVtT1I44,she,4.0,abstract,CISLR_v1.5-a_videos/_rEVVtT1I44.mp4,test
_rHStCQCPno,wedding,3.0,event,CISLR_v1.5-a_videos/_rHStCQCPno.mp4,test
_rguUTHtPkg,next,3.0,time,CISLR_v1.5-a_videos/_rguUTHtPkg.mp4,test
_sBMoMv15aQ_1,mortgage,10.0,banking,CISLR_v1.5-a_videos/_sBMoMv15aQ_1.mp4,prototype
_sL5FydI-Is,slow,4.0,attribute,CISLR_v1.5-a_videos/_sL5FydI-Is.mp4,test
_tx2iiQNlZs,earthquake,4.0,event,CISLR_v1.5-a_videos/_tx2iiQNlZs.mp4,test
_u5BpyWgd2k,promote,5.0,action,CISLR_v1.5-a_videos/_u5BpyWgd2k.mp4,test
_uvEsXwbAKw_2,biomass,8.0,biology,CISLR_v1.5-a_videos/_uvEsXwbAKw_2.mp4,prototype
_v0ZCfpOs8c,crops,15.0,flora and fauna,CISLR_v1.5-a_videos/_v0ZCfpOs8c.mp4,prototype
_vlN9I_YSG8,united nations convention on the rights of persons with disabilities uncrpd,4.0,organisation,CISLR_v1.5-a_videos/_vlN9I_YSG8.mp4,prototype
_vpJKqAQ_u8_2,geyser,11.0,machine,CISLR_v1.5-a_videos/_vpJKqAQ_u8_2.mp4,prototype
_wR2epuH6m8_1,reconciliation,6.0,relation,CISLR_v1.5-a_videos/_wR2epuH6m8_1.mp4,prototype
_yuawBKn9O0_1,february,6.0,time,CISLR_v1.5-a_videos/_yuawBKn9O0_1.mp4,prototype
_z-Ry3er2_k,blood,5.0,biology,CISLR_v1.5-a_videos/_z-Ry3er2_k.mp4,test
_zIhoXYpQfQ,folder,11.0,utility item,CISLR_v1.5-a_videos/_zIhoXYpQfQ.mp4,prototype
a1Nj8ScIhho,rani of jhansi,4.0,human,CISLR_v1.5-a_videos/a1Nj8ScIhho.mp4,prototype
a1T4s6FhcSE,clear,5.0,attribute,CISLR_v1.5-a_videos/a1T4s6FhcSE.mp4,test
a1Zz3eyS0yE_1,start,6.0,stage,CISLR_v1.5-a_videos/a1Zz3eyS0yE_1.mp4,test
a2YWHdD5gKk_1,big,6.0,attribute,CISLR_v1.5-a_videos/a2YWHdD5gKk_1.mp4,test
a3ZwnyHdlGI,cage,6.0,construction,CISLR_v1.5-a_videos/a3ZwnyHdlGI.mp4,prototype
a3qDF39okh0,citrus vulgaris,13.0,foods and drinks,CISLR_v1.5-a_videos/a3qDF39okh0.mp4,prototype
a4PC3Klb_OA_1,jalpur,6.0,geography,CISLR_v1.5-a_videos/a4PC3Klb_OA_1.mp4,prototype
a5kEZgbaT7w,i understand,5.0,action,CISLR_v1.5-a_videos/a5kEZgbaT7w.mp4,prototype
a6CyJGTNsG8,duronto express,5.0,transport,CISLR_v1.5-a_videos/a6CyJGTNsG8.mp4,prototype
a7LNu3_mPAo,sarong skirt,8.0,wearable,CISLR_v1.5-a_videos/a7LNu3_mPAo.mp4,prototype
a7gXYwtf0aM,rainbow,6.0,weather,CISLR_v1.5-a_videos/a7gXYwtf0aM.mp4,test
a7hNqWODhnU,fingerprints,12.0,human,CISLR_v1.5-a_videos/a7hNqWODhnU.mp4,prototype
a7kvbMiKkuQ_1,strike,7.0,process,CISLR_v1.5-a_videos/a7kvbMiKkuQ_1.mp4,prototype
a8cDfDvCcxw,cockroach,7.0,flora and fauna,CISLR_v1.5-a_videos/a8cDfDvCcxw.mp4,test
a8g9AMsHvlI_1,friday,5.0,time,CISLR_v1.5-a_videos/a8g9AMsHvlI_1.mp4,test
a8w3qeRPwp8_1,yesterday,7.0,time,CISLR_v1.5-a_videos/a8w3qeRPwp8_1.mp4,test
a8wk12Rfkac_1,west indies,7.0,geography,CISLR_v1.5-a_videos/a8wk12Rfkac_1.mp4,test
a9th81iiE2M_2,year,9.0,time,CISLR_v1.5-a_videos/a9th81iiE2M_2.mp4,test
a9xB9EN33FY,mineral matter,11.0,geography,CISLR_v1.5-a_videos/a9xB9EN33FY.mp4,prototype
aAOnQ9s6SlM_1,financial year,11.0,banking,CISLR_v1.5-a_videos/aAOnQ9s6SlM_1.mp4,prototype
aBFl_E3z3m0,flounce  hem,15.0,wearable,CISLR_v1.5-a_videos/aBFl_E3z3m0.mp4,prototype
aBWOTIxuGus,mysuru,6.0,geography,CISLR_v1.5-a_videos/aBWOTIxuGus.mp4,prototype
aCSZ-jr5Y_o,shallow,5.0,attribute,CISLR_v1.5-a_videos/aCSZ-jr5Y_o.mp4,prototype
aCaG3G4PAkQ,bedroom,4.0,construction,CISLR_v1.5-a_videos/aCaG3G4PAkQ.mp4,test
aD03ngrTQoI_1,goat,7.0,flora and fauna,CISLR_v1.5-a_videos/aD03ngrTQoI_1.mp4,test
aECrxESTDUM_1,percentage,7.0,math,CISLR_v1.5-a_videos/aECrxESTDUM_1.mp4,test
aF30g7ajjas_1,turn,6.0,action,CISLR_v1.5-a_videos/aF30g7ajjas_1.mp4,prototype
aF7X0ClwZVg,diet,11.0,foods and drinks,CISLR_v1.5-a_videos/aF7X0ClwZVg.mp4,test
aFGQehtPlPc,disease,7.0,biology,CISLR_v1.5-a_videos/aFGQehtPlPc.mp4,test
aFOyoIR4gqw,split pulley,14.0,machine,CISLR_v1.5-a_videos/aFOyoIR4gqw.mp4,prototype
aFbn0Bm9MCQ_1,special,5.0,attribute,CISLR_v1.5-a_videos/aFbn0Bm9MCQ_1.mp4,test
aFelqRyZOM4,sphere,7.0,abstract,CISLR_v1.5-a_videos/aFelqRyZOM4.mp4,test
aGRreliJps4_1,pillow,8.0,utility item,CISLR_v1.5-a_videos/aGRreliJps4_1.mp4,test
aH6ce_mquBY_1,advance,11.0,banking,CISLR_v1.5-a_videos/aH6ce_mquBY_1.mp4,test
aHhWeircCv4,thiruvananthapuram,4.0,geography,CISLR_v1.5-a_videos/aHhWeircCv4.mp4,prototype
aHmj7r_Ts70_1,crocodile,6.0,flora and fauna,CISLR_v1.5-a_videos/aHmj7r_Ts70_1.mp4,prototype
aI58FdiAz7Y_1,travel,7.0,action,CISLR_v1.5-a_videos/aI58FdiAz7Y_1.mp4,test
aIJKbhWx3So,under the weather,12.0,medical,CISLR_v1.5-a_videos/aIJKbhWx3So.mp4,prototype
aIYmSF72Yk4,mistake,3.0,abstract,CISLR_v1.5-a_videos/aIYmSF72Yk4.mp4,test
aJI0l51wGGM_1,dubai,6.0,geography,CISLR_v1.5-a_videos/aJI0l51wGGM_1.mp4,test
aJeKWqpMr7Y_2,glass stab,10.0,substance,CISLR_v1.5-a_videos/aJeKWqpMr7Y_2.mp4,prototype
aJkcfI5vUd4_1,parent branch,9.0,organisation,CISLR_v1.5-a_videos/aJkcfI5vUd4_1.mp4,prototype
aJvkIV-8Q9A,promise,5.0,action,CISLR_v1.5-a_videos/aJvkIV-8Q9A.mp4,test
aKKqKv1FFrU_1,expert,9.0,attribute,CISLR_v1.5-a_videos/aKKqKv1FFrU_1.mp4,prototype
aK_immPV5TM,statistics,5.0,math,CISLR_v1.5-a_videos/aK_immPV5TM.mp4,prototype
aKd7QTNB4IU_1,wife,9.0,relation,CISLR_v1.5-a_videos/aKd7QTNB4IU_1.mp4,test
aLFLtt_Hy5Q_2,parallel circuit,14.0,physics,CISLR_v1.5-a_videos/aLFLtt_Hy5Q_2.mp4,prototype
aL_AGq7MxBk_1,visual aid,6.0,banking,CISLR_v1.5-a_videos/aL_AGq7MxBk_1.mp4,prototype
aMQeupEDGOw_1,repair,7.0,action,CISLR_v1.5-a_videos/aMQeupEDGOw_1.mp4,test
aMs5U3qDEJ4_1,towel,6.0,utility item,CISLR_v1.5-a_videos/aMs5U3qDEJ4_1.mp4,prototype
aNthcGq-FqI_1,vacancy,8.0,abstract,CISLR_v1.5-a_videos/aNthcGq-FqI_1.mp4,prototype
aO1B2sAfigI,again,4.0,time,CISLR_v1.5-a_videos/aO1B2sAfigI.mp4,prototype
aO7Pmus6yEE,month,5.0,time,CISLR_v1.5-a_videos/aO7Pmus6yEE.mp4,test
aOR-2KDf9pA_2,concave,12.0,physics,CISLR_v1.5-a_videos/aOR-2KDf9pA_2.mp4,prototype
aQ6GM2E-3-k,internet disconnection,5.0,internet,CISLR_v1.5-a_videos/aQ6GM2E-3-k.mp4,prototype
aQEJlg8RhXQ,good,4.0,quality,CISLR_v1.5-a_videos/aQEJlg8RhXQ.mp4,test
aQHSHQkL47I_1,sunday,5.0,time,CISLR_v1.5-a_videos/aQHSHQkL47I_1.mp4,test
aQT4jI0jMWc,separate,4.0,action,CISLR_v1.5-a_videos/aQT4jI0jMWc.mp4,test
aQpVV49PF98_1,catch,6.0,action,CISLR_v1.5-a_videos/aQpVV49PF98_1.mp4,test
aRGwbWv6law_1,neighbour,10.0,human,CISLR_v1.5-a_videos/aRGwbWv6law_1.mp4,test
aRMlrpN0MzU_1,up,5.0,spatial position,CISLR_v1.5-a_videos/aRMlrpN0MzU_1.mp4,prototype
aS2e07FE2uw,jew,6.0,religious,CISLR_v1.5-a_videos/aS2e07FE2uw.mp4,prototype
aSHLJIU6ZeE_1,sandwitch,6.0,foods and drinks,CISLR_v1.5-a_videos/aSHLJIU6ZeE_1.mp4,prototype
aTHCIoGVi0k,judgement,10.0,action,CISLR_v1.5-a_videos/aTHCIoGVi0k.mp4,prototype
aTbpGKnMdv8,reduce,5.0,action,CISLR_v1.5-a_videos/aTbpGKnMdv8.mp4,test
aTk3A6yTmIA_2,quantity,8.0,quantity,CISLR_v1.5-a_videos/aTk3A6yTmIA_2.mp4,test
aTp3Y4ABxB4,sling bag,5.0,wearable,CISLR_v1.5-a_videos/aTp3Y4ABxB4.mp4,prototype
aVXHUzd1cW4,while,4.0,abstract,CISLR_v1.5-a_videos/aVXHUzd1cW4.mp4,prototype
aVxK8yw7z7I,paste,5.0,action,CISLR_v1.5-a_videos/aVxK8yw7z7I.mp4,prototype
aW1uRjayEEQ_1,amendments,9.0,legal,CISLR_v1.5-a_videos/aW1uRjayEEQ_1.mp4,prototype
aW8jBRmN24M_1,tour,9.0,event,CISLR_v1.5-a_videos/aW8jBRmN24M_1.mp4,prototype
aWlh04N3DzA_1,handkerchief,6.0,utility item,CISLR_v1.5-a_videos/aWlh04N3DzA_1.mp4,test
aXHoCMyVez8,juliet sleeve,7.0,wearable,CISLR_v1.5-a_videos/aXHoCMyVez8.mp4,prototype
aXX2ysgHZTA,east,5.0,spatial position,CISLR_v1.5-a_videos/aXX2ysgHZTA.mp4,test
aXvpcfjK7Sg,officer in charge of jail,13.0,profession,CISLR_v1.5-a_videos/aXvpcfjK7Sg.mp4,prototype
aYQ97trsr6k_1,celebrate,6.0,event,CISLR_v1.5-a_videos/aYQ97trsr6k_1.mp4,prototype
aYbsN9GG3kY_1,actor,8.0,profession,CISLR_v1.5-a_videos/aYbsN9GG3kY_1.mp4,prototype
aYjNOmE73zE,flat gardens,11.0,geography,CISLR_v1.5-a_videos/aYjNOmE73zE.mp4,prototype
aYpR1Gsa0_U,christmas,3.0,event,CISLR_v1.5-a_videos/aYpR1Gsa0_U.mp4,test
a_5rkFrzauo_1,examination,7.0,education,CISLR_v1.5-a_videos/a_5rkFrzauo_1.mp4,test
a_yFlzuJ7oY_1,sundry,7.0,quality,CISLR_v1.5-a_videos/a_yFlzuJ7oY_1.mp4,prototype
aawUzeSXJpU,handle,10.0,utility item,CISLR_v1.5-a_videos/aawUzeSXJpU.mp4,prototype
abmY621VQCw_1,smell,7.0,sensation,CISLR_v1.5-a_videos/abmY621VQCw_1.mp4,test
abz1iHHIktI_1,ledger balance,11.0,banking,CISLR_v1.5-a_videos/abz1iHHIktI_1.mp4,prototype
acdKVU7bbhw,appointment,4.0,action,CISLR_v1.5-a_videos/acdKVU7bbhw.mp4,prototype
ae55QOIEGEk_1,operate an account,10.0,banking,CISLR_v1.5-a_videos/ae55QOIEGEk_1.mp4,prototype
ae7r5dnrG34,austria,3.0,geography,CISLR_v1.5-a_videos/ae7r5dnrG34.mp4,prototype
aeJSYb8CmS8_2,troughs,14.0,physics,CISLR_v1.5-a_videos/aeJSYb8CmS8_2.mp4,prototype
aePcBtCpcPA,road separator,7.0,transport,CISLR_v1.5-a_videos/aePcBtCpcPA.mp4,prototype
aeaHJYnML2E_1,corresponding branch,10.0,banking,CISLR_v1.5-a_videos/aeaHJYnML2E_1.mp4,prototype
afB8ioKoVh8_1,shortage,9.0,banking,CISLR_v1.5-a_videos/afB8ioKoVh8_1.mp4,prototype
afZNvfwjxEA_1,vendee,7.0,human,CISLR_v1.5-a_videos/afZNvfwjxEA_1.mp4,prototype
ag8J-3yc7PE,engineering scale,13.0,instrument,CISLR_v1.5-a_videos/ag8J-3yc7PE.mp4,prototype
ahUSb4o3pKw,culottes,9.0,wearable,CISLR_v1.5-a_videos/ahUSb4o3pKw.mp4,prototype
aj736kmw3Pw_1,escape,6.0,action,CISLR_v1.5-a_videos/aj736kmw3Pw_1.mp4,test
ajczOXxcx_s,mouth parts,12.0,biology,CISLR_v1.5-a_videos/ajczOXxcx_s.mp4,prototype
ak5WS3_FBv8_1,fisher man,7.0,profession,CISLR_v1.5-a_videos/ak5WS3_FBv8_1.mp4,prototype
akYhM0X2Udc_1,start,5.0,stage,CISLR_v1.5-a_videos/akYhM0X2Udc_1.mp4,test
alvjMQjm1pM,personal,4.0,relation,CISLR_v1.5-a_videos/alvjMQjm1pM.mp4,test
alyadcV43G8_1,item,11.0,utility item,CISLR_v1.5-a_videos/alyadcV43G8_1.mp4,prototype
amB7PkF8fWQ,serial tv,5.0,entertainment,CISLR_v1.5-a_videos/amB7PkF8fWQ.mp4,prototype
amBz3VzA608_1,cheque,6.0,banking,CISLR_v1.5-a_videos/amBz3VzA608_1.mp4,test
amQEVitOUn4_1,right,6.0,abstract,CISLR_v1.5-a_videos/amQEVitOUn4_1.mp4,test
amb6frWEiDU,ministry of social justice and empowerment,4.0,authority,CISLR_v1.5-a_videos/amb6frWEiDU.mp4,prototype
amhLPtOfjgw_1,sari,6.0,wearable,CISLR_v1.5-a_videos/amhLPtOfjgw_1.mp4,test
aodgodCQNX8,palazo pants,10.0,wearable,CISLR_v1.5-a_videos/aodgodCQNX8.mp4,prototype
aoicBWQGk0Y,claw hammer,6.0,instrument,CISLR_v1.5-a_videos/aoicBWQGk0Y.mp4,prototype
ap3r07toNRc_1,count,7.0,metric,CISLR_v1.5-a_videos/ap3r07toNRc_1.mp4,prototype
apPABUUQDLA_1,leave earned,10.0,profession,CISLR_v1.5-a_videos/apPABUUQDLA_1.mp4,prototype
apdZVZdwz54,ban,4.0,action,CISLR_v1.5-a_videos/apdZVZdwz54.mp4,test
aqym4tojhqQ_1,dividend,8.0,math,CISLR_v1.5-a_videos/aqym4tojhqQ_1.mp4,prototype
araXKMU7R4g,cif number,8.0,legal,CISLR_v1.5-a_videos/araXKMU7R4g.mp4,prototype
at2bDwxeV3c,tight,5.0,quality,CISLR_v1.5-a_videos/at2bDwxeV3c.mp4,test
atIObXII22k,opposition,2.0,action,CISLR_v1.5-a_videos/atIObXII22k.mp4,prototype
atyCov9u9no,jail,5.0,construction,CISLR_v1.5-a_videos/atyCov9u9no.mp4,prototype
aunVG5Ddwrc_1,sink,6.0,process,CISLR_v1.5-a_videos/aunVG5Ddwrc_1.mp4,test
autuHm9_jWo,throw,3.0,action,CISLR_v1.5-a_videos/autuHm9_jWo.mp4,test
ava3Ux-MDDE_1,encashment,10.0,banking,CISLR_v1.5-a_videos/ava3Ux-MDDE_1.mp4,prototype
avpSF2ZHlc0_1,wolf,6.0,flora and fauna,CISLR_v1.5-a_videos/avpSF2ZHlc0_1.mp4,test
avuibTenovU_2,equator,11.0,geography,CISLR_v1.5-a_videos/avuibTenovU_2.mp4,test
ax5vPQQRVRE_1,cancer,8.0,medical,CISLR_v1.5-a_videos/ax5vPQQRVRE_1.mp4,test
axEFBCXFyt8_1,paise,5.0,banking,CISLR_v1.5-a_videos/axEFBCXFyt8_1.mp4,prototype
ay7OzoG5fk8,tax,5.0,legal,CISLR_v1.5-a_videos/ay7OzoG5fk8.mp4,prototype
ay96dkDBYMs,ms excel,10.0,computer,CISLR_v1.5-a_videos/ay96dkDBYMs.mp4,prototype
azP0G1dB1KY_1,roof,7.0,construction,CISLR_v1.5-a_videos/azP0G1dB1KY_1.mp4,prototype
b-Oi5Oa5TIA,message,4.0,readable,CISLR_v1.5-a_videos/b-Oi5Oa5TIA.mp4,test
b0-O_EoAR7c_1,order,5.0,action,CISLR_v1.5-a_videos/b0-O_EoAR7c_1.mp4,test
b00DR5Ly-Y0_1,head of income,9.0,banking,CISLR_v1.5-a_videos/b00DR5Ly-Y0_1.mp4,prototype
b00epXFNL5U,atm,4.0,banking,CISLR_v1.5-a_videos/b00epXFNL5U.mp4,prototype
b03dkzGkDV4_1,whose,6.0,abstract,CISLR_v1.5-a_videos/b03dkzGkDV4_1.mp4,prototype
b0zVJUx-H0Y_1,curds,5.0,foods and drinks,CISLR_v1.5-a_videos/b0zVJUx-H0Y_1.mp4,prototype
b1Cbwx9LrQM_1,short,6.0,quality,CISLR_v1.5-a_videos/b1Cbwx9LrQM_1.mp4,prototype
b1kVeCRjm1M,patna,6.0,geography,CISLR_v1.5-a_videos/b1kVeCRjm1M.mp4,prototype
b23vl51AH4U,tamarix gallica,13.0,flora and fauna,CISLR_v1.5-a_videos/b23vl51AH4U.mp4,prototype
b2hjMDOnYnw_1,hardworking,8.0,behavior,CISLR_v1.5-a_videos/b2hjMDOnYnw_1.mp4,test
b4ki5taIk0s_1,wipe,7.0,action,CISLR_v1.5-a_videos/b4ki5taIk0s_1.mp4,prototype
b4ywpRBTw4o,log off,7.0,group,CISLR_v1.5-a_videos/b4ywpRBTw4o.mp4,prototype
b5R9Ubu8bw4,sunflower,5.0,flora and fauna,CISLR_v1.5-a_videos/b5R9Ubu8bw4.mp4,test
b5pF8YU_ILs,policeman,5.0,profession,CISLR_v1.5-a_videos/b5pF8YU_ILs.mp4,prototype
b67oA7lAXi0_2,soldering lead,9.0,process,CISLR_v1.5-a_videos/b67oA7lAXi0_2.mp4,prototype
b6mge7fT8p4_1,worry,6.0,emotion,CISLR_v1.5-a_videos/b6mge7fT8p4_1.mp4,prototype
b7EQniqN7rs_1,now,6.0,time,CISLR_v1.5-a_videos/b7EQniqN7rs_1.mp4,prototype
b7U7TWlmbOs_1,trustee,8.0,human,CISLR_v1.5-a_videos/b7U7TWlmbOs_1.mp4,prototype
b7Y145D3Gi4_1,trunk,6.0,biology,CISLR_v1.5-a_videos/b7Y145D3Gi4_1.mp4,test
b8BlqEQCtiY_2,notice,10.0,legal,CISLR_v1.5-a_videos/b8BlqEQCtiY_2.mp4,prototype
b8ZOlo8oXbQ_2,joule,9.0,metric,CISLR_v1.5-a_videos/b8ZOlo8oXbQ_2.mp4,prototype
b8uuqEIu8Ag,pencil,4.0,utility item,CISLR_v1.5-a_videos/b8uuqEIu8Ag.mp4,test
b8z6CTJw-TI,contest,5.0,event,CISLR_v1.5-a_videos/b8z6CTJw-TI.mp4,prototype
b9Ad8smAqhs,zigzag,8.0,attribute,CISLR_v1.5-a_videos/b9Ad8smAqhs.mp4,prototype
b9W1y77hDSc,way,4.0,process,CISLR_v1.5-a_videos/b9W1y77hDSc.mp4,test
b9_2HxUsi0s,super computer,11.0,computer,CISLR_v1.5-a_videos/b9_2HxUsi0s.mp4,prototype
bA7mLrTdy60,district court,13.0,legal,CISLR_v1.5-a_videos/bA7mLrTdy60.mp4,prototype
bBzWwcYyMK8_2,filter pump,11.0,instrument,CISLR_v1.5-a_videos/bBzWwcYyMK8_2.mp4,prototype
bC7wNuiLgHI_1,machine,6.0,machine,CISLR_v1.5-a_videos/bC7wNuiLgHI_1.mp4,prototype
bC9ZZ5izJPk,agra,5.0,geography,CISLR_v1.5-a_videos/bC9ZZ5izJPk.mp4,test
bCXEgYMuyQU_1,banian,7.0,wearable,CISLR_v1.5-a_videos/bCXEgYMuyQU_1.mp4,test
bCm6R9JGBvA_1,motor,6.0,electronic and electrical,CISLR_v1.5-a_videos/bCm6R9JGBvA_1.mp4,test
bD4GIT0wuRE_1,dhothi,7.0,wearable,CISLR_v1.5-a_videos/bD4GIT0wuRE_1.mp4,test
bDA6y9S2bb4,hard,4.0,quality,CISLR_v1.5-a_videos/bDA6y9S2bb4.mp4,test
bDOUOr8c5EM_1,account suspence,13.0,banking,CISLR_v1.5-a_videos/bDOUOr8c5EM_1.mp4,prototype
bEe0Ch0biSU_2,litre,7.0,metric,CISLR_v1.5-a_videos/bEe0Ch0biSU_2.mp4,test
bEgGF4YuHm0,theatre,4.0,construction,CISLR_v1.5-a_videos/bEgGF4YuHm0.mp4,prototype
bEmiFY64B3c_2,ohm,11.0,metric,CISLR_v1.5-a_videos/bEmiFY64B3c_2.mp4,prototype
bFEz8r3xfMI,chalk,7.0,utility item,CISLR_v1.5-a_videos/bFEz8r3xfMI.mp4,prototype
bF_5-TAoxTo,wind borne disease,15.0,medical,CISLR_v1.5-a_videos/bF_5-TAoxTo.mp4,prototype
bGGgKRLRngQ,aam aadmi party,6.0,politics,CISLR_v1.5-a_videos/bGGgKRLRngQ.mp4,test
bGRAQ9ORnm0,national,5.0,geography,CISLR_v1.5-a_videos/bGRAQ9ORnm0.mp4,test
bGzdNLa1O9o,plan,5.0,action,CISLR_v1.5-a_videos/bGzdNLa1O9o.mp4,prototype
bH3KEeVn-rU_1,bandh,7.0,event,CISLR_v1.5-a_videos/bH3KEeVn-rU_1.mp4,prototype
bHcewri1380_1,afternoon,6.0,time,CISLR_v1.5-a_videos/bHcewri1380_1.mp4,test
bI019MZru3U,tight,4.0,quality,CISLR_v1.5-a_videos/bI019MZru3U.mp4,test
bIha_uKKc-U,water filter,5.0,electronic and electrical,CISLR_v1.5-a_videos/bIha_uKKc-U.mp4,prototype
bJ1Nsi71fnE_2,rf osciilator,11.0,instrument,CISLR_v1.5-a_videos/bJ1Nsi71fnE_2.mp4,prototype
bJiwFIbDGRQ_1,christmas,7.0,event,CISLR_v1.5-a_videos/bJiwFIbDGRQ_1.mp4,test
bK2UmfKfoPw_1,punctual,8.0,attribute,CISLR_v1.5-a_videos/bK2UmfKfoPw_1.mp4,test
bKliVu0i0SI,chimney,14.0,utility item,CISLR_v1.5-a_videos/bKliVu0i0SI.mp4,prototype
bL8PcxnwN74,same,4.0,comparator,CISLR_v1.5-a_videos/bL8PcxnwN74.mp4,test
bMY7k6ug38E,emphasize,7.0,action,CISLR_v1.5-a_videos/bMY7k6ug38E.mp4,prototype
bMZuO_mR3e4_1,hole,7.0,spatial position,CISLR_v1.5-a_videos/bMZuO_mR3e4_1.mp4,test
bNPBUXiWYYI,plain cement concrete,7.0,construction,CISLR_v1.5-a_videos/bNPBUXiWYYI.mp4,prototype
bNwhA4fMWCI,seed,5.0,foods and drinks,CISLR_v1.5-a_videos/bNwhA4fMWCI.mp4,test
bOqgzRbAuqg_1,fishing net,7.0,instrument,CISLR_v1.5-a_videos/bOqgzRbAuqg_1.mp4,prototype
bP0ibVNj7TU,sailor,9.0,profession,CISLR_v1.5-a_videos/bP0ibVNj7TU.mp4,test
bR89wUFYe8I_1,wear,6.0,action,CISLR_v1.5-a_videos/bR89wUFYe8I_1.mp4,prototype
bRAauK4qEf0_1,morning,7.0,time,CISLR_v1.5-a_videos/bRAauK4qEf0_1.mp4,test
bRG0I-FNuII_1,account discount,12.0,banking,CISLR_v1.5-a_videos/bRG0I-FNuII_1.mp4,prototype
bRT1xm32nIA,network,9.0,internet,CISLR_v1.5-a_videos/bRT1xm32nIA.mp4,test
bS8Bh2t9PSA,hip hugger,6.0,wearable,CISLR_v1.5-a_videos/bS8Bh2t9PSA.mp4,prototype
bTfZoLcLD1s,drug,4.0,substance,CISLR_v1.5-a_videos/bTfZoLcLD1s.mp4,test
bUybAkPWQH0_2,screw guage,10.0,instrument,CISLR_v1.5-a_videos/bUybAkPWQH0_2.mp4,prototype
bWRmIDKlKo0_1,work,6.0,action,CISLR_v1.5-a_videos/bWRmIDKlKo0_1.mp4,test
bYZKoGWvfyM_1,police station,5.0,legal,CISLR_v1.5-a_videos/bYZKoGWvfyM_1.mp4,prototype
bYyLAeq4yNY_2,hydrology,9.0,geography,CISLR_v1.5-a_videos/bYyLAeq4yNY_2.mp4,prototype
bZLyr43R2t4_1,will,7.0,abstract,CISLR_v1.5-a_videos/bZLyr43R2t4_1.mp4,prototype
bZnTQsP8FCY_1,trade,6.0,commerce,CISLR_v1.5-a_videos/bZnTQsP8FCY_1.mp4,prototype
b_TvDsf97GY,two thousand,5.0,quantity,CISLR_v1.5-a_videos/b_TvDsf97GY.mp4,prototype
b_cuB9Hjx34,peanut,6.0,foods and drinks,CISLR_v1.5-a_videos/b_cuB9Hjx34.mp4,prototype
b_lBAwm-AC4_1,friday,5.0,time,CISLR_v1.5-a_videos/b_lBAwm-AC4_1.mp4,test
bacheB1uzFE,alphabet,4.0,language,CISLR_v1.5-a_videos/bacheB1uzFE.mp4,prototype
baqITtRxH5U_1,appear,6.0,action,CISLR_v1.5-a_videos/baqITtRxH5U_1.mp4,prototype
bbWDUkaUXLE,lightning,6.0,weather,CISLR_v1.5-a_videos/bbWDUkaUXLE.mp4,test
bbWGXTXiw4k,cute,4.0,attribute,CISLR_v1.5-a_videos/bbWGXTXiw4k.mp4,prototype
bdn3KzMo_rM_2,diode,12.0,electronic and electrical,CISLR_v1.5-a_videos/bdn3KzMo_rM_2.mp4,prototype
bdoKiu3zEjs_2,service,10.0,action,CISLR_v1.5-a_videos/bdoKiu3zEjs_2.mp4,test
benrZFXwf4g_1,river,8.0,geography,CISLR_v1.5-a_videos/benrZFXwf4g_1.mp4,prototype
bewlQQs7I0k_2,perfect,7.0,attribute,CISLR_v1.5-a_videos/bewlQQs7I0k_2.mp4,test
bfWmhebPLIs_1,square,13.0,math,CISLR_v1.5-a_videos/bfWmhebPLIs_1.mp4,test
bfc3A5WT7O0,athlete's foot,10.0,medical,CISLR_v1.5-a_videos/bfc3A5WT7O0.mp4,prototype
bgNFqlUDCMw_1,proof,7.0,miscellaneous object,CISLR_v1.5-a_videos/bgNFqlUDCMw_1.mp4,test
bgwSjzhyPs8,full stomach,4.0,sensation,CISLR_v1.5-a_videos/bgwSjzhyPs8.mp4,test
bh3kxVL3EWA,volcano,6.0,geography,CISLR_v1.5-a_videos/bh3kxVL3EWA.mp4,test
bhMRCTyJyNI_1,without prejudice,8.0,legal,CISLR_v1.5-a_videos/bhMRCTyJyNI_1.mp4,prototype
bhPu5UgetR8,zinc sheet,6.0,metal and minerals,CISLR_v1.5-a_videos/bhPu5UgetR8.mp4,prototype
bhY9tXL3Z0w_1,mail transfer,9.0,banking,CISLR_v1.5-a_videos/bhY9tXL3Z0w_1.mp4,prototype
bhpHRwqACLY,colour palette,14.0,colour,CISLR_v1.5-a_videos/bhpHRwqACLY.mp4,test
bi4xQMdEcVo_1,requirement,6.0,abstract,CISLR_v1.5-a_videos/bi4xQMdEcVo_1.mp4,prototype
biAm9EJuH8w_2,oil,9.0,foods and drinks,CISLR_v1.5-a_videos/biAm9EJuH8w_2.mp4,prototype
biSlYwhDtc4,flute,7.0,sound,CISLR_v1.5-a_videos/biSlYwhDtc4.mp4,prototype
bjJtF35pjhI,throat plate,13.0,instrument,CISLR_v1.5-a_videos/bjJtF35pjhI.mp4,prototype
bkJI2VTpAwA,keyboard,10.0,electronic and electrical,CISLR_v1.5-a_videos/bkJI2VTpAwA.mp4,prototype
bmMd8l2xZaE,official,6.0,profession,CISLR_v1.5-a_videos/bmMd8l2xZaE.mp4,test
bmQ6EhxdBuw_1,buddha purnima,8.0,religious,CISLR_v1.5-a_videos/bmQ6EhxdBuw_1.mp4,test
bmnbIMDM4MY_1,compound interest,9.0,banking,CISLR_v1.5-a_videos/bmnbIMDM4MY_1.mp4,prototype
boWOpxe2CRY,national association of the deaf,3.0,group,CISLR_v1.5-a_videos/boWOpxe2CRY.mp4,prototype
bouFPfGo6UI,dissent,5.0,action,CISLR_v1.5-a_videos/bouFPfGo6UI.mp4,test
bp32ckPVj6s_1,company partnership,12.0,commerce,CISLR_v1.5-a_videos/bp32ckPVj6s_1.mp4,prototype
bp9mzPexxVY,carpenter,5.0,profession,CISLR_v1.5-a_videos/bp9mzPexxVY.mp4,test
bpK_n3OqDDw,hairdresser,9.0,utility item,CISLR_v1.5-a_videos/bpK_n3OqDDw.mp4,prototype
bq0BIQJzsbY_2,physical balance,11.0,instrument,CISLR_v1.5-a_videos/bq0BIQJzsbY_2.mp4,prototype
bq2QpJpjWUs,embarrass,3.0,action,CISLR_v1.5-a_videos/bq2QpJpjWUs.mp4,prototype
bqTLB7fccW8_1,nri,10.0,human,CISLR_v1.5-a_videos/bqTLB7fccW8_1.mp4,prototype
bqZZkH8aoC8_1,nose stud,5.0,wearable,CISLR_v1.5-a_videos/bqZZkH8aoC8_1.mp4,test
bsDAoxpr8Sc_1,halting allowance,9.0,banking,CISLR_v1.5-a_videos/bsDAoxpr8Sc_1.mp4,prototype
buBZGkwchow,release,4.0,action,CISLR_v1.5-a_videos/buBZGkwchow.mp4,prototype
bubXTcY0A2E_2,dispersion,7.0,physics,CISLR_v1.5-a_videos/bubXTcY0A2E_2.mp4,prototype
bv9giU_G_Mc,online,6.0,internet,CISLR_v1.5-a_videos/bv9giU_G_Mc.mp4,test
bvRVxOWJdMw_1,guilty,6.0,emotion,CISLR_v1.5-a_videos/bvRVxOWJdMw_1.mp4,test
bwM7NUs3TFc_1,good,7.0,quality,CISLR_v1.5-a_videos/bwM7NUs3TFc_1.mp4,test
bwrBPuatbGQ_1,bank nationalised,13.0,banking,CISLR_v1.5-a_videos/bwrBPuatbGQ_1.mp4,prototype
bxQU88YWOhg,seychelles,3.0,geography,CISLR_v1.5-a_videos/bxQU88YWOhg.mp4,prototype
by5LPvJU5OY_1,all,7.0,quantity,CISLR_v1.5-a_videos/by5LPvJU5OY_1.mp4,prototype
bz6nldNgnjU,blackberry,5.0,organisation,CISLR_v1.5-a_videos/bz6nldNgnjU.mp4,prototype
bz7Stt4IzGc,bully calf,11.0,flora and fauna,CISLR_v1.5-a_videos/bz7Stt4IzGc.mp4,prototype
bzfDfBXrsTA_1,bill,10.0,banking,CISLR_v1.5-a_videos/bzfDfBXrsTA_1.mp4,test
c-5Km1sqJOA_1,coconut,8.0,foods and drinks,CISLR_v1.5-a_videos/c-5Km1sqJOA_1.mp4,test
c-A3wFtFlEM_1,common,6.0,abstract,CISLR_v1.5-a_videos/c-A3wFtFlEM_1.mp4,test
c-iylYqUcUw,bench mark,14.0,metric,CISLR_v1.5-a_videos/c-iylYqUcUw.mp4,prototype
c-n55nBWOIc_1,interest,8.0,banking,CISLR_v1.5-a_videos/c-n55nBWOIc_1.mp4,test
c02rBJWw1fo,cargo  pocket,11.0,wearable,CISLR_v1.5-a_videos/c02rBJWw1fo.mp4,prototype
c05vX2BcjUs_2,absorption,6.0,attribute,CISLR_v1.5-a_videos/c05vX2BcjUs_2.mp4,prototype
c0Mr2g3NjFE_1,profession,6.0,profession,CISLR_v1.5-a_videos/c0Mr2g3NjFE_1.mp4,test
c0YAVT3cqwI_1,pond,9.0,geography,CISLR_v1.5-a_videos/c0YAVT3cqwI_1.mp4,test
c26UiFPMTcw,annual,5.0,time,CISLR_v1.5-a_videos/c26UiFPMTcw.mp4,prototype
c3ekz0r_Xwg_1,busy,6.0,behavior,CISLR_v1.5-a_videos/c3ekz0r_Xwg_1.mp4,test
c3l-zz-FQ9I_1,mouth,9.0,biology,CISLR_v1.5-a_videos/c3l-zz-FQ9I_1.mp4,test
c4HojUA2FGE,appointment,4.0,action,CISLR_v1.5-a_videos/c4HojUA2FGE.mp4,test
c4Nn0I-C4gY,blackboard duster,8.0,education,CISLR_v1.5-a_videos/c4Nn0I-C4gY.mp4,test
c4_wAHzGCiw,deadline,4.0,time,CISLR_v1.5-a_videos/c4_wAHzGCiw.mp4,test
c5txohM_Pv8,body parts,8.0,biology,CISLR_v1.5-a_videos/c5txohM_Pv8.mp4,prototype
c6-NB5Yrrdo,arm,5.0,biology,CISLR_v1.5-a_videos/c6-NB5Yrrdo.mp4,test
c6lgZeRgbuM_1,continent,7.0,geography,CISLR_v1.5-a_videos/c6lgZeRgbuM_1.mp4,prototype
c7P3OaUt-LA,owner,5.0,human,CISLR_v1.5-a_videos/c7P3OaUt-LA.mp4,test
c8QdJkQk-S4,absent,4.0,abstract,CISLR_v1.5-a_videos/c8QdJkQk-S4.mp4,test
c8cBnLAFa40,blight,14.0,medical,CISLR_v1.5-a_videos/c8cBnLAFa40.mp4,prototype
c8vOZMKsBC8_2,north,8.0,spatial position,CISLR_v1.5-a_videos/c8vOZMKsBC8_2.mp4,prototype
c9D91JO8O0w,manage,4.0,action,CISLR_v1.5-a_videos/c9D91JO8O0w.mp4,test
c9Kcl0vkQh4,arrogate,15.0,action,CISLR_v1.5-a_videos/c9Kcl0vkQh4.mp4,prototype
c9hrMSMJFgw,congratulations,4.0,greeting,CISLR_v1.5-a_videos/c9hrMSMJFgw.mp4,prototype
cA1B3PFfvjM_1,photograph,7.0,miscellaneous object,CISLR_v1.5-a_videos/cA1B3PFfvjM_1.mp4,test
cApvRkBL8e0,hard drive,6.0,electronic and electrical,CISLR_v1.5-a_videos/cApvRkBL8e0.mp4,test
cBtN1DlLXAs,different,5.0,comparator,CISLR_v1.5-a_videos/cBtN1DlLXAs.mp4,prototype
cC0E_KK9FBs_1,variable,6.0,math,CISLR_v1.5-a_videos/cC0E_KK9FBs_1.mp4,test
cDV-k7lXo7w,south america,5.0,geography,CISLR_v1.5-a_videos/cDV-k7lXo7w.mp4,test
cEclg4wFkQY,bank branch address,5.0,banking,CISLR_v1.5-a_videos/cEclg4wFkQY.mp4,prototype
cFdYCBpZGEw_1,only,6.0,quantity,CISLR_v1.5-a_videos/cFdYCBpZGEw_1.mp4,prototype
cGIpxkvYfys,whistle,5.0,sound,CISLR_v1.5-a_videos/cGIpxkvYfys.mp4,test
cHTrAwUZtNY,ginger,4.0,foods and drinks,CISLR_v1.5-a_videos/cHTrAwUZtNY.mp4,prototype
cHzy7fieqXU_1,stationery,9.0,utility item,CISLR_v1.5-a_videos/cHzy7fieqXU_1.mp4,test
cIPxnJAUd74,newly weds,6.0,relation,CISLR_v1.5-a_videos/cIPxnJAUd74.mp4,prototype
cItWv5VCy8w_1,black,9.0,quality,CISLR_v1.5-a_videos/cItWv5VCy8w_1.mp4,test
cIyDQeSqcnk,reinforced cement concrete,14.0,construction,CISLR_v1.5-a_videos/cIyDQeSqcnk.mp4,prototype
cKTC0499dBc,prescription,5.0,medical,CISLR_v1.5-a_videos/cKTC0499dBc.mp4,test
cKkCZ_GYpkk,scream,5.0,action,CISLR_v1.5-a_videos/cKkCZ_GYpkk.mp4,prototype
cMIJrgJVkzc_1,order standing,10.0,banking,CISLR_v1.5-a_videos/cMIJrgJVkzc_1.mp4,prototype
cM_xDZOtPsc,paint,6.0,action,CISLR_v1.5-a_videos/cM_xDZOtPsc.mp4,test
cMeg0EWN2mY_1,season,7.0,time,CISLR_v1.5-a_videos/cMeg0EWN2mY_1.mp4,prototype
cMm2cWGKt6Q,murraya exotica,13.0,flora and fauna,CISLR_v1.5-a_videos/cMm2cWGKt6Q.mp4,prototype
cN4cdQ7Uvhw_1,storage,8.0,quantity,CISLR_v1.5-a_videos/cN4cdQ7Uvhw_1.mp4,prototype
cNL6z2IayOU,bandra to worli sea link,5.0,geography,CISLR_v1.5-a_videos/cNL6z2IayOU.mp4,prototype
cP9CvXcgOs8_1,famous,6.0,attribute,CISLR_v1.5-a_videos/cP9CvXcgOs8_1.mp4,test
cPSQyj-JTpM,compositing,15.0,construction,CISLR_v1.5-a_videos/cPSQyj-JTpM.mp4,prototype
cPtb9OMfZ0w,sometimes,5.0,abstract,CISLR_v1.5-a_videos/cPtb9OMfZ0w.mp4,test
cPzYNzLFQo0_1,orange,7.0,foods and drinks,CISLR_v1.5-a_videos/cPzYNzLFQo0_1.mp4,test
cSyNdG5W6i0_2,parachute,12.0,miscellaneous object,CISLR_v1.5-a_videos/cSyNdG5W6i0_2.mp4,prototype
cTLsY2Pa848_1,land holding,9.0,legal,CISLR_v1.5-a_videos/cTLsY2Pa848_1.mp4,prototype
cW1M5CUdCmk,mother in law,5.0,relation,CISLR_v1.5-a_videos/cW1M5CUdCmk.mp4,prototype
cW1Vl1AqGzI,video,4.0,computer,CISLR_v1.5-a_videos/cW1Vl1AqGzI.mp4,test
cWsTOcbwNJg_1,nect tie,6.0,utility item,CISLR_v1.5-a_videos/cWsTOcbwNJg_1.mp4,prototype
cXKAkxMNEYI,grenade,12.0,machine,CISLR_v1.5-a_videos/cXKAkxMNEYI.mp4,prototype
cXX9Fqj1fuE,well,5.0,construction,CISLR_v1.5-a_videos/cXX9Fqj1fuE.mp4,prototype
cZ4RwsITk3c_2,diffraction,10.0,physics,CISLR_v1.5-a_videos/cZ4RwsITk3c_2.mp4,prototype
cZBoXXZqXT0_2,calculation,10.0,math,CISLR_v1.5-a_videos/cZBoXXZqXT0_2.mp4,test
c_CVbagPDA8_1,physical training,8.0,action,CISLR_v1.5-a_videos/c_CVbagPDA8_1.mp4,prototype
c_N193NzE94_1,credit purchase,8.0,banking,CISLR_v1.5-a_videos/c_N193NzE94_1.mp4,prototype
c_i7AAEhy3E_1,super,10.0,quality,CISLR_v1.5-a_videos/c_i7AAEhy3E_1.mp4,prototype
ca4NtqH_cx0_1,thursday,5.0,time,CISLR_v1.5-a_videos/ca4NtqH_cx0_1.mp4,test
caIqDNu--II,compaction,10.0,construction,CISLR_v1.5-a_videos/caIqDNu--II.mp4,prototype
cclXS3qW2bI,black market,9.0,legal,CISLR_v1.5-a_videos/cclXS3qW2bI.mp4,prototype
cdg2loc35vs,agree,6.0,action,CISLR_v1.5-a_videos/cdg2loc35vs.mp4,prototype
cfAXWBaT88Y_1,jealous,7.0,emotion,CISLR_v1.5-a_videos/cfAXWBaT88Y_1.mp4,prototype
cfPvMQAbTy8,engagement,4.0,event,CISLR_v1.5-a_videos/cfPvMQAbTy8.mp4,prototype
cfZzelNoOtA,profit,4.0,banking,CISLR_v1.5-a_videos/cfZzelNoOtA.mp4,test
cfiEadKO-jY,machine water pump,9.0,machine,CISLR_v1.5-a_videos/cfiEadKO-jY.mp4,prototype
cg4E83GKGJk_1,tail,6.0,attribute,CISLR_v1.5-a_videos/cg4E83GKGJk_1.mp4,prototype
cg9Qwgaezdg,download,8.0,computer,CISLR_v1.5-a_videos/cg9Qwgaezdg.mp4,prototype
chPdC6gwibQ,kumbh mela,7.0,event,CISLR_v1.5-a_videos/chPdC6gwibQ.mp4,test
ciBV8fax0EQ_1,whale,8.0,flora and fauna,CISLR_v1.5-a_videos/ciBV8fax0EQ_1.mp4,test
cigrNp7NbVY,bury,6.0,action,CISLR_v1.5-a_videos/cigrNp7NbVY.mp4,test
cj4nM0IFGYQ,maha shivaratri,4.0,event,CISLR_v1.5-a_videos/cj4nM0IFGYQ.mp4,test
cj56UIvObV8,back,3.0,spatial position,CISLR_v1.5-a_videos/cj56UIvObV8.mp4,test
cjb9U7rI-pk,special,3.0,attribute,CISLR_v1.5-a_videos/cjb9U7rI-pk.mp4,test
cjlXzFSoIco_1,squrriel,7.0,flora and fauna,CISLR_v1.5-a_videos/cjlXzFSoIco_1.mp4,prototype
ckDEZnw3PHE_1,ring,6.0,miscellaneous object,CISLR_v1.5-a_videos/ckDEZnw3PHE_1.mp4,test
clwF6d-MIBw_2,bad conductor,11.0,physics,CISLR_v1.5-a_videos/clwF6d-MIBw_2.mp4,prototype
clxS63kY4zs_1,accured,12.0,banking,CISLR_v1.5-a_videos/clxS63kY4zs_1.mp4,prototype
cmFVOsYv2Nk,argentina,3.0,geography,CISLR_v1.5-a_videos/cmFVOsYv2Nk.mp4,prototype
cmlToISecIA,adult,5.0,stage,CISLR_v1.5-a_videos/cmlToISecIA.mp4,test
cpbTXmt7XwA_1,quick,6.0,time,CISLR_v1.5-a_videos/cpbTXmt7XwA_1.mp4,prototype
cqpttv1IB28_1,wood,8.0,miscellaneous object,CISLR_v1.5-a_videos/cqpttv1IB28_1.mp4,test
crOKuw1QwVk,pulley,9.0,instrument,CISLR_v1.5-a_videos/crOKuw1QwVk.mp4,prototype
cuouiP_uipw_1,official,6.0,legal,CISLR_v1.5-a_videos/cuouiP_uipw_1.mp4,test
cuv95axJkJg,motorcycle air filter,15.0,machine,CISLR_v1.5-a_videos/cuv95axJkJg.mp4,prototype
cvBDFoHc-SI_1,goat,7.0,flora and fauna,CISLR_v1.5-a_videos/cvBDFoHc-SI_1.mp4,test
cwDDoB4ZOZY,connect,6.0,process,CISLR_v1.5-a_videos/cwDDoB4ZOZY.mp4,prototype
cwDfYuPi02Y_1,socks,6.0,wearable,CISLR_v1.5-a_videos/cwDfYuPi02Y_1.mp4,test
cwEfR3ySdZg,disease control of plant,13.0,biology,CISLR_v1.5-a_videos/cwEfR3ySdZg.mp4,prototype
cxqz0EbY4yE,eczema,7.0,medical,CISLR_v1.5-a_videos/cxqz0EbY4yE.mp4,prototype
cycfuVbrlOQ_1,owner cultivated,9.0,relation,CISLR_v1.5-a_videos/cycfuVbrlOQ_1.mp4,prototype
cyyBiFbtefI,sikhism,5.0,religious,CISLR_v1.5-a_videos/cyyBiFbtefI.mp4,test
cyz7f5C8VWc_1,pretend,6.0,action,CISLR_v1.5-a_videos/cyz7f5C8VWc_1.mp4,test
czE3uNUVUKA,spoken,5.0,sound,CISLR_v1.5-a_videos/czE3uNUVUKA.mp4,prototype
czmizKva6TQ_1,drum,5.0,sound,CISLR_v1.5-a_videos/czmizKva6TQ_1.mp4,prototype
d0SGtxOqFpU,arrest,4.0,legal,CISLR_v1.5-a_videos/d0SGtxOqFpU.mp4,test
d3Mz6l_VYic_1,call,5.0,action,CISLR_v1.5-a_videos/d3Mz6l_VYic_1.mp4,test
d3i2EjGoA2k_1,come,5.0,process,CISLR_v1.5-a_videos/d3i2EjGoA2k_1.mp4,test
d3tDqVfbgCg_1,pull,6.0,action,CISLR_v1.5-a_videos/d3tDqVfbgCg_1.mp4,prototype
d4nkMcBvUZM_1,eat,7.0,action,CISLR_v1.5-a_videos/d4nkMcBvUZM_1.mp4,test
d4zWp5T3P-w,cloudy,7.0,weather,CISLR_v1.5-a_videos/d4zWp5T3P-w.mp4,prototype
d5SWvjzXUbs_1,absorb,6.0,action,CISLR_v1.5-a_videos/d5SWvjzXUbs_1.mp4,prototype
d5SYjSyZLZI,cobbler,5.0,profession,CISLR_v1.5-a_videos/d5SYjSyZLZI.mp4,test
d5gBuuQWncc_1,begin,5.0,time,CISLR_v1.5-a_videos/d5gBuuQWncc_1.mp4,prototype
d73jrF3Tevc_1,primary,8.0,attribute,CISLR_v1.5-a_videos/d73jrF3Tevc_1.mp4,prototype
d9LDsGqPpXA_2,output,7.0,miscellaneous object,CISLR_v1.5-a_videos/d9LDsGqPpXA_2.mp4,test
d9MAodEjHsc,send,4.0,action,CISLR_v1.5-a_videos/d9MAodEjHsc.mp4,prototype
d9fEfBJmy0Y_1,help,7.0,process,CISLR_v1.5-a_videos/d9fEfBJmy0Y_1.mp4,test
d9qLL38zaZ0,parade,5.0,event,CISLR_v1.5-a_videos/d9qLL38zaZ0.mp4,prototype
d9s1JfE1Rv0,crime scene,10.0,legal,CISLR_v1.5-a_videos/d9s1JfE1Rv0.mp4,prototype
dAFLzjA5FtQ_1,pickle,6.0,foods and drinks,CISLR_v1.5-a_videos/dAFLzjA5FtQ_1.mp4,test
dBQHt6OHvi8_1,squirrel,6.0,flora and fauna,CISLR_v1.5-a_videos/dBQHt6OHvi8_1.mp4,test
dCvX2SjAybM,adjudge,10.0,legal,CISLR_v1.5-a_videos/dCvX2SjAybM.mp4,prototype
dDJCclqr7jo,sesbenia aegyptiaca,12.0,biology,CISLR_v1.5-a_videos/dDJCclqr7jo.mp4,prototype
dELRdOxwEQY_1,pumpkin,7.0,foods and drinks,CISLR_v1.5-a_videos/dELRdOxwEQY_1.mp4,test
dFNIhuujLGo,capital punishment,6.0,legal,CISLR_v1.5-a_videos/dFNIhuujLGo.mp4,prototype
dFstSkKTdJs_2,agreement,10.0,commerce,CISLR_v1.5-a_videos/dFstSkKTdJs_2.mp4,prototype
dGP1h8tXPGY,republic day,5.0,event,CISLR_v1.5-a_videos/dGP1h8tXPGY.mp4,prototype
dGUBX9_VN7U_1,august,6.0,time,CISLR_v1.5-a_videos/dGUBX9_VN7U_1.mp4,test
dGg9jffJ8us,habit,5.0,behavior,CISLR_v1.5-a_videos/dGg9jffJ8us.mp4,prototype
dIH705Z6Wkk,mistake,6.0,abstract,CISLR_v1.5-a_videos/dIH705Z6Wkk.mp4,test
dJtS0RP9YyM_1,pen,5.0,utility item,CISLR_v1.5-a_videos/dJtS0RP9YyM_1.mp4,test
dNSKKwUJdGI_1,desert,8.0,geography,CISLR_v1.5-a_videos/dNSKKwUJdGI_1.mp4,prototype
dNZ0oK9jvZs,nothing,4.0,abstract,CISLR_v1.5-a_videos/dNZ0oK9jvZs.mp4,test
dNrwv9tT8qY_2,solar energy,10.0,physics,CISLR_v1.5-a_videos/dNrwv9tT8qY_2.mp4,prototype
dOPSYCZ4mfU,dustbin,5.0,utility item,CISLR_v1.5-a_videos/dOPSYCZ4mfU.mp4,test
dOZOALFxyNw_1,meat,6.0,foods and drinks,CISLR_v1.5-a_videos/dOZOALFxyNw_1.mp4,test
dOdFMkRCpWI,pacing,15.0,action,CISLR_v1.5-a_videos/dOdFMkRCpWI.mp4,prototype
dPSB-HxRET4,understand,3.0,action,CISLR_v1.5-a_videos/dPSB-HxRET4.mp4,test
dPnP2JZGAks_1,lead,6.0,authority,CISLR_v1.5-a_videos/dPnP2JZGAks_1.mp4,test
dQ30qulPHvE_2,brown,9.0,attribute,CISLR_v1.5-a_videos/dQ30qulPHvE_2.mp4,test
dQABEhftkDY,zoo,4.0,geography,CISLR_v1.5-a_videos/dQABEhftkDY.mp4,test
dQMbnTMaARA,hawker,7.0,profession,CISLR_v1.5-a_videos/dQMbnTMaARA.mp4,test
dQd7vQzxfJE,vadodara,4.0,geography,CISLR_v1.5-a_videos/dQd7vQzxfJE.mp4,test
dQs0quEuTls,traffic lights,6.0,electronic and electrical,CISLR_v1.5-a_videos/dQs0quEuTls.mp4,prototype
dRZkuKTLcis,chief minister,5.0,authority,CISLR_v1.5-a_videos/dRZkuKTLcis.mp4,prototype
dRhS2U_Bl5w_1,result,6.0,abstract,CISLR_v1.5-a_videos/dRhS2U_Bl5w_1.mp4,test
dSF64aB7oIs,juice,5.0,foods and drinks,CISLR_v1.5-a_videos/dSF64aB7oIs.mp4,test
dSGNGtAprtE_1,west indies,7.0,geography,CISLR_v1.5-a_videos/dSGNGtAprtE_1.mp4,test
dT4Y_R7jVIE_1,try,6.0,action,CISLR_v1.5-a_videos/dT4Y_R7jVIE_1.mp4,test
dT9dCqGuDCE,kick,5.0,action,CISLR_v1.5-a_videos/dT9dCqGuDCE.mp4,prototype
dTjzMwNtA1o_1,union,7.0,group,CISLR_v1.5-a_videos/dTjzMwNtA1o_1.mp4,prototype
dVHZX2-cexY,sunday,3.0,time,CISLR_v1.5-a_videos/dVHZX2-cexY.mp4,test
dWGCRKIqUb0,drop cap,14.0,language,CISLR_v1.5-a_videos/dWGCRKIqUb0.mp4,prototype
dWeSkZ2K4TA,wrestling,4.0,sport,CISLR_v1.5-a_videos/dWeSkZ2K4TA.mp4,test
dXn51-btduM_1,major,8.0,quality,CISLR_v1.5-a_videos/dXn51-btduM_1.mp4,prototype
dY77Eo9bfNg_2,southern hemisphere,15.0,geography,CISLR_v1.5-a_videos/dY77Eo9bfNg_2.mp4,prototype
dZLD3z1uC54_2,equal,7.0,metric,CISLR_v1.5-a_videos/dZLD3z1uC54_2.mp4,test
d_-8DagcQRQ,allen key,12.0,instrument,CISLR_v1.5-a_videos/d_-8DagcQRQ.mp4,prototype
d_0HZMA0Ml0,order,4.0,action,CISLR_v1.5-a_videos/d_0HZMA0Ml0.mp4,test
d_GdVQe7Jrk_1,project,8.0,abstract,CISLR_v1.5-a_videos/d_GdVQe7Jrk_1.mp4,prototype
daRWg-gnW7M,chalk,4.0,utility item,CISLR_v1.5-a_videos/daRWg-gnW7M.mp4,test
ddPCGaifqHg_1,back,8.0,spatial position,CISLR_v1.5-a_videos/ddPCGaifqHg_1.mp4,test
ddUcwkYlh5E,abrogate,11.0,legal,CISLR_v1.5-a_videos/ddUcwkYlh5E.mp4,prototype
ddanfdSlKGA_1,chest,7.0,biology,CISLR_v1.5-a_videos/ddanfdSlKGA_1.mp4,prototype
ddpIUqF0dEg,murder,3.0,action,CISLR_v1.5-a_videos/ddpIUqF0dEg.mp4,prototype
dduOBzdGYug,generator,5.0,electronic and electrical,CISLR_v1.5-a_videos/dduOBzdGYug.mp4,prototype
deXIYwtAoUw,system,4.0,instrument,CISLR_v1.5-a_videos/deXIYwtAoUw.mp4,test
df3ewqju9L8,vocabulary,3.0,language,CISLR_v1.5-a_videos/df3ewqju9L8.mp4,prototype
dfF51UQf_AM,garage door opener,6.0,utility item,CISLR_v1.5-a_videos/dfF51UQf_AM.mp4,prototype
dggsuMZSGAc_1,week,6.0,time,CISLR_v1.5-a_videos/dggsuMZSGAc_1.mp4,test
dgpwdJ7NHJQ_1,planet,8.0,astronomical,CISLR_v1.5-a_videos/dgpwdJ7NHJQ_1.mp4,test
dguva7pmiNk_1,hungry,7.0,sensation,CISLR_v1.5-a_videos/dguva7pmiNk_1.mp4,prototype
dhPr_hzP8oM,mushroom storage,13.0,process,CISLR_v1.5-a_videos/dhPr_hzP8oM.mp4,prototype
dhYooos0RiE,germination,13.0,process,CISLR_v1.5-a_videos/dhYooos0RiE.mp4,prototype
dhy4BOXYtEs_2,newton,8.0,human,CISLR_v1.5-a_videos/dhy4BOXYtEs_2.mp4,prototype
diGBpMN_-WM,electric tester,7.0,instrument,CISLR_v1.5-a_videos/diGBpMN_-WM.mp4,prototype
diWGuc9GzL8,fruit disease,15.0,biology,CISLR_v1.5-a_videos/diWGuc9GzL8.mp4,prototype
ditvJHcM784_1,knee,7.0,biology,CISLR_v1.5-a_videos/ditvJHcM784_1.mp4,prototype
djeFrqW7rPE_1,jump,6.0,process,CISLR_v1.5-a_videos/djeFrqW7rPE_1.mp4,test
dk9QGWXU2kY_2,flouresence,8.0,attribute,CISLR_v1.5-a_videos/dk9QGWXU2kY_2.mp4,prototype
dkAI5hTKrJA,law,5.0,legal,CISLR_v1.5-a_videos/dkAI5hTKrJA.mp4,test
dkEWduuC67E_1,permanent,6.0,attribute,CISLR_v1.5-a_videos/dkEWduuC67E_1.mp4,test
dkwDWRmVwUc,india,4.0,geography,CISLR_v1.5-a_videos/dkwDWRmVwUc.mp4,test
dl6mqYVOS18_1,name,8.0,language,CISLR_v1.5-a_videos/dl6mqYVOS18_1.mp4,test
dllJRt0_AGQ,buckle,5.0,wearable,CISLR_v1.5-a_videos/dllJRt0_AGQ.mp4,prototype
dm6hv7A_XGI,wicketkeeper,4.0,human,CISLR_v1.5-a_videos/dm6hv7A_XGI.mp4,prototype
dmDV7FGfc0E_2,hydro electricity,11.0,physics,CISLR_v1.5-a_videos/dmDV7FGfc0E_2.mp4,prototype
dmspcOTLMP8_1,file,5.0,readable,CISLR_v1.5-a_videos/dmspcOTLMP8_1.mp4,prototype
dnZlTBG5Taw,nose,5.0,biology,CISLR_v1.5-a_videos/dnZlTBG5Taw.mp4,test
dnl45S16tjs,advocate,4.0,legal,CISLR_v1.5-a_videos/dnl45S16tjs.mp4,prototype
doW1fga72Kk,yellow,4.0,attribute,CISLR_v1.5-a_videos/doW1fga72Kk.mp4,test
doWXendPFc0,bowl,5.0,utility item,CISLR_v1.5-a_videos/doWXendPFc0.mp4,test
dp8CmTJwz6g_1,air,7.0,substance,CISLR_v1.5-a_videos/dp8CmTJwz6g_1.mp4,test
dq2YpgXqCn8,program,3.0,action,CISLR_v1.5-a_videos/dq2YpgXqCn8.mp4,prototype
dqD5vrJHfQM,rectangle,5.0,math,CISLR_v1.5-a_videos/dqD5vrJHfQM.mp4,test
dqZy_QkKqNM,subhas chandra bose,4.0,human,CISLR_v1.5-a_videos/dqZy_QkKqNM.mp4,prototype
drY08LJIVLw_1,growth,8.0,time,CISLR_v1.5-a_videos/drY08LJIVLw_1.mp4,prototype
ds5AgTizcgg,sofa,5.0,utility item,CISLR_v1.5-a_videos/ds5AgTizcgg.mp4,test
ds5lPKnltQc,rice,5.0,foods and drinks,CISLR_v1.5-a_videos/ds5lPKnltQc.mp4,test
dtlqOoeeqDU_1,hill,9.0,geography,CISLR_v1.5-a_videos/dtlqOoeeqDU_1.mp4,test
du_72ySABJM,heifer calf,12.0,flora and fauna,CISLR_v1.5-a_videos/du_72ySABJM.mp4,prototype
dv1x5AQM0E8_1,table,7.0,utility item,CISLR_v1.5-a_videos/dv1x5AQM0E8_1.mp4,test
dwuDZ2R6yV0_1,cheque endorsement,9.0,banking,CISLR_v1.5-a_videos/dwuDZ2R6yV0_1.mp4,prototype
dxPUI_h_LAk,basics,7.0,quality,CISLR_v1.5-a_videos/dxPUI_h_LAk.mp4,prototype
dxoUqsSHx4E,thin,4.0,quality,CISLR_v1.5-a_videos/dxoUqsSHx4E.mp4,prototype
dxvGVA3-j9k,karnataka bank,5.0,banking,CISLR_v1.5-a_videos/dxvGVA3-j9k.mp4,prototype
dzKpkPSr6Ko_1,owl,7.0,flora and fauna,CISLR_v1.5-a_videos/dzKpkPSr6Ko_1.mp4,test
e-oFpEWqbFI,husband,3.0,relation,CISLR_v1.5-a_videos/e-oFpEWqbFI.mp4,test
e07tkwowhvQ,respect,4.0,gesture,CISLR_v1.5-a_videos/e07tkwowhvQ.mp4,test
e0RfjsPH0yU_1,curds,6.0,foods and drinks,CISLR_v1.5-a_videos/e0RfjsPH0yU_1.mp4,test
e0SfMAxA-jo,freezing,12.0,process,CISLR_v1.5-a_videos/e0SfMAxA-jo.mp4,prototype
e0VLtZBWLHY_1,off season,8.0,time,CISLR_v1.5-a_videos/e0VLtZBWLHY_1.mp4,prototype
e0WS9OgJpFs_1,account joint,14.0,banking,CISLR_v1.5-a_videos/e0WS9OgJpFs_1.mp4,prototype
e0d5YxnIU3Y_1,morning,6.0,time,CISLR_v1.5-a_videos/e0d5YxnIU3Y_1.mp4,test
e1GC3zNkWpQ_1,cut,6.0,action,CISLR_v1.5-a_videos/e1GC3zNkWpQ_1.mp4,test
e2OKcVZ-_eA_2,sun,7.0,astronomical,CISLR_v1.5-a_videos/e2OKcVZ-_eA_2.mp4,test
e3GI7PCF70Y_1,hammer,6.0,instrument,CISLR_v1.5-a_videos/e3GI7PCF70Y_1.mp4,prototype
e3OA2Ag2N8I_1,dog,6.0,flora and fauna,CISLR_v1.5-a_videos/e3OA2Ag2N8I_1.mp4,test
e3c5fUAhX2Y,jaipur,5.0,geography,CISLR_v1.5-a_videos/e3c5fUAhX2Y.mp4,test
e4C5ez28e1w_1,probing,7.0,action,CISLR_v1.5-a_videos/e4C5ez28e1w_1.mp4,prototype
e4iQ8x7UgQo_1,cream,6.0,utility item,CISLR_v1.5-a_videos/e4iQ8x7UgQo_1.mp4,test
e4lux9dnPcw_1,sleep,7.0,action,CISLR_v1.5-a_videos/e4lux9dnPcw_1.mp4,prototype
e4rgP9qVQlo_1,turkey,7.0,geography,CISLR_v1.5-a_videos/e4rgP9qVQlo_1.mp4,prototype
e6Mi_ArdxVo,silver,3.0,metal and minerals,CISLR_v1.5-a_videos/e6Mi_ArdxVo.mp4,test
e6oOrAWzRak_1,frog,6.0,flora and fauna,CISLR_v1.5-a_videos/e6oOrAWzRak_1.mp4,prototype
e7FqJXEP2h0_1,revised,7.0,abstract,CISLR_v1.5-a_videos/e7FqJXEP2h0_1.mp4,prototype
e7GHpJSlm1U_2,pluto,10.0,astronomical,CISLR_v1.5-a_videos/e7GHpJSlm1U_2.mp4,prototype
e7LFVgiUCr8,gloves,4.0,wearable,CISLR_v1.5-a_videos/e7LFVgiUCr8.mp4,test
e7lQ3oflGyw_1,sweater,7.0,wearable,CISLR_v1.5-a_videos/e7lQ3oflGyw_1.mp4,test
e86DlT0gzqI_1,krishna,5.0,religious,CISLR_v1.5-a_videos/e86DlT0gzqI_1.mp4,test
e8r0Tt42W7Q,limitless,5.0,metric,CISLR_v1.5-a_videos/e8r0Tt42W7Q.mp4,prototype
e9pXePHQJnM_2,hydro energy,10.0,physics,CISLR_v1.5-a_videos/e9pXePHQJnM_2.mp4,prototype
eAFoZUaOwac,chickpea,5.0,foods and drinks,CISLR_v1.5-a_videos/eAFoZUaOwac.mp4,prototype
eB-n9xBA7Uk_1,reject,5.0,action,CISLR_v1.5-a_videos/eB-n9xBA7Uk_1.mp4,prototype
eB9zCNo5R88_1,partly paid,10.0,banking,CISLR_v1.5-a_videos/eB9zCNo5R88_1.mp4,prototype
eBiQCRMwX1A,illegal,5.0,legal,CISLR_v1.5-a_videos/eBiQCRMwX1A.mp4,prototype
eBn_I264LVs,measurement,3.0,math,CISLR_v1.5-a_videos/eBn_I264LVs.mp4,prototype
eCHra4gvq2A,result,3.0,abstract,CISLR_v1.5-a_videos/eCHra4gvq2A.mp4,test
eD1Hy4MJuRw_1,purpose,6.0,abstract,CISLR_v1.5-a_videos/eD1Hy4MJuRw_1.mp4,prototype
eDr6D34kmcU,vote,4.0,action,CISLR_v1.5-a_videos/eDr6D34kmcU.mp4,test
eELQUxt6rUE_1,thirsty,7.0,sensation,CISLR_v1.5-a_videos/eELQUxt6rUE_1.mp4,prototype
eEoggrLYiEs_2,direct current,9.0,physics,CISLR_v1.5-a_videos/eEoggrLYiEs_2.mp4,test
eFb4OLllu9I_1,compromise,7.0,process,CISLR_v1.5-a_videos/eFb4OLllu9I_1.mp4,prototype
eGXitOKnND8,macau,4.0,geography,CISLR_v1.5-a_videos/eGXitOKnND8.mp4,prototype
eGo9ontddG8_1,cheat,6.0,action,CISLR_v1.5-a_videos/eGo9ontddG8_1.mp4,test
eH7rPf10P-w,strict,3.0,behavior,CISLR_v1.5-a_videos/eH7rPf10P-w.mp4,prototype
eH_v5Kwbkx8_2,petrol,9.0,transport,CISLR_v1.5-a_videos/eH_v5Kwbkx8_2.mp4,prototype
eI4NQgjp5l0,company,5.0,organisation,CISLR_v1.5-a_videos/eI4NQgjp5l0.mp4,test
eIMEevvmmoE_2,advance,9.0,spatial position,CISLR_v1.5-a_videos/eIMEevvmmoE_2.mp4,test
eIzOqdVJ2F8_1,frog,6.0,flora and fauna,CISLR_v1.5-a_videos/eIzOqdVJ2F8_1.mp4,test
eJ5kLxC1ViY,air,4.0,substance,CISLR_v1.5-a_videos/eJ5kLxC1ViY.mp4,test
eJ8Brka8TKw,bad language,5.0,language,CISLR_v1.5-a_videos/eJ8Brka8TKw.mp4,prototype
eJ8fFy6Litw,myanmar,3.0,geography,CISLR_v1.5-a_videos/eJ8fFy6Litw.mp4,prototype
eKESeb6rZGw,a line skirt,7.0,wearable,CISLR_v1.5-a_videos/eKESeb6rZGw.mp4,prototype
eKHR8uZXbHE,tyre,5.0,transport,CISLR_v1.5-a_videos/eKHR8uZXbHE.mp4,prototype
eKQhdwlBO_U_1,bail,7.0,banking,CISLR_v1.5-a_videos/eKQhdwlBO_U_1.mp4,prototype
eKfjQx-16GU,cam,15.0,instrument,CISLR_v1.5-a_videos/eKfjQx-16GU.mp4,prototype
eKlUw_m_ijA_1,mug,7.0,utility item,CISLR_v1.5-a_videos/eKlUw_m_ijA_1.mp4,test
eNA2jaQ3PgU,leg mutton sleeve,10.0,wearable,CISLR_v1.5-a_videos/eNA2jaQ3PgU.mp4,prototype
eNAP3Ae71MY,attorney general,9.0,profession,CISLR_v1.5-a_videos/eNAP3Ae71MY.mp4,prototype
eNbHxuaMpAw_1,spend,6.0,action,CISLR_v1.5-a_videos/eNbHxuaMpAw_1.mp4,prototype
eNwMbD5wsow_1,surrender,8.0,action,CISLR_v1.5-a_videos/eNwMbD5wsow_1.mp4,prototype
eO-TvyY-J_o,wood,4.0,miscellaneous object,CISLR_v1.5-a_videos/eO-TvyY-J_o.mp4,test
ePBmpfIy7-c_1,publication,6.0,education,CISLR_v1.5-a_videos/ePBmpfIy7-c_1.mp4,prototype
eQ5_2D_y2CM_1,refer to drawer,7.0,banking,CISLR_v1.5-a_videos/eQ5_2D_y2CM_1.mp4,prototype
eRceNyZCsU4,secret,5.0,attribute,CISLR_v1.5-a_videos/eRceNyZCsU4.mp4,test
eRpqfK08yI4_2,venus,10.0,astronomical,CISLR_v1.5-a_videos/eRpqfK08yI4_2.mp4,prototype
eRr2PaNsu9U,sever,5.0,action,CISLR_v1.5-a_videos/eRr2PaNsu9U.mp4,prototype
eSD8MwwgEhw_1,discount,9.0,banking,CISLR_v1.5-a_videos/eSD8MwwgEhw_1.mp4,test
eSFyfkFVTIU,ten,4.0,math,CISLR_v1.5-a_videos/eSFyfkFVTIU.mp4,prototype
eTKkv1WCs0Y_1,authorisation,11.0,authority,CISLR_v1.5-a_videos/eTKkv1WCs0Y_1.mp4,prototype
eU8dCYk_41Y_1,publicity material,8.0,politics,CISLR_v1.5-a_videos/eU8dCYk_41Y_1.mp4,prototype
eU9MyI-p_pA,biased,4.0,attribute,CISLR_v1.5-a_videos/eU9MyI-p_pA.mp4,test
eUB3bcNRzU8,brain tumor  inside,6.0,medical,CISLR_v1.5-a_videos/eUB3bcNRzU8.mp4,prototype
eU_A9agtfeo_1,seal,9.0,flora and fauna,CISLR_v1.5-a_videos/eU_A9agtfeo_1.mp4,prototype
eWPCSqa31HI_1,wool,9.0,utility item,CISLR_v1.5-a_videos/eWPCSqa31HI_1.mp4,test
eWbekocb_go,shawl,4.0,wearable,CISLR_v1.5-a_videos/eWbekocb_go.mp4,prototype
eYDkqbfQD7E_1,chew,7.0,action,CISLR_v1.5-a_videos/eYDkqbfQD7E_1.mp4,prototype
eYe_qYNO81o,daisychaining,5.0,electronic and electrical,CISLR_v1.5-a_videos/eYe_qYNO81o.mp4,prototype
eZ1NWsWssI0,wash,12.0,action,CISLR_v1.5-a_videos/eZ1NWsWssI0.mp4,test
eZ3vcetOBEE_2,longitude,13.0,geography,CISLR_v1.5-a_videos/eZ3vcetOBEE_2.mp4,prototype
eZg439hkK5I_1,address,9.0,geography,CISLR_v1.5-a_videos/eZg439hkK5I_1.mp4,test
e_2UcnQtmng_1,lipstick,7.0,utility item,CISLR_v1.5-a_videos/e_2UcnQtmng_1.mp4,prototype
e_i6YwNoSUY,quadrupedal robot,13.0,electronic and electrical,CISLR_v1.5-a_videos/e_i6YwNoSUY.mp4,prototype
ea8VG_U1OM4,live,5.0,process,CISLR_v1.5-a_videos/ea8VG_U1OM4.mp4,prototype
edkUTr95raw,kangaroo pocket,7.0,biology,CISLR_v1.5-a_videos/edkUTr95raw.mp4,prototype
eeMbTJ1Jyl4,hardware,7.0,electronic and electrical,CISLR_v1.5-a_videos/eeMbTJ1Jyl4.mp4,prototype
eeVBDqHOrEQ_1,its,5.0,language,CISLR_v1.5-a_videos/eeVBDqHOrEQ_1.mp4,prototype
eh1UqHy5R8Y_1,bad,7.0,quality,CISLR_v1.5-a_videos/eh1UqHy5R8Y_1.mp4,test
eh4PJUNc3GQ_2,pigments,9.0,biology,CISLR_v1.5-a_videos/eh4PJUNc3GQ_2.mp4,prototype
eheMtSsA-ww,omission,4.0,action,CISLR_v1.5-a_videos/eheMtSsA-ww.mp4,prototype
ei3OdPKC1-4,saraswati,5.0,religious,CISLR_v1.5-a_videos/ei3OdPKC1-4.mp4,prototype
eiJTiYxjgHk_1,automatic,10.0,abstract,CISLR_v1.5-a_videos/eiJTiYxjgHk_1.mp4,test
eihGwOuNl1E,swing,6.0,action,CISLR_v1.5-a_videos/eihGwOuNl1E.mp4,prototype
ejX8KhT7JRY,tanzania,4.0,geography,CISLR_v1.5-a_videos/ejX8KhT7JRY.mp4,prototype
ejiaz09X2eE_1,pant,6.0,wearable,CISLR_v1.5-a_videos/ejiaz09X2eE_1.mp4,test
ekGqhBY4SZE,regret,4.0,emotion,CISLR_v1.5-a_videos/ekGqhBY4SZE.mp4,test
emLsUwqTcMU,what time,3.0,abstract,CISLR_v1.5-a_videos/emLsUwqTcMU.mp4,test
en2QnH6V6t0,barleria cristata,15.0,flora and fauna,CISLR_v1.5-a_videos/en2QnH6V6t0.mp4,prototype
en7qAq3Vc1c,sentence,4.0,language,CISLR_v1.5-a_videos/en7qAq3Vc1c.mp4,prototype
enZ-JZqbhk8_2,displacement,8.0,physics,CISLR_v1.5-a_videos/enZ-JZqbhk8_2.mp4,prototype
eo4vVNZ8vk4_2,radio wave,12.0,physics,CISLR_v1.5-a_videos/eo4vVNZ8vk4_2.mp4,prototype
eoAWbfQWN7Q_1,absent,5.0,abstract,CISLR_v1.5-a_videos/eoAWbfQWN7Q_1.mp4,test
eoIofO9ALwg_1,same,6.0,comparator,CISLR_v1.5-a_videos/eoIofO9ALwg_1.mp4,test
eoYHSxd5nWY,record,6.0,action,CISLR_v1.5-a_videos/eoYHSxd5nWY.mp4,test
epwPALMP-X8,plant water relation,15.0,biology,CISLR_v1.5-a_videos/epwPALMP-X8.mp4,prototype
eq2GVYo6G_g,water erosion,12.0,process,CISLR_v1.5-a_videos/eq2GVYo6G_g.mp4,prototype
es0vjVM5AFY_1,writ,7.0,legal,CISLR_v1.5-a_videos/es0vjVM5AFY_1.mp4,prototype
eseyrC-e-s8,call money,10.0,banking,CISLR_v1.5-a_videos/eseyrC-e-s8.mp4,prototype
esjHmLoXTKQ_1,factory,6.0,construction,CISLR_v1.5-a_videos/esjHmLoXTKQ_1.mp4,prototype
etCT8acNlAk_1,sundry creditors,9.0,group,CISLR_v1.5-a_videos/etCT8acNlAk_1.mp4,prototype
etpYZfoTkBE_1,grow,7.0,time,CISLR_v1.5-a_videos/etpYZfoTkBE_1.mp4,test
eu6jtNK_qfI_1,end use,8.0,banking,CISLR_v1.5-a_videos/eu6jtNK_qfI_1.mp4,prototype
evEAhw7lHBI,swear,14.0,action,CISLR_v1.5-a_videos/evEAhw7lHBI.mp4,prototype
evfYXabdfZQ_1,poision,5.0,medical,CISLR_v1.5-a_videos/evfYXabdfZQ_1.mp4,test
evjthp31SBc_1,sub division,9.0,authority,CISLR_v1.5-a_videos/evjthp31SBc_1.mp4,prototype
ewHq-NjArVY,right indent,13.0,attribute,CISLR_v1.5-a_videos/ewHq-NjArVY.mp4,prototype
ewTBgnZ0sDk_1,interview,9.0,process,CISLR_v1.5-a_videos/ewTBgnZ0sDk_1.mp4,test
exZSpHQ5Zhg_1,index,9.0,abstract,CISLR_v1.5-a_videos/exZSpHQ5Zhg_1.mp4,prototype
eyzf4IkhbxE,monster truck,10.0,transport,CISLR_v1.5-a_videos/eyzf4IkhbxE.mp4,prototype
ez4pS4IS6N8,short,4.0,quality,CISLR_v1.5-a_videos/ez4pS4IS6N8.mp4,test
ezlHYwdmu_c_2,work,8.0,action,CISLR_v1.5-a_videos/ezlHYwdmu_c_2.mp4,test
ezucq9E_nvs,idle talk,8.0,process,CISLR_v1.5-a_videos/ezucq9E_nvs.mp4,test
f--3Qilcxvs,maternal aunt,4.0,relation,CISLR_v1.5-a_videos/f--3Qilcxvs.mp4,prototype
f-buhqEDiZ0,director,8.0,authority,CISLR_v1.5-a_videos/f-buhqEDiZ0.mp4,test
f-uyGiFPPTo,electrician,7.0,profession,CISLR_v1.5-a_videos/f-uyGiFPPTo.mp4,test
f0-kfiwqKL4_1,wound,8.0,medical,CISLR_v1.5-a_videos/f0-kfiwqKL4_1.mp4,test
f0EqkYZvyIQ,start,4.0,stage,CISLR_v1.5-a_videos/f0EqkYZvyIQ.mp4,test
f0lX1hYxleg,vijaya bank,6.0,organisation,CISLR_v1.5-a_videos/f0lX1hYxleg.mp4,prototype
f0qHlVNwotw_1,wedding,10.0,event,CISLR_v1.5-a_videos/f0qHlVNwotw_1.mp4,test
f0vvft8hF_c_1,refrigerator,7.0,utility item,CISLR_v1.5-a_videos/f0vvft8hF_c_1.mp4,test
f1U4dYb9r0A,listen,4.0,action,CISLR_v1.5-a_videos/f1U4dYb9r0A.mp4,test
f2KRTlDrsI0_1,tight money  market,12.0,commerce,CISLR_v1.5-a_videos/f2KRTlDrsI0_1.mp4,prototype
f2RCrBoqFVw,five hundred,4.0,math,CISLR_v1.5-a_videos/f2RCrBoqFVw.mp4,prototype
f3Hxe9Bf29k_2,television,7.0,electronic and electrical,CISLR_v1.5-a_videos/f3Hxe9Bf29k_2.mp4,test
f4i8gexc2N4_1,silk,8.0,wearable,CISLR_v1.5-a_videos/f4i8gexc2N4_1.mp4,test
f5uvvlfPawU,swing,5.0,action,CISLR_v1.5-a_videos/f5uvvlfPawU.mp4,test
f64zpSopa3E,ladyfinger,4.0,foods and drinks,CISLR_v1.5-a_videos/f64zpSopa3E.mp4,prototype
f6ncKQ2HlJs,anonymous,4.0,abstract,CISLR_v1.5-a_videos/f6ncKQ2HlJs.mp4,test
f7KtY9x961I,christmas,7.0,event,CISLR_v1.5-a_videos/f7KtY9x961I.mp4,test
f7XWdoOSSNw_1,me,6.0,human,CISLR_v1.5-a_videos/f7XWdoOSSNw_1.mp4,test
f8BAnw57PFY,assistant,3.0,profession,CISLR_v1.5-a_videos/f8BAnw57PFY.mp4,prototype
f8TsAfMDsVU_1,currency chest,10.0,banking,CISLR_v1.5-a_videos/f8TsAfMDsVU_1.mp4,prototype
f9rCwRfIxKw,better,4.0,metric,CISLR_v1.5-a_videos/f9rCwRfIxKw.mp4,prototype
fAa6GQuNoYM_1,build,6.0,action,CISLR_v1.5-a_videos/fAa6GQuNoYM_1.mp4,test
fAbE9RGaHr0,rama,5.0,religious,CISLR_v1.5-a_videos/fAbE9RGaHr0.mp4,prototype
fAjax7qngzk,allow,4.0,action,CISLR_v1.5-a_videos/fAjax7qngzk.mp4,test
fAujasBRvD4,paint,6.0,action,CISLR_v1.5-a_videos/fAujasBRvD4.mp4,test
fB1PbgyU880,nehru collar,7.0,wearable,CISLR_v1.5-a_videos/fB1PbgyU880.mp4,prototype
fB6rpU-9SSU,edit,4.0,action,CISLR_v1.5-a_videos/fB6rpU-9SSU.mp4,prototype
fBS58EQ-ryw_2,spring,11.0,utility item,CISLR_v1.5-a_videos/fBS58EQ-ryw_2.mp4,prototype
fBaO_PkHBdw,air matress,8.0,utility item,CISLR_v1.5-a_videos/fBaO_PkHBdw.mp4,test
fBzuEo6DNDc,panasonic mobile,6.0,electronic and electrical,CISLR_v1.5-a_videos/fBzuEo6DNDc.mp4,prototype
fC-PT3F6GFo,win,4.0,comparator,CISLR_v1.5-a_videos/fC-PT3F6GFo.mp4,test
fCC3_lRJ2es_1,new,6.0,quality,CISLR_v1.5-a_videos/fCC3_lRJ2es_1.mp4,prototype
fCJA3uu02WA,melt,7.0,process,CISLR_v1.5-a_videos/fCJA3uu02WA.mp4,test
fCd20l7-3Mo,extinct,4.0,biology,CISLR_v1.5-a_videos/fCd20l7-3Mo.mp4,prototype
fCfnAjFQ8k4,new delhi,5.0,geography,CISLR_v1.5-a_videos/fCfnAjFQ8k4.mp4,prototype
fCt-Gci84f8_1,spot,6.0,geography,CISLR_v1.5-a_videos/fCt-Gci84f8_1.mp4,prototype
fDYfrgAPig8_1,reason,6.0,abstract,CISLR_v1.5-a_videos/fDYfrgAPig8_1.mp4,test
fEfVaSRjWY4,under mentioned,7.0,spatial position,CISLR_v1.5-a_videos/fEfVaSRjWY4.mp4,prototype
fEpU1eisCoc_1,assembly,8.0,group,CISLR_v1.5-a_videos/fEpU1eisCoc_1.mp4,test
fFrKd1qI9ZM,address,5.0,geography,CISLR_v1.5-a_videos/fFrKd1qI9ZM.mp4,test
fGtUUD9Hyvc_1,oil,6.0,foods and drinks,CISLR_v1.5-a_videos/fGtUUD9Hyvc_1.mp4,test
fHWXXTb9FLc_1,list,6.0,readable,CISLR_v1.5-a_videos/fHWXXTb9FLc_1.mp4,test
fI7cp68IaQU,engine,9.0,machine,CISLR_v1.5-a_videos/fI7cp68IaQU.mp4,test
fJyBgRTcBhA,tall,4.0,attribute,CISLR_v1.5-a_videos/fJyBgRTcBhA.mp4,test
fKwQPZnzJCg,lenovo,6.0,organisation,CISLR_v1.5-a_videos/fKwQPZnzJCg.mp4,prototype
fLNCrNgXMuU,epaulet,9.0,wearable,CISLR_v1.5-a_videos/fLNCrNgXMuU.mp4,prototype
fNAwhyttX0Y,hour,3.0,time,CISLR_v1.5-a_videos/fNAwhyttX0Y.mp4,test
fQBJzNtf6rU_1,fixed asset,13.0,banking,CISLR_v1.5-a_videos/fQBJzNtf6rU_1.mp4,prototype
fQcXVe8_ZLw,after,4.0,spatial position,CISLR_v1.5-a_videos/fQcXVe8_ZLw.mp4,prototype
fR8uxOsE2Nw,jawaharlal nehru,4.0,human,CISLR_v1.5-a_videos/fR8uxOsE2Nw.mp4,test
fS8tS7dCIhA_1,call deposit,9.0,banking,CISLR_v1.5-a_videos/fS8tS7dCIhA_1.mp4,prototype
fSdet-nqdsA_1,saturday,6.0,time,CISLR_v1.5-a_videos/fSdet-nqdsA_1.mp4,test
fT5IRf73MYo_1,heart,7.0,biology,CISLR_v1.5-a_videos/fT5IRf73MYo_1.mp4,test
fU3FLT8aa_A,october,4.0,time,CISLR_v1.5-a_videos/fU3FLT8aa_A.mp4,test
fUfGwnc4Hmo,australia,4.0,geography,CISLR_v1.5-a_videos/fUfGwnc4Hmo.mp4,test
fVKjue-fAkk,ruler,4.0,utility item,CISLR_v1.5-a_videos/fVKjue-fAkk.mp4,test
fVM3O_zqrWc,laptop,5.0,electronic and electrical,CISLR_v1.5-a_videos/fVM3O_zqrWc.mp4,prototype
fVnCA91Bvwo,dog,4.0,flora and fauna,CISLR_v1.5-a_videos/fVnCA91Bvwo.mp4,test
fZsaGLA9Z3s_1,clap,6.0,action,CISLR_v1.5-a_videos/fZsaGLA9Z3s_1.mp4,prototype
fauftUvYPls,modern,7.0,time,CISLR_v1.5-a_videos/fauftUvYPls.mp4,prototype
fb4zZYQWRUI,note book,6.0,utility item,CISLR_v1.5-a_videos/fb4zZYQWRUI.mp4,prototype
fbjvZ8VrmUg_1,lipstick,7.0,utility item,CISLR_v1.5-a_videos/fbjvZ8VrmUg_1.mp4,test
fcSg4Zg7lbE_1,release,7.0,action,CISLR_v1.5-a_videos/fcSg4Zg7lbE_1.mp4,test
fccxaqUbuXU_1,natural gaurdian,7.0,legal,CISLR_v1.5-a_videos/fccxaqUbuXU_1.mp4,prototype
fcuSg0jzcwI_1,mango,7.0,foods and drinks,CISLR_v1.5-a_videos/fcuSg0jzcwI_1.mp4,test
fe3uPTqXfxQ,excited,4.0,emotion,CISLR_v1.5-a_videos/fe3uPTqXfxQ.mp4,prototype
ffJgebjRuvo,similar,4.0,comparator,CISLR_v1.5-a_videos/ffJgebjRuvo.mp4,test
fggt2fOzJsk_1,pain,7.0,sensation,CISLR_v1.5-a_videos/fggt2fOzJsk_1.mp4,test
fh41xuYjbco_1,lazy,8.0,attribute,CISLR_v1.5-a_videos/fh41xuYjbco_1.mp4,test
fhURcNQNqgo,frustrate,5.0,behavior,CISLR_v1.5-a_videos/fhURcNQNqgo.mp4,prototype
fiTyNgucpYM,do,3.0,action,CISLR_v1.5-a_videos/fiTyNgucpYM.mp4,test
fjD41-Frk_k_1,reply,6.0,action,CISLR_v1.5-a_videos/fjD41-Frk_k_1.mp4,test
fjiQoursQB8,mouse pad,11.0,computer,CISLR_v1.5-a_videos/fjiQoursQB8.mp4,prototype
fkLpcQzVV20_2,opposition,8.0,action,CISLR_v1.5-a_videos/fkLpcQzVV20_2.mp4,test
fkbNA8acuv4,rubber boots,13.0,wearable,CISLR_v1.5-a_videos/fkbNA8acuv4.mp4,prototype
fmW1matLfhk,barber,5.0,profession,CISLR_v1.5-a_videos/fmW1matLfhk.mp4,test
fmWmAAtfkBU,ultraviolet ray glass,14.0,miscellaneous object,CISLR_v1.5-a_videos/fmWmAAtfkBU.mp4,prototype
fnOThtPRhVM,penguin,4.0,flora and fauna,CISLR_v1.5-a_videos/fnOThtPRhVM.mp4,prototype
frOqpGZrIH8_1,madhya pradesh,7.0,geography,CISLR_v1.5-a_videos/frOqpGZrIH8_1.mp4,test
fs99SCAQCxU_1,cinema,6.0,entertainment,CISLR_v1.5-a_videos/fs99SCAQCxU_1.mp4,test
fsA2L4hL5Cc_1,arms and amunitions,12.0,miscellaneous object,CISLR_v1.5-a_videos/fsA2L4hL5Cc_1.mp4,prototype
fvn1QE0yfPE,welder,5.0,profession,CISLR_v1.5-a_videos/fvn1QE0yfPE.mp4,prototype
fvpPTKgvPJY,doli in capax,14.0,legal,CISLR_v1.5-a_videos/fvpPTKgvPJY.mp4,prototype
fwjl-PITW-A_1,monday,5.0,time,CISLR_v1.5-a_videos/fwjl-PITW-A_1.mp4,test
fx9psR2uzxs,automation,9.0,electronic and electrical,CISLR_v1.5-a_videos/fx9psR2uzxs.mp4,prototype
fxWTlUwF1O4,protect,4.0,action,CISLR_v1.5-a_videos/fxWTlUwF1O4.mp4,test
fxaFxNiUcSA,handcuffs,8.0,machine,CISLR_v1.5-a_videos/fxaFxNiUcSA.mp4,prototype
fySF9xDtT40,still,4.0,time,CISLR_v1.5-a_videos/fySF9xDtT40.mp4,prototype
g-ErxwuqzTk_1,emergency,9.0,event,CISLR_v1.5-a_videos/g-ErxwuqzTk_1.mp4,prototype
g-sQif-_tqo,submersible pump,14.0,electronic and electrical,CISLR_v1.5-a_videos/g-sQif-_tqo.mp4,prototype
g1vbPEqLqFo_2,space,14.0,astronomical,CISLR_v1.5-a_videos/g1vbPEqLqFo_2.mp4,prototype
g1xpvj7Xu3A,confused,5.0,emotion,CISLR_v1.5-a_videos/g1xpvj7Xu3A.mp4,test
g1yiti_ayE8_2,frequency,8.0,time,CISLR_v1.5-a_videos/g1yiti_ayE8_2.mp4,prototype
g358Yz5xFt0_1,shipment,7.0,process,CISLR_v1.5-a_videos/g358Yz5xFt0_1.mp4,prototype
g3I84gVyO9E,plate,5.0,utility item,CISLR_v1.5-a_videos/g3I84gVyO9E.mp4,test
g3QqEJhvyYE_1,supplementary,9.0,quantity,CISLR_v1.5-a_videos/g3QqEJhvyYE_1.mp4,prototype
g3Zp-9UhexE,day before,7.0,time,CISLR_v1.5-a_videos/g3Zp-9UhexE.mp4,prototype
g5Dg60713kw,guilty,7.0,emotion,CISLR_v1.5-a_videos/g5Dg60713kw.mp4,test
g6N1jD8-u2U,opinion,4.0,abstract,CISLR_v1.5-a_videos/g6N1jD8-u2U.mp4,prototype
g6hYRF6ahSE,page layout,10.0,attribute,CISLR_v1.5-a_videos/g6hYRF6ahSE.mp4,prototype
g8--b-O60kM,old,4.0,time,CISLR_v1.5-a_videos/g8--b-O60kM.mp4,prototype
g8H6NFJ8o7w,dice,3.0,sport,CISLR_v1.5-a_videos/g8H6NFJ8o7w.mp4,prototype
g8JIlO5P5Vw,bar,12.0,construction,CISLR_v1.5-a_videos/g8JIlO5P5Vw.mp4,prototype
g8ZrP9KZGlk,washbasin,9.0,utility item,CISLR_v1.5-a_videos/g8ZrP9KZGlk.mp4,prototype
g9AslMiIVTE_1,call,7.0,action,CISLR_v1.5-a_videos/g9AslMiIVTE_1.mp4,test
g9R8d7G2MuY,adult,5.0,stage,CISLR_v1.5-a_videos/g9R8d7G2MuY.mp4,test
g9SpsCvyEfc_1,shake,6.0,action,CISLR_v1.5-a_videos/g9SpsCvyEfc_1.mp4,prototype
gBXLHNjB5Co_1,qualified,7.0,abstract,CISLR_v1.5-a_videos/gBXLHNjB5Co_1.mp4,prototype
gCc-L7xN82s,obey,3.0,action,CISLR_v1.5-a_videos/gCc-L7xN82s.mp4,test
gEGlTYbGvLI_1,airmail,7.0,transport,CISLR_v1.5-a_videos/gEGlTYbGvLI_1.mp4,prototype
gG-xmfo-y3A,swift,4.0,quality,CISLR_v1.5-a_videos/gG-xmfo-y3A.mp4,prototype
gHKbG1LDbDU,spring washer,15.0,utility item,CISLR_v1.5-a_videos/gHKbG1LDbDU.mp4,prototype
gIOJ8eh7GRQ_1,mutual agreement,8.0,legal,CISLR_v1.5-a_videos/gIOJ8eh7GRQ_1.mp4,prototype
gIbD-xkQiJg_1,riots,7.0,event,CISLR_v1.5-a_videos/gIbD-xkQiJg_1.mp4,prototype
gJfBm3-gjws_1,sphere,10.0,abstract,CISLR_v1.5-a_videos/gJfBm3-gjws_1.mp4,test
gK-FT0qEvnw_2,measurement,8.0,math,CISLR_v1.5-a_videos/gK-FT0qEvnw_2.mp4,test
gKJXWarD5LM_1,rate differential,7.0,banking,CISLR_v1.5-a_videos/gKJXWarD5LM_1.mp4,prototype
gKyJmtZ6JZY_2,bar megnet,9.0,physics,CISLR_v1.5-a_videos/gKyJmtZ6JZY_2.mp4,prototype
gLH8E10Xex8,blocks,6.0,miscellaneous object,CISLR_v1.5-a_videos/gLH8E10Xex8.mp4,prototype
gMJuEhuQYAg,swaziland,3.0,geography,CISLR_v1.5-a_videos/gMJuEhuQYAg.mp4,prototype
gMsJGGpMWJs_1,distance,6.0,metric,CISLR_v1.5-a_videos/gMsJGGpMWJs_1.mp4,test
gNuAOCWJkZc,speech,4.0,sound,CISLR_v1.5-a_videos/gNuAOCWJkZc.mp4,prototype
gO0DCs4VUEI_1,marathi,7.0,language,CISLR_v1.5-a_videos/gO0DCs4VUEI_1.mp4,prototype
gOHt4silLhA,india,5.0,geography,CISLR_v1.5-a_videos/gOHt4silLhA.mp4,test
gPKQvW2CXhg,syria,3.0,geography,CISLR_v1.5-a_videos/gPKQvW2CXhg.mp4,prototype
gQMKC4C-H80_2,intensity,8.0,quantity,CISLR_v1.5-a_videos/gQMKC4C-H80_2.mp4,prototype
gQ_fr_Rv8sE_1,net profit,9.0,banking,CISLR_v1.5-a_videos/gQ_fr_Rv8sE_1.mp4,prototype
gR1Kd5i82-0,something,4.0,abstract,CISLR_v1.5-a_videos/gR1Kd5i82-0.mp4,prototype
gRI_3iZrN5U_2,period,8.0,time,CISLR_v1.5-a_videos/gRI_3iZrN5U_2.mp4,prototype
gRvbXIwDvh4_2,inductor,11.0,electronic and electrical,CISLR_v1.5-a_videos/gRvbXIwDvh4_2.mp4,prototype
gSTE4Bmxf4M_2,star,8.0,astronomical,CISLR_v1.5-a_videos/gSTE4Bmxf4M_2.mp4,test
gSoXECyR_-s_1,how,5.0,quantity,CISLR_v1.5-a_videos/gSoXECyR_-s_1.mp4,prototype
gT_hnPLlO7k,res,13.0,biology,CISLR_v1.5-a_videos/gT_hnPLlO7k.mp4,prototype
gTnUL6YyXRA,coccidiosis,11.0,biology,CISLR_v1.5-a_videos/gTnUL6YyXRA.mp4,prototype
gUOHhoQ9jRM,format,6.0,attribute,CISLR_v1.5-a_videos/gUOHhoQ9jRM.mp4,test
gYAOz-CJruo_1,cheque travellers,9.0,banking,CISLR_v1.5-a_videos/gYAOz-CJruo_1.mp4,prototype
gYbNVGvRcms,demolishing,8.0,action,CISLR_v1.5-a_videos/gYbNVGvRcms.mp4,prototype
gYbT8Fh2WXA_1,peep,5.0,action,CISLR_v1.5-a_videos/gYbT8Fh2WXA_1.mp4,prototype
gZeBXbzKTnY,club,5.0,organisation,CISLR_v1.5-a_videos/gZeBXbzKTnY.mp4,test
g_WGhzxUi4E_1,tenancy,8.0,legal,CISLR_v1.5-a_videos/g_WGhzxUi4E_1.mp4,prototype
ga-B-UhiVNo,negative,4.0,math,CISLR_v1.5-a_videos/ga-B-UhiVNo.mp4,prototype
ga47ieQeEpg_1,visa,6.0,legal,CISLR_v1.5-a_videos/ga47ieQeEpg_1.mp4,test
gbD4G_rYL6E,hacksaw,7.0,instrument,CISLR_v1.5-a_videos/gbD4G_rYL6E.mp4,prototype
gcvA1iHN8RU,trunk,6.0,biology,CISLR_v1.5-a_videos/gcvA1iHN8RU.mp4,test
gdk1_A6_e80_1,suspect,6.0,legal,CISLR_v1.5-a_videos/gdk1_A6_e80_1.mp4,test
geAcMUXIAv8,nothing,4.0,abstract,CISLR_v1.5-a_videos/geAcMUXIAv8.mp4,test
geLlRLZnNhQ,ox,4.0,flora and fauna,CISLR_v1.5-a_videos/geLlRLZnNhQ.mp4,prototype
geZegwhqVSE_1,documents,10.0,readable,CISLR_v1.5-a_videos/geZegwhqVSE_1.mp4,prototype
gfDGWjaDaTk,darts munger,6.0,sport,CISLR_v1.5-a_videos/gfDGWjaDaTk.mp4,prototype
gfTQT5gzASQ_1,name,8.0,language,CISLR_v1.5-a_videos/gfTQT5gzASQ_1.mp4,test
gfg0aOxyM_Q_1,implementation,9.0,action,CISLR_v1.5-a_videos/gfg0aOxyM_Q_1.mp4,prototype
gfgQWafpuLo_1,expenditure,9.0,banking,CISLR_v1.5-a_videos/gfgQWafpuLo_1.mp4,prototype
gfmk3_98I9E_1,off shore banking,9.0,banking,CISLR_v1.5-a_videos/gfmk3_98I9E_1.mp4,prototype
ggeNzh5at2g_1,above,7.0,spatial position,CISLR_v1.5-a_videos/ggeNzh5at2g_1.mp4,prototype
ggvZdTOIuDI_2,glass,8.0,substance,CISLR_v1.5-a_videos/ggvZdTOIuDI_2.mp4,test
ghyJZVAibyA,sperm,4.0,biology,CISLR_v1.5-a_videos/ghyJZVAibyA.mp4,prototype
ghyz0Xiumg0_1,trivendrum,6.0,geography,CISLR_v1.5-a_videos/ghyz0Xiumg0_1.mp4,prototype
giANZjR3m2c_1,promotion,9.0,organisation,CISLR_v1.5-a_videos/giANZjR3m2c_1.mp4,test
gjPP4lI0HM0,cement mortar,9.0,construction,CISLR_v1.5-a_videos/gjPP4lI0HM0.mp4,prototype
gjpsKc4rYEM,volleyball,5.0,sport,CISLR_v1.5-a_videos/gjpsKc4rYEM.mp4,prototype
gjqfGxN2SxE,screw driver,6.0,instrument,CISLR_v1.5-a_videos/gjqfGxN2SxE.mp4,prototype
glwqA5VEbBs_1,balcony,9.0,construction,CISLR_v1.5-a_videos/glwqA5VEbBs_1.mp4,test
gmtBcUWzdwE,spoon,6.0,utility item,CISLR_v1.5-a_videos/gmtBcUWzdwE.mp4,prototype
gnQLgdWLk0c,liberia,4.0,geography,CISLR_v1.5-a_videos/gnQLgdWLk0c.mp4,prototype
go4BoZ5lX1s,ice cream,5.0,foods and drinks,CISLR_v1.5-a_videos/go4BoZ5lX1s.mp4,test
gp87To3L1DY_1,tablet,6.0,electronic and electrical,CISLR_v1.5-a_videos/gp87To3L1DY_1.mp4,prototype
gsI77j_jlvg_1,king,7.0,profession,CISLR_v1.5-a_videos/gsI77j_jlvg_1.mp4,prototype
guKx7gevhGo,milk,4.0,foods and drinks,CISLR_v1.5-a_videos/guKx7gevhGo.mp4,test
guOIIr835FE,zoom,5.0,action,CISLR_v1.5-a_videos/guOIIr835FE.mp4,prototype
guhzTYs8TN8_2,fuse,9.0,electronic and electrical,CISLR_v1.5-a_videos/guhzTYs8TN8_2.mp4,prototype
gvEzY4sw5Z0_1,stir,7.0,action,CISLR_v1.5-a_videos/gvEzY4sw5Z0_1.mp4,prototype
gvFkCJni120,indira gandhi,4.0,human,CISLR_v1.5-a_videos/gvFkCJni120.mp4,prototype
gvz1mZnNRJw,north,4.0,spatial position,CISLR_v1.5-a_videos/gvz1mZnNRJw.mp4,test
gwK7IZYEgK8_1,re acceptable,7.0,banking,CISLR_v1.5-a_videos/gwK7IZYEgK8_1.mp4,prototype
gwhvOC8EWh8_2,rectangle,10.0,math,CISLR_v1.5-a_videos/gwhvOC8EWh8_2.mp4,test
gxFroPz8ydI_1,his,6.0,language,CISLR_v1.5-a_videos/gxFroPz8ydI_1.mp4,prototype
gy8DIBO3KPo_1,over valuation,9.0,banking,CISLR_v1.5-a_videos/gy8DIBO3KPo_1.mp4,prototype
gyOoK92JltU,engagement,11.0,event,CISLR_v1.5-a_videos/gyOoK92JltU.mp4,test
gz02l8wMzKk_1,girl,8.0,human,CISLR_v1.5-a_videos/gz02l8wMzKk_1.mp4,test
gz3bQ5GGfUQ,sit,7.0,action,CISLR_v1.5-a_videos/gz3bQ5GGfUQ.mp4,test
gzjPlKC1r-w_1,pencil,6.0,utility item,CISLR_v1.5-a_videos/gzjPlKC1r-w_1.mp4,test
gzlymlA-sW8,around,4.0,spatial position,CISLR_v1.5-a_videos/gzlymlA-sW8.mp4,test
gzp_nV5PK1o_1,crown,7.0,authority,CISLR_v1.5-a_videos/gzp_nV5PK1o_1.mp4,prototype
h01yeVZv5zo,size,9.0,quantity,CISLR_v1.5-a_videos/h01yeVZv5zo.mp4,test
h0IHd58MBEA,date,6.0,time,CISLR_v1.5-a_videos/h0IHd58MBEA.mp4,test
h0J-0nV_CoA_1,that,4.0,relation,CISLR_v1.5-a_videos/h0J-0nV_CoA_1.mp4,test
h1mgzeLHaMY,rwanda,3.0,geography,CISLR_v1.5-a_videos/h1mgzeLHaMY.mp4,prototype
h1oFiJchfh0,man,10.0,human,CISLR_v1.5-a_videos/h1oFiJchfh0.mp4,test
h3ZdKfu7Vws,sarvepalli radhakrishnan,5.0,human,CISLR_v1.5-a_videos/h3ZdKfu7Vws.mp4,prototype
h3c9_id8RWg,pay in installment,5.0,banking,CISLR_v1.5-a_videos/h3c9_id8RWg.mp4,prototype
h4y0h7GDHA8,surprise,3.0,gesture,CISLR_v1.5-a_videos/h4y0h7GDHA8.mp4,prototype
h58uVxY-2uE,we,3.0,group,CISLR_v1.5-a_videos/h58uVxY-2uE.mp4,test
h5N2nXbDBm0,reservation,5.0,group,CISLR_v1.5-a_videos/h5N2nXbDBm0.mp4,test
h6GYmPOMrDc_1,messenger,10.0,internet,CISLR_v1.5-a_videos/h6GYmPOMrDc_1.mp4,prototype
h6LSVGsUiRA,briefcase,4.0,utility item,CISLR_v1.5-a_videos/h6LSVGsUiRA.mp4,prototype
h6hwyEN0Jwk,cam,15.0,instrument,CISLR_v1.5-a_videos/h6hwyEN0Jwk.mp4,test
h70xLaGjPIM,j k bank,5.0,banking,CISLR_v1.5-a_videos/h70xLaGjPIM.mp4,prototype
h7wUxp1gTSo_2,pyramid,11.0,math,CISLR_v1.5-a_videos/h7wUxp1gTSo_2.mp4,prototype
h8PX8tmC6D0,cave,8.0,geography,CISLR_v1.5-a_videos/h8PX8tmC6D0.mp4,test
h8cX3gzzey8,mobile,4.0,electronic and electrical,CISLR_v1.5-a_videos/h8cX3gzzey8.mp4,test
h8yZIUn2J7o_2,plane mirror,8.0,physics,CISLR_v1.5-a_videos/h8yZIUn2J7o_2.mp4,prototype
h8zjYuaiBK8_1,documents of title,15.0,readable,CISLR_v1.5-a_videos/h8zjYuaiBK8_1.mp4,prototype
hAPJsvuQdkI,bestiality,9.0,sensation,CISLR_v1.5-a_videos/hAPJsvuQdkI.mp4,prototype
hAiUOOeVyRg_1,person,8.0,human,CISLR_v1.5-a_videos/hAiUOOeVyRg_1.mp4,test
hBs7tvBHjzQ_1,hoarding,12.0,banking,CISLR_v1.5-a_videos/hBs7tvBHjzQ_1.mp4,prototype
hCyqeJeKGyI,vodka,4.0,foods and drinks,CISLR_v1.5-a_videos/hCyqeJeKGyI.mp4,test
hD6EdyqWw0c,tamil nadu,4.0,geography,CISLR_v1.5-a_videos/hD6EdyqWw0c.mp4,prototype
hDVU5-mq6H8_1,noon,7.0,time,CISLR_v1.5-a_videos/hDVU5-mq6H8_1.mp4,test
hFbU0wq1A6Y_1,send,7.0,action,CISLR_v1.5-a_videos/hFbU0wq1A6Y_1.mp4,test
hGE-45zVP8w_1,flower,6.0,flora and fauna,CISLR_v1.5-a_videos/hGE-45zVP8w_1.mp4,prototype
hGJ3qOLO2ek_1,north,5.0,spatial position,CISLR_v1.5-a_videos/hGJ3qOLO2ek_1.mp4,test
hH2jM_bJyAc_1,sometimes,5.0,abstract,CISLR_v1.5-a_videos/hH2jM_bJyAc_1.mp4,test
hHLoe4rXNNk_1,room,8.0,construction,CISLR_v1.5-a_videos/hHLoe4rXNNk_1.mp4,prototype
hJ2fPuzgv_s_2,plane concave lens,11.0,physics,CISLR_v1.5-a_videos/hJ2fPuzgv_s_2.mp4,prototype
hKT6dEhxTAE,energetic,6.0,attribute,CISLR_v1.5-a_videos/hKT6dEhxTAE.mp4,prototype
hL5w2l57g9k,annual,5.0,time,CISLR_v1.5-a_videos/hL5w2l57g9k.mp4,test
hLzEs4ZdXg4,policeman,5.0,profession,CISLR_v1.5-a_videos/hLzEs4ZdXg4.mp4,test
hMBo35nYkJ8_1,curtain,8.0,utility item,CISLR_v1.5-a_videos/hMBo35nYkJ8_1.mp4,test
hMHTMJFYAaI_1,fine,5.0,legal,CISLR_v1.5-a_videos/hMHTMJFYAaI_1.mp4,test
hMLtjJ2H09Y_1,fail,6.0,action,CISLR_v1.5-a_videos/hMLtjJ2H09Y_1.mp4,prototype
hN6_eLx9tkU_1,shopkeeper,8.0,profession,CISLR_v1.5-a_videos/hN6_eLx9tkU_1.mp4,prototype
hO9pTrkhSlA,lathe,6.0,machine,CISLR_v1.5-a_videos/hO9pTrkhSlA.mp4,prototype
hR03PpsD4O8_1,monkey,6.0,flora and fauna,CISLR_v1.5-a_videos/hR03PpsD4O8_1.mp4,test
hR9Q-3L5tGY,laos,3.0,geography,CISLR_v1.5-a_videos/hR9Q-3L5tGY.mp4,prototype
hTe8e7lfC-M_1,mark,9.0,action,CISLR_v1.5-a_videos/hTe8e7lfC-M_1.mp4,prototype
hTjWdQrM-LY_2,non,11.0,abstract,CISLR_v1.5-a_videos/hTjWdQrM-LY_2.mp4,prototype
hTxZxP5ypNk,photo,5.0,miscellaneous object,CISLR_v1.5-a_videos/hTxZxP5ypNk.mp4,prototype
hUlyxPexDU0,wash,3.0,action,CISLR_v1.5-a_videos/hUlyxPexDU0.mp4,test
hVx3X80m2rk,sequential,5.0,attribute,CISLR_v1.5-a_videos/hVx3X80m2rk.mp4,test
hVzB0xxqRiQ_1,share market,10.0,banking,CISLR_v1.5-a_videos/hVzB0xxqRiQ_1.mp4,test
hWrC71CmNus_1,counter,13.0,process,CISLR_v1.5-a_videos/hWrC71CmNus_1.mp4,prototype
hXHLEKBaaNM,unemployed,4.0,comparator,CISLR_v1.5-a_videos/hXHLEKBaaNM.mp4,prototype
hXp201_ejX8,police car,10.0,transport,CISLR_v1.5-a_videos/hXp201_ejX8.mp4,prototype
hYAtE5G_a9c_1,notary public,10.0,legal,CISLR_v1.5-a_videos/hYAtE5G_a9c_1.mp4,prototype
hZ1IkPKvjS4_1,uttar pradesh,6.0,geography,CISLR_v1.5-a_videos/hZ1IkPKvjS4_1.mp4,test
hZ7K25SvzRM,milk powder,7.0,substance,CISLR_v1.5-a_videos/hZ7K25SvzRM.mp4,prototype
hZGHZ9sLtlg,railway track,5.0,transport,CISLR_v1.5-a_videos/hZGHZ9sLtlg.mp4,prototype
h_Ja2phijtY,scold,3.0,action,CISLR_v1.5-a_videos/h_Ja2phijtY.mp4,test
ha9bN_xLWhU_1,rest,6.0,action,CISLR_v1.5-a_videos/ha9bN_xLWhU_1.mp4,test
hb8P_6PksSI,tree,6.0,flora and fauna,CISLR_v1.5-a_videos/hb8P_6PksSI.mp4,test
hc5PzdRYMUk,screen,12.0,action,CISLR_v1.5-a_videos/hc5PzdRYMUk.mp4,prototype
hd1_aU5WhjA_1,moral,6.0,abstract,CISLR_v1.5-a_videos/hd1_aU5WhjA_1.mp4,prototype
hdJr3U_BZ38_1,time bound,10.0,time,CISLR_v1.5-a_videos/hdJr3U_BZ38_1.mp4,prototype
hdLBSjdqvIg,sheep,8.0,flora and fauna,CISLR_v1.5-a_videos/hdLBSjdqvIg.mp4,test
hdMpGpG4LJ4,obligate saprophyte,14.0,biology,CISLR_v1.5-a_videos/hdMpGpG4LJ4.mp4,prototype
hdedMoAlUx0,pillow,9.0,utility item,CISLR_v1.5-a_videos/hdedMoAlUx0.mp4,test
he8ICzchdmA,ncp,4.0,politics,CISLR_v1.5-a_videos/he8ICzchdmA.mp4,prototype
heZkGdeEaPE_1,pray,6.0,action,CISLR_v1.5-a_videos/heZkGdeEaPE_1.mp4,test
hf9_mHO_dPg_1,potato,7.0,foods and drinks,CISLR_v1.5-a_videos/hf9_mHO_dPg_1.mp4,test
hfmljrmlZ6k,diabetes,5.0,medical,CISLR_v1.5-a_videos/hfmljrmlZ6k.mp4,test
hga2Zs6wmWw,tension,4.0,behavior,CISLR_v1.5-a_videos/hga2Zs6wmWw.mp4,prototype
hgscVnEa9Jg_1,waves,8.0,physics,CISLR_v1.5-a_videos/hgscVnEa9Jg_1.mp4,test
hhE3F517e40,wire man,8.0,profession,CISLR_v1.5-a_videos/hhE3F517e40.mp4,prototype
hhIHJjxkrt4,centre  front,8.0,spatial position,CISLR_v1.5-a_videos/hhIHJjxkrt4.mp4,prototype
hhnc9qkIwVw,on the basis of life cycle,13.0,medical,CISLR_v1.5-a_videos/hhnc9qkIwVw.mp4,prototype
hi_YVOlxY8Y_1,ldli,6.0,foods and drinks,CISLR_v1.5-a_videos/hi_YVOlxY8Y_1.mp4,prototype
hjLBNqNbuQQ_1,tax property,11.0,legal,CISLR_v1.5-a_videos/hjLBNqNbuQQ_1.mp4,prototype
hk2A1bKpvo4_1,drop,6.0,action,CISLR_v1.5-a_videos/hk2A1bKpvo4_1.mp4,test
hl1aZKaSZ7I_1,goods retumed,8.0,utility item,CISLR_v1.5-a_videos/hl1aZKaSZ7I_1.mp4,prototype
hlRsj56XQh4,stupid,5.0,abstract,CISLR_v1.5-a_videos/hlRsj56XQh4.mp4,prototype
hlWNjgLwXUM,days after tomorrow,9.0,time,CISLR_v1.5-a_videos/hlWNjgLwXUM.mp4,prototype
hmPvK4_rpYQ_1,restaurant,6.0,construction,CISLR_v1.5-a_videos/hmPvK4_rpYQ_1.mp4,test
hnIlCRz665c,this,4.0,relation,CISLR_v1.5-a_videos/hnIlCRz665c.mp4,test
hnwJMWsU8tg,emergency,5.0,event,CISLR_v1.5-a_videos/hnwJMWsU8tg.mp4,test
hpVSyk3uJQg_1,jailor,7.0,profession,CISLR_v1.5-a_videos/hpVSyk3uJQg_1.mp4,prototype
hpWytkH3Oas_2,air,7.0,substance,CISLR_v1.5-a_videos/hpWytkH3Oas_2.mp4,test
hpY4EHeLGz0,result,3.0,abstract,CISLR_v1.5-a_videos/hpY4EHeLGz0.mp4,test
hurQiZ-f8WI,soap,4.0,utility item,CISLR_v1.5-a_videos/hurQiZ-f8WI.mp4,test
hvNcv6oLpaY,noise,4.0,sound,CISLR_v1.5-a_videos/hvNcv6oLpaY.mp4,test
hx3Ig7Z6Fjs,tortoise,7.0,flora and fauna,CISLR_v1.5-a_videos/hx3Ig7Z6Fjs.mp4,test
hz69XeQ-OZU,door,8.0,construction,CISLR_v1.5-a_videos/hz69XeQ-OZU.mp4,test
i-CTcAiWx8Q_1,revolve,7.0,action,CISLR_v1.5-a_videos/i-CTcAiWx8Q_1.mp4,prototype
i-SvPceDJYw,google map,9.0,internet,CISLR_v1.5-a_videos/i-SvPceDJYw.mp4,prototype
i-W0fIeF-Fs_1,think,7.0,action,CISLR_v1.5-a_videos/i-W0fIeF-Fs_1.mp4,test
i-W0qokTIeM,mechanic,7.0,profession,CISLR_v1.5-a_videos/i-W0qokTIeM.mp4,test
i-pOirIukIg_1,size,9.0,quantity,CISLR_v1.5-a_videos/i-pOirIukIg_1.mp4,test
i07VeT58iLA_1,custody,9.0,legal,CISLR_v1.5-a_videos/i07VeT58iLA_1.mp4,prototype
i089w0q0af8_1,angry,7.0,emotion,CISLR_v1.5-a_videos/i089w0q0af8_1.mp4,test
i0RaT2MIuvY_1,courier,6.0,transport,CISLR_v1.5-a_videos/i0RaT2MIuvY_1.mp4,test
i0mxg-Ww97Q_1,wheat,5.0,foods and drinks,CISLR_v1.5-a_videos/i0mxg-Ww97Q_1.mp4,test
i11LzPy5OPQ,room,5.0,construction,CISLR_v1.5-a_videos/i11LzPy5OPQ.mp4,test
i1HQutvRGa4_1,cochin,6.0,geography,CISLR_v1.5-a_videos/i1HQutvRGa4_1.mp4,prototype
i2Uc1LRiYbs_1,queen,6.0,authority,CISLR_v1.5-a_videos/i2Uc1LRiYbs_1.mp4,test
i4SXWG5euBE_1,camel,6.0,flora and fauna,CISLR_v1.5-a_videos/i4SXWG5euBE_1.mp4,test
i4SoQNXcpik_2,astronomy,14.0,physics,CISLR_v1.5-a_videos/i4SoQNXcpik_2.mp4,prototype
i4YK5ssItV4,size,5.0,quantity,CISLR_v1.5-a_videos/i4YK5ssItV4.mp4,test
i4i1dYe1hDE_1,masquito,6.0,flora and fauna,CISLR_v1.5-a_videos/i4i1dYe1hDE_1.mp4,prototype
i4rgDyw5mc8,applicant,5.0,human,CISLR_v1.5-a_videos/i4rgDyw5mc8.mp4,prototype
i51r2vobqyY,promotion,4.0,organisation,CISLR_v1.5-a_videos/i51r2vobqyY.mp4,test
i5D0tObXY54_2,density,6.0,attribute,CISLR_v1.5-a_videos/i5D0tObXY54_2.mp4,prototype
i5FfdjLi5IQ,magic,4.0,abstract,CISLR_v1.5-a_videos/i5FfdjLi5IQ.mp4,test
i5dtwGBooaI_1,instruction,7.0,authority,CISLR_v1.5-a_videos/i5dtwGBooaI_1.mp4,prototype
i63RdVVp__E_1,alive,6.0,stage,CISLR_v1.5-a_videos/i63RdVVp__E_1.mp4,test
i6snKEGzUUo,funnel  neck,10.0,instrument,CISLR_v1.5-a_videos/i6snKEGzUUo.mp4,prototype
i81W1xO6sBc_1,legal advisor,9.0,legal,CISLR_v1.5-a_videos/i81W1xO6sBc_1.mp4,prototype
i98p9BicOgI_1,lorry,6.0,transport,CISLR_v1.5-a_videos/i98p9BicOgI_1.mp4,test
i9_iDJ7f6oU_1,enjoy,6.0,action,CISLR_v1.5-a_videos/i9_iDJ7f6oU_1.mp4,test
iAKpmP9dGuw,hook and eye,9.0,utility item,CISLR_v1.5-a_videos/iAKpmP9dGuw.mp4,prototype
iASooj0B1tY,classification based on season,14.0,action,CISLR_v1.5-a_videos/iASooj0B1tY.mp4,prototype
iAflHa-dXY8_1,relative,8.0,relation,CISLR_v1.5-a_videos/iAflHa-dXY8_1.mp4,test
iBQVdGzJnoY_1,kill,5.0,action,CISLR_v1.5-a_videos/iBQVdGzJnoY_1.mp4,prototype
iCGVvvNuvLM,home gardens,11.0,geography,CISLR_v1.5-a_videos/iCGVvvNuvLM.mp4,prototype
iCZL3lk119A,book,4.0,readable,CISLR_v1.5-a_videos/iCZL3lk119A.mp4,prototype
iChCDbeSSy8_1,then,7.0,time,CISLR_v1.5-a_videos/iChCDbeSSy8_1.mp4,test
iCxWZbtfqH4_1,recognised,7.0,action,CISLR_v1.5-a_videos/iCxWZbtfqH4_1.mp4,prototype
iEN8nrcP1y8_1,butterfly,6.0,flora and fauna,CISLR_v1.5-a_videos/iEN8nrcP1y8_1.mp4,test
iEoyPLi9Lys,plumber,6.0,profession,CISLR_v1.5-a_videos/iEoyPLi9Lys.mp4,test
iEwyPUtL9s0,scooter,4.0,transport,CISLR_v1.5-a_videos/iEwyPUtL9s0.mp4,prototype
iG5hfz3BeJE_1,brass,8.0,metal and minerals,CISLR_v1.5-a_videos/iG5hfz3BeJE_1.mp4,test
iGDJKo1-w5k,please,4.0,action,CISLR_v1.5-a_videos/iGDJKo1-w5k.mp4,prototype
iKNbZ_6pB5c,thursday,3.0,time,CISLR_v1.5-a_videos/iKNbZ_6pB5c.mp4,test
iLJr7ZAPfLE,dropped  armhole sleeve,13.0,wearable,CISLR_v1.5-a_videos/iLJr7ZAPfLE.mp4,prototype
iLLV5LaC4e4_2,hydrautic press,9.0,machine,CISLR_v1.5-a_videos/iLLV5LaC4e4_2.mp4,prototype
iLnDUh6SJSo,tonight,4.0,time,CISLR_v1.5-a_videos/iLnDUh6SJSo.mp4,prototype
iLrSnUDmfC4,kite,5.0,sport,CISLR_v1.5-a_videos/iLrSnUDmfC4.mp4,test
iNldnD33t8M_2,month,7.0,time,CISLR_v1.5-a_videos/iNldnD33t8M_2.mp4,test
iRN0N_yzgE0_1,stick,6.0,action,CISLR_v1.5-a_videos/iRN0N_yzgE0_1.mp4,prototype
iRZbZObhJ9g_2,adhesive,7.0,substance,CISLR_v1.5-a_videos/iRZbZObhJ9g_2.mp4,prototype
iSjUgwEuBLg_1,chappels,6.0,wearable,CISLR_v1.5-a_videos/iSjUgwEuBLg_1.mp4,test
iT0YsG0QkbU,future,5.0,time,CISLR_v1.5-a_videos/iT0YsG0QkbU.mp4,prototype
iTgS0k5G4HM,confession,12.0,process,CISLR_v1.5-a_videos/iTgS0k5G4HM.mp4,prototype
iTkwAlp7t9k_1,scales of pay,8.0,banking,CISLR_v1.5-a_videos/iTkwAlp7t9k_1.mp4,prototype
iURwZntu130_1,increase,6.0,comparator,CISLR_v1.5-a_videos/iURwZntu130_1.mp4,test
iUx2uTIIwjw_1,no due certificate,10.0,legal,CISLR_v1.5-a_videos/iUx2uTIIwjw_1.mp4,prototype
iWPV3pCRN64_1,soul,6.0,abstract,CISLR_v1.5-a_videos/iWPV3pCRN64_1.mp4,prototype
iWpgiYUT23c,every time,4.0,time,CISLR_v1.5-a_videos/iWpgiYUT23c.mp4,prototype
iXunNKio1wU_1,bed,8.0,utility item,CISLR_v1.5-a_videos/iXunNKio1wU_1.mp4,test
iZgNcu2HzzE,factory,5.0,construction,CISLR_v1.5-a_videos/iZgNcu2HzzE.mp4,test
iZmhl0855b8_1,vital,6.0,attribute,CISLR_v1.5-a_videos/iZmhl0855b8_1.mp4,prototype
i_zyHcuPs6s,light,4.0,quantity,CISLR_v1.5-a_videos/i_zyHcuPs6s.mp4,test
iaF0G6EmWk8_1,hanuman,5.0,religious,CISLR_v1.5-a_videos/iaF0G6EmWk8_1.mp4,test
iayx3bt-0Rg,open,4.0,action,CISLR_v1.5-a_videos/iayx3bt-0Rg.mp4,test
ibTYqJp5cJ4,hands,5.0,biology,CISLR_v1.5-a_videos/ibTYqJp5cJ4.mp4,prototype
icD4b5yxifw_1,rejoinder,8.0,action,CISLR_v1.5-a_videos/icD4b5yxifw_1.mp4,prototype
icjDmpATHwE,draw,4.0,action,CISLR_v1.5-a_videos/icjDmpATHwE.mp4,test
icl2XFweTwc_1,photograph,7.0,miscellaneous object,CISLR_v1.5-a_videos/icl2XFweTwc_1.mp4,test
idmU_oI_TPs_1,king,7.0,profession,CISLR_v1.5-a_videos/idmU_oI_TPs_1.mp4,test
ids6uU-p-lk_1,television,7.0,electronic and electrical,CISLR_v1.5-a_videos/ids6uU-p-lk_1.mp4,test
ie88hOTzHTk,technician,14.0,profession,CISLR_v1.5-a_videos/ie88hOTzHTk.mp4,test
if-ioOMit8I,descendant,4.0,authority,CISLR_v1.5-a_videos/if-ioOMit8I.mp4,prototype
if8EmpcZpQo_1,move,6.0,process,CISLR_v1.5-a_videos/if8EmpcZpQo_1.mp4,test
ifC99YlyRZE_1,poision,6.0,medical,CISLR_v1.5-a_videos/ifC99YlyRZE_1.mp4,test
igW552_dD_o_1,next,5.0,time,CISLR_v1.5-a_videos/igW552_dD_o_1.mp4,test
ihytBUA_38Q_1,industry,9.0,profession,CISLR_v1.5-a_videos/ihytBUA_38Q_1.mp4,prototype
iiWPq-IKhXQ,ridicule,3.0,behavior,CISLR_v1.5-a_videos/iiWPq-IKhXQ.mp4,prototype
iiYu_W7B91w_2,communication,8.0,process,CISLR_v1.5-a_videos/iiYu_W7B91w_2.mp4,prototype
ijKFau9K4Rw,proof,4.0,miscellaneous object,CISLR_v1.5-a_videos/ijKFau9K4Rw.mp4,test
ijMeKPPK14c,standardization,5.0,process,CISLR_v1.5-a_videos/ijMeKPPK14c.mp4,prototype
ijNQOg31iaI,adult,3.0,stage,CISLR_v1.5-a_videos/ijNQOg31iaI.mp4,test
ijZEAkDX9Tw_1,wage,8.0,banking,CISLR_v1.5-a_videos/ijZEAkDX9Tw_1.mp4,prototype
ijcihspmP_A_1,rat,6.0,flora and fauna,CISLR_v1.5-a_videos/ijcihspmP_A_1.mp4,test
ik8ITcJ1pTQ_1,hardworking,8.0,behavior,CISLR_v1.5-a_videos/ik8ITcJ1pTQ_1.mp4,test
ikrmT6T1GbE_2,satellites,13.0,astronomical,CISLR_v1.5-a_videos/ikrmT6T1GbE_2.mp4,prototype
ilYT_sRF0UI,soil borne disease,15.0,medical,CISLR_v1.5-a_videos/ilYT_sRF0UI.mp4,prototype
inBVDyEiUDk,west,3.0,spatial position,CISLR_v1.5-a_videos/inBVDyEiUDk.mp4,test
inCpeFUzkNw,manipur,4.0,geography,CISLR_v1.5-a_videos/inCpeFUzkNw.mp4,test
inPHcp6Pz8U,tall ornamental hedges,13.0,flora and fauna,CISLR_v1.5-a_videos/inPHcp6Pz8U.mp4,prototype
in_tDYVG__E_1,plant,5.0,flora and fauna,CISLR_v1.5-a_videos/in_tDYVG__E_1.mp4,prototype
inqCbpEQ4LM_1,fear,7.0,emotion,CISLR_v1.5-a_videos/inqCbpEQ4LM_1.mp4,test
ioEb1Aqyq10,cycling,4.0,transport,CISLR_v1.5-a_videos/ioEb1Aqyq10.mp4,prototype
ioph9CGaf2k,model,5.0,behavior,CISLR_v1.5-a_videos/ioph9CGaf2k.mp4,test
iqPMR6iPPmU_1,swing,7.0,action,CISLR_v1.5-a_videos/iqPMR6iPPmU_1.mp4,test
iqlb1r9YIAc,born,5.0,stage,CISLR_v1.5-a_videos/iqlb1r9YIAc.mp4,prototype
ir2j5tb_Dtc,crease,10.0,metal and minerals,CISLR_v1.5-a_videos/ir2j5tb_Dtc.mp4,prototype
is0vnifQmQE,alarm,5.0,utility item,CISLR_v1.5-a_videos/is0vnifQmQE.mp4,test
isrocVWrxaM,death in service,13.0,event,CISLR_v1.5-a_videos/isrocVWrxaM.mp4,prototype
itp7CE5KiEQ,scorpion,4.0,flora and fauna,CISLR_v1.5-a_videos/itp7CE5KiEQ.mp4,prototype
iu7j255lYQU,telugu,3.0,language,CISLR_v1.5-a_videos/iu7j255lYQU.mp4,prototype
iuFcgfnMyC0_1,surgeon,6.0,profession,CISLR_v1.5-a_videos/iuFcgfnMyC0_1.mp4,test
iuWCFhzXAw4_1,break,5.0,action,CISLR_v1.5-a_videos/iuWCFhzXAw4_1.mp4,prototype
iuYObHCPlVA_1,zoo,6.0,geography,CISLR_v1.5-a_videos/iuYObHCPlVA_1.mp4,test
iwMNKUoHKgY_1,corn,6.0,foods and drinks,CISLR_v1.5-a_videos/iwMNKUoHKgY_1.mp4,test
iwNBFzTrAjk,shop,4.0,action,CISLR_v1.5-a_videos/iwNBFzTrAjk.mp4,test
iwb4_ty2_fY_1,selection grade,9.0,banking,CISLR_v1.5-a_videos/iwb4_ty2_fY_1.mp4,prototype
iyN0Qrmy8F8_1,gold,7.0,metal and minerals,CISLR_v1.5-a_videos/iyN0Qrmy8F8_1.mp4,test
iyvaYVAqszM,rocket,5.0,astronomical,CISLR_v1.5-a_videos/iyvaYVAqszM.mp4,prototype
izOLXRN3PMs,under stitch,13.0,quality,CISLR_v1.5-a_videos/izOLXRN3PMs.mp4,prototype
izdqbJ_kMkE,tiffin,4.0,foods and drinks,CISLR_v1.5-a_videos/izdqbJ_kMkE.mp4,prototype
izjMpJOgofI,reach,5.0,action,CISLR_v1.5-a_videos/izjMpJOgofI.mp4,prototype
izuX0loa1Oc,size of seed,14.0,attribute,CISLR_v1.5-a_videos/izuX0loa1Oc.mp4,prototype
j-e06h5DMW4,name,3.0,language,CISLR_v1.5-a_videos/j-e06h5DMW4.mp4,test
j-qHEAz6J6A,umaid bhawan palace,7.0,geography,CISLR_v1.5-a_videos/j-qHEAz6J6A.mp4,prototype
j0FRtPBWKaM_1,rabbit,7.0,flora and fauna,CISLR_v1.5-a_videos/j0FRtPBWKaM_1.mp4,prototype
j0KYjVbQn2k,diseases of animals,8.0,biology,CISLR_v1.5-a_videos/j0KYjVbQn2k.mp4,prototype
j0m4en9JPMo,pin,9.0,utility item,CISLR_v1.5-a_videos/j0m4en9JPMo.mp4,prototype
j0xVU_Y5o2s,breast cancer,6.0,medical,CISLR_v1.5-a_videos/j0xVU_Y5o2s.mp4,prototype
j1LtQ6CcA_4_1,family,9.0,group,CISLR_v1.5-a_videos/j1LtQ6CcA_4_1.mp4,test
j22q83rv6hg,movement,3.0,process,CISLR_v1.5-a_videos/j22q83rv6hg.mp4,prototype
j256ZJRmdrk_1,nest,7.0,flora and fauna,CISLR_v1.5-a_videos/j256ZJRmdrk_1.mp4,test
j2M1Yp100ek,share,3.0,action,CISLR_v1.5-a_videos/j2M1Yp100ek.mp4,test
j2TJMBMK4tw_1,farmer,6.0,profession,CISLR_v1.5-a_videos/j2TJMBMK4tw_1.mp4,prototype
j3DMG50QBRw_1,reduce,6.0,action,CISLR_v1.5-a_videos/j3DMG50QBRw_1.mp4,test
j3M1eyb-Kjo_1,buddah,6.0,religious,CISLR_v1.5-a_videos/j3M1eyb-Kjo_1.mp4,prototype
j3XAVjxZDUA_1,coat,7.0,wearable,CISLR_v1.5-a_videos/j3XAVjxZDUA_1.mp4,test
j3tuj3W7MFk_1,bathroom,10.0,construction,CISLR_v1.5-a_videos/j3tuj3W7MFk_1.mp4,test
j3zfVQG0Z_o_1,lorry,6.0,transport,CISLR_v1.5-a_videos/j3zfVQG0Z_o_1.mp4,test
j6JhN79aivA_1,account book,13.0,banking,CISLR_v1.5-a_videos/j6JhN79aivA_1.mp4,prototype
j7WkWV09J6k_1,balance opening,10.0,banking,CISLR_v1.5-a_videos/j7WkWV09J6k_1.mp4,prototype
j8DclxLUXs4_1,sweetlime,6.0,foods and drinks,CISLR_v1.5-a_videos/j8DclxLUXs4_1.mp4,prototype
jB1wqkujn00,jackfruit,6.0,foods and drinks,CISLR_v1.5-a_videos/jB1wqkujn00.mp4,prototype
jBmmS3Hm6ik,froage crops,15.0,foods and drinks,CISLR_v1.5-a_videos/jBmmS3Hm6ik.mp4,prototype
jD6niHPDzhQ_1,wood,7.0,miscellaneous object,CISLR_v1.5-a_videos/jD6niHPDzhQ_1.mp4,test
jFdwRqDDa_Q,green bean,6.0,foods and drinks,CISLR_v1.5-a_videos/jFdwRqDDa_Q.mp4,prototype
jFy2xrByJhE_1,kamataka,6.0,flora and fauna,CISLR_v1.5-a_videos/jFy2xrByJhE_1.mp4,prototype
jGIwLZTt9ZI,accompany,5.0,group,CISLR_v1.5-a_videos/jGIwLZTt9ZI.mp4,test
jHjd2yzXpdU_2,diode,9.0,electronic and electrical,CISLR_v1.5-a_videos/jHjd2yzXpdU_2.mp4,test
jHyubnv9xFk,national anthem,5.0,sound,CISLR_v1.5-a_videos/jHyubnv9xFk.mp4,test
jI62F9LgRlI,assam tea gardens,6.0,geography,CISLR_v1.5-a_videos/jI62F9LgRlI.mp4,prototype
jIc74bWBwpw_1,tubelight,8.0,electronic and electrical,CISLR_v1.5-a_videos/jIc74bWBwpw_1.mp4,test
jJe3JfQi_Js,jabot,5.0,wearable,CISLR_v1.5-a_videos/jJe3JfQi_Js.mp4,prototype
jKOcleZ9e5Y,plumbing,4.0,action,CISLR_v1.5-a_videos/jKOcleZ9e5Y.mp4,prototype
jKRoVBBlVDc_1,your,7.0,relation,CISLR_v1.5-a_videos/jKRoVBBlVDc_1.mp4,test
jKUC0tUYcIM,browse,10.0,action,CISLR_v1.5-a_videos/jKUC0tUYcIM.mp4,prototype
jKw2bzJc-NY_2,light year,9.0,metric,CISLR_v1.5-a_videos/jKw2bzJc-NY_2.mp4,prototype
jLV6SCP_7tA,january,4.0,time,CISLR_v1.5-a_videos/jLV6SCP_7tA.mp4,test
jLr6GA-anhg,bone,5.0,medical,CISLR_v1.5-a_videos/jLr6GA-anhg.mp4,test
jMT-IXiUqYU,unofficial,3.0,legal,CISLR_v1.5-a_videos/jMT-IXiUqYU.mp4,prototype
jMWvOjMUjYk_1,interest,7.0,behavior,CISLR_v1.5-a_videos/jMWvOjMUjYk_1.mp4,test
jNkdn-cMgAw_1,nail polish,7.0,utility item,CISLR_v1.5-a_videos/jNkdn-cMgAw_1.mp4,test
jNqoK6dGDe4_1,accept,6.0,action,CISLR_v1.5-a_videos/jNqoK6dGDe4_1.mp4,prototype
jO4x18b1bfA,homicide,14.0,action,CISLR_v1.5-a_videos/jO4x18b1bfA.mp4,prototype
jOZclErOnvc_1,offence,9.0,legal,CISLR_v1.5-a_videos/jOZclErOnvc_1.mp4,prototype
jR_zotBN7O0_1,donkey,7.0,flora and fauna,CISLR_v1.5-a_videos/jR_zotBN7O0_1.mp4,test
jTBahbE4_OY,know,3.0,action,CISLR_v1.5-a_videos/jTBahbE4_OY.mp4,test
jTC_PIGT7yU_1,lecturer,7.0,education,CISLR_v1.5-a_videos/jTC_PIGT7yU_1.mp4,prototype
jTQgtnpAMII_1,officiating,7.0,legal,CISLR_v1.5-a_videos/jTQgtnpAMII_1.mp4,prototype
jTfsjVTVmKg_1,evening,7.0,time,CISLR_v1.5-a_videos/jTfsjVTVmKg_1.mp4,test
jTiYeNeaS-s,youth association of the deaf india,3.0,organisation,CISLR_v1.5-a_videos/jTiYeNeaS-s.mp4,test
jTkey-Xi7Zc_1,sad,7.0,emotion,CISLR_v1.5-a_videos/jTkey-Xi7Zc_1.mp4,test
jU4EzkHyLHA_1,land,10.0,geography,CISLR_v1.5-a_videos/jU4EzkHyLHA_1.mp4,test
jVWOCjBjwfo_2,nuclear energy,14.0,physics,CISLR_v1.5-a_videos/jVWOCjBjwfo_2.mp4,prototype
jWWLAybE8C8_1,sister,12.0,relation,CISLR_v1.5-a_videos/jWWLAybE8C8_1.mp4,test
jXFwSjb4-KU,safe,4.0,attribute,CISLR_v1.5-a_videos/jXFwSjb4-KU.mp4,test
jXIz2WBz-V8,practice,4.0,action,CISLR_v1.5-a_videos/jXIz2WBz-V8.mp4,test
jY2sv02MLIs_1,umbrella,8.0,utility item,CISLR_v1.5-a_videos/jY2sv02MLIs_1.mp4,test
jYxKWo87YZg_1,unfit,9.0,quality,CISLR_v1.5-a_videos/jYxKWo87YZg_1.mp4,prototype
jZ46cqBrg3s,granddaughter,9.0,relation,CISLR_v1.5-a_videos/jZ46cqBrg3s.mp4,test
jZ4oX1mcxCs_1,self balancing,9.0,attribute,CISLR_v1.5-a_videos/jZ4oX1mcxCs_1.mp4,test
jZgU5rsfZ4c,university,4.0,education,CISLR_v1.5-a_videos/jZgU5rsfZ4c.mp4,test
jZrzxlOJBSQ,mouse click,9.0,computer,CISLR_v1.5-a_videos/jZrzxlOJBSQ.mp4,prototype
j_ERp4-Cqbg_1,friday,5.0,time,CISLR_v1.5-a_videos/j_ERp4-Cqbg_1.mp4,test
j_aqqdcJKls_1,who,5.0,abstract,CISLR_v1.5-a_videos/j_aqqdcJKls_1.mp4,test
jaGiqrGr1y0_1,desert,8.0,geography,CISLR_v1.5-a_videos/jaGiqrGr1y0_1.mp4,test
japf1wZMgiQ,new zealand,3.0,geography,CISLR_v1.5-a_videos/japf1wZMgiQ.mp4,prototype
jax7fVU9f8E,shape,3.0,math,CISLR_v1.5-a_videos/jax7fVU9f8E.mp4,prototype
jb7aGNEBsvE_1,tiller,9.0,banking,CISLR_v1.5-a_videos/jb7aGNEBsvE_1.mp4,prototype
jbQ45t-svIc_1,goal,6.0,abstract,CISLR_v1.5-a_videos/jbQ45t-svIc_1.mp4,test
jbWFtVsidmE_1,nominal value,8.0,banking,CISLR_v1.5-a_videos/jbWFtVsidmE_1.mp4,prototype
jbybGuk6DA8,mainsworn,15.0,legal,CISLR_v1.5-a_videos/jbybGuk6DA8.mp4,prototype
jc2G1aW5DQU,solo,4.0,abstract,CISLR_v1.5-a_videos/jc2G1aW5DQU.mp4,prototype
jcvnsL69MMo,range,5.0,math,CISLR_v1.5-a_videos/jcvnsL69MMo.mp4,test
jd2L93yHNIg_2,wavegraph,14.0,physics,CISLR_v1.5-a_videos/jd2L93yHNIg_2.mp4,prototype
jd3nIcR1SAk_1,smile,7.0,action,CISLR_v1.5-a_videos/jd3nIcR1SAk_1.mp4,test
jeTLFZIvM10_1,wet,6.0,attribute,CISLR_v1.5-a_videos/jeTLFZIvM10_1.mp4,test
jfjL9Too_gA,patience,3.0,behavior,CISLR_v1.5-a_videos/jfjL9Too_gA.mp4,test
jfqgCBnOy3Y_2,non,11.0,abstract,CISLR_v1.5-a_videos/jfqgCBnOy3Y_2.mp4,test
jhJGHoYO_T4,banner,5.0,miscellaneous object,CISLR_v1.5-a_videos/jhJGHoYO_T4.mp4,test
jhh83Fo3Hp8_1,instrument,9.0,instrument,CISLR_v1.5-a_videos/jhh83Fo3Hp8_1.mp4,test
ji3I5Iw0e3Q_1,unemployment,8.0,stage,CISLR_v1.5-a_videos/ji3I5Iw0e3Q_1.mp4,prototype
jiGFdH-Yz4E_1,mechanic,6.0,profession,CISLR_v1.5-a_videos/jiGFdH-Yz4E_1.mp4,test
jiOH72jjdnE_1,powder,6.0,utility item,CISLR_v1.5-a_videos/jiOH72jjdnE_1.mp4,prototype
jk-q6T9ioJw,lower division clerk,4.0,profession,CISLR_v1.5-a_videos/jk-q6T9ioJw.mp4,prototype
jk4ehSo6dXQ_1,lassi,6.0,foods and drinks,CISLR_v1.5-a_videos/jk4ehSo6dXQ_1.mp4,test
jkEN0PmkrDE_1,spanner,7.0,instrument,CISLR_v1.5-a_videos/jkEN0PmkrDE_1.mp4,test
jkSBzJW8eFI_1,melt,8.0,process,CISLR_v1.5-a_videos/jkSBzJW8eFI_1.mp4,test
jltBhjuviLI_1,hours,7.0,time,CISLR_v1.5-a_videos/jltBhjuviLI_1.mp4,test
jml-E067HJc_2,quit,6.0,abstract,CISLR_v1.5-a_videos/jml-E067HJc_2.mp4,prototype
jn-vHteHdA0,thrice,5.0,comparator,CISLR_v1.5-a_videos/jn-vHteHdA0.mp4,test
jnDhq0g0meA,deadly weapon,15.0,miscellaneous object,CISLR_v1.5-a_videos/jnDhq0g0meA.mp4,prototype
joYn4YE3jFg_2,conservation,8.0,biology,CISLR_v1.5-a_videos/joYn4YE3jFg_2.mp4,prototype
jp3iGdpZyO4_1,statement,9.0,legal,CISLR_v1.5-a_videos/jp3iGdpZyO4_1.mp4,prototype
jp_IEErEgzQ,dolly,12.0,action,CISLR_v1.5-a_videos/jp_IEErEgzQ.mp4,prototype
jrpS8BdYE2g_1,july,6.0,time,CISLR_v1.5-a_videos/jrpS8BdYE2g_1.mp4,test
jrqLjBjjrHA_1,tuesday,5.0,time,CISLR_v1.5-a_videos/jrqLjBjjrHA_1.mp4,test
jrqzCgrsKbo,kidnapping & abducting,11.0,action,CISLR_v1.5-a_videos/jrqzCgrsKbo.mp4,prototype
jrxgxM0Pj7g,superman,4.0,entertainment,CISLR_v1.5-a_videos/jrxgxM0Pj7g.mp4,prototype
jsM5s7HUAhQ,serial tv,4.0,entertainment,CISLR_v1.5-a_videos/jsM5s7HUAhQ.mp4,test
jsuUHXDlVa0_1,late,6.0,time,CISLR_v1.5-a_videos/jsuUHXDlVa0_1.mp4,test
jtZUN6jTcUc_1,bangles,6.0,wearable,CISLR_v1.5-a_videos/jtZUN6jTcUc_1.mp4,prototype
jthDJHPun0I_1,health,8.0,medical,CISLR_v1.5-a_videos/jthDJHPun0I_1.mp4,prototype
juL9VaVeWPs,types of vegetable gardening,11.0,flora and fauna,CISLR_v1.5-a_videos/juL9VaVeWPs.mp4,prototype
jvJvFTBSXuw,economics,6.0,education,CISLR_v1.5-a_videos/jvJvFTBSXuw.mp4,prototype
jvTF5BY3UI4,pineapple,5.0,foods and drinks,CISLR_v1.5-a_videos/jvTF5BY3UI4.mp4,prototype
jvqLDP06WII,put,5.0,action,CISLR_v1.5-a_videos/jvqLDP06WII.mp4,test
jwGZ64BB2pg,switch box,11.0,electronic and electrical,CISLR_v1.5-a_videos/jwGZ64BB2pg.mp4,prototype
jwjeDemhdv4,possess,6.0,action,CISLR_v1.5-a_videos/jwjeDemhdv4.mp4,prototype
jwxh6Lo8GrI_2,periscope,13.0,instrument,CISLR_v1.5-a_videos/jwxh6Lo8GrI_2.mp4,prototype
jxApN53iXO0,pollution,4.0,geography,CISLR_v1.5-a_videos/jxApN53iXO0.mp4,test
jyg5sxHBh88_1,selective,11.0,behavior,CISLR_v1.5-a_videos/jyg5sxHBh88_1.mp4,prototype
jzoSaQe5fdU,scent,4.0,utility item,CISLR_v1.5-a_videos/jzoSaQe5fdU.mp4,prototype
k-7zsj7-VLg,private gardens,14.0,construction,CISLR_v1.5-a_videos/k-7zsj7-VLg.mp4,prototype
k-8lCTgAjGU,jodhpur pants,10.0,wearable,CISLR_v1.5-a_videos/k-8lCTgAjGU.mp4,prototype
k-WaxvAgxrU,pharmacist,9.0,medical,CISLR_v1.5-a_videos/k-WaxvAgxrU.mp4,prototype
k-cDnMe7pp8_1,account blocked,13.0,banking,CISLR_v1.5-a_videos/k-cDnMe7pp8_1.mp4,prototype
k0jZGXF0xNY_2,energymeter,11.0,physics,CISLR_v1.5-a_videos/k0jZGXF0xNY_2.mp4,prototype
k0oU46NwtCQ_1,bold,6.0,attribute,CISLR_v1.5-a_videos/k0oU46NwtCQ_1.mp4,prototype
k0pUR0HlaNw,small,5.0,quality,CISLR_v1.5-a_videos/k0pUR0HlaNw.mp4,test
k1DohVb9Ck0,geodetic survey,14.0,education,CISLR_v1.5-a_videos/k1DohVb9Ck0.mp4,prototype
k2aBFQ5mXrE_1,old,6.0,human,CISLR_v1.5-a_videos/k2aBFQ5mXrE_1.mp4,test
k3gjXKD3_XU,drive,7.0,attribute,CISLR_v1.5-a_videos/k3gjXKD3_XU.mp4,test
k4TV4QwuYNc,chicken mesh,6.0,biology,CISLR_v1.5-a_videos/k4TV4QwuYNc.mp4,prototype
k4UEchc9VnM_2,installation,9.0,banking,CISLR_v1.5-a_videos/k4UEchc9VnM_2.mp4,prototype
k5dRhEhUEQ0,turkey,3.0,geography,CISLR_v1.5-a_videos/k5dRhEhUEQ0.mp4,test
k6iqdvYEj4k,lawyer,5.0,legal,CISLR_v1.5-a_videos/k6iqdvYEj4k.mp4,test
k6lRQrt3WKo_1,jew,6.0,religious,CISLR_v1.5-a_videos/k6lRQrt3WKo_1.mp4,test
k8Gk1M_pWlk,flat belt,14.0,instrument,CISLR_v1.5-a_videos/k8Gk1M_pWlk.mp4,prototype
k8MRVadUMt4_1,volcano,7.0,geography,CISLR_v1.5-a_videos/k8MRVadUMt4_1.mp4,test
k8gt1UnMkR4_1,temple,7.0,religious,CISLR_v1.5-a_videos/k8gt1UnMkR4_1.mp4,prototype
k96ZQYGYriA,hosticide,14.0,action,CISLR_v1.5-a_videos/k96ZQYGYriA.mp4,prototype
k9C_uq11Ja0,increase,5.0,comparator,CISLR_v1.5-a_videos/k9C_uq11Ja0.mp4,test
k9oluMAfSqg_2,field,10.0,physics,CISLR_v1.5-a_videos/k9oluMAfSqg_2.mp4,test
kA7ozrVfQjM_2,intermediate,10.0,stage,CISLR_v1.5-a_videos/kA7ozrVfQjM_2.mp4,prototype
kA8JbsFi4dI,embarrass,4.0,action,CISLR_v1.5-a_videos/kA8JbsFi4dI.mp4,test
kAIC79Ubl_g,bill,4.0,banking,CISLR_v1.5-a_videos/kAIC79Ubl_g.mp4,test
kBGA6N3xhBo_1,cock,8.0,flora and fauna,CISLR_v1.5-a_videos/kBGA6N3xhBo_1.mp4,test
kBaDVYUWeoc,whiteboard,5.0,utility item,CISLR_v1.5-a_videos/kBaDVYUWeoc.mp4,prototype
kBahUhpt6H0_1,new moon day,10.0,event,CISLR_v1.5-a_videos/kBahUhpt6H0_1.mp4,prototype
kCPRwLk0iDk_1,smell,7.0,sensation,CISLR_v1.5-a_videos/kCPRwLk0iDk_1.mp4,test
kCUX4h_p3J0_1,beak,7.0,biology,CISLR_v1.5-a_videos/kCUX4h_p3J0_1.mp4,prototype
kCcBWqGQAJk_1,animals,7.0,flora and fauna,CISLR_v1.5-a_videos/kCcBWqGQAJk_1.mp4,test
kEMFrD53l6E,king,4.0,profession,CISLR_v1.5-a_videos/kEMFrD53l6E.mp4,test
kGNjIYbroko_1,taste,7.0,sensation,CISLR_v1.5-a_videos/kGNjIYbroko_1.mp4,test
kGa7Bq3pYqQ,racism,4.0,human,CISLR_v1.5-a_videos/kGa7Bq3pYqQ.mp4,prototype
kGacw2buj-A,deafness,3.0,medical,CISLR_v1.5-a_videos/kGacw2buj-A.mp4,prototype
kHGkRSDn6q8,land,4.0,geography,CISLR_v1.5-a_videos/kHGkRSDn6q8.mp4,test
kKCEuKZ3lV0,list,4.0,readable,CISLR_v1.5-a_videos/kKCEuKZ3lV0.mp4,test
kKlexawuuCQ_1,social society,9.0,group,CISLR_v1.5-a_videos/kKlexawuuCQ_1.mp4,prototype
kKwNheqJZ9M_1,brain,7.0,biology,CISLR_v1.5-a_videos/kKwNheqJZ9M_1.mp4,test
kKwahC0ZvJM,rockery plants,14.0,flora and fauna,CISLR_v1.5-a_videos/kKwahC0ZvJM.mp4,prototype
kLSAkQXXOVs_1,legally protected,10.0,legal,CISLR_v1.5-a_videos/kLSAkQXXOVs_1.mp4,prototype
kMebuYjYjHA_1,premises,7.0,construction,CISLR_v1.5-a_videos/kMebuYjYjHA_1.mp4,prototype
kN26O2zO-cQ_1,recommendation,6.0,action,CISLR_v1.5-a_videos/kN26O2zO-cQ_1.mp4,prototype
kNozCUWm_iA_2,angle of refraction,10.0,physics,CISLR_v1.5-a_videos/kNozCUWm_iA_2.mp4,test
kO5NaIjjtn0,restrained,3.0,action,CISLR_v1.5-a_videos/kO5NaIjjtn0.mp4,prototype
kOGEagUa-XA_1,mud,10.0,substance,CISLR_v1.5-a_videos/kOGEagUa-XA_1.mp4,prototype
kPF8HIor4D0_1,account margin,14.0,banking,CISLR_v1.5-a_videos/kPF8HIor4D0_1.mp4,prototype
kPx4MXMIFZI,white,5.0,abstract,CISLR_v1.5-a_videos/kPx4MXMIFZI.mp4,test
kSNvIZi2cpg_1,basket of currencies,13.0,banking,CISLR_v1.5-a_videos/kSNvIZi2cpg_1.mp4,prototype
kSPgPYgFMfc,coat  dress,12.0,wearable,CISLR_v1.5-a_videos/kSPgPYgFMfc.mp4,prototype
kSbesZjIkmo,electrical service,6.0,organisation,CISLR_v1.5-a_videos/kSbesZjIkmo.mp4,prototype
kU3ISrjeygE,elephant,5.0,flora and fauna,CISLR_v1.5-a_videos/kU3ISrjeygE.mp4,test
kV7Oo7D26Gw,gandhinagar,3.0,geography,CISLR_v1.5-a_videos/kV7Oo7D26Gw.mp4,prototype
kVWLNRW6HTw_1,unconditional,8.0,quality,CISLR_v1.5-a_videos/kVWLNRW6HTw_1.mp4,prototype
kWHNVZbueII_1,polish,6.0,action,CISLR_v1.5-a_videos/kWHNVZbueII_1.mp4,prototype
kX2zG8GYM_k_1,credit sale,9.0,banking,CISLR_v1.5-a_videos/kX2zG8GYM_k_1.mp4,prototype
kXSOWHHAteo,next month,4.0,time,CISLR_v1.5-a_videos/kXSOWHHAteo.mp4,prototype
kXVms85vYqo_1,promise,6.0,action,CISLR_v1.5-a_videos/kXVms85vYqo_1.mp4,test
kYDVQir2UDk_2,ratio,8.0,math,CISLR_v1.5-a_videos/kYDVQir2UDk_2.mp4,test
kYNeJvZntNM_1,sofa,7.0,utility item,CISLR_v1.5-a_videos/kYNeJvZntNM_1.mp4,test
kYO_FhDcRXE_1,attorney,11.0,profession,CISLR_v1.5-a_videos/kYO_FhDcRXE_1.mp4,prototype
kYSK3akxd7s,balmacaan,9.0,wearable,CISLR_v1.5-a_videos/kYSK3akxd7s.mp4,prototype
kYgE3-7DngE_1,coal,10.0,metal and minerals,CISLR_v1.5-a_videos/kYgE3-7DngE_1.mp4,test
kYwtY_FCM1c,finish,4.0,action,CISLR_v1.5-a_videos/kYwtY_FCM1c.mp4,test
kZ6gCAbcJOA_1,tax,9.0,legal,CISLR_v1.5-a_videos/kZ6gCAbcJOA_1.mp4,test
kZneFf1ONo8,melt,7.0,process,CISLR_v1.5-a_videos/kZneFf1ONo8.mp4,test
kZnl4XgNVgU,increase,5.0,comparator,CISLR_v1.5-a_videos/kZnl4XgNVgU.mp4,test
k_cERknXVoc_1,uniform,6.0,quantity,CISLR_v1.5-a_videos/k_cERknXVoc_1.mp4,test
k_yOFdGbgeg,mushroom harvesting,8.0,process,CISLR_v1.5-a_videos/k_yOFdGbgeg.mp4,prototype
kadMX531Q2A,prefer,5.0,action,CISLR_v1.5-a_videos/kadMX531Q2A.mp4,test
kcHPJA0kPtg,stone,5.0,metal and minerals,CISLR_v1.5-a_videos/kcHPJA0kPtg.mp4,test
kdMxj-h-rRs,airtel,5.0,internet,CISLR_v1.5-a_videos/kdMxj-h-rRs.mp4,prototype
ke1DcSSwifs,days before,10.0,time,CISLR_v1.5-a_videos/ke1DcSSwifs.mp4,prototype
keuFgJr0Bbc_1,knife,6.0,utility item,CISLR_v1.5-a_videos/keuFgJr0Bbc_1.mp4,test
kfSr1QvbHZA_1,e-mail,7.0,internet,CISLR_v1.5-a_videos/kfSr1QvbHZA_1.mp4,prototype
kfTE4DFPuN4_1,price,6.0,banking,CISLR_v1.5-a_videos/kfTE4DFPuN4_1.mp4,prototype
kfb__18uzpw,eighteen,5.0,math,CISLR_v1.5-a_videos/kfb__18uzpw.mp4,prototype
kglFBS70qFM_2,motion,8.0,physics,CISLR_v1.5-a_videos/kglFBS70qFM_2.mp4,prototype
kgvFkAx0xbE,stupid,4.0,abstract,CISLR_v1.5-a_videos/kgvFkAx0xbE.mp4,test
khVBhrXBIEY_1,shirt,7.0,wearable,CISLR_v1.5-a_videos/khVBhrXBIEY_1.mp4,test
khitZin7NWE_1,strong,7.0,quality,CISLR_v1.5-a_videos/khitZin7NWE_1.mp4,test
ki-uVp9OioM_1,packing credit,9.0,banking,CISLR_v1.5-a_videos/ki-uVp9OioM_1.mp4,prototype
kionVevx1ns,repair,11.0,action,CISLR_v1.5-a_videos/kionVevx1ns.mp4,test
kjF2AUzUKO0,capsicum,4.0,foods and drinks,CISLR_v1.5-a_videos/kjF2AUzUKO0.mp4,test
kjbYH9I5O4U,how many,4.0,quantity,CISLR_v1.5-a_videos/kjbYH9I5O4U.mp4,test
kl6t309RsBY,already,4.0,time,CISLR_v1.5-a_videos/kl6t309RsBY.mp4,test
kmxkFZgrfuY,address,3.0,geography,CISLR_v1.5-a_videos/kmxkFZgrfuY.mp4,test
knDXwoLESEc,sugar,4.0,foods and drinks,CISLR_v1.5-a_videos/knDXwoLESEc.mp4,test
kncWaeUb5Ps,commercial vegetable gardening,9.0,biology,CISLR_v1.5-a_videos/kncWaeUb5Ps.mp4,prototype
knmmNX9unM0_1,chew,7.0,action,CISLR_v1.5-a_videos/knmmNX9unM0_1.mp4,test
ko_3tCyv_Dg,europe,4.0,geography,CISLR_v1.5-a_videos/ko_3tCyv_Dg.mp4,test
kol8vlW0KxE_1,salwar kameez,7.0,wearable,CISLR_v1.5-a_videos/kol8vlW0KxE_1.mp4,prototype
kpVwMOWsclA_1,deposit safe custody,9.0,banking,CISLR_v1.5-a_videos/kpVwMOWsclA_1.mp4,prototype
kqBV5yAFq-A_1,bond,8.0,banking,CISLR_v1.5-a_videos/kqBV5yAFq-A_1.mp4,prototype
kqc7eglNJvE,team,3.0,group,CISLR_v1.5-a_videos/kqc7eglNJvE.mp4,test
kqm4fF_sp4M,option,5.0,construction,CISLR_v1.5-a_videos/kqm4fF_sp4M.mp4,prototype
krcq0GUvMNQ_1,preventive measures,9.0,action,CISLR_v1.5-a_videos/krcq0GUvMNQ_1.mp4,prototype
krnKXV-ct3Q,wealthy,3.0,attribute,CISLR_v1.5-a_videos/krnKXV-ct3Q.mp4,prototype
ktkkqkosNMY_1,roam,7.0,action,CISLR_v1.5-a_videos/ktkkqkosNMY_1.mp4,prototype
kur_a7Q3Abg_1,die,7.0,stage,CISLR_v1.5-a_videos/kur_a7Q3Abg_1.mp4,test
kusWSSN4xjI,boss,4.0,profession,CISLR_v1.5-a_videos/kusWSSN4xjI.mp4,prototype
kv9Mw_tuoF0,role,4.0,action,CISLR_v1.5-a_videos/kv9Mw_tuoF0.mp4,test
kvm9DLxYlGo_1,birds,6.0,flora and fauna,CISLR_v1.5-a_videos/kvm9DLxYlGo_1.mp4,prototype
kvs0joxjS98,share,5.0,action,CISLR_v1.5-a_videos/kvs0joxjS98.mp4,test
kwphB-3eDMU,patriotic,7.0,attribute,CISLR_v1.5-a_videos/kwphB-3eDMU.mp4,prototype
kxpgbuVTGlE,should,4.0,language,CISLR_v1.5-a_videos/kxpgbuVTGlE.mp4,test
kyMdUjCgk_k,octopus,5.0,flora and fauna,CISLR_v1.5-a_videos/kyMdUjCgk_k.mp4,prototype
kzVZwbq6m2Y_1,travel,7.0,action,CISLR_v1.5-a_videos/kzVZwbq6m2Y_1.mp4,test
l0DbNgp0b38_1,resolution,9.0,action,CISLR_v1.5-a_videos/l0DbNgp0b38_1.mp4,prototype
l0XFIBGJR_g_1,priest,6.0,profession,CISLR_v1.5-a_videos/l0XFIBGJR_g_1.mp4,test
l19j_Mrajdc_1,store,7.0,action,CISLR_v1.5-a_videos/l19j_Mrajdc_1.mp4,test
l1xyWyTDKy4_1,essay,7.0,readable,CISLR_v1.5-a_videos/l1xyWyTDKy4_1.mp4,prototype
l2aqBT_Vbyw,rubber stamp,5.0,utility item,CISLR_v1.5-a_videos/l2aqBT_Vbyw.mp4,prototype
l2ytof4d1r0_1,book,6.0,readable,CISLR_v1.5-a_videos/l2ytof4d1r0_1.mp4,test
l3EHKw-sUDY_1,invalid,8.0,legal,CISLR_v1.5-a_videos/l3EHKw-sUDY_1.mp4,prototype
l3VvC6z1I4U_1,husband,10.0,relation,CISLR_v1.5-a_videos/l3VvC6z1I4U_1.mp4,test
l3fZdrppyaI,shawl,4.0,wearable,CISLR_v1.5-a_videos/l3fZdrppyaI.mp4,test
l3rjbQ5M6xg_2,concurrent,11.0,abstract,CISLR_v1.5-a_videos/l3rjbQ5M6xg_2.mp4,prototype
l47uS7f0ZSI_1,recognise,7.0,action,CISLR_v1.5-a_videos/l47uS7f0ZSI_1.mp4,prototype
l4jwOKcXm4I,new,4.0,quality,CISLR_v1.5-a_videos/l4jwOKcXm4I.mp4,test
l4sZF-4-a3A,proud,3.0,attribute,CISLR_v1.5-a_videos/l4sZF-4-a3A.mp4,test
l55s_LMAces_1,hearing,6.0,sound,CISLR_v1.5-a_videos/l55s_LMAces_1.mp4,test
l59aZl_Jrto,secret,4.0,attribute,CISLR_v1.5-a_videos/l59aZl_Jrto.mp4,test
l6tVKGOn5JU_1,day before,7.0,time,CISLR_v1.5-a_videos/l6tVKGOn5JU_1.mp4,test
l74MrarGqOk,time table,5.0,time,CISLR_v1.5-a_videos/l74MrarGqOk.mp4,test
l7GQ-fR-DsA,tea,6.0,foods and drinks,CISLR_v1.5-a_videos/l7GQ-fR-DsA.mp4,test
l7HZNntVoGw,anti virus,7.0,computer,CISLR_v1.5-a_videos/l7HZNntVoGw.mp4,prototype
l7tvPoyzWRI,art,4.0,entertainment,CISLR_v1.5-a_videos/l7tvPoyzWRI.mp4,prototype
l87H6gm74b8_2,sick unit,13.0,banking,CISLR_v1.5-a_videos/l87H6gm74b8_2.mp4,prototype
l88Gk4kRlBE,reception,4.0,behavior,CISLR_v1.5-a_videos/l88Gk4kRlBE.mp4,test
l8Aq3ttf3lk,bjp,3.0,politics,CISLR_v1.5-a_videos/l8Aq3ttf3lk.mp4,prototype
l8lwU4wIOz4,bad,3.0,quality,CISLR_v1.5-a_videos/l8lwU4wIOz4.mp4,test
l97vwBQOu94_1,kick,7.0,action,CISLR_v1.5-a_videos/l97vwBQOu94_1.mp4,test
lALvNHxvGDE_1,liquid,6.0,physics,CISLR_v1.5-a_videos/lALvNHxvGDE_1.mp4,test
lAeYniDjTo0_2,reward,7.0,miscellaneous object,CISLR_v1.5-a_videos/lAeYniDjTo0_2.mp4,test
lBaVjlCTfNo,duranta spinosa,7.0,flora and fauna,CISLR_v1.5-a_videos/lBaVjlCTfNo.mp4,prototype
lCeMDi4ZRrk,thevetia neriefolia,13.0,flora and fauna,CISLR_v1.5-a_videos/lCeMDi4ZRrk.mp4,prototype
lDO3r1artKs,weight,4.0,abstract,CISLR_v1.5-a_videos/lDO3r1artKs.mp4,test
lDS2BP2Sias,commercial building,14.0,construction,CISLR_v1.5-a_videos/lDS2BP2Sias.mp4,prototype
lD_M0hAktqU_1,recover,6.0,action,CISLR_v1.5-a_videos/lD_M0hAktqU_1.mp4,prototype
lDeEBmTDzIY_1,gun,6.0,machine,CISLR_v1.5-a_videos/lDeEBmTDzIY_1.mp4,test
lEVfZdtEMkU_1,antartica,10.0,geography,CISLR_v1.5-a_videos/lEVfZdtEMkU_1.mp4,test
lF3h9t_N8fA,concept,4.0,education,CISLR_v1.5-a_videos/lF3h9t_N8fA.mp4,prototype
lF9KfGNnrdU_1,scent,6.0,utility item,CISLR_v1.5-a_videos/lF9KfGNnrdU_1.mp4,test
lFY9NjDYAwg,lassi,5.0,foods and drinks,CISLR_v1.5-a_videos/lFY9NjDYAwg.mp4,test
lFyE0xYWW7I,drug,4.0,substance,CISLR_v1.5-a_videos/lFyE0xYWW7I.mp4,test
lGjAsZhyyKc_1,exercise,6.0,medical,CISLR_v1.5-a_videos/lGjAsZhyyKc_1.mp4,test
lH6pT7nQb9A,one,4.0,math,CISLR_v1.5-a_videos/lH6pT7nQb9A.mp4,prototype
lH8ozqCOz_w_1,clerk,7.0,profession,CISLR_v1.5-a_videos/lH8ozqCOz_w_1.mp4,test
lJeijKlq1Qo,ostrich,6.0,flora and fauna,CISLR_v1.5-a_videos/lJeijKlq1Qo.mp4,prototype
lJsUQT5Ztv8,toaster,5.0,electronic and electrical,CISLR_v1.5-a_videos/lJsUQT5Ztv8.mp4,prototype
lKFWhABVO30_1,picture,6.0,miscellaneous object,CISLR_v1.5-a_videos/lKFWhABVO30_1.mp4,test
lL9bFfJ9t9E,taj mahal,4.0,construction,CISLR_v1.5-a_videos/lL9bFfJ9t9E.mp4,prototype
lLd__AgPs98,he,3.0,language,CISLR_v1.5-a_videos/lLd__AgPs98.mp4,test
lMQiMzxO_IU,sharpener,5.0,utility item,CISLR_v1.5-a_videos/lMQiMzxO_IU.mp4,test
lNHaEWqFnZk,horizontal surface,9.0,spatial position,CISLR_v1.5-a_videos/lNHaEWqFnZk.mp4,prototype
lOvFBGpn0bQ,district,5.0,geography,CISLR_v1.5-a_videos/lOvFBGpn0bQ.mp4,test
lQOdXN62MXo_1,in,5.0,spatial position,CISLR_v1.5-a_videos/lQOdXN62MXo_1.mp4,test
lQpBuFX4L1I,jamaica,3.0,geography,CISLR_v1.5-a_videos/lQpBuFX4L1I.mp4,prototype
lQyrTnOO4XE,instagram,5.0,internet,CISLR_v1.5-a_videos/lQyrTnOO4XE.mp4,test
lRYgVqrUDl0,sanjay dutt,4.0,human,CISLR_v1.5-a_videos/lRYgVqrUDl0.mp4,prototype
lR_1-a9k6wM,papaya,3.0,foods and drinks,CISLR_v1.5-a_videos/lR_1-a9k6wM.mp4,test
lSPMq5Pdb6I_1,green,8.0,colour,CISLR_v1.5-a_videos/lSPMq5Pdb6I_1.mp4,test
lSwvLtI69Ls_1,hariyana,7.0,geography,CISLR_v1.5-a_videos/lSwvLtI69Ls_1.mp4,prototype
lSy4VDcINoY_1,trouble,7.0,stage,CISLR_v1.5-a_videos/lSy4VDcINoY_1.mp4,test
lTbpj1XKVWg,dropbox,6.0,internet,CISLR_v1.5-a_videos/lTbpj1XKVWg.mp4,prototype
lTzvesFWOYI,divorcee,7.0,legal,CISLR_v1.5-a_videos/lTzvesFWOYI.mp4,prototype
lV1k10LuRGk,knowledge,4.0,abstract,CISLR_v1.5-a_videos/lV1k10LuRGk.mp4,test
lW8hheG6HgY,from,5.0,language,CISLR_v1.5-a_videos/lW8hheG6HgY.mp4,test
lWnmHMNS06E,more,4.0,quantity,CISLR_v1.5-a_videos/lWnmHMNS06E.mp4,test
lY5wzI7a5CE,welder,7.0,profession,CISLR_v1.5-a_videos/lY5wzI7a5CE.mp4,test
lYS6WVGPAWo,calendar,5.0,time,CISLR_v1.5-a_videos/lYS6WVGPAWo.mp4,test
lYadClPZWkY,asphalt concrete,7.0,construction,CISLR_v1.5-a_videos/lYadClPZWkY.mp4,prototype
lZ0zU9cHrbM_1,angle,10.0,math,CISLR_v1.5-a_videos/lZ0zU9cHrbM_1.mp4,test
lZFvkSf9kS8_1,pamphlet,10.0,utility item,CISLR_v1.5-a_videos/lZFvkSf9kS8_1.mp4,test
lZi4g6ZWBro,yak,6.0,flora and fauna,CISLR_v1.5-a_videos/lZi4g6ZWBro.mp4,test
lZlKIjW-0HU,assault,12.0,behavior,CISLR_v1.5-a_videos/lZlKIjW-0HU.mp4,prototype
lZnF8-wpBKg_1,fish,6.0,foods and drinks,CISLR_v1.5-a_videos/lZnF8-wpBKg_1.mp4,test
lZt6lnBA9Gc,level,4.0,abstract,CISLR_v1.5-a_videos/lZt6lnBA9Gc.mp4,test
l_FTpIhhBg8,clutch lever,10.0,machine,CISLR_v1.5-a_videos/l_FTpIhhBg8.mp4,prototype
l_QL6DBEeFk,eight,4.0,math,CISLR_v1.5-a_videos/l_QL6DBEeFk.mp4,prototype
l_iVlaZg-so,glass,4.0,substance,CISLR_v1.5-a_videos/l_iVlaZg-so.mp4,test
l_q1yjr1iz8_1,tax exemption,11.0,legal,CISLR_v1.5-a_videos/l_q1yjr1iz8_1.mp4,prototype
l_yU-eg4lHM_1,measles,6.0,biology,CISLR_v1.5-a_videos/l_yU-eg4lHM_1.mp4,test
lc1lDSduLXk_2,property public,12.0,banking,CISLR_v1.5-a_videos/lc1lDSduLXk_2.mp4,prototype
lcw-m4_hZUY_2,celsius,9.0,metric,CISLR_v1.5-a_videos/lcw-m4_hZUY_2.mp4,prototype
ldU7z0-dE4k_1,judgement,10.0,action,CISLR_v1.5-a_videos/ldU7z0-dE4k_1.mp4,test
ldZ8V0CmBu4_1,hotel,6.0,construction,CISLR_v1.5-a_videos/ldZ8V0CmBu4_1.mp4,test
ldoR2f3W4co,motorcycle,6.0,transport,CISLR_v1.5-a_videos/ldoR2f3W4co.mp4,test
lg8a0VGcHKQ,panel door,9.0,utility item,CISLR_v1.5-a_videos/lg8a0VGcHKQ.mp4,prototype
lggh2K7490s,symptoms of nematode diseases of plants,15.0,biology,CISLR_v1.5-a_videos/lggh2K7490s.mp4,prototype
lhRSYduQK60,bike oil filter,15.0,instrument,CISLR_v1.5-a_videos/lhRSYduQK60.mp4,prototype
lkC12LzjKzU_1,area,6.0,geography,CISLR_v1.5-a_videos/lkC12LzjKzU_1.mp4,test
lkXLuq4RHCc,three days before,3.0,time,CISLR_v1.5-a_videos/lkXLuq4RHCc.mp4,prototype
llB8wpBo7O0_1,take home pay,11.0,action,CISLR_v1.5-a_videos/llB8wpBo7O0_1.mp4,prototype
lmHzZtmO_30_1,society co,11.0,group,CISLR_v1.5-a_videos/lmHzZtmO_30_1.mp4,prototype
lmJjVrDDXiQ,cummerband,6.0,wearable,CISLR_v1.5-a_videos/lmJjVrDDXiQ.mp4,prototype
lnZbgS3LNog_1,hypothecated,13.0,commerce,CISLR_v1.5-a_videos/lnZbgS3LNog_1.mp4,prototype
lnjKJelSCnI_1,over writing,10.0,action,CISLR_v1.5-a_videos/lnjKJelSCnI_1.mp4,prototype
lo-tct1Ryrc,smell,5.0,sensation,CISLR_v1.5-a_videos/lo-tct1Ryrc.mp4,test
loVv4NlyfvQ,systemic disease,14.0,medical,CISLR_v1.5-a_videos/loVv4NlyfvQ.mp4,prototype
lpFt9c1GueI,gold,13.0,metal and minerals,CISLR_v1.5-a_videos/lpFt9c1GueI.mp4,test
lpwbRVY9-vY,bonus,6.0,abstract,CISLR_v1.5-a_videos/lpwbRVY9-vY.mp4,prototype
lqPqubp-3IE,inspire,9.0,action,CISLR_v1.5-a_videos/lqPqubp-3IE.mp4,prototype
lquuC45v24M,golden temple,5.0,religious,CISLR_v1.5-a_videos/lquuC45v24M.mp4,prototype
lr-4dzTcjB8,engine,11.0,machine,CISLR_v1.5-a_videos/lr-4dzTcjB8.mp4,test
lrvP6pB8--A_2,refund,6.0,banking,CISLR_v1.5-a_videos/lrvP6pB8--A_2.mp4,prototype
lsaavtEzqKs_1,dirty,6.0,quality,CISLR_v1.5-a_videos/lsaavtEzqKs_1.mp4,prototype
lsp2o-yBY10,brazil,3.0,geography,CISLR_v1.5-a_videos/lsp2o-yBY10.mp4,prototype
lt-sitx_nUU_1,ant,6.0,flora and fauna,CISLR_v1.5-a_videos/lt-sitx_nUU_1.mp4,test
ltKW64fB3VU_1,cat,7.0,flora and fauna,CISLR_v1.5-a_videos/ltKW64fB3VU_1.mp4,test
ltR5hdlEzjQ_1,animals,7.0,flora and fauna,CISLR_v1.5-a_videos/ltR5hdlEzjQ_1.mp4,test
ltVnbI_MWDg,ministry of social justice and empowerment,5.0,authority,CISLR_v1.5-a_videos/ltVnbI_MWDg.mp4,test
lto2iIwYuOw,clever,6.0,behavior,CISLR_v1.5-a_videos/lto2iIwYuOw.mp4,test
lts3gE45zV4,independence day,5.0,event,CISLR_v1.5-a_videos/lts3gE45zV4.mp4,prototype
lub1H0EZwws_2,requirement,7.0,abstract,CISLR_v1.5-a_videos/lub1H0EZwws_2.mp4,test
lxP9Dga73Rw_1,transcription,7.0,banking,CISLR_v1.5-a_videos/lxP9Dga73Rw_1.mp4,prototype
lypZOubhfds,link,4.0,relation,CISLR_v1.5-a_videos/lypZOubhfds.mp4,prototype
lyx-vjcl6KA_1,leather,8.0,substance,CISLR_v1.5-a_videos/lyx-vjcl6KA_1.mp4,prototype
lz2BCCFiYmQ,comb,5.0,utility item,CISLR_v1.5-a_videos/lz2BCCFiYmQ.mp4,prototype
lzCeQ6VI2zU,pear,4.0,foods and drinks,CISLR_v1.5-a_videos/lzCeQ6VI2zU.mp4,prototype
lzTXlugHZCg_1,between,7.0,spatial position,CISLR_v1.5-a_videos/lzTXlugHZCg_1.mp4,prototype
lzUMKuDPzls,child abuse,13.0,legal,CISLR_v1.5-a_videos/lzUMKuDPzls.mp4,prototype
m-B9NoejhTg_2,bill of exchange,11.0,banking,CISLR_v1.5-a_videos/m-B9NoejhTg_2.mp4,prototype
m-YncUJ0SpA,often,4.0,time,CISLR_v1.5-a_videos/m-YncUJ0SpA.mp4,prototype
m0gLC72xKDs,rail section,15.0,transport,CISLR_v1.5-a_videos/m0gLC72xKDs.mp4,prototype
m105B5k5IYY_1,kannada,7.0,language,CISLR_v1.5-a_videos/m105B5k5IYY_1.mp4,test
m1LyTLlhmvA,tease,6.0,behavior,CISLR_v1.5-a_videos/m1LyTLlhmvA.mp4,test
m3AFwuIwkiQ_2,solar eclipse,9.0,astronomical,CISLR_v1.5-a_videos/m3AFwuIwkiQ_2.mp4,prototype
m40rLzSro7M_1,annual,9.0,time,CISLR_v1.5-a_videos/m40rLzSro7M_1.mp4,test
m4NUhzj-l70,parrot,4.0,flora and fauna,CISLR_v1.5-a_videos/m4NUhzj-l70.mp4,test
m4UTGWK32d4,next,5.0,time,CISLR_v1.5-a_videos/m4UTGWK32d4.mp4,test
m4fQZijBvjo,why,3.0,abstract,CISLR_v1.5-a_videos/m4fQZijBvjo.mp4,test
m4ogvwOrsZc_1,retain,8.0,action,CISLR_v1.5-a_videos/m4ogvwOrsZc_1.mp4,prototype
m4qwdzErX5g_2,control,7.0,action,CISLR_v1.5-a_videos/m4qwdzErX5g_2.mp4,prototype
m5IBE8Ozm_0_1,flower,6.0,flora and fauna,CISLR_v1.5-a_videos/m5IBE8Ozm_0_1.mp4,test
m5OgF_1NIBU,vibrant image,14.0,quality,CISLR_v1.5-a_videos/m5OgF_1NIBU.mp4,prototype
m6Uby73Tg3s,six,4.0,quantity,CISLR_v1.5-a_videos/m6Uby73Tg3s.mp4,test
m6s5zgf0gpI_2,compound microscope,9.0,biology,CISLR_v1.5-a_videos/m6s5zgf0gpI_2.mp4,prototype
m745tmPqMgI,hoe,3.0,instrument,CISLR_v1.5-a_videos/m745tmPqMgI.mp4,prototype
m7F7GzaBG7s,underhand,10.0,action,CISLR_v1.5-a_videos/m7F7GzaBG7s.mp4,prototype
m7cfsP8_omM_1,mother,8.0,relation,CISLR_v1.5-a_videos/m7cfsP8_omM_1.mp4,test
m7q4oQRNQPQ_1,stove,7.0,utility item,CISLR_v1.5-a_videos/m7q4oQRNQPQ_1.mp4,test
m7zujfKvM9Y,pen,4.0,utility item,CISLR_v1.5-a_videos/m7zujfKvM9Y.mp4,test
m8MBKbGzY6s_1,diseases,9.0,biology,CISLR_v1.5-a_videos/m8MBKbGzY6s_1.mp4,prototype
m8c-LCkr39Y,resolve,4.0,behavior,CISLR_v1.5-a_videos/m8c-LCkr39Y.mp4,prototype
m95rHmULP1k_1,guard,7.0,profession,CISLR_v1.5-a_videos/m95rHmULP1k_1.mp4,prototype
m9lpyg8UEMU,telangana,5.0,geography,CISLR_v1.5-a_videos/m9lpyg8UEMU.mp4,test
mDQmu9H4-e8,extrahepatic,10.0,medical,CISLR_v1.5-a_videos/mDQmu9H4-e8.mp4,prototype
mDef1KqeBTw,gate,5.0,construction,CISLR_v1.5-a_videos/mDef1KqeBTw.mp4,prototype
mE9xzpyh5GM_1,scribe,9.0,human,CISLR_v1.5-a_videos/mE9xzpyh5GM_1.mp4,prototype
mEKieyopxsc,stay,4.0,action,CISLR_v1.5-a_videos/mEKieyopxsc.mp4,test
mEhGf6FP0Jo,russia,5.0,geography,CISLR_v1.5-a_videos/mEhGf6FP0Jo.mp4,test
mFfYVeyQOWA_2,verification,8.0,legal,CISLR_v1.5-a_videos/mFfYVeyQOWA_2.mp4,test
mGWaaXCKdx4_1,resources,10.0,abstract,CISLR_v1.5-a_videos/mGWaaXCKdx4_1.mp4,prototype
mHIxXjMGN8c_1,blood pressure,8.0,medical,CISLR_v1.5-a_videos/mHIxXjMGN8c_1.mp4,test
mIun6SVIyEA,anonymous complaint,11.0,readable,CISLR_v1.5-a_videos/mIun6SVIyEA.mp4,prototype
mJz4mKTtt64,cheap,4.0,attribute,CISLR_v1.5-a_videos/mJz4mKTtt64.mp4,test
mKT_yIIVqbA_1,on demand,9.0,banking,CISLR_v1.5-a_videos/mKT_yIIVqbA_1.mp4,prototype
mKjjkYe1ZSg_1,tortoise,6.0,flora and fauna,CISLR_v1.5-a_videos/mKjjkYe1ZSg_1.mp4,test
mKxgmzevEio,birds,5.0,flora and fauna,CISLR_v1.5-a_videos/mKxgmzevEio.mp4,test
mL4_qchOSsM_1,gas stove,8.0,instrument,CISLR_v1.5-a_videos/mL4_qchOSsM_1.mp4,test
mLANykny44w,ukraine,3.0,geography,CISLR_v1.5-a_videos/mLANykny44w.mp4,prototype
mLirLDw62Dk_1,restricted,7.0,action,CISLR_v1.5-a_videos/mLirLDw62Dk_1.mp4,prototype
mNf1uFIbIfI_1,bhangada,6.0,entertainment,CISLR_v1.5-a_videos/mNf1uFIbIfI_1.mp4,prototype
mOkpsL3dtYU_1,decline,12.0,comparator,CISLR_v1.5-a_videos/mOkpsL3dtYU_1.mp4,prototype
mP9BH-ZabQk_1,gujarati,6.0,geography,CISLR_v1.5-a_videos/mP9BH-ZabQk_1.mp4,test
mPEgUoTSEoY_1,ourselves,7.0,relation,CISLR_v1.5-a_videos/mPEgUoTSEoY_1.mp4,prototype
mPZ37Qlg4B8,when,3.0,abstract,CISLR_v1.5-a_videos/mPZ37Qlg4B8.mp4,prototype
mPyRIGEieXo_1,some,6.0,quantity,CISLR_v1.5-a_videos/mPyRIGEieXo_1.mp4,test
mQPmk_qj6wM_1,risk,6.0,abstract,CISLR_v1.5-a_videos/mQPmk_qj6wM_1.mp4,prototype
mRmOZEKXSFQ_1,jackfruit,7.0,foods and drinks,CISLR_v1.5-a_videos/mRmOZEKXSFQ_1.mp4,test
mRodiqQBduE,bitter gourd,4.0,foods and drinks,CISLR_v1.5-a_videos/mRodiqQBduE.mp4,prototype
mTuXlaWeVf8,optical character recognition,12.0,electronic and electrical,CISLR_v1.5-a_videos/mTuXlaWeVf8.mp4,prototype
mUeSvl1T5Sk,ghana,3.0,geography,CISLR_v1.5-a_videos/mUeSvl1T5Sk.mp4,prototype
mUes7TvTZ0Y,catch,4.0,action,CISLR_v1.5-a_videos/mUes7TvTZ0Y.mp4,test
mUhcz7RyFqI_1,peak,9.0,spatial position,CISLR_v1.5-a_videos/mUhcz7RyFqI_1.mp4,prototype
mWBceiU6iR4_1,quran,6.0,religious,CISLR_v1.5-a_videos/mWBceiU6iR4_1.mp4,prototype
mWHH9UopPFs,mi xiaomi,6.0,electronic and electrical,CISLR_v1.5-a_videos/mWHH9UopPFs.mp4,prototype
mY5LdfQ0sjQ,second,4.0,math,CISLR_v1.5-a_videos/mY5LdfQ0sjQ.mp4,prototype
mZ8Tmp9I2Is,cock erels,11.0,flora and fauna,CISLR_v1.5-a_videos/mZ8Tmp9I2Is.mp4,prototype
mZPhzM2sh0E_1,faith,6.0,abstract,CISLR_v1.5-a_videos/mZPhzM2sh0E_1.mp4,test
m_jv0J-ORnQ_1,sunday,5.0,time,CISLR_v1.5-a_videos/m_jv0J-ORnQ_1.mp4,test
m_rnnhVnHZo_2,experiment,8.0,process,CISLR_v1.5-a_videos/m_rnnhVnHZo_2.mp4,test
maf-Qj8EavI_1,agenda,10.0,process,CISLR_v1.5-a_videos/maf-Qj8EavI_1.mp4,test
md3sDbLwP_I,czech republic,4.0,geography,CISLR_v1.5-a_videos/md3sDbLwP_I.mp4,prototype
mdghSfzgn_w,okay,5.0,gesture,CISLR_v1.5-a_videos/mdghSfzgn_w.mp4,test
mdv4f8f7JpQ_2,hot,6.0,sensation,CISLR_v1.5-a_videos/mdv4f8f7JpQ_2.mp4,test
meGXyGsCWhs,season,7.0,time,CISLR_v1.5-a_videos/meGXyGsCWhs.mp4,test
mfoG6eiYkuA_1,busy,6.0,behavior,CISLR_v1.5-a_videos/mfoG6eiYkuA_1.mp4,test
mgVaDE2i02s_1,engine,8.0,machine,CISLR_v1.5-a_videos/mgVaDE2i02s_1.mp4,test
mh7hK_GB1yQ,paneer,4.0,foods and drinks,CISLR_v1.5-a_videos/mh7hK_GB1yQ.mp4,prototype
mhO9nuyQ28I,merge,6.0,action,CISLR_v1.5-a_videos/mhO9nuyQ28I.mp4,prototype
migHEZ8zuh0_1,candle,8.0,utility item,CISLR_v1.5-a_videos/migHEZ8zuh0_1.mp4,test
mikGymYxces_1,sewing machine,7.0,instrument,CISLR_v1.5-a_videos/mikGymYxces_1.mp4,prototype
mjwekhNRLbY,shaving razor,6.0,utility item,CISLR_v1.5-a_videos/mjwekhNRLbY.mp4,test
mkXoxeaRCRc,triple,4.0,quantity,CISLR_v1.5-a_videos/mkXoxeaRCRc.mp4,test
mkgTT7rVBAQ_1,thumb impression,11.0,language,CISLR_v1.5-a_videos/mkgTT7rVBAQ_1.mp4,prototype
mkl9CmVJ2tM_1,subsidy,8.0,legal,CISLR_v1.5-a_videos/mkl9CmVJ2tM_1.mp4,prototype
mmXQw0IktO0_1,good,7.0,quality,CISLR_v1.5-a_videos/mmXQw0IktO0_1.mp4,test
mn1F8ifBfE8_1,cap,6.0,wearable,CISLR_v1.5-a_videos/mn1F8ifBfE8_1.mp4,test
mn1rYKlKYt4_2,milligram,9.0,metric,CISLR_v1.5-a_videos/mn1rYKlKYt4_2.mp4,prototype
mnZrhrQqNQk,peacock,4.0,flora and fauna,CISLR_v1.5-a_videos/mnZrhrQqNQk.mp4,test
mnswyczu_t4_1,easter,8.0,religious,CISLR_v1.5-a_videos/mnswyczu_t4_1.mp4,test
mny-_WVQmTM_1,newspaper,7.0,readable,CISLR_v1.5-a_videos/mny-_WVQmTM_1.mp4,test
mpugTirtE4Q_1,exercise,6.0,medical,CISLR_v1.5-a_videos/mpugTirtE4Q_1.mp4,test
mq9WIJ0BxY8,forest,5.0,geography,CISLR_v1.5-a_videos/mq9WIJ0BxY8.mp4,prototype
msAFTkGIkKY,dehradun,4.0,geography,CISLR_v1.5-a_videos/msAFTkGIkKY.mp4,prototype
msFZgjGHhCw_1,facsimile signature,8.0,legal,CISLR_v1.5-a_videos/msFZgjGHhCw_1.mp4,prototype
mty6yED1PpI_2,projector,7.0,instrument,CISLR_v1.5-a_videos/mty6yED1PpI_2.mp4,test
muFgzetIJP4,sea,5.0,geography,CISLR_v1.5-a_videos/muFgzetIJP4.mp4,test
mw6GHL7CsJw_1,son,11.0,relation,CISLR_v1.5-a_videos/mw6GHL7CsJw_1.mp4,test
mwUQPlBBZgE,stop,4.0,stage,CISLR_v1.5-a_videos/mwUQPlBBZgE.mp4,test
myELYk-m-cI_1,toes,9.0,biology,CISLR_v1.5-a_videos/myELYk-m-cI_1.mp4,test
mySSsdvhhZI_1,despatch,10.0,action,CISLR_v1.5-a_videos/mySSsdvhhZI_1.mp4,prototype
mztpaGS8lno_1,sugarcane,7.0,foods and drinks,CISLR_v1.5-a_videos/mztpaGS8lno_1.mp4,prototype
n-1noAwKg1w,economics,4.0,education,CISLR_v1.5-a_videos/n-1noAwKg1w.mp4,test
n-oYLZ4V2ZY_1,possible,6.0,attribute,CISLR_v1.5-a_videos/n-oYLZ4V2ZY_1.mp4,test
n0NXSLz7Skk,wrong,4.0,comparator,CISLR_v1.5-a_videos/n0NXSLz7Skk.mp4,test
n0ixnjHqfAU,accept,4.0,action,CISLR_v1.5-a_videos/n0ixnjHqfAU.mp4,test
n162JtquPPo,chicks,12.0,flora and fauna,CISLR_v1.5-a_videos/n162JtquPPo.mp4,prototype
n2XiOTb_y0E,shell top,10.0,attribute,CISLR_v1.5-a_videos/n2XiOTb_y0E.mp4,prototype
n2Yyy3BkMjk,ginger,5.0,foods and drinks,CISLR_v1.5-a_videos/n2Yyy3BkMjk.mp4,test
n4ITD16-c9Q,kochi,6.0,geography,CISLR_v1.5-a_videos/n4ITD16-c9Q.mp4,prototype
n5UUf4qS9vo,tall protective hedges,13.0,flora and fauna,CISLR_v1.5-a_videos/n5UUf4qS9vo.mp4,prototype
n7Ikc1zpm-o,cylinder,5.0,utility item,CISLR_v1.5-a_videos/n7Ikc1zpm-o.mp4,test
n7sdyYH_Vss,people,7.0,group,CISLR_v1.5-a_videos/n7sdyYH_Vss.mp4,prototype
n8CdU-tQIX4,roof,6.0,construction,CISLR_v1.5-a_videos/n8CdU-tQIX4.mp4,test
n9F3-JF1Dug,blouse,4.0,wearable,CISLR_v1.5-a_videos/n9F3-JF1Dug.mp4,test
nBXHnSz4pYc_1,compass,7.0,instrument,CISLR_v1.5-a_videos/nBXHnSz4pYc_1.mp4,test
nBnJhuCSZxY,compare,4.0,process,CISLR_v1.5-a_videos/nBnJhuCSZxY.mp4,test
nBp-9HnOvow_1,anklets,7.0,wearable,CISLR_v1.5-a_videos/nBp-9HnOvow_1.mp4,prototype
nC0-4IBpIe0_1,mirror,7.0,physics,CISLR_v1.5-a_videos/nC0-4IBpIe0_1.mp4,test
nDjjCfmeT28_1,put,6.0,action,CISLR_v1.5-a_videos/nDjjCfmeT28_1.mp4,test
nEoBtV3LSLw,shallow,5.0,attribute,CISLR_v1.5-a_videos/nEoBtV3LSLw.mp4,test
nGBnt1hkNA4,chain drive,14.0,instrument,CISLR_v1.5-a_videos/nGBnt1hkNA4.mp4,prototype
nGYNwYqr4iM_1,extra,8.0,quantity,CISLR_v1.5-a_videos/nGYNwYqr4iM_1.mp4,test
nGiuyZ9jIds,fourteen,4.0,math,CISLR_v1.5-a_videos/nGiuyZ9jIds.mp4,prototype
nGk01dUfQo0,buffalo,5.0,flora and fauna,CISLR_v1.5-a_videos/nGk01dUfQo0.mp4,test
nH3nl9uTYc8_1,expensive,7.0,attribute,CISLR_v1.5-a_videos/nH3nl9uTYc8_1.mp4,test
nH5V7jQYZfU_1,feed,6.0,action,CISLR_v1.5-a_videos/nH5V7jQYZfU_1.mp4,prototype
nHEWuB2F5O4_2,loan terminable,9.0,banking,CISLR_v1.5-a_videos/nHEWuB2F5O4_2.mp4,prototype
nHdz1IK9ydw,weak,4.0,quality,CISLR_v1.5-a_videos/nHdz1IK9ydw.mp4,test
nHoSIUvNUhA,embryonic development,15.0,biology,CISLR_v1.5-a_videos/nHoSIUvNUhA.mp4,prototype
nIBj-sIAi3s,sleep,4.0,action,CISLR_v1.5-a_videos/nIBj-sIAi3s.mp4,test
nIYd_DTmgOA,diabetes,5.0,medical,CISLR_v1.5-a_videos/nIYd_DTmgOA.mp4,test
nIw0e8QMIko,rock,5.0,miscellaneous object,CISLR_v1.5-a_videos/nIw0e8QMIko.mp4,prototype
nLRgpHuC0fQ_1,cholera,6.0,medical,CISLR_v1.5-a_videos/nLRgpHuC0fQ_1.mp4,test
nN5836JqV6o,twin,4.0,biology,CISLR_v1.5-a_videos/nN5836JqV6o.mp4,prototype
nOfYw4qFT98_1,calm,8.0,emotion,CISLR_v1.5-a_videos/nOfYw4qFT98_1.mp4,test
nOqqumlcVYU_1,shine,6.0,attribute,CISLR_v1.5-a_videos/nOqqumlcVYU_1.mp4,test
nPFOofWkMZc,tall shrubs,6.0,flora and fauna,CISLR_v1.5-a_videos/nPFOofWkMZc.mp4,prototype
nPejilWVcLU,state,4.0,geography,CISLR_v1.5-a_videos/nPejilWVcLU.mp4,test
nQhm9tWvaog,german measles rubella,5.0,biology,CISLR_v1.5-a_videos/nQhm9tWvaog.mp4,prototype
nR0rTKA9Ldo_1,action,10.0,action,CISLR_v1.5-a_videos/nR0rTKA9Ldo_1.mp4,test
nRHDYOP78eE,spectacles,4.0,wearable,CISLR_v1.5-a_videos/nRHDYOP78eE.mp4,prototype
nReXFWHGPdg,soup,4.0,foods and drinks,CISLR_v1.5-a_videos/nReXFWHGPdg.mp4,test
nS1xo_n5_sQ_1,you,7.0,relation,CISLR_v1.5-a_videos/nS1xo_n5_sQ_1.mp4,test
nS5mLcPFpnk_1,strong,7.0,quality,CISLR_v1.5-a_videos/nS5mLcPFpnk_1.mp4,test
nS9YfFqJct0_2,angle,7.0,math,CISLR_v1.5-a_videos/nS9YfFqJct0_2.mp4,test
nSEzV5TYaZk,milling cutter angle,9.0,instrument,CISLR_v1.5-a_videos/nSEzV5TYaZk.mp4,prototype
nT_QwhsDXR0,prescription,5.0,medical,CISLR_v1.5-a_videos/nT_QwhsDXR0.mp4,test
nU2c599HQUM_1,cake,6.0,foods and drinks,CISLR_v1.5-a_videos/nU2c599HQUM_1.mp4,prototype
nVGUO-aBw6o,remove,3.0,action,CISLR_v1.5-a_videos/nVGUO-aBw6o.mp4,test
nWsRyI0iqEQ,lift,4.0,transport,CISLR_v1.5-a_videos/nWsRyI0iqEQ.mp4,prototype
nX8FJ8qjPuQ_1,candle,8.0,utility item,CISLR_v1.5-a_videos/nX8FJ8qjPuQ_1.mp4,test
nYQJc4FIONc_1,patience,7.0,behavior,CISLR_v1.5-a_videos/nYQJc4FIONc_1.mp4,test
nYq64foD8OE_1,scent,6.0,utility item,CISLR_v1.5-a_videos/nYq64foD8OE_1.mp4,test
nZC6NXo3SAc,truck,5.0,transport,CISLR_v1.5-a_videos/nZC6NXo3SAc.mp4,prototype
nZPix7hmbDc_1,chest,7.0,biology,CISLR_v1.5-a_videos/nZPix7hmbDc_1.mp4,test
nZQgs84-71M_1,sunday,5.0,time,CISLR_v1.5-a_videos/nZQgs84-71M_1.mp4,test
nZXIuMlpqs8_1,temporary,6.0,abstract,CISLR_v1.5-a_videos/nZXIuMlpqs8_1.mp4,test
nZp9HgnRg2Q_1,compate,6.0,process,CISLR_v1.5-a_videos/nZp9HgnRg2Q_1.mp4,prototype
n_8B2_ChR7I,lamp,5.0,electronic and electrical,CISLR_v1.5-a_videos/n_8B2_ChR7I.mp4,prototype
n_ZH6USjaMM_1,unlimited,6.0,quantity,CISLR_v1.5-a_videos/n_ZH6USjaMM_1.mp4,test
na-Lq61BD80_1,agree,5.0,action,CISLR_v1.5-a_videos/na-Lq61BD80_1.mp4,test
nbGClOPWFAs,label,3.0,action,CISLR_v1.5-a_videos/nbGClOPWFAs.mp4,test
nbGetUh9P74_1,about,6.0,spatial position,CISLR_v1.5-a_videos/nbGetUh9P74_1.mp4,prototype
nbJBh7lzl30,taxi,5.0,transport,CISLR_v1.5-a_videos/nbJBh7lzl30.mp4,test
nbVI64uJFks,kannada,7.0,language,CISLR_v1.5-a_videos/nbVI64uJFks.mp4,test
ncAPREMR3JA,dvd,6.0,computer,CISLR_v1.5-a_videos/ncAPREMR3JA.mp4,prototype
ncRjrgTmEho_1,trade,8.0,commerce,CISLR_v1.5-a_videos/ncRjrgTmEho_1.mp4,test
ndCTFD1P_qo,balloon,4.0,utility item,CISLR_v1.5-a_videos/ndCTFD1P_qo.mp4,prototype
ndTLR5u4IKc,autocracy,15.0,authority,CISLR_v1.5-a_videos/ndTLR5u4IKc.mp4,prototype
ndh4le8xfHY_1,practise,7.0,action,CISLR_v1.5-a_videos/ndh4le8xfHY_1.mp4,prototype
ne5dJi6f9aQ,permanent,4.0,attribute,CISLR_v1.5-a_videos/ne5dJi6f9aQ.mp4,test
nejz8c9gkFE_2,south poie,11.0,geography,CISLR_v1.5-a_videos/nejz8c9gkFE_2.mp4,prototype
ngk26A8JXKk,besom pocket,7.0,wearable,CISLR_v1.5-a_videos/ngk26A8JXKk.mp4,prototype
nhLcG0rMU7c_1,lawyer,6.0,legal,CISLR_v1.5-a_videos/nhLcG0rMU7c_1.mp4,test
nhi8hvvKDe0_1,survivorship,10.0,stage,CISLR_v1.5-a_videos/nhi8hvvKDe0_1.mp4,prototype
nhlsBwo95ms_1,sri lanka,6.0,geography,CISLR_v1.5-a_videos/nhlsBwo95ms_1.mp4,prototype
nkox-ajvLnc,lift,4.0,transport,CISLR_v1.5-a_videos/nkox-ajvLnc.mp4,test
nmC9PhWItts,recharge,6.0,banking,CISLR_v1.5-a_videos/nmC9PhWItts.mp4,prototype
nnnPWu4bf60_2,galaxy,12.0,astronomical,CISLR_v1.5-a_videos/nnnPWu4bf60_2.mp4,prototype
nnpCEu2kzrs_1,mosquito,5.0,flora and fauna,CISLR_v1.5-a_videos/nnpCEu2kzrs_1.mp4,prototype
npDGGJ0M-wc_1,ledger,11.0,banking,CISLR_v1.5-a_videos/npDGGJ0M-wc_1.mp4,prototype
npkVQCEbeeM_1,kill,5.0,action,CISLR_v1.5-a_videos/npkVQCEbeeM_1.mp4,test
nqBsZsXrUk0_1,holder,10.0,instrument,CISLR_v1.5-a_videos/nqBsZsXrUk0_1.mp4,prototype
nqH15OqXPnI,winner,12.0,human,CISLR_v1.5-a_videos/nqH15OqXPnI.mp4,test
nqN1KzFQ-nk,scalpel,15.0,instrument,CISLR_v1.5-a_videos/nqN1KzFQ-nk.mp4,prototype
nru9lQCilqs_1,questionnaire,7.0,utility item,CISLR_v1.5-a_videos/nru9lQCilqs_1.mp4,prototype
nsIYX21oO_M_1,divide,6.0,action,CISLR_v1.5-a_videos/nsIYX21oO_M_1.mp4,test
nsmhWfsLTLc_1,unpaid,7.0,banking,CISLR_v1.5-a_videos/nsmhWfsLTLc_1.mp4,prototype
nt0_JZPdo-Y,fish as a food of cattle,7.0,foods and drinks,CISLR_v1.5-a_videos/nt0_JZPdo-Y.mp4,prototype
nt6YlBv1Qv0,scotland,3.0,geography,CISLR_v1.5-a_videos/nt6YlBv1Qv0.mp4,prototype
ntsopMo8ABU,battered child syndrome,10.0,medical,CISLR_v1.5-a_videos/ntsopMo8ABU.mp4,test
nuTB6o4EeUU_1,symbol,10.0,language,CISLR_v1.5-a_videos/nuTB6o4EeUU_1.mp4,prototype
nuVE-pwIDNM,time,4.0,time,CISLR_v1.5-a_videos/nuVE-pwIDNM.mp4,test
nuYcIMq8e5U,apple,4.0,flora and fauna,CISLR_v1.5-a_videos/nuYcIMq8e5U.mp4,test
nur8ELm8QV4,rocking chair,5.0,utility item,CISLR_v1.5-a_videos/nur8ELm8QV4.mp4,prototype
nv_OhAg7zNE_1,office bearer,9.0,profession,CISLR_v1.5-a_videos/nv_OhAg7zNE_1.mp4,prototype
nvofZFSfV1w_1,table,7.0,utility item,CISLR_v1.5-a_videos/nvofZFSfV1w_1.mp4,test
nweVa6JYyYw,very,4.0,quantity,CISLR_v1.5-a_videos/nweVa6JYyYw.mp4,prototype
ny7-NbuyCuY,toggle button,11.0,computer,CISLR_v1.5-a_videos/ny7-NbuyCuY.mp4,prototype
nyjlcCkgQVI_1,leprosy,6.0,biology,CISLR_v1.5-a_videos/nyjlcCkgQVI_1.mp4,prototype
o-H6UeceSts,circuit breaker,9.0,physics,CISLR_v1.5-a_videos/o-H6UeceSts.mp4,prototype
o-Y-aBPo_xw,armenia,4.0,geography,CISLR_v1.5-a_videos/o-Y-aBPo_xw.mp4,prototype
o1HHyNHRKaw_1,repay,7.0,banking,CISLR_v1.5-a_videos/o1HHyNHRKaw_1.mp4,prototype
o1T_M9vuDr8_1,gloves,6.0,wearable,CISLR_v1.5-a_videos/o1T_M9vuDr8_1.mp4,test
o1TtSAj8-oc_1,balloon,6.0,utility item,CISLR_v1.5-a_videos/o1TtSAj8-oc_1.mp4,test
o2drDly41iw_2,centripetal,14.0,physics,CISLR_v1.5-a_videos/o2drDly41iw_2.mp4,prototype
o34Uvfsrpy0,servant,14.0,profession,CISLR_v1.5-a_videos/o34Uvfsrpy0.mp4,test
o3ThFwDDdso,neck,4.0,biology,CISLR_v1.5-a_videos/o3ThFwDDdso.mp4,test
o3UvzZTcMqY,medium shrubs,8.0,flora and fauna,CISLR_v1.5-a_videos/o3UvzZTcMqY.mp4,prototype
o3Yqyk3bfXE,snow,5.0,weather,CISLR_v1.5-a_videos/o3Yqyk3bfXE.mp4,test
o4AfySvjYxo_1,kurta,6.0,wearable,CISLR_v1.5-a_videos/o4AfySvjYxo_1.mp4,test
o4GtA7kt0xc_1,floppy,7.0,computer,CISLR_v1.5-a_videos/o4GtA7kt0xc_1.mp4,prototype
o4zm0Ga1olU_1,self explanatory,9.0,attribute,CISLR_v1.5-a_videos/o4zm0Ga1olU_1.mp4,prototype
o610N3lN8Zo,konark sun temple,7.0,geography,CISLR_v1.5-a_videos/o610N3lN8Zo.mp4,prototype
o68UYF2jW_o,handpump water,5.0,substance,CISLR_v1.5-a_videos/o68UYF2jW_o.mp4,prototype
o6HO3Gv3-HI_1,year,5.0,time,CISLR_v1.5-a_videos/o6HO3Gv3-HI_1.mp4,test
o7TVosWSogI,abstract,13.0,abstract,CISLR_v1.5-a_videos/o7TVosWSogI.mp4,prototype
o7f9Ny0BfQU,artesian well,9.0,geography,CISLR_v1.5-a_videos/o7f9Ny0BfQU.mp4,prototype
o81WOSZDrs4_1,tortoise,6.0,flora and fauna,CISLR_v1.5-a_videos/o81WOSZDrs4_1.mp4,test
o90151UDeTo_1,prescribe,8.0,action,CISLR_v1.5-a_videos/o90151UDeTo_1.mp4,prototype
o95thycjZd0,transfer fee,8.0,commerce,CISLR_v1.5-a_videos/o95thycjZd0.mp4,prototype
o9vIJZ9h9dQ,bullet train,6.0,transport,CISLR_v1.5-a_videos/o9vIJZ9h9dQ.mp4,prototype
oA3QZPn2m1k,duck,5.0,flora and fauna,CISLR_v1.5-a_videos/oA3QZPn2m1k.mp4,test
oAbVUktjGi0_1,thick,7.0,quality,CISLR_v1.5-a_videos/oAbVUktjGi0_1.mp4,prototype
oAhY6BKcbG0,study,4.0,action,CISLR_v1.5-a_videos/oAhY6BKcbG0.mp4,prototype
oBQfG6EUQEM_1,watch,8.0,action,CISLR_v1.5-a_videos/oBQfG6EUQEM_1.mp4,test
oBlFP8OmGmI_1,harvest,6.0,flora and fauna,CISLR_v1.5-a_videos/oBlFP8OmGmI_1.mp4,prototype
oClte_ZOU3o,html tag,13.0,internet,CISLR_v1.5-a_videos/oClte_ZOU3o.mp4,prototype
oCv7HT967Zc,air matress,12.0,utility item,CISLR_v1.5-a_videos/oCv7HT967Zc.mp4,test
oDkQtwBcNJE,tom and jerry,7.0,entertainment,CISLR_v1.5-a_videos/oDkQtwBcNJE.mp4,prototype
oEb4cNh9cng,israel,5.0,geography,CISLR_v1.5-a_videos/oEb4cNh9cng.mp4,prototype
oH1yvkXOQ6w,gram,7.0,metric,CISLR_v1.5-a_videos/oH1yvkXOQ6w.mp4,test
oH5IJ53C4Nk,dengue,5.0,medical,CISLR_v1.5-a_videos/oH5IJ53C4Nk.mp4,prototype
oJUjrqXkdjs,add,5.0,math,CISLR_v1.5-a_videos/oJUjrqXkdjs.mp4,test
oK0JcoPqnuY,namaste,4.0,greeting,CISLR_v1.5-a_videos/oK0JcoPqnuY.mp4,prototype
oKJinRbyd5c,safety helmet,8.0,wearable,CISLR_v1.5-a_videos/oKJinRbyd5c.mp4,prototype
oKZLgXGojzE_1,stock opening,9.0,banking,CISLR_v1.5-a_videos/oKZLgXGojzE_1.mp4,prototype
oL5-8eYbp3I,rally,6.0,event,CISLR_v1.5-a_videos/oL5-8eYbp3I.mp4,prototype
oLG6MTeNo2k_1,become,6.0,action,CISLR_v1.5-a_videos/oLG6MTeNo2k_1.mp4,prototype
oLKRnSnr58c,rarely,7.0,attribute,CISLR_v1.5-a_videos/oLKRnSnr58c.mp4,prototype
oLYzn3tvSWQ_1,promisory note,8.0,banking,CISLR_v1.5-a_videos/oLYzn3tvSWQ_1.mp4,prototype
oMptigXjs8w,year,4.0,time,CISLR_v1.5-a_videos/oMptigXjs8w.mp4,test
oMrL9S8VGJ0_1,frog,7.0,flora and fauna,CISLR_v1.5-a_videos/oMrL9S8VGJ0_1.mp4,test
oNLS4rBETd8,bharatiya janata party,4.0,politics,CISLR_v1.5-a_videos/oNLS4rBETd8.mp4,test
oNRtJ5PQ4NU,emergency medical technician,7.0,profession,CISLR_v1.5-a_videos/oNRtJ5PQ4NU.mp4,prototype
oNnwv2EUUOQ,pakistan,5.0,geography,CISLR_v1.5-a_videos/oNnwv2EUUOQ.mp4,test
oPV8jV_SqGM_1,scissors,5.0,utility item,CISLR_v1.5-a_videos/oPV8jV_SqGM_1.mp4,test
oPedYyqevCM,natural,6.0,biology,CISLR_v1.5-a_videos/oPedYyqevCM.mp4,test
oPypd7lSD84_1,per pro,8.0,legal,CISLR_v1.5-a_videos/oPypd7lSD84_1.mp4,prototype
oQ5MXCEEm7M_1,glass,7.0,substance,CISLR_v1.5-a_videos/oQ5MXCEEm7M_1.mp4,test
oQNOHd5JtqA,funeral cremation,11.0,event,CISLR_v1.5-a_videos/oQNOHd5JtqA.mp4,prototype
oQZt_Mg6WFQ,sp,4.0,politics,CISLR_v1.5-a_videos/oQZt_Mg6WFQ.mp4,prototype
oQhxACPhL1k,buffet,7.0,foods and drinks,CISLR_v1.5-a_videos/oQhxACPhL1k.mp4,prototype
oRJn3LprR4U,bowler,4.0,sport,CISLR_v1.5-a_videos/oRJn3LprR4U.mp4,prototype
oROlXdZN6pA_1,feather,6.0,flora and fauna,CISLR_v1.5-a_videos/oROlXdZN6pA_1.mp4,test
oRWZCnGJmjY_1,beans,6.0,foods and drinks,CISLR_v1.5-a_videos/oRWZCnGJmjY_1.mp4,prototype
oRbyb-naKkE_1,far,6.0,spatial position,CISLR_v1.5-a_videos/oRbyb-naKkE_1.mp4,test
oRcnRJ4g8GY,icici bank,6.0,organisation,CISLR_v1.5-a_videos/oRcnRJ4g8GY.mp4,prototype
oSG1xo9mKto,ad infinitum,7.0,quantity,CISLR_v1.5-a_videos/oSG1xo9mKto.mp4,prototype
oSXFhrjLVAI,quickly,4.0,time,CISLR_v1.5-a_videos/oSXFhrjLVAI.mp4,test
oSjumbZ6yhI,alkali soil,12.0,metal and minerals,CISLR_v1.5-a_videos/oSjumbZ6yhI.mp4,prototype
oUGGkzVjF3A_1,bath,6.0,action,CISLR_v1.5-a_videos/oUGGkzVjF3A_1.mp4,test
oUcoHPxXsbA,ice hockey,3.0,sport,CISLR_v1.5-a_videos/oUcoHPxXsbA.mp4,prototype
oUq6eVq85sU_1,kilogram,6.0,metric,CISLR_v1.5-a_videos/oUq6eVq85sU_1.mp4,test
oWCU9EhTFuY_2,irregular vibration,10.0,physics,CISLR_v1.5-a_videos/oWCU9EhTFuY_2.mp4,prototype
oX-Mo3au4eY,international,5.0,geography,CISLR_v1.5-a_videos/oX-Mo3au4eY.mp4,test
oXDA73D5WAM,try,4.0,action,CISLR_v1.5-a_videos/oXDA73D5WAM.mp4,test
oY37vXA7tXk,problem,4.0,abstract,CISLR_v1.5-a_videos/oY37vXA7tXk.mp4,prototype
oYPDwA6rGqc_1,conversion,9.0,action,CISLR_v1.5-a_videos/oYPDwA6rGqc_1.mp4,prototype
oYwBPKBX2kE,mouth,6.0,biology,CISLR_v1.5-a_videos/oYwBPKBX2kE.mp4,test
oZ2YUZsC7hA_2,high resistance,13.0,electronic and electrical,CISLR_v1.5-a_videos/oZ2YUZsC7hA_2.mp4,prototype
oZ6x75IBNj8,programme,5.0,event,CISLR_v1.5-a_videos/oZ6x75IBNj8.mp4,test
oZGsu4mt2e4_2,automobiles,8.0,transport,CISLR_v1.5-a_videos/oZGsu4mt2e4_2.mp4,prototype
oZjgBn_Aml4_1,par - below,10.0,comparator,CISLR_v1.5-a_videos/oZjgBn_Aml4_1.mp4,prototype
o_Dvm4U4sLo,make,5.0,action,CISLR_v1.5-a_videos/o_Dvm4U4sLo.mp4,prototype
o_ThmWoMwYM_2,improvement,9.0,time,CISLR_v1.5-a_videos/o_ThmWoMwYM_2.mp4,prototype
oa5xViQgdGc_1,sick,6.0,medical,CISLR_v1.5-a_videos/oa5xViQgdGc_1.mp4,test
oaBVfRn6GPA_1,chapter,6.0,education,CISLR_v1.5-a_videos/oaBVfRn6GPA_1.mp4,prototype
ocJHUZkUA1E_2,degree,8.0,education,CISLR_v1.5-a_videos/ocJHUZkUA1E_2.mp4,test
odwu59KYHWk_1,thermometer,7.0,miscellaneous object,CISLR_v1.5-a_videos/odwu59KYHWk_1.mp4,test
oeH2BtfiHVI,fruits,5.0,foods and drinks,CISLR_v1.5-a_videos/oeH2BtfiHVI.mp4,test
ofZ6Jo2XUn8,kathakali,6.0,event,CISLR_v1.5-a_videos/ofZ6Jo2XUn8.mp4,prototype
ogn8OCqqQ7k,confess,6.0,process,CISLR_v1.5-a_videos/ogn8OCqqQ7k.mp4,prototype
ogoYx2zZE7E,needle,7.0,utility item,CISLR_v1.5-a_videos/ogoYx2zZE7E.mp4,test
oh90rIHoAuQ_1,morning,7.0,time,CISLR_v1.5-a_videos/oh90rIHoAuQ_1.mp4,test
ohjswsB3XdQ,batman,5.0,entertainment,CISLR_v1.5-a_videos/ohjswsB3XdQ.mp4,prototype
oizhgT9YG74,motherboard,14.0,electronic and electrical,CISLR_v1.5-a_videos/oizhgT9YG74.mp4,prototype
oj-FbF4iU5M_2,negative,6.0,math,CISLR_v1.5-a_videos/oj-FbF4iU5M_2.mp4,test
ojCn0dDr1m0,rock climbing gujarat,9.0,sport,CISLR_v1.5-a_videos/ojCn0dDr1m0.mp4,prototype
ojf8g4q0xvU_1,actual,9.0,abstract,CISLR_v1.5-a_videos/ojf8g4q0xvU_1.mp4,prototype
ok8DLBVJmKU_1,chief minister,7.0,authority,CISLR_v1.5-a_videos/ok8DLBVJmKU_1.mp4,test
oksjclh3Z3M,out of work,4.0,event,CISLR_v1.5-a_videos/oksjclh3Z3M.mp4,prototype
omEpmBorZUg_1,non legal,8.0,legal,CISLR_v1.5-a_videos/omEpmBorZUg_1.mp4,prototype
omcdxRmGHMM,lapel,11.0,wearable,CISLR_v1.5-a_videos/omcdxRmGHMM.mp4,prototype
onUK6-vwi1s_1,doubt,6.0,attribute,CISLR_v1.5-a_videos/onUK6-vwi1s_1.mp4,test
onsdyXAWNqY,violin,5.0,instrument,CISLR_v1.5-a_videos/onsdyXAWNqY.mp4,prototype
oo5qLRI1lmM_1,mumbai,6.0,geography,CISLR_v1.5-a_videos/oo5qLRI1lmM_1.mp4,test
ooGQLLL-8RQ,experiment,7.0,process,CISLR_v1.5-a_videos/ooGQLLL-8RQ.mp4,test
opvfqSmc3TM_1,fund,7.0,banking,CISLR_v1.5-a_videos/opvfqSmc3TM_1.mp4,prototype
oqQZVkOsNh8,metre,5.0,metric,CISLR_v1.5-a_videos/oqQZVkOsNh8.mp4,test
oqq2I0ePK3Y,initiative,8.0,behavior,CISLR_v1.5-a_videos/oqq2I0ePK3Y.mp4,test
osKMM2nRMaI,passion,6.0,emotion,CISLR_v1.5-a_videos/osKMM2nRMaI.mp4,prototype
osLBI6ox7EE,nervous,4.0,emotion,CISLR_v1.5-a_videos/osLBI6ox7EE.mp4,test
otXF356rVzQ,bell,5.0,miscellaneous object,CISLR_v1.5-a_videos/otXF356rVzQ.mp4,test
ouQmvo795rE,four,5.0,math,CISLR_v1.5-a_videos/ouQmvo795rE.mp4,prototype
oumchDY1yqs_1,post office,6.0,construction,CISLR_v1.5-a_videos/oumchDY1yqs_1.mp4,test
ouqUEVpF0v4,guide,6.0,utility item,CISLR_v1.5-a_videos/ouqUEVpF0v4.mp4,prototype
ov-SGBORI6Y,disrespect,5.0,behavior,CISLR_v1.5-a_videos/ov-SGBORI6Y.mp4,prototype
p-TiL6oWEbA_1,often,6.0,time,CISLR_v1.5-a_videos/p-TiL6oWEbA_1.mp4,test
p0IHOoCCGNU,carpenter,6.0,profession,CISLR_v1.5-a_videos/p0IHOoCCGNU.mp4,test
p10Dt-78muM_1,energetic,6.0,attribute,CISLR_v1.5-a_videos/p10Dt-78muM_1.mp4,test
p1cUjAAJGtc_1,treasury,8.0,miscellaneous object,CISLR_v1.5-a_videos/p1cUjAAJGtc_1.mp4,prototype
p2fONcgegyM_1,account minor,13.0,banking,CISLR_v1.5-a_videos/p2fONcgegyM_1.mp4,prototype
p2tLsgPiaWw,iran,4.0,geography,CISLR_v1.5-a_videos/p2tLsgPiaWw.mp4,prototype
p2tdvIBIU0c_1,dhobi,6.0,profession,CISLR_v1.5-a_videos/p2tdvIBIU0c_1.mp4,prototype
p5Fbfjwa6lo_2,watt,11.0,metric,CISLR_v1.5-a_videos/p5Fbfjwa6lo_2.mp4,prototype
p5sMB8Y4p7A_2,individual,7.0,quantity,CISLR_v1.5-a_videos/p5sMB8Y4p7A_2.mp4,test
p6Br14ZTsZI,cream,8.0,utility item,CISLR_v1.5-a_videos/p6Br14ZTsZI.mp4,test
p7L6g9YzTVU,thermometer,4.0,miscellaneous object,CISLR_v1.5-a_videos/p7L6g9YzTVU.mp4,test
p7oldq2vCto_1,enclosure,9.0,banking,CISLR_v1.5-a_videos/p7oldq2vCto_1.mp4,prototype
p8-zJttOAKc_1,toilet,6.0,construction,CISLR_v1.5-a_videos/p8-zJttOAKc_1.mp4,test
p8R2zU16-xI_1,thursday,6.0,time,CISLR_v1.5-a_videos/p8R2zU16-xI_1.mp4,test
p8RRLvEnKIY_2,relief,6.0,action,CISLR_v1.5-a_videos/p8RRLvEnKIY_2.mp4,prototype
p8ccKTtbyaQ,duck,6.0,flora and fauna,CISLR_v1.5-a_videos/p8ccKTtbyaQ.mp4,test
p9SdpeHMkZ0,happy,3.0,emotion,CISLR_v1.5-a_videos/p9SdpeHMkZ0.mp4,test
p9bBKmmXvkY,calculator,4.0,math,CISLR_v1.5-a_videos/p9bBKmmXvkY.mp4,test
p9iMjaFLMsc_2,battery,8.0,physics,CISLR_v1.5-a_videos/p9iMjaFLMsc_2.mp4,test
pAo8Zc96Tu8,shield,5.0,miscellaneous object,CISLR_v1.5-a_videos/pAo8Zc96Tu8.mp4,prototype
pAtADV-ujaQ,forever,4.0,time,CISLR_v1.5-a_videos/pAtADV-ujaQ.mp4,prototype
pBeRmN-a5lU,shawl,4.0,wearable,CISLR_v1.5-a_videos/pBeRmN-a5lU.mp4,test
pC0Qg1SBVs4_1,unit,6.0,metric,CISLR_v1.5-a_videos/pC0Qg1SBVs4_1.mp4,test
pCBCoT-2Bb4,murder,3.0,action,CISLR_v1.5-a_videos/pCBCoT-2Bb4.mp4,test
pCOcHCIK5rc_1,renewal,7.0,action,CISLR_v1.5-a_videos/pCOcHCIK5rc_1.mp4,prototype
pD08WIZUULQ_1,chappels,6.0,wearable,CISLR_v1.5-a_videos/pD08WIZUULQ_1.mp4,test
pDANep6oMko_1,sugar,5.0,foods and drinks,CISLR_v1.5-a_videos/pDANep6oMko_1.mp4,test
pDoqBNI1OyY,hidden file,12.0,utility item,CISLR_v1.5-a_videos/pDoqBNI1OyY.mp4,test
pEM47kqgTEc,asbestos,7.0,substance,CISLR_v1.5-a_videos/pEM47kqgTEc.mp4,prototype
pEdQoefPlaI_1,exchange foreign,11.0,banking,CISLR_v1.5-a_videos/pEdQoefPlaI_1.mp4,prototype
pFUbKCb5m0I,nice,4.0,quality,CISLR_v1.5-a_videos/pFUbKCb5m0I.mp4,test
pFhX9i2XDVY_1,trust,7.0,emotion,CISLR_v1.5-a_videos/pFhX9i2XDVY_1.mp4,test
pFvqiGdzRH4_1,encourage,6.0,action,CISLR_v1.5-a_videos/pFvqiGdzRH4_1.mp4,prototype
pFwwq-q_VTk,make a long story short,4.0,process,CISLR_v1.5-a_videos/pFwwq-q_VTk.mp4,test
pG0n_OYfyQ4_1,figure,8.0,instrument,CISLR_v1.5-a_videos/pG0n_OYfyQ4_1.mp4,prototype
pHKwOx-oGic,nagpur,5.0,geography,CISLR_v1.5-a_videos/pHKwOx-oGic.mp4,prototype
pHgHQOTWz-U,numerous,4.0,math,CISLR_v1.5-a_videos/pHgHQOTWz-U.mp4,prototype
pIdeeOdo8pw_1,cook,7.0,foods and drinks,CISLR_v1.5-a_videos/pIdeeOdo8pw_1.mp4,test
pJZsB91xhWE_1,receiver,6.0,human,CISLR_v1.5-a_videos/pJZsB91xhWE_1.mp4,prototype
pJi25JN7TwU_1,clean bill,10.0,banking,CISLR_v1.5-a_videos/pJi25JN7TwU_1.mp4,prototype
pJpVzk9brGM,rude,4.0,attribute,CISLR_v1.5-a_videos/pJpVzk9brGM.mp4,test
pKXztoHJJLg_1,thorn,6.0,miscellaneous object,CISLR_v1.5-a_videos/pKXztoHJJLg_1.mp4,test
pKb4DHICBuo,happen,4.0,time,CISLR_v1.5-a_videos/pKb4DHICBuo.mp4,prototype
pMUP28lpEtI,grow,6.0,time,CISLR_v1.5-a_videos/pMUP28lpEtI.mp4,test
pNIc3-tZCr8,this,5.0,relation,CISLR_v1.5-a_videos/pNIc3-tZCr8.mp4,test
pNiWeRZM59o,document,5.0,readable,CISLR_v1.5-a_videos/pNiWeRZM59o.mp4,prototype
pOrhwbKtrns,policy,5.0,legal,CISLR_v1.5-a_videos/pOrhwbKtrns.mp4,test
pPNhLjhDOcs_1,night,6.0,time,CISLR_v1.5-a_videos/pPNhLjhDOcs_1.mp4,test
pQ0xpEJDynQ_1,protest,6.0,event,CISLR_v1.5-a_videos/pQ0xpEJDynQ_1.mp4,prototype
pQlSVEXVTg0_1,judicial,7.0,legal,CISLR_v1.5-a_videos/pQlSVEXVTg0_1.mp4,prototype
pRJFwOmmjPE,mushroom,4.0,foods and drinks,CISLR_v1.5-a_videos/pRJFwOmmjPE.mp4,test
pTbDCcIMvpM,record video,4.0,action,CISLR_v1.5-a_videos/pTbDCcIMvpM.mp4,test
pU-6WzNOsuc,tolerate,5.0,behavior,CISLR_v1.5-a_videos/pU-6WzNOsuc.mp4,test
pUUQ1UG90rU,tight tracking,13.0,action,CISLR_v1.5-a_videos/pUUQ1UG90rU.mp4,prototype
pUe8744GO0Y_1,licence,10.0,legal,CISLR_v1.5-a_videos/pUe8744GO0Y_1.mp4,test
pUfkesVaSYc,woven,6.0,attribute,CISLR_v1.5-a_videos/pUfkesVaSYc.mp4,prototype
pVFFflkBVio,guitar,5.0,sound,CISLR_v1.5-a_videos/pVFFflkBVio.mp4,prototype
pWdhIAVSNh4_1,pig,7.0,flora and fauna,CISLR_v1.5-a_videos/pWdhIAVSNh4_1.mp4,test
pWeJhQGITxI_1,children,8.0,stage,CISLR_v1.5-a_videos/pWeJhQGITxI_1.mp4,prototype
pXODwFAlZUg_1,to,6.0,process,CISLR_v1.5-a_videos/pXODwFAlZUg_1.mp4,prototype
pYCXAIysO5Y,record,5.0,action,CISLR_v1.5-a_videos/pYCXAIysO5Y.mp4,test
pYNE4dYeRKk_1,yellow,9.0,attribute,CISLR_v1.5-a_videos/pYNE4dYeRKk_1.mp4,test
pZ3sCNXcd_8,web camera,8.0,internet,CISLR_v1.5-a_videos/pZ3sCNXcd_8.mp4,prototype
p___W5DGZYM,pronoun,5.0,language,CISLR_v1.5-a_videos/p___W5DGZYM.mp4,prototype
p_jV4LqTBws,taste,5.0,sensation,CISLR_v1.5-a_videos/p_jV4LqTBws.mp4,test
p_jiAp79UAM_1,silk,8.0,wearable,CISLR_v1.5-a_videos/p_jiAp79UAM_1.mp4,test
pcIRZ8YeSwY,google pay,4.0,internet,CISLR_v1.5-a_videos/pcIRZ8YeSwY.mp4,prototype
pcL8I0LkHiI_1,oriya,7.0,language,CISLR_v1.5-a_videos/pcL8I0LkHiI_1.mp4,test
pcMAg0w93W0,mobile,4.0,electronic and electrical,CISLR_v1.5-a_videos/pcMAg0w93W0.mp4,test
pcszWYZUdr4,audience,6.0,group,CISLR_v1.5-a_videos/pcszWYZUdr4.mp4,prototype
pcz5j3TcyEs_1,brother,13.0,relation,CISLR_v1.5-a_videos/pcz5j3TcyEs_1.mp4,test
pdCmQ4U7C7c,wedding reception,5.0,event,CISLR_v1.5-a_videos/pdCmQ4U7C7c.mp4,test
ped2hI_0Lu4_1,cooperate,7.0,action,CISLR_v1.5-a_videos/ped2hI_0Lu4_1.mp4,prototype
pgB67M7B9RY,gprs,9.0,internet,CISLR_v1.5-a_videos/pgB67M7B9RY.mp4,prototype
pgg0OdGUi9Q_2,kaleidoscope,11.0,instrument,CISLR_v1.5-a_videos/pgg0OdGUi9Q_2.mp4,prototype
ph86UNnfHM4_1,general ladger,8.0,banking,CISLR_v1.5-a_videos/ph86UNnfHM4_1.mp4,prototype
phWVA0eK_x8_1,now,7.0,time,CISLR_v1.5-a_videos/phWVA0eK_x8_1.mp4,test
pi2WpXIFSN8_1,spot price,8.0,commerce,CISLR_v1.5-a_videos/pi2WpXIFSN8_1.mp4,prototype
pi57mKwYBNQ,make,4.0,action,CISLR_v1.5-a_videos/pi57mKwYBNQ.mp4,test
pjwWOqfb8JQ_1,practise,7.0,action,CISLR_v1.5-a_videos/pjwWOqfb8JQ_1.mp4,test
pkfSN1ufC0c_1,appointment,10.0,action,CISLR_v1.5-a_videos/pkfSN1ufC0c_1.mp4,test
pl4fBwS1VKA,raipur,4.0,geography,CISLR_v1.5-a_videos/pl4fBwS1VKA.mp4,prototype
pmZTgjnADhQ,peon,6.0,profession,CISLR_v1.5-a_videos/pmZTgjnADhQ.mp4,test
poWZ8sd_wfk_1,grass,6.0,flora and fauna,CISLR_v1.5-a_videos/poWZ8sd_wfk_1.mp4,test
pobP84igDt4,fresh,4.0,quality,CISLR_v1.5-a_videos/pobP84igDt4.mp4,test
podfgBVY9ak,wife,5.0,relation,CISLR_v1.5-a_videos/podfgBVY9ak.mp4,test
pp-VaOe9Aek_1,day book,10.0,banking,CISLR_v1.5-a_videos/pp-VaOe9Aek_1.mp4,prototype
pqdymDbWmpM_1,stingy,7.0,attribute,CISLR_v1.5-a_videos/pqdymDbWmpM_1.mp4,prototype
pr_5nYeLFKc_2,bio energy,8.0,biology,CISLR_v1.5-a_videos/pr_5nYeLFKc_2.mp4,prototype
prb13TWFfLY,rationale,4.0,abstract,CISLR_v1.5-a_videos/prb13TWFfLY.mp4,prototype
prejlBZJFWo,typist,5.0,profession,CISLR_v1.5-a_videos/prejlBZJFWo.mp4,test
przV2cLTG_4,conference,5.0,group,CISLR_v1.5-a_videos/przV2cLTG_4.mp4,test
ptxxnMh-dvg,ms powerpoint,5.0,computer,CISLR_v1.5-a_videos/ptxxnMh-dvg.mp4,prototype
pu9ff2Xvfy4,dhobi,7.0,profession,CISLR_v1.5-a_videos/pu9ff2Xvfy4.mp4,test
puQHunAHML8,advantage,3.0,metric,CISLR_v1.5-a_videos/puQHunAHML8.mp4,prototype
pvCPTa5YUSQ,united states of america,4.0,geography,CISLR_v1.5-a_videos/pvCPTa5YUSQ.mp4,prototype
pwGHjBM_o0A,zero,4.0,quantity,CISLR_v1.5-a_videos/pwGHjBM_o0A.mp4,prototype
pwh-LfRLloM_1,feel,6.0,sensation,CISLR_v1.5-a_videos/pwh-LfRLloM_1.mp4,test
pwmFabvAS3k,before,4.0,spatial position,CISLR_v1.5-a_videos/pwmFabvAS3k.mp4,test
pxDoKJd--Wk_1,drawer,9.0,construction,CISLR_v1.5-a_videos/pxDoKJd--Wk_1.mp4,test
pxP6gH5pazw,beautiful,5.0,attribute,CISLR_v1.5-a_videos/pxP6gH5pazw.mp4,test
pxQQZrTl_S0_1,turnout,8.0,banking,CISLR_v1.5-a_videos/pxQQZrTl_S0_1.mp4,prototype
pxjiTt5uiQo,twin,4.0,biology,CISLR_v1.5-a_videos/pxjiTt5uiQo.mp4,test
pxlwsuM4GeY_1,them,5.0,relation,CISLR_v1.5-a_videos/pxlwsuM4GeY_1.mp4,prototype
pyrA60I4x5k,washroom,5.0,construction,CISLR_v1.5-a_videos/pyrA60I4x5k.mp4,prototype
pyuu4e4fioE_1,on probation,9.0,legal,CISLR_v1.5-a_videos/pyuu4e4fioE_1.mp4,prototype
pz-WdE_67TE,assailant,12.0,abstract,CISLR_v1.5-a_videos/pz-WdE_67TE.mp4,prototype
q0FzWxQ3D8k_1,rock,7.0,miscellaneous object,CISLR_v1.5-a_videos/q0FzWxQ3D8k_1.mp4,test
q0NQtFrQljs,take hours at something,5.0,action,CISLR_v1.5-a_videos/q0NQtFrQljs.mp4,prototype
q0tH9vIYWNU,poison,6.0,medical,CISLR_v1.5-a_videos/q0tH9vIYWNU.mp4,test
q2wNudHNr3Q,open belt drive,10.0,machine,CISLR_v1.5-a_videos/q2wNudHNr3Q.mp4,prototype
q3r_Y_arWCY_1,sentence,6.0,language,CISLR_v1.5-a_videos/q3r_Y_arWCY_1.mp4,test
q4UZa51yFUA_1,sister,11.0,relation,CISLR_v1.5-a_videos/q4UZa51yFUA_1.mp4,test
q4cpBqay1qI_1,advantage,9.0,metric,CISLR_v1.5-a_videos/q4cpBqay1qI_1.mp4,test
q5h35OmM1Zc_1,share preference,9.0,banking,CISLR_v1.5-a_videos/q5h35OmM1Zc_1.mp4,prototype
q6RWNvLf2kA,thunder,7.0,weather,CISLR_v1.5-a_videos/q6RWNvLf2kA.mp4,prototype
q79Rs300DoY_1,doll,6.0,miscellaneous object,CISLR_v1.5-a_videos/q79Rs300DoY_1.mp4,prototype
q8GJtbifW80_2,escape,9.0,action,CISLR_v1.5-a_videos/q8GJtbifW80_2.mp4,test
q8YYLFkGEwI_1,trade discount,9.0,commerce,CISLR_v1.5-a_videos/q8YYLFkGEwI_1.mp4,prototype
q8nqvTW4ZBE,deep rooted,13.0,emotion,CISLR_v1.5-a_videos/q8nqvTW4ZBE.mp4,prototype
q97fAwh2-aM,rate,5.0,banking,CISLR_v1.5-a_videos/q97fAwh2-aM.mp4,test
qB4HOTYT1VA,exotic sheep,15.0,flora and fauna,CISLR_v1.5-a_videos/qB4HOTYT1VA.mp4,prototype
qBNL8tfKk_8_1,her,6.0,language,CISLR_v1.5-a_videos/qBNL8tfKk_8_1.mp4,prototype
qBsdlxgyHU4_1,cunning,6.0,behavior,CISLR_v1.5-a_videos/qBsdlxgyHU4_1.mp4,prototype
qCoHkpGP5CA,uruguay,4.0,geography,CISLR_v1.5-a_videos/qCoHkpGP5CA.mp4,prototype
qFOJk1w7PIs_1,visitor,5.0,human,CISLR_v1.5-a_videos/qFOJk1w7PIs_1.mp4,prototype
qFfaDK70Jvc,decide,4.0,action,CISLR_v1.5-a_videos/qFfaDK70Jvc.mp4,test
qGXvLJud7iE_2,hexadecimal,10.0,metric,CISLR_v1.5-a_videos/qGXvLJud7iE_2.mp4,prototype
qIEr10Hg_Hw_1,bad,7.0,quality,CISLR_v1.5-a_videos/qIEr10Hg_Hw_1.mp4,test
qIRaIAMh3Nk_1,peas,7.0,foods and drinks,CISLR_v1.5-a_videos/qIRaIAMh3Nk_1.mp4,test
qIYgR-Dvb6I_1,bullock cart,6.0,transport,CISLR_v1.5-a_videos/qIYgR-Dvb6I_1.mp4,prototype
qI_HL9U9_UE,adoptive child,7.0,relation,CISLR_v1.5-a_videos/qI_HL9U9_UE.mp4,prototype
qJ25qL-gfX8,ways,3.0,process,CISLR_v1.5-a_videos/qJ25qL-gfX8.mp4,prototype
qKEIXeVwCB4_1,west bengal,7.0,geography,CISLR_v1.5-a_videos/qKEIXeVwCB4_1.mp4,test
qL6nqL53Z0g,autocracy,7.0,authority,CISLR_v1.5-a_videos/qL6nqL53Z0g.mp4,test
qLAU7iI1Cfs,developmental delay,10.0,legal,CISLR_v1.5-a_videos/qLAU7iI1Cfs.mp4,prototype
qMD3sfogugU,unemployed,4.0,comparator,CISLR_v1.5-a_videos/qMD3sfogugU.mp4,test
qMDStZsjwX0,velcro,8.0,wearable,CISLR_v1.5-a_videos/qMDStZsjwX0.mp4,prototype
qMGPlkkXdek_1,angry,6.0,emotion,CISLR_v1.5-a_videos/qMGPlkkXdek_1.mp4,test
qNUrBAQsL5s_1,working hours,7.0,time,CISLR_v1.5-a_videos/qNUrBAQsL5s_1.mp4,prototype
qNWz7DPyrnU,select,4.0,action,CISLR_v1.5-a_videos/qNWz7DPyrnU.mp4,test
qN_4AbN4yS8_1,plug,6.0,electronic and electrical,CISLR_v1.5-a_videos/qN_4AbN4yS8_1.mp4,prototype
qP3z3jT3ENc,blurring,14.0,action,CISLR_v1.5-a_videos/qP3z3jT3ENc.mp4,prototype
qR9b5ntUm50,non infectious disease,14.0,biology,CISLR_v1.5-a_videos/qR9b5ntUm50.mp4,prototype
qRqxwR1617A,attendance record,12.0,readable,CISLR_v1.5-a_videos/qRqxwR1617A.mp4,prototype
qSD4IBK27Zg,toenail,6.0,biology,CISLR_v1.5-a_videos/qSD4IBK27Zg.mp4,prototype
qSuPoYq-8lc,smallpox,5.0,medical,CISLR_v1.5-a_videos/qSuPoYq-8lc.mp4,prototype
qTKpCqiDQZI,tata car,5.0,transport,CISLR_v1.5-a_videos/qTKpCqiDQZI.mp4,prototype
qTqWjy6FgNE_1,white,8.0,abstract,CISLR_v1.5-a_videos/qTqWjy6FgNE_1.mp4,test
qUIXw4OObjQ_1,curry,6.0,foods and drinks,CISLR_v1.5-a_videos/qUIXw4OObjQ_1.mp4,prototype
qW80XrM1yWQ,mall,4.0,geography,CISLR_v1.5-a_videos/qW80XrM1yWQ.mp4,prototype
qWzBMXkJ-DM,nomographer,13.0,legal,CISLR_v1.5-a_videos/qWzBMXkJ-DM.mp4,prototype
qXPZr651bTY_1,talk,11.0,action,CISLR_v1.5-a_videos/qXPZr651bTY_1.mp4,prototype
qXV1KRvMA-Y,approve,3.0,action,CISLR_v1.5-a_videos/qXV1KRvMA-Y.mp4,prototype
qYk4iw7qgmc,affirm,4.0,action,CISLR_v1.5-a_videos/qYk4iw7qgmc.mp4,prototype
q_0AgxMXZkU_1,area,11.0,geography,CISLR_v1.5-a_videos/q_0AgxMXZkU_1.mp4,test
q_HxcWofEZU,allergy,5.0,medical,CISLR_v1.5-a_videos/q_HxcWofEZU.mp4,test
qa59arBbolM_1,retum outward,10.0,action,CISLR_v1.5-a_videos/qa59arBbolM_1.mp4,prototype
qbITjeyEq14,national anthem,5.0,sound,CISLR_v1.5-a_videos/qbITjeyEq14.mp4,test
qbqRDmqdD3o_1,sell,6.0,action,CISLR_v1.5-a_videos/qbqRDmqdD3o_1.mp4,prototype
qfxkW7YYQTU,abrasive,14.0,substance,CISLR_v1.5-a_videos/qfxkW7YYQTU.mp4,prototype
qgH8zxbIQr4_1,banaras,6.0,geography,CISLR_v1.5-a_videos/qgH8zxbIQr4_1.mp4,prototype
qh52MLe84Fw_1,acceptance,10.0,abstract,CISLR_v1.5-a_videos/qh52MLe84Fw_1.mp4,prototype
qhy4d9BzMIw_1,stamp,6.0,utility item,CISLR_v1.5-a_videos/qhy4d9BzMIw_1.mp4,prototype
qiK-4WwmTNg,island,7.0,geography,CISLR_v1.5-a_videos/qiK-4WwmTNg.mp4,test
qiTht8WDOvI_1,lick,7.0,action,CISLR_v1.5-a_videos/qiTht8WDOvI_1.mp4,prototype
qjRRaPtsqf4,know your customer kyc form,8.0,action,CISLR_v1.5-a_videos/qjRRaPtsqf4.mp4,prototype
qjgThWSsOVk_1,monday,6.0,time,CISLR_v1.5-a_videos/qjgThWSsOVk_1.mp4,test
qjlkVQxsQJg_1,disabled,10.0,biology,CISLR_v1.5-a_videos/qjlkVQxsQJg_1.mp4,prototype
qjnZDMjWiuk,weight,6.0,abstract,CISLR_v1.5-a_videos/qjnZDMjWiuk.mp4,test
qkl0Ad2_chc_1,ant,6.0,flora and fauna,CISLR_v1.5-a_videos/qkl0Ad2_chc_1.mp4,test
qksJ3uwtD1o_1,employment,10.0,banking,CISLR_v1.5-a_videos/qksJ3uwtD1o_1.mp4,prototype
qkzrIpdfelI_2,uitrasonic,10.0,physics,CISLR_v1.5-a_videos/qkzrIpdfelI_2.mp4,prototype
qlTFEkGXr7Q_1,anklets,7.0,wearable,CISLR_v1.5-a_videos/qlTFEkGXr7Q_1.mp4,test
qm7nogtX_GY,zip,4.0,utility item,CISLR_v1.5-a_videos/qm7nogtX_GY.mp4,test
qmOaTqw3WQY,projector,4.0,instrument,CISLR_v1.5-a_videos/qmOaTqw3WQY.mp4,test
qnlNXXR-M7c_2,kinetic energy,11.0,physics,CISLR_v1.5-a_videos/qnlNXXR-M7c_2.mp4,prototype
qoGtYKREfLY,maha shivaratri,5.0,event,CISLR_v1.5-a_videos/qoGtYKREfLY.mp4,test
qoMWB2o9jfE,hair dryer,6.0,utility item,CISLR_v1.5-a_videos/qoMWB2o9jfE.mp4,test
qoU45G2WmsE,wear,4.0,action,CISLR_v1.5-a_videos/qoU45G2WmsE.mp4,test
qouHxEWVK2w_2,generator,10.0,electronic and electrical,CISLR_v1.5-a_videos/qouHxEWVK2w_2.mp4,test
qp4Sw-QAMD4,permit,4.0,action,CISLR_v1.5-a_videos/qp4Sw-QAMD4.mp4,prototype
qpNvq1zrIuc,transparent,6.0,attribute,CISLR_v1.5-a_videos/qpNvq1zrIuc.mp4,test
qpeSv7MX-z0_1,pass,7.0,abstract,CISLR_v1.5-a_videos/qpeSv7MX-z0_1.mp4,test
qpynNeUIkM4,waiting room,9.0,construction,CISLR_v1.5-a_videos/qpynNeUIkM4.mp4,prototype
qr6GWRK8STs_1,information,6.0,legal,CISLR_v1.5-a_videos/qr6GWRK8STs_1.mp4,test
qrAKx_t3qYk,low lying area,10.0,geography,CISLR_v1.5-a_videos/qrAKx_t3qYk.mp4,prototype
qrQAkUxy0KE_2,rotational,8.0,physics,CISLR_v1.5-a_videos/qrQAkUxy0KE_2.mp4,prototype
qriQ0SvqUq0,volcano,6.0,geography,CISLR_v1.5-a_videos/qriQ0SvqUq0.mp4,test
qrkzRim1Qc0,past,3.0,time,CISLR_v1.5-a_videos/qrkzRim1Qc0.mp4,prototype
qsLUWtIB5eM_1,burglar,9.0,human,CISLR_v1.5-a_videos/qsLUWtIB5eM_1.mp4,prototype
qtblK4nxVok_1,their,6.0,relation,CISLR_v1.5-a_videos/qtblK4nxVok_1.mp4,prototype
qtmO-0Fsjz8_1,mute,7.0,sound,CISLR_v1.5-a_videos/qtmO-0Fsjz8_1.mp4,prototype
qu0RevE96ac,remove,4.0,action,CISLR_v1.5-a_videos/qu0RevE96ac.mp4,test
qvpipwu40zk_1,moon,9.0,astronomical,CISLR_v1.5-a_videos/qvpipwu40zk_1.mp4,prototype
qw9d-nRDzKM_1,tuesday,5.0,time,CISLR_v1.5-a_videos/qw9d-nRDzKM_1.mp4,test
qweRHfBQxEg,pista,8.0,foods and drinks,CISLR_v1.5-a_videos/qweRHfBQxEg.mp4,prototype
r-FVBdwV9VI,indent,13.0,attribute,CISLR_v1.5-a_videos/r-FVBdwV9VI.mp4,prototype
r-HB7BtP1JM_2,neptune,10.0,astronomical,CISLR_v1.5-a_videos/r-HB7BtP1JM_2.mp4,prototype
r-Og6CaFJUA,metro,4.0,transport,CISLR_v1.5-a_videos/r-Og6CaFJUA.mp4,prototype
r15J1z-vQIM,rabindranath tagore,6.0,human,CISLR_v1.5-a_videos/r15J1z-vQIM.mp4,prototype
r2UtCMULRmI_2,import,7.0,transport,CISLR_v1.5-a_videos/r2UtCMULRmI_2.mp4,prototype
r2cxiOVBhpE_1,belief,7.0,abstract,CISLR_v1.5-a_videos/r2cxiOVBhpE_1.mp4,test
r2tTgaCMDWo_1,handicapped,7.0,biology,CISLR_v1.5-a_videos/r2tTgaCMDWo_1.mp4,prototype
r3EgB2AGF3s_1,yellow,10.0,attribute,CISLR_v1.5-a_videos/r3EgB2AGF3s_1.mp4,test
r3H0vo7q6qY,myself,4.0,language,CISLR_v1.5-a_videos/r3H0vo7q6qY.mp4,prototype
r3HsR87-sN8,blame,4.0,action,CISLR_v1.5-a_videos/r3HsR87-sN8.mp4,prototype
r3MqV1WicvY_1,regularisation,7.0,math,CISLR_v1.5-a_videos/r3MqV1WicvY_1.mp4,prototype
r3XLYw0EMlg_1,third party,9.0,comparator,CISLR_v1.5-a_videos/r3XLYw0EMlg_1.mp4,prototype
r4n7uVq_LzU,ladder,5.0,transport,CISLR_v1.5-a_videos/r4n7uVq_LzU.mp4,test
r4sVEIO1jZE_1,pour,5.0,action,CISLR_v1.5-a_videos/r4sVEIO1jZE_1.mp4,prototype
r5N3Xy-KNAU,music,4.0,sound,CISLR_v1.5-a_videos/r5N3Xy-KNAU.mp4,test
r607N-5gkHs,iron,4.0,metal and minerals,CISLR_v1.5-a_videos/r607N-5gkHs.mp4,test
r644w1okl48_1,mile,7.0,metric,CISLR_v1.5-a_videos/r644w1okl48_1.mp4,test
r777eDg0fX0_1,ram,5.0,religious,CISLR_v1.5-a_videos/r777eDg0fX0_1.mp4,prototype
r7Po-epk8iY,head pan,4.0,utility item,CISLR_v1.5-a_videos/r7Po-epk8iY.mp4,prototype
r7T0UqigDqg,fish food,10.0,foods and drinks,CISLR_v1.5-a_videos/r7T0UqigDqg.mp4,prototype
r7VLa40tjvM,area,4.0,geography,CISLR_v1.5-a_videos/r7VLa40tjvM.mp4,test
r8-q53AmmMg,extinct,4.0,biology,CISLR_v1.5-a_videos/r8-q53AmmMg.mp4,test
r83lka7D8KM_2,filament,11.0,substance,CISLR_v1.5-a_videos/r83lka7D8KM_2.mp4,prototype
r8ySf1Ql93Q_1,ask,7.0,action,CISLR_v1.5-a_videos/r8ySf1Ql93Q_1.mp4,test
r99WfHTRr2A,think,4.0,action,CISLR_v1.5-a_videos/r99WfHTRr2A.mp4,test
r9DiSHym81k,tired,5.0,sensation,CISLR_v1.5-a_videos/r9DiSHym81k.mp4,test
r9JwYFol1EM_1,story,7.0,readable,CISLR_v1.5-a_videos/r9JwYFol1EM_1.mp4,prototype
r9Lc4qHj-cg_1,overdraft,8.0,banking,CISLR_v1.5-a_videos/r9Lc4qHj-cg_1.mp4,prototype
r9QQ0jQ64IQ_1,dog,6.0,flora and fauna,CISLR_v1.5-a_videos/r9QQ0jQ64IQ_1.mp4,test
r9XwyFRQsqY,saprophyte of plants,13.0,flora and fauna,CISLR_v1.5-a_videos/r9XwyFRQsqY.mp4,prototype
rAUcd8-2e3Y,temple,4.0,religious,CISLR_v1.5-a_videos/rAUcd8-2e3Y.mp4,test
rBD74wqvKeI_1,chalk,6.0,utility item,CISLR_v1.5-a_videos/rBD74wqvKeI_1.mp4,test
rBPJARGhPNg,poultry mash,7.0,flora and fauna,CISLR_v1.5-a_videos/rBPJARGhPNg.mp4,prototype
rBRJw6gUMHM_1,circle,10.0,math,CISLR_v1.5-a_videos/rBRJw6gUMHM_1.mp4,test
rBi-dpJFZuA,prize,4.0,miscellaneous object,CISLR_v1.5-a_videos/rBi-dpJFZuA.mp4,prototype
rC5QdAVnv0I,paratha,5.0,foods and drinks,CISLR_v1.5-a_videos/rC5QdAVnv0I.mp4,prototype
rCfYRtWfYVA,wine,4.0,foods and drinks,CISLR_v1.5-a_videos/rCfYRtWfYVA.mp4,test
rD5-gbf9Gzg,steam tractor,15.0,transport,CISLR_v1.5-a_videos/rD5-gbf9Gzg.mp4,prototype
rD5QxDhHIxw_1,saw,6.0,instrument,CISLR_v1.5-a_videos/rD5QxDhHIxw_1.mp4,prototype
rEBOoE50Ghw_1,under consideration,7.0,legal,CISLR_v1.5-a_videos/rEBOoE50Ghw_1.mp4,prototype
rEtGA49vlaU,brain stem glioma,12.0,medical,CISLR_v1.5-a_videos/rEtGA49vlaU.mp4,prototype
rFC_zjBmNw8_1,statistics,10.0,math,CISLR_v1.5-a_videos/rFC_zjBmNw8_1.mp4,test
rFFoZPPKsC8,streaming,15.0,action,CISLR_v1.5-a_videos/rFFoZPPKsC8.mp4,prototype
rFkWotSdjdk,ms word,10.0,computer,CISLR_v1.5-a_videos/rFkWotSdjdk.mp4,prototype
rFlXpH9WCf8_1,expiry,9.0,banking,CISLR_v1.5-a_videos/rFlXpH9WCf8_1.mp4,test
rGn67Xxthrk_1,lemon,7.0,foods and drinks,CISLR_v1.5-a_videos/rGn67Xxthrk_1.mp4,test
rGwK-HsdDk0_1,leaf,6.0,flora and fauna,CISLR_v1.5-a_videos/rGwK-HsdDk0_1.mp4,test
rJOGOpWkH6U_1,socks,7.0,wearable,CISLR_v1.5-a_videos/rJOGOpWkH6U_1.mp4,test
rJVe-aaYlKw_2,north pole,13.0,geography,CISLR_v1.5-a_videos/rJVe-aaYlKw_2.mp4,test
rJbc69qxPDA,colour,3.0,colour,CISLR_v1.5-a_videos/rJbc69qxPDA.mp4,test
rJjNfXvVaaY_2,accurate,6.0,metric,CISLR_v1.5-a_videos/rJjNfXvVaaY_2.mp4,prototype
rK412FrGOxY,network,4.0,internet,CISLR_v1.5-a_videos/rK412FrGOxY.mp4,test
rKDZTG2rFPs,capital,4.0,legal,CISLR_v1.5-a_videos/rKDZTG2rFPs.mp4,test
rKzMbfGElSE_1,straight forward,8.0,attribute,CISLR_v1.5-a_videos/rKzMbfGElSE_1.mp4,prototype
rLgfWU1DpbY_1,day after,6.0,time,CISLR_v1.5-a_videos/rLgfWU1DpbY_1.mp4,test
rN9rKeJZmqI,ranchi,4.0,geography,CISLR_v1.5-a_videos/rN9rKeJZmqI.mp4,prototype
rNvWUflStQQ,retire,4.0,action,CISLR_v1.5-a_videos/rNvWUflStQQ.mp4,test
rNyD10XoXcU_2,centimetre,10.0,metric,CISLR_v1.5-a_videos/rNyD10XoXcU_2.mp4,prototype
rOZhirQPdr4,tool belt,13.0,wearable,CISLR_v1.5-a_videos/rOZhirQPdr4.mp4,prototype
rOcFkQzLhLQ_1,brother,11.0,relation,CISLR_v1.5-a_videos/rOcFkQzLhLQ_1.mp4,test
rOjimhh-dqE_1,amalgamation,8.0,commerce,CISLR_v1.5-a_videos/rOjimhh-dqE_1.mp4,prototype
rOonVQYaM-A_1,passive debt,10.0,banking,CISLR_v1.5-a_videos/rOonVQYaM-A_1.mp4,prototype
rP-VqYz6Lyk_1,account holder,13.0,banking,CISLR_v1.5-a_videos/rP-VqYz6Lyk_1.mp4,prototype
rQ4mnndh8wk_1,beautiful,7.0,attribute,CISLR_v1.5-a_videos/rQ4mnndh8wk_1.mp4,test
rQkxqEgXEYQ,include,5.0,action,CISLR_v1.5-a_videos/rQkxqEgXEYQ.mp4,prototype
rRVnNmQOR-I,calendar,5.0,time,CISLR_v1.5-a_videos/rRVnNmQOR-I.mp4,test
rSeg8yH3Lgg_1,task wage,11.0,legal,CISLR_v1.5-a_videos/rSeg8yH3Lgg_1.mp4,prototype
rU5LeIE7tmM_1,leprosy,6.0,biology,CISLR_v1.5-a_videos/rU5LeIE7tmM_1.mp4,test
rUXhFDo3Bv0,smart,5.0,attribute,CISLR_v1.5-a_videos/rUXhFDo3Bv0.mp4,prototype
rUZD2TQcbvI,knurling,7.0,process,CISLR_v1.5-a_videos/rUZD2TQcbvI.mp4,prototype
rVBNDX51--w,stock chart,14.0,banking,CISLR_v1.5-a_videos/rVBNDX51--w.mp4,prototype
rVEOXcTj1NU,evil,4.0,quality,CISLR_v1.5-a_videos/rVEOXcTj1NU.mp4,prototype
rW8bfuuzfgI,next week,4.0,time,CISLR_v1.5-a_videos/rW8bfuuzfgI.mp4,prototype
rWCFmpbmMPw_1,schematic,11.0,attribute,CISLR_v1.5-a_videos/rWCFmpbmMPw_1.mp4,prototype
rWM6kOxTTIo,social,5.0,behavior,CISLR_v1.5-a_videos/rWM6kOxTTIo.mp4,test
rY6VvljDcc0,scratch,5.0,action,CISLR_v1.5-a_videos/rY6VvljDcc0.mp4,test
rYTt2LuzVhw_1,man,10.0,human,CISLR_v1.5-a_videos/rYTt2LuzVhw_1.mp4,test
rYwhWesDH9k_1,cone,9.0,miscellaneous object,CISLR_v1.5-a_videos/rYwhWesDH9k_1.mp4,test
rZnNOW47uNk_1,trustworthiness,7.0,attribute,CISLR_v1.5-a_videos/rZnNOW47uNk_1.mp4,prototype
r_tsg9162uc_1,dishonoured bill,9.0,banking,CISLR_v1.5-a_videos/r_tsg9162uc_1.mp4,prototype
r_xF77i3RGw,victory,4.0,event,CISLR_v1.5-a_videos/r_xF77i3RGw.mp4,test
raF-yOcZpkk,shaving blade,4.0,utility item,CISLR_v1.5-a_videos/raF-yOcZpkk.mp4,prototype
rayOhAZhd2k,night,3.0,time,CISLR_v1.5-a_videos/rayOhAZhd2k.mp4,test
rbXizQI1XOM,shrubs,14.0,flora and fauna,CISLR_v1.5-a_videos/rbXizQI1XOM.mp4,prototype
rbdcr9AQtrE_1,discretionary limit,10.0,banking,CISLR_v1.5-a_videos/rbdcr9AQtrE_1.mp4,prototype
rbu6XJFG-uI,livelihood,4.0,abstract,CISLR_v1.5-a_videos/rbu6XJFG-uI.mp4,test
rbw7n0D0KGE_1,comb,8.0,utility item,CISLR_v1.5-a_videos/rbw7n0D0KGE_1.mp4,test
rc7GRaEyQHQ,washing machine,5.0,electronic and electrical,CISLR_v1.5-a_videos/rc7GRaEyQHQ.mp4,prototype
rd2t-M0o7Ds_1,crayons,11.0,utility item,CISLR_v1.5-a_videos/rd2t-M0o7Ds_1.mp4,test
rdW1Snzd9cs,deceive,6.0,action,CISLR_v1.5-a_videos/rdW1Snzd9cs.mp4,prototype
rduuYRHkDtw_2,second,9.0,math,CISLR_v1.5-a_videos/rduuYRHkDtw_2.mp4,test
rfTcUTbx4ZU,housing,10.0,banking,CISLR_v1.5-a_videos/rfTcUTbx4ZU.mp4,prototype
rgk8cmr4El4_1,tongue,7.0,biology,CISLR_v1.5-a_videos/rgk8cmr4El4_1.mp4,test
rhbOs1NZYRM,stags,13.0,flora and fauna,CISLR_v1.5-a_videos/rhbOs1NZYRM.mp4,prototype
ri8j2L0zG9c,bolt,12.0,instrument,CISLR_v1.5-a_videos/ri8j2L0zG9c.mp4,test
rihHzABTIPg,drawer,5.0,construction,CISLR_v1.5-a_videos/rihHzABTIPg.mp4,test
rj0GN2scIsU,under,4.0,spatial position,CISLR_v1.5-a_videos/rj0GN2scIsU.mp4,prototype
rjAoqYLMHrI_1,verdict,7.0,legal,CISLR_v1.5-a_videos/rjAoqYLMHrI_1.mp4,prototype
rjZmgbqdoRQ,assassination,15.0,event,CISLR_v1.5-a_videos/rjZmgbqdoRQ.mp4,prototype
rlMareW0lTU,projector,4.0,instrument,CISLR_v1.5-a_videos/rlMareW0lTU.mp4,test
rmgyo8yyqfo,ticket,5.0,miscellaneous object,CISLR_v1.5-a_videos/rmgyo8yyqfo.mp4,prototype
rn-sFXA7utE,sandwich,7.0,foods and drinks,CISLR_v1.5-a_videos/rn-sFXA7utE.mp4,test
rn4NJPtL1m8,up,3.0,spatial position,CISLR_v1.5-a_videos/rn4NJPtL1m8.mp4,test
rnK5ck1th4Q_2,lens,8.0,physics,CISLR_v1.5-a_videos/rnK5ck1th4Q_2.mp4,prototype
rpMNq0nFlUQ,approve,3.0,action,CISLR_v1.5-a_videos/rpMNq0nFlUQ.mp4,test
rrgx0TM2nfc_1,enquiry,8.0,banking,CISLR_v1.5-a_videos/rrgx0TM2nfc_1.mp4,prototype
rrjpij1UdL0,condom,4.0,substance,CISLR_v1.5-a_videos/rrjpij1UdL0.mp4,prototype
rrqJccrO4vo_1,admissible,10.0,quality,CISLR_v1.5-a_videos/rrqJccrO4vo_1.mp4,prototype
rs7TTTwmbBo_1,grain,6.0,foods and drinks,CISLR_v1.5-a_videos/rs7TTTwmbBo_1.mp4,prototype
rsDIotNeFsM_1,spoon,6.0,utility item,CISLR_v1.5-a_videos/rsDIotNeFsM_1.mp4,test
rsKBWd7j4n4_1,rose,7.0,flora and fauna,CISLR_v1.5-a_videos/rsKBWd7j4n4_1.mp4,test
rskg3zep4Gs,mahavir,4.0,behavior,CISLR_v1.5-a_videos/rskg3zep4Gs.mp4,prototype
rt9BRaQYqkg,sleepwalker,14.0,human,CISLR_v1.5-a_videos/rt9BRaQYqkg.mp4,prototype
ru9ZDRu566k,frisbee,6.0,sport,CISLR_v1.5-a_videos/ru9ZDRu566k.mp4,prototype
ruGnpxVL54k_1,right,6.0,spatial position,CISLR_v1.5-a_videos/ruGnpxVL54k_1.mp4,test
ruOCbes6zaM,minute,12.0,time,CISLR_v1.5-a_videos/ruOCbes6zaM.mp4,test
rufhjKU3UII,chandigarh,4.0,geography,CISLR_v1.5-a_videos/rufhjKU3UII.mp4,test
runWN1EzmEE,wall,5.0,construction,CISLR_v1.5-a_videos/runWN1EzmEE.mp4,prototype
rvAlXnalbqU_1,advise,5.0,action,CISLR_v1.5-a_videos/rvAlXnalbqU_1.mp4,prototype
rvOBl50SewA_1,estimate,7.0,banking,CISLR_v1.5-a_videos/rvOBl50SewA_1.mp4,prototype
rvZ_e5KC2Mw_1,meter,7.0,metal and minerals,CISLR_v1.5-a_videos/rvZ_e5KC2Mw_1.mp4,prototype
rvjY9vlX_H4,afternoon,4.0,time,CISLR_v1.5-a_videos/rvjY9vlX_H4.mp4,test
rwhRNPCPp34,nut,8.0,instrument,CISLR_v1.5-a_videos/rwhRNPCPp34.mp4,test
rwocxlQmNvM_1,brokerage,11.0,banking,CISLR_v1.5-a_videos/rwocxlQmNvM_1.mp4,prototype
rxLiUBQv4s4,schedule,7.0,time,CISLR_v1.5-a_videos/rxLiUBQv4s4.mp4,prototype
rxS-0_0rVV4_1,wholesale,9.0,group,CISLR_v1.5-a_videos/rxS-0_0rVV4_1.mp4,prototype
rxzyWCTxCbg_1,advertisement,7.0,internet,CISLR_v1.5-a_videos/rxzyWCTxCbg_1.mp4,test
rzVyqTff8MY_1,carry,6.0,action,CISLR_v1.5-a_videos/rzVyqTff8MY_1.mp4,prototype
rzY50tnGKNg,opportunity,4.0,abstract,CISLR_v1.5-a_videos/rzY50tnGKNg.mp4,prototype
rztToJBqL3k_1,wednesday,6.0,time,CISLR_v1.5-a_videos/rztToJBqL3k_1.mp4,test
s-570A5kLxo,goat,7.0,flora and fauna,CISLR_v1.5-a_videos/s-570A5kLxo.mp4,test
s09swjiVGok,brain injury,4.0,medical,CISLR_v1.5-a_videos/s09swjiVGok.mp4,prototype
s0HIntkDTew_1,lake,10.0,geography,CISLR_v1.5-a_videos/s0HIntkDTew_1.mp4,test
s0WQZn1xjxo_1,tail,6.0,attribute,CISLR_v1.5-a_videos/s0WQZn1xjxo_1.mp4,test
s13W7g7VnJ8_1,examine,6.0,action,CISLR_v1.5-a_videos/s13W7g7VnJ8_1.mp4,prototype
s1K-Mqzy9Bo,boil,14.0,action,CISLR_v1.5-a_videos/s1K-Mqzy9Bo.mp4,test
s1tq1t4LDuM,confidence,5.0,emotion,CISLR_v1.5-a_videos/s1tq1t4LDuM.mp4,prototype
s3tJWRZegCw,sudden,3.0,behavior,CISLR_v1.5-a_videos/s3tJWRZegCw.mp4,prototype
s4ez79CSE58,sudan,3.0,geography,CISLR_v1.5-a_videos/s4ez79CSE58.mp4,prototype
s57mcqROvtA,capital,4.0,banking,CISLR_v1.5-a_videos/s57mcqROvtA.mp4,test
s5AMrNjoP0Q,boxing,3.0,sport,CISLR_v1.5-a_videos/s5AMrNjoP0Q.mp4,test
s5cimY-et2g,price,4.0,banking,CISLR_v1.5-a_videos/s5cimY-et2g.mp4,test
s5kbd2DCqpk,bsp,4.0,politics,CISLR_v1.5-a_videos/s5kbd2DCqpk.mp4,prototype
s5mQsATayMM,approach,5.0,spatial position,CISLR_v1.5-a_videos/s5mQsATayMM.mp4,prototype
s67I8VUigAU,monkey,4.0,flora and fauna,CISLR_v1.5-a_videos/s67I8VUigAU.mp4,test
s6C3AecUXiY_1,fry,5.0,action,CISLR_v1.5-a_videos/s6C3AecUXiY_1.mp4,prototype
s7LkPeqby9A,viral diseases animals,13.0,medical,CISLR_v1.5-a_videos/s7LkPeqby9A.mp4,prototype
s7Rg0qiQ1Fs,tongue,4.0,biology,CISLR_v1.5-a_videos/s7Rg0qiQ1Fs.mp4,test
s7U2zrpRFD0,welder,4.0,profession,CISLR_v1.5-a_videos/s7U2zrpRFD0.mp4,test
s8wH4rgfn20_1,cassette,7.0,sound,CISLR_v1.5-a_videos/s8wH4rgfn20_1.mp4,prototype
s91r7_fA4O4_1,bills purchased,9.0,banking,CISLR_v1.5-a_videos/s91r7_fA4O4_1.mp4,prototype
sAQO6QDpXPM_1,gurunanak jayanthi,8.0,event,CISLR_v1.5-a_videos/sAQO6QDpXPM_1.mp4,prototype
sDKms4XnnWM,luster,9.0,quality,CISLR_v1.5-a_videos/sDKms4XnnWM.mp4,prototype
sDvfKoCt0nI,rehabilitation,3.0,process,CISLR_v1.5-a_videos/sDvfKoCt0nI.mp4,test
sErgS9d1UdM,vice president,4.0,authority,CISLR_v1.5-a_videos/sErgS9d1UdM.mp4,prototype
sEu_kUiVDho_1,telugu,7.0,language,CISLR_v1.5-a_videos/sEu_kUiVDho_1.mp4,test
sFjn3cTFUT4,chhattisgarh,4.0,geography,CISLR_v1.5-a_videos/sFjn3cTFUT4.mp4,prototype
sFyFmt6-rc0,graphics,8.0,computer,CISLR_v1.5-a_videos/sFyFmt6-rc0.mp4,prototype
sGzaDUwWF18,accordion pleats,9.0,wearable,CISLR_v1.5-a_videos/sGzaDUwWF18.mp4,prototype
sHXOURRWbpg_1,rebate,6.0,banking,CISLR_v1.5-a_videos/sHXOURRWbpg_1.mp4,prototype
sIRKe3QdsJ8,reduce,6.0,action,CISLR_v1.5-a_videos/sIRKe3QdsJ8.mp4,test
sJ6Zv0fi1xM,weight,4.0,abstract,CISLR_v1.5-a_videos/sJ6Zv0fi1xM.mp4,test
sJF8p7K6dwk_2,expansion,9.0,quantity,CISLR_v1.5-a_videos/sJF8p7K6dwk_2.mp4,test
sKiDLFiFALs,abusive language,11.0,language,CISLR_v1.5-a_videos/sKiDLFiFALs.mp4,test
sLLQkt04ZiQ,drive,4.0,transport,CISLR_v1.5-a_videos/sLLQkt04ZiQ.mp4,test
sM0iALMvEmk,february,6.0,time,CISLR_v1.5-a_videos/sM0iALMvEmk.mp4,test
sMdon0OffjU,harass,4.0,emotion,CISLR_v1.5-a_videos/sMdon0OffjU.mp4,prototype
sNQ2sQ75wJ8,snip,5.0,utility item,CISLR_v1.5-a_videos/sNQ2sQ75wJ8.mp4,prototype
sNWCdBEIWa8_1,qualification,7.0,abstract,CISLR_v1.5-a_videos/sNWCdBEIWa8_1.mp4,test
sNYOD_Qd7Mw,week,3.0,time,CISLR_v1.5-a_videos/sNYOD_Qd7Mw.mp4,test
sOOzZZY-gQI,mexico,3.0,geography,CISLR_v1.5-a_videos/sOOzZZY-gQI.mp4,prototype
sORWtcK5Cl4,associate professor,5.0,profession,CISLR_v1.5-a_videos/sORWtcK5Cl4.mp4,prototype
sOSo5pep4dg_1,patna,5.0,geography,CISLR_v1.5-a_videos/sOSo5pep4dg_1.mp4,test
sOXdM996SmA_1,less,6.0,quantity,CISLR_v1.5-a_videos/sOXdM996SmA_1.mp4,prototype
sOfglCTtdsY_1,creeper,7.0,flora and fauna,CISLR_v1.5-a_videos/sOfglCTtdsY_1.mp4,prototype
sOhE4j6NGm0_1,tiger,7.0,flora and fauna,CISLR_v1.5-a_videos/sOhE4j6NGm0_1.mp4,test
sPqivRKBiNc,visual,4.0,abstract,CISLR_v1.5-a_videos/sPqivRKBiNc.mp4,prototype
sPzCUfCMJH4,april,4.0,time,CISLR_v1.5-a_videos/sPzCUfCMJH4.mp4,test
sQwcW3szYW8_2,account payee only,9.0,banking,CISLR_v1.5-a_videos/sQwcW3szYW8_2.mp4,prototype
sSvBHFI6AOk,date,5.0,time,CISLR_v1.5-a_videos/sSvBHFI6AOk.mp4,test
sT540WDiY_U,elevated plot,11.0,geography,CISLR_v1.5-a_videos/sT540WDiY_U.mp4,prototype
sTrWqNmE5HA,village,3.0,geography,CISLR_v1.5-a_videos/sTrWqNmE5HA.mp4,test
sUBUK2M2nAY_1,tamil nadu,7.0,geography,CISLR_v1.5-a_videos/sUBUK2M2nAY_1.mp4,test
sUjhP9obOxY,bike suspension,9.0,machine,CISLR_v1.5-a_videos/sUjhP9obOxY.mp4,test
sWKP1r9ykRQ,head,5.0,biology,CISLR_v1.5-a_videos/sWKP1r9ykRQ.mp4,test
sXWMPF_Enus,surface runoff,13.0,geography,CISLR_v1.5-a_videos/sXWMPF_Enus.mp4,prototype
sY360i7TkCA_1,zebra,6.0,flora and fauna,CISLR_v1.5-a_videos/sY360i7TkCA_1.mp4,test
sYoLxEMCh9E_1,demand draft,6.0,banking,CISLR_v1.5-a_videos/sYoLxEMCh9E_1.mp4,test
sZ1qra1mVEU_1,st,10.0,group,CISLR_v1.5-a_videos/sZ1qra1mVEU_1.mp4,prototype
sZKjZfzGTVg,drunk driving,5.0,legal,CISLR_v1.5-a_videos/sZKjZfzGTVg.mp4,prototype
sZXEa_h85YQ,regular,5.0,attribute,CISLR_v1.5-a_videos/sZXEa_h85YQ.mp4,test
sZYTPis34fI_1,part time,11.0,profession,CISLR_v1.5-a_videos/sZYTPis34fI_1.mp4,prototype
sZ_d3pRaDzY,storey skyscraper,5.0,construction,CISLR_v1.5-a_videos/sZ_d3pRaDzY.mp4,prototype
sZpGP0kZeqo_1,pappad,6.0,foods and drinks,CISLR_v1.5-a_videos/sZpGP0kZeqo_1.mp4,prototype
s_VX_84e7iM_1,full moon day,9.0,event,CISLR_v1.5-a_videos/s_VX_84e7iM_1.mp4,test
sbcGX30IGvI,electrode,10.0,chemistry,CISLR_v1.5-a_videos/sbcGX30IGvI.mp4,test
sblmoDlSQ7U,bold,14.0,attribute,CISLR_v1.5-a_videos/sblmoDlSQ7U.mp4,test
sbyKhp04Wdw_1,proud,6.0,attribute,CISLR_v1.5-a_videos/sbyKhp04Wdw_1.mp4,test
setzKjXP4MM_1,peacock,7.0,flora and fauna,CISLR_v1.5-a_videos/setzKjXP4MM_1.mp4,test
seuq2MSa2X0_1,lizard,6.0,flora and fauna,CISLR_v1.5-a_videos/seuq2MSa2X0_1.mp4,prototype
sfB6sqRdrFY,excavation,8.0,process,CISLR_v1.5-a_videos/sfB6sqRdrFY.mp4,prototype
sfOCOxSfs10_1,warn,7.0,action,CISLR_v1.5-a_videos/sfOCOxSfs10_1.mp4,test
sfpvbKAz4Oo,iron,5.0,metal and minerals,CISLR_v1.5-a_videos/sfpvbKAz4Oo.mp4,test
sh5goqn8bGI,question,4.0,abstract,CISLR_v1.5-a_videos/sh5goqn8bGI.mp4,test
siXvRrMuC0s,supervise,4.0,action,CISLR_v1.5-a_videos/siXvRrMuC0s.mp4,prototype
sj8kYLtXNZU,bowl,5.0,utility item,CISLR_v1.5-a_videos/sj8kYLtXNZU.mp4,test
sj9wd5B3KfQ_1,opaque,7.0,attribute,CISLR_v1.5-a_videos/sj9wd5B3KfQ_1.mp4,prototype
sjpTILsokjg_1,thursday,5.0,time,CISLR_v1.5-a_videos/sjpTILsokjg_1.mp4,test
sjpdu42KxwI,meat,5.0,foods and drinks,CISLR_v1.5-a_videos/sjpdu42KxwI.mp4,test
sjzz-U6f2E0_1,review,11.0,quality,CISLR_v1.5-a_videos/sjzz-U6f2E0_1.mp4,prototype
sklN8_APb_s,acacia fernesiana,15.0,flora and fauna,CISLR_v1.5-a_videos/sklN8_APb_s.mp4,prototype
sm67xCmbfNs_1,beverages,5.0,foods and drinks,CISLR_v1.5-a_videos/sm67xCmbfNs_1.mp4,prototype
smJOWK8guVY_1,helicopter,8.0,transport,CISLR_v1.5-a_videos/smJOWK8guVY_1.mp4,prototype
smKYyxd26GY_1,under,5.0,spatial position,CISLR_v1.5-a_videos/smKYyxd26GY_1.mp4,test
sn0j9u42p5Q,mistake,6.0,abstract,CISLR_v1.5-a_videos/sn0j9u42p5Q.mp4,test
soEw9PTY8Yw_1,bowl,6.0,utility item,CISLR_v1.5-a_videos/soEw9PTY8Yw_1.mp4,test
sp7GuSz7GRE,bauhinia accuminata,11.0,flora and fauna,CISLR_v1.5-a_videos/sp7GuSz7GRE.mp4,prototype
sq2CV6RjGtA_2,switch,8.0,electronic and electrical,CISLR_v1.5-a_videos/sq2CV6RjGtA_2.mp4,test
src6zFQawX0_1,leaf,6.0,flora and fauna,CISLR_v1.5-a_videos/src6zFQawX0_1.mp4,test
su2McEzbxzg_2,magnification,8.0,physics,CISLR_v1.5-a_videos/su2McEzbxzg_2.mp4,prototype
suvKXxPyaWM_1,promise,6.0,action,CISLR_v1.5-a_videos/suvKXxPyaWM_1.mp4,test
svQ3jUcN4f8,goa,4.0,geography,CISLR_v1.5-a_videos/svQ3jUcN4f8.mp4,test
svQLNa2vzFI,cooling sheet,6.0,metal and minerals,CISLR_v1.5-a_videos/svQLNa2vzFI.mp4,prototype
sverVWEAPD8_1,never,6.0,abstract,CISLR_v1.5-a_videos/sverVWEAPD8_1.mp4,test
sw0z81Ri4ps,one lakh,5.0,math,CISLR_v1.5-a_videos/sw0z81Ri4ps.mp4,prototype
sy0W-04L9Gk_1,jail,6.0,construction,CISLR_v1.5-a_videos/sy0W-04L9Gk_1.mp4,test
syK7APT1R4w,interest,5.0,behavior,CISLR_v1.5-a_videos/syK7APT1R4w.mp4,test
syVYgoc2dUI_2,neutron,10.0,physics,CISLR_v1.5-a_videos/syVYgoc2dUI_2.mp4,prototype
syXsQXIoZEI,excuse,6.0,action,CISLR_v1.5-a_videos/syXsQXIoZEI.mp4,prototype
syeNmftfElg,bluetooth,4.0,internet,CISLR_v1.5-a_videos/syeNmftfElg.mp4,prototype
syi9ijwHDR0_1,waist,7.0,biology,CISLR_v1.5-a_videos/syi9ijwHDR0_1.mp4,prototype
t1ElZ8Bbzyg,online,6.0,internet,CISLR_v1.5-a_videos/t1ElZ8Bbzyg.mp4,test
t1XvJu6yRk8_1,clean,7.0,action,CISLR_v1.5-a_videos/t1XvJu6yRk8_1.mp4,test
t33d8E-JtV0_1,rock,7.0,miscellaneous object,CISLR_v1.5-a_videos/t33d8E-JtV0_1.mp4,test
t39zwxTZXXk_1,vessel,7.0,utility item,CISLR_v1.5-a_videos/t39zwxTZXXk_1.mp4,test
t3QUjMIwyxE_1,airport,5.0,transport,CISLR_v1.5-a_videos/t3QUjMIwyxE_1.mp4,prototype
t3XnfkCsUiY_1,cone,8.0,miscellaneous object,CISLR_v1.5-a_videos/t3XnfkCsUiY_1.mp4,test
t454iG2RVJg_1,word,6.0,language,CISLR_v1.5-a_videos/t454iG2RVJg_1.mp4,test
t5uTmmYDQdI_1,opening balance,9.0,banking,CISLR_v1.5-a_videos/t5uTmmYDQdI_1.mp4,prototype
t6HMWWJR398_1,passing official,9.0,banking,CISLR_v1.5-a_videos/t6HMWWJR398_1.mp4,prototype
t6P93AbQbjQ_1,sow,7.0,action,CISLR_v1.5-a_videos/t6P93AbQbjQ_1.mp4,prototype
t6mh1uRdQQw_1,terminate,8.0,action,CISLR_v1.5-a_videos/t6mh1uRdQQw_1.mp4,prototype
t6qqXzf4tq8,edit,4.0,action,CISLR_v1.5-a_videos/t6qqXzf4tq8.mp4,test
t70Wrphzj2w_1,chappels,6.0,wearable,CISLR_v1.5-a_videos/t70Wrphzj2w_1.mp4,test
t729MGitv94,over and over again,4.0,abstract,CISLR_v1.5-a_videos/t729MGitv94.mp4,prototype
t7BWrIChL1Y,comfortable,4.0,sensation,CISLR_v1.5-a_videos/t7BWrIChL1Y.mp4,test
t7nY3ygqVlQ,rough cut,9.0,action,CISLR_v1.5-a_videos/t7nY3ygqVlQ.mp4,prototype
t7t7Jioxeu8,diwali,4.0,event,CISLR_v1.5-a_videos/t7t7Jioxeu8.mp4,test
t8sdmhD1yCc_1,cholera,6.0,medical,CISLR_v1.5-a_videos/t8sdmhD1yCc_1.mp4,test
t8z3PzQKmwg,gas stove,5.0,instrument,CISLR_v1.5-a_videos/t8z3PzQKmwg.mp4,test
t9b5K6YsBk8,gun,3.0,machine,CISLR_v1.5-a_videos/t9b5K6YsBk8.mp4,test
t9pvXOgaJe8,work,4.0,action,CISLR_v1.5-a_videos/t9pvXOgaJe8.mp4,test
tAVnVRAbkz8_2,electric appliances,9.0,electronic and electrical,CISLR_v1.5-a_videos/tAVnVRAbkz8_2.mp4,prototype
tB9EhSaD8MY_1,cl,7.0,legal,CISLR_v1.5-a_videos/tB9EhSaD8MY_1.mp4,prototype
tB_xkoYZGBY_1,memorize,7.0,action,CISLR_v1.5-a_videos/tB_xkoYZGBY_1.mp4,prototype
tD71RsErB30,weeds near to pond margin,14.0,flora and fauna,CISLR_v1.5-a_videos/tD71RsErB30.mp4,prototype
tD_WEFLyuDY,toyota,5.0,organisation,CISLR_v1.5-a_videos/tD_WEFLyuDY.mp4,prototype
tDtIQ2M-GRo,water motor,5.0,electronic and electrical,CISLR_v1.5-a_videos/tDtIQ2M-GRo.mp4,prototype
tDtdGkG9-OE,jainism,3.0,religious,CISLR_v1.5-a_videos/tDtdGkG9-OE.mp4,prototype
tDvbCVB02yA,scientist,7.0,profession,CISLR_v1.5-a_videos/tDvbCVB02yA.mp4,prototype
tEJlKXA7Lkg,united nations convention on the rights of persons with disabilities uncrpd,5.0,organisation,CISLR_v1.5-a_videos/tEJlKXA7Lkg.mp4,test
tF3WaFt4kdY,uco bank,6.0,organisation,CISLR_v1.5-a_videos/tF3WaFt4kdY.mp4,prototype
tFftFv6aIjE_1,clearing house,11.0,banking,CISLR_v1.5-a_videos/tFftFv6aIjE_1.mp4,prototype
tHMs61ZefE8,embroidery,6.0,wearable,CISLR_v1.5-a_videos/tHMs61ZefE8.mp4,test
tHNhqhFdMgQ,whatsapp,4.0,internet,CISLR_v1.5-a_videos/tHNhqhFdMgQ.mp4,prototype
tHSogBpBi5A,raise,4.0,action,CISLR_v1.5-a_videos/tHSogBpBi5A.mp4,prototype
tHW-NM2H3f8_1,teeth,7.0,biology,CISLR_v1.5-a_videos/tHW-NM2H3f8_1.mp4,test
tI8qa4gE3uQ_2,variety,7.0,quantity,CISLR_v1.5-a_videos/tI8qa4gE3uQ_2.mp4,prototype
tJXSJJCLffU_1,creeper,7.0,flora and fauna,CISLR_v1.5-a_videos/tJXSJJCLffU_1.mp4,test
tKKM601QlDM_2,glass bod,8.0,utility item,CISLR_v1.5-a_videos/tKKM601QlDM_2.mp4,prototype
tKNmTJAEhBI_1,uncalled,8.0,banking,CISLR_v1.5-a_videos/tKNmTJAEhBI_1.mp4,prototype
tKOaMOhEaX4_1,oath,7.0,legal,CISLR_v1.5-a_videos/tKOaMOhEaX4_1.mp4,test
tKdTQmBRJks_2,infrared ray,11.0,physics,CISLR_v1.5-a_videos/tKdTQmBRJks_2.mp4,prototype
tKmXdtC6FLA,workshop,5.0,event,CISLR_v1.5-a_videos/tKmXdtC6FLA.mp4,prototype
tLOTRTxqIS4_1,sick,7.0,medical,CISLR_v1.5-a_videos/tLOTRTxqIS4_1.mp4,test
tMKMjQtqO2U_2,important,9.0,attribute,CISLR_v1.5-a_videos/tMKMjQtqO2U_2.mp4,prototype
tMYNBmb808w,prize,8.0,miscellaneous object,CISLR_v1.5-a_videos/tMYNBmb808w.mp4,test
tNNf1uxRiDU,pastry,5.0,foods and drinks,CISLR_v1.5-a_videos/tNNf1uxRiDU.mp4,prototype
tNObn5kXF7Y_1,custard apple,8.0,foods and drinks,CISLR_v1.5-a_videos/tNObn5kXF7Y_1.mp4,prototype
tOHjjyuut4A_1,bell,6.0,miscellaneous object,CISLR_v1.5-a_videos/tOHjjyuut4A_1.mp4,test
tOrStACTZII_1,opinion,6.0,abstract,CISLR_v1.5-a_videos/tOrStACTZII_1.mp4,test
tPNg2Waa57k,believe,4.0,action,CISLR_v1.5-a_videos/tPNg2Waa57k.mp4,prototype
tPpANCTOBgs_1,hers,6.0,relation,CISLR_v1.5-a_videos/tPpANCTOBgs_1.mp4,prototype
tPy0Fs9D3CA,district jail,5.0,legal,CISLR_v1.5-a_videos/tPy0Fs9D3CA.mp4,prototype
tRNnbHdT9Ms_1,old,5.0,time,CISLR_v1.5-a_videos/tRNnbHdT9Ms_1.mp4,test
tRo9FnfeFj8,dussehra,4.0,religious,CISLR_v1.5-a_videos/tRo9FnfeFj8.mp4,prototype
tS7NrrYnx_E_1,son,11.0,relation,CISLR_v1.5-a_videos/tS7NrrYnx_E_1.mp4,test
tS9ulw9g7uA_1,himself,6.0,language,CISLR_v1.5-a_videos/tS9ulw9g7uA_1.mp4,prototype
tSSAkPEkMn8_1,modification,11.0,process,CISLR_v1.5-a_videos/tSSAkPEkMn8_1.mp4,prototype
tS_WbbhJD2I,coarse aggregate,13.0,metal and minerals,CISLR_v1.5-a_videos/tS_WbbhJD2I.mp4,prototype
tSc2wja2FZU,intestate,13.0,legal,CISLR_v1.5-a_videos/tSc2wja2FZU.mp4,prototype
tSgEtTP4jkM_1,chemistry,6.0,chemistry,CISLR_v1.5-a_videos/tSgEtTP4jkM_1.mp4,prototype
tShdaK0wAgk_1,chair,6.0,utility item,CISLR_v1.5-a_videos/tShdaK0wAgk_1.mp4,test
tTM_n97xYp4,photographer,5.0,profession,CISLR_v1.5-a_videos/tTM_n97xYp4.mp4,prototype
tTjQsNGEeZ0_1,after,6.0,spatial position,CISLR_v1.5-a_videos/tTjQsNGEeZ0_1.mp4,test
tUV7RnfFTa4,christmas,5.0,event,CISLR_v1.5-a_videos/tUV7RnfFTa4.mp4,test
tUegsOrBY1U_1,telegram,7.0,electronic and electrical,CISLR_v1.5-a_videos/tUegsOrBY1U_1.mp4,prototype
tY45mTvKGKc,double,4.0,quantity,CISLR_v1.5-a_videos/tY45mTvKGKc.mp4,prototype
tY7LqqsBV5Y,archaeologist,11.0,profession,CISLR_v1.5-a_videos/tY7LqqsBV5Y.mp4,prototype
tYDAioUJUPQ_1,sunday,6.0,time,CISLR_v1.5-a_videos/tYDAioUJUPQ_1.mp4,test
tZ28xXARcyk_1,duck,7.0,flora and fauna,CISLR_v1.5-a_videos/tZ28xXARcyk_1.mp4,test
tZRz_YRiaYw,forgive,8.0,behavior,CISLR_v1.5-a_videos/tZRz_YRiaYw.mp4,prototype
ta3rguAgy9M_1,isreal,6.0,geography,CISLR_v1.5-a_videos/ta3rguAgy9M_1.mp4,prototype
ta7_tTeIt6c_1,cough,6.0,medical,CISLR_v1.5-a_videos/ta7_tTeIt6c_1.mp4,test
tahzIp5we8o,jams,10.0,wearable,CISLR_v1.5-a_videos/tahzIp5we8o.mp4,prototype
tbKfPkTlfQk_1,written down value,12.0,math,CISLR_v1.5-a_videos/tbKfPkTlfQk_1.mp4,prototype
tbjIgLxJxic_2,dish antenna,11.0,electronic and electrical,CISLR_v1.5-a_videos/tbjIgLxJxic_2.mp4,prototype
tcHUMXaIuw0,indian sign language teachers  association,3.0,organisation,CISLR_v1.5-a_videos/tcHUMXaIuw0.mp4,prototype
tcLqrt9QnPA_1,nationalisation,12.0,sensation,CISLR_v1.5-a_videos/tcLqrt9QnPA_1.mp4,prototype
tcPXoZXEs2g,south africa,4.0,geography,CISLR_v1.5-a_videos/tcPXoZXEs2g.mp4,prototype
tcvRMX6s_b8_1,overall,8.0,abstract,CISLR_v1.5-a_videos/tcvRMX6s_b8_1.mp4,prototype
td1WlMO5Frw_1,bold,6.0,attribute,CISLR_v1.5-a_videos/td1WlMO5Frw_1.mp4,test
teuX8mrgOVk_2,rainbow,9.0,weather,CISLR_v1.5-a_videos/teuX8mrgOVk_2.mp4,test
tg9QaW7Pvm8,leaf,5.0,flora and fauna,CISLR_v1.5-a_videos/tg9QaW7Pvm8.mp4,test
tgJL-RUAvO8,weird,3.0,abstract,CISLR_v1.5-a_videos/tgJL-RUAvO8.mp4,test
tgq3cpoyWB4,classification of poultry diseases,10.0,action,CISLR_v1.5-a_videos/tgq3cpoyWB4.mp4,prototype
tjA2aFyBuY4,adult,5.0,stage,CISLR_v1.5-a_videos/tjA2aFyBuY4.mp4,test
tkO1_qURjXM,volume,6.0,sound,CISLR_v1.5-a_videos/tkO1_qURjXM.mp4,test
tkqalXOIXJA,rasgulla,6.0,foods and drinks,CISLR_v1.5-a_videos/tkqalXOIXJA.mp4,prototype
tmVG2vu0ZGA,mizoram,4.0,geography,CISLR_v1.5-a_videos/tmVG2vu0ZGA.mp4,test
tm_qJX6hHFg,voice,4.0,sound,CISLR_v1.5-a_videos/tm_qJX6hHFg.mp4,prototype
tnMi73_WfPg,middle,5.0,comparator,CISLR_v1.5-a_videos/tnMi73_WfPg.mp4,test
tnQmQCzJKfI,carry on,5.0,stage,CISLR_v1.5-a_videos/tnQmQCzJKfI.mp4,prototype
todyjVC_JTs,jointing,14.0,process,CISLR_v1.5-a_videos/todyjVC_JTs.mp4,prototype
tol7I8LtJK0,bonus,4.0,abstract,CISLR_v1.5-a_videos/tol7I8LtJK0.mp4,test
top7pkA_DgY_1,individual,7.0,quantity,CISLR_v1.5-a_videos/top7pkA_DgY_1.mp4,test
tpBaPkXYVZw_2,transfer,7.0,action,CISLR_v1.5-a_videos/tpBaPkXYVZw_2.mp4,test
tplh8l5q74U,loan,5.0,banking,CISLR_v1.5-a_videos/tplh8l5q74U.mp4,test
tq85NQ0vOkA,tape,4.0,utility item,CISLR_v1.5-a_videos/tq85NQ0vOkA.mp4,prototype
tq8jQqoHYFA,isl,5.0,language,CISLR_v1.5-a_videos/tq8jQqoHYFA.mp4,test
tquKNwZ2GmA_1,sweet,7.0,attribute,CISLR_v1.5-a_videos/tquKNwZ2GmA_1.mp4,test
tr9YJUmvus8_1,assets,10.0,banking,CISLR_v1.5-a_videos/tr9YJUmvus8_1.mp4,prototype
tt4b-WhpGQo,saudi arabia,4.0,geography,CISLR_v1.5-a_videos/tt4b-WhpGQo.mp4,prototype
tuWWc-SdvF0_1,ornaments,8.0,instrument,CISLR_v1.5-a_videos/tuWWc-SdvF0_1.mp4,prototype
tuw6tMLjHwQ_1,magic,6.0,abstract,CISLR_v1.5-a_videos/tuw6tMLjHwQ_1.mp4,test
twc2FUfpUYs,slope,5.0,abstract,CISLR_v1.5-a_videos/twc2FUfpUYs.mp4,prototype
tx2Z3baCxLA_1,interest,7.0,behavior,CISLR_v1.5-a_videos/tx2Z3baCxLA_1.mp4,test
txywF-r9y2Q_1,signatory,8.0,banking,CISLR_v1.5-a_videos/txywF-r9y2Q_1.mp4,prototype
tyLcsnN8-v4,shape,8.0,math,CISLR_v1.5-a_videos/tyLcsnN8-v4.mp4,test
ty_tchoaG4Y_2,specific,8.0,quality,CISLR_v1.5-a_videos/ty_tchoaG4Y_2.mp4,prototype
tzW3OXlSkNw_1,nail,6.0,biology,CISLR_v1.5-a_videos/tzW3OXlSkNw_1.mp4,prototype
u-vcH9n4_P0_1,carpenter,7.0,profession,CISLR_v1.5-a_videos/u-vcH9n4_P0_1.mp4,test
u0VMIS7wC-Q,vietnam,3.0,geography,CISLR_v1.5-a_videos/u0VMIS7wC-Q.mp4,test
u0ztdPXq6mY_1,re endorsed,7.0,banking,CISLR_v1.5-a_videos/u0ztdPXq6mY_1.mp4,prototype
u1PuKrTDzdI,lecture,4.0,education,CISLR_v1.5-a_videos/u1PuKrTDzdI.mp4,prototype
u1e9ioscyfU_2,environment,8.0,biology,CISLR_v1.5-a_videos/u1e9ioscyfU_2.mp4,test
u1yq_lnEwGI_2,capacitor,9.0,electronic and electrical,CISLR_v1.5-a_videos/u1yq_lnEwGI_2.mp4,test
u219wF2P_0Y_1,die,7.0,stage,CISLR_v1.5-a_videos/u219wF2P_0Y_1.mp4,test
u2IcV4xxNSA,youth,5.0,group,CISLR_v1.5-a_videos/u2IcV4xxNSA.mp4,prototype
u2O5QPKSzGo,temperate fruits,12.0,foods and drinks,CISLR_v1.5-a_videos/u2O5QPKSzGo.mp4,prototype
u2VLr8CRVGc_1,rhino,6.0,flora and fauna,CISLR_v1.5-a_videos/u2VLr8CRVGc_1.mp4,prototype
u2_aJhGSIpY_1,keep,7.0,action,CISLR_v1.5-a_videos/u2_aJhGSIpY_1.mp4,prototype
u3CQB1epJcM_1,here,5.0,spatial position,CISLR_v1.5-a_videos/u3CQB1epJcM_1.mp4,prototype
u3NRv46oJVQ_1,pig,7.0,flora and fauna,CISLR_v1.5-a_videos/u3NRv46oJVQ_1.mp4,test
u4LSjLeQ1Xw,drilling machine pedestal,8.0,machine,CISLR_v1.5-a_videos/u4LSjLeQ1Xw.mp4,prototype
u5PdOyHh8Yg,red,6.0,abstract,CISLR_v1.5-a_videos/u5PdOyHh8Yg.mp4,test
u62ZlNmTpj4_1,cure,8.0,medical,CISLR_v1.5-a_videos/u62ZlNmTpj4_1.mp4,test
u6eoD3GXOZE,superstition,6.0,abstract,CISLR_v1.5-a_videos/u6eoD3GXOZE.mp4,prototype
u6hpIkJUQXE,ruthless,5.0,behavior,CISLR_v1.5-a_videos/u6hpIkJUQXE.mp4,test
u6x6Qk463V4,leaf,4.0,flora and fauna,CISLR_v1.5-a_videos/u6x6Qk463V4.mp4,test
u7Nv4whZa_0_1,shine,6.0,attribute,CISLR_v1.5-a_videos/u7Nv4whZa_0_1.mp4,test
u7dV3wCpaqM,lonely,4.0,emotion,CISLR_v1.5-a_videos/u7dV3wCpaqM.mp4,prototype
u7twaE6fj9s,floriculture,11.0,flora and fauna,CISLR_v1.5-a_videos/u7twaE6fj9s.mp4,prototype
u9397Rd5v7U_2,sound,6.0,sound,CISLR_v1.5-a_videos/u9397Rd5v7U_2.mp4,test
uA9K19APeNo_1,gate,7.0,construction,CISLR_v1.5-a_videos/uA9K19APeNo_1.mp4,test
uBRoAycaSBM,thatched roof,9.0,construction,CISLR_v1.5-a_videos/uBRoAycaSBM.mp4,prototype
uBi-YX42NwI,application,4.0,action,CISLR_v1.5-a_videos/uBi-YX42NwI.mp4,test
uBtYh10h6RU_1,among,6.0,group,CISLR_v1.5-a_videos/uBtYh10h6RU_1.mp4,prototype
uCsgmqdwe4A,storey skyscraper,12.0,construction,CISLR_v1.5-a_videos/uCsgmqdwe4A.mp4,test
uCxNvB_ULoA_2,filament,11.0,substance,CISLR_v1.5-a_videos/uCxNvB_ULoA_2.mp4,test
uDwYK-AccH0,polygon tool,11.0,instrument,CISLR_v1.5-a_videos/uDwYK-AccH0.mp4,prototype
uE8YfF7bTGM,identity,4.0,behavior,CISLR_v1.5-a_videos/uE8YfF7bTGM.mp4,prototype
uEWef2ILEC8,common cold,3.0,biology,CISLR_v1.5-a_videos/uEWef2ILEC8.mp4,prototype
uEtH33ZDk_s_1,borrower,8.0,banking,CISLR_v1.5-a_videos/uEtH33ZDk_s_1.mp4,prototype
uF5-SHyMOwg,assam,5.0,geography,CISLR_v1.5-a_videos/uF5-SHyMOwg.mp4,test
uF8zIar63bQ,punjabi,5.0,language,CISLR_v1.5-a_videos/uF8zIar63bQ.mp4,test
uGjEbNgtauE,open,4.0,action,CISLR_v1.5-a_videos/uGjEbNgtauE.mp4,test
uHAhEiTlj_M,knife,5.0,utility item,CISLR_v1.5-a_videos/uHAhEiTlj_M.mp4,test
uHMNUWk8UAM,chronic illness,9.0,medical,CISLR_v1.5-a_videos/uHMNUWk8UAM.mp4,prototype
uHTklDGcEfw_1,liquidation,8.0,process,CISLR_v1.5-a_videos/uHTklDGcEfw_1.mp4,prototype
uIJEGc6U5iU,vehicle,5.0,transport,CISLR_v1.5-a_videos/uIJEGc6U5iU.mp4,prototype
uK6EyYdjXtE_1,north america,8.0,geography,CISLR_v1.5-a_videos/uK6EyYdjXtE_1.mp4,prototype
uK8G7-89HCI_1,summons,9.0,legal,CISLR_v1.5-a_videos/uK8G7-89HCI_1.mp4,prototype
uKWcQt8U4lA,research,3.0,education,CISLR_v1.5-a_videos/uKWcQt8U4lA.mp4,prototype
uL1_UYVYkfg_1,flute,6.0,sound,CISLR_v1.5-a_videos/uL1_UYVYkfg_1.mp4,test
uLSHBm4_kaw,gujarat,4.0,geography,CISLR_v1.5-a_videos/uLSHBm4_kaw.mp4,test
uNZ-A9bIT2c,vehicles,6.0,transport,CISLR_v1.5-a_videos/uNZ-A9bIT2c.mp4,test
uOHx8MflCBQ_1,registered letter,9.0,miscellaneous object,CISLR_v1.5-a_videos/uOHx8MflCBQ_1.mp4,prototype
uOs0878HhR4,license,4.0,legal,CISLR_v1.5-a_videos/uOs0878HhR4.mp4,test
uOsiUhQwVC8_1,bucket,6.0,utility item,CISLR_v1.5-a_videos/uOsiUhQwVC8_1.mp4,test
uOxGDdDq-Os_2,centre of curvature,9.0,physics,CISLR_v1.5-a_videos/uOxGDdDq-Os_2.mp4,prototype
uPfJ7YCwEGQ_1,non payment,8.0,banking,CISLR_v1.5-a_videos/uPfJ7YCwEGQ_1.mp4,prototype
uQRHhIcXvEM,marketing of vegetables,12.0,profession,CISLR_v1.5-a_videos/uQRHhIcXvEM.mp4,prototype
uRJUiALx54w,virus,6.0,medical,CISLR_v1.5-a_videos/uRJUiALx54w.mp4,test
uRwmFRKMF58,army,4.0,organisation,CISLR_v1.5-a_videos/uRwmFRKMF58.mp4,prototype
uSz2hrQZr3o,around,4.0,spatial position,CISLR_v1.5-a_videos/uSz2hrQZr3o.mp4,test
uT8WGjPj-V8_1,discuss,6.0,process,CISLR_v1.5-a_videos/uT8WGjPj-V8_1.mp4,test
uTLMV91lB10_1,assam,6.0,geography,CISLR_v1.5-a_videos/uTLMV91lB10_1.mp4,test
uTZVPZYcdw8_1,accident,6.0,event,CISLR_v1.5-a_videos/uTZVPZYcdw8_1.mp4,test
uU562ik7UXU_2,vertical,9.0,spatial position,CISLR_v1.5-a_videos/uU562ik7UXU_2.mp4,prototype
uVE9xX6fcp8_1,abbreviation,11.0,language,CISLR_v1.5-a_videos/uVE9xX6fcp8_1.mp4,prototype
uWVB0KovDB0_1,moon,9.0,astronomical,CISLR_v1.5-a_videos/uWVB0KovDB0_1.mp4,test
uYfcQkRSvAY,china,6.0,geography,CISLR_v1.5-a_videos/uYfcQkRSvAY.mp4,test
uZB4kRSkd_g,droplet,6.0,quantity,CISLR_v1.5-a_videos/uZB4kRSkd_g.mp4,prototype
uZuvBINbAqo_1,holiday,5.0,event,CISLR_v1.5-a_videos/uZuvBINbAqo_1.mp4,prototype
uaaq6GQck4s_1,never,6.0,abstract,CISLR_v1.5-a_videos/uaaq6GQck4s_1.mp4,test
ubBmCChM6Ag,airjet,6.0,transport,CISLR_v1.5-a_videos/ubBmCChM6Ag.mp4,prototype
ubQczV3pKWs,assassination,11.0,event,CISLR_v1.5-a_videos/ubQczV3pKWs.mp4,test
ubUFV8ypTlU_1,return,7.0,action,CISLR_v1.5-a_videos/ubUFV8ypTlU_1.mp4,test
ubkSJRDhK7E_1,genuine,7.0,attribute,CISLR_v1.5-a_videos/ubkSJRDhK7E_1.mp4,test
ueNkV6ktC4g_2,identical,8.0,comparator,CISLR_v1.5-a_videos/ueNkV6ktC4g_2.mp4,prototype
ueiJkNzXxzw,influence,7.0,action,CISLR_v1.5-a_videos/ueiJkNzXxzw.mp4,prototype
uek2JAfcUhk,aeroplane sprayer,11.0,machine,CISLR_v1.5-a_videos/uek2JAfcUhk.mp4,prototype
uf4A34QWFGw_1,rabbit,7.0,flora and fauna,CISLR_v1.5-a_videos/uf4A34QWFGw_1.mp4,test
ufTWb8-_rGA,multiple,4.0,math,CISLR_v1.5-a_videos/ufTWb8-_rGA.mp4,prototype
ug0cTrsjK50,route,6.0,transport,CISLR_v1.5-a_videos/ug0cTrsjK50.mp4,test
uhJRFZWXPEo,warm,6.0,weather,CISLR_v1.5-a_videos/uhJRFZWXPEo.mp4,test
ui_ACRhp1jY,stir up,5.0,action,CISLR_v1.5-a_videos/ui_ACRhp1jY.mp4,prototype
ujw1Z5DK0r4_1,art,5.0,entertainment,CISLR_v1.5-a_videos/ujw1Z5DK0r4_1.mp4,test
ulHF3SltKW0_1,malayalam,7.0,language,CISLR_v1.5-a_videos/ulHF3SltKW0_1.mp4,test
ulX1EaESaM4,tilts,12.0,attribute,CISLR_v1.5-a_videos/ulX1EaESaM4.mp4,prototype
um4s1H6JPJg,call,5.0,action,CISLR_v1.5-a_videos/um4s1H6JPJg.mp4,test
umCgstR_pg8,rare,5.0,attribute,CISLR_v1.5-a_videos/umCgstR_pg8.mp4,prototype
uohsAyKLTbI_1,land cess,10.0,legal,CISLR_v1.5-a_videos/uohsAyKLTbI_1.mp4,prototype
upAZkdtoF_Q,app,4.0,internet,CISLR_v1.5-a_videos/upAZkdtoF_Q.mp4,prototype
upRlxxQUZp8_1,short term,9.0,banking,CISLR_v1.5-a_videos/upRlxxQUZp8_1.mp4,prototype
up_LofohcV4_1,control,6.0,action,CISLR_v1.5-a_videos/up_LofohcV4_1.mp4,test
upaDJQnr9nw,independent,4.0,attribute,CISLR_v1.5-a_videos/upaDJQnr9nw.mp4,test
uptCGl-HvV0_1,bulb,7.0,utility item,CISLR_v1.5-a_videos/uptCGl-HvV0_1.mp4,test
uqZJa7q4N5U,set,3.0,math,CISLR_v1.5-a_videos/uqZJa7q4N5U.mp4,prototype
uqaIszhdKfc,rain,5.0,weather,CISLR_v1.5-a_videos/uqaIszhdKfc.mp4,prototype
uqfvjaFYDQg,poland,3.0,geography,CISLR_v1.5-a_videos/uqfvjaFYDQg.mp4,prototype
urMRtuI8AmE_1,spider,5.0,flora and fauna,CISLR_v1.5-a_videos/urMRtuI8AmE_1.mp4,test
usqVbUoBfnE,sailor collar,8.0,wearable,CISLR_v1.5-a_videos/usqVbUoBfnE.mp4,prototype
ut1NzAKHBXQ,deploy,8.0,action,CISLR_v1.5-a_videos/ut1NzAKHBXQ.mp4,prototype
uu93d2sk9F0_2,plug point,7.0,physics,CISLR_v1.5-a_videos/uu93d2sk9F0_2.mp4,prototype
uu9Qo9_Mbh4_1,round,9.0,math,CISLR_v1.5-a_videos/uu9Qo9_Mbh4_1.mp4,test
uuUInBI_oZM_1,fan,7.0,electronic and electrical,CISLR_v1.5-a_videos/uuUInBI_oZM_1.mp4,test
uulY6vsvNQA_1,leave,7.0,profession,CISLR_v1.5-a_videos/uulY6vsvNQA_1.mp4,test
uuzch67c-xE,thermometer,4.0,miscellaneous object,CISLR_v1.5-a_videos/uuzch67c-xE.mp4,test
uvBjcE-mwC0,polygraph,13.0,instrument,CISLR_v1.5-a_videos/uvBjcE-mwC0.mp4,prototype
uvKTMTQqfu0,soon,4.0,time,CISLR_v1.5-a_videos/uvKTMTQqfu0.mp4,prototype
uw-zItX8w9g_1,monthly statement,9.0,banking,CISLR_v1.5-a_videos/uw-zItX8w9g_1.mp4,prototype
uwDxpyWDKEI,shift,4.0,spatial position,CISLR_v1.5-a_videos/uwDxpyWDKEI.mp4,prototype
uwYdH7GuSBg_1,bangles,6.0,wearable,CISLR_v1.5-a_videos/uwYdH7GuSBg_1.mp4,test
uwZ5UsyXbzg_1,mud,10.0,substance,CISLR_v1.5-a_videos/uwZ5UsyXbzg_1.mp4,test
uyRfqa6Am-M_1,fake,5.0,attribute,CISLR_v1.5-a_videos/uyRfqa6Am-M_1.mp4,prototype
v-Mcteg34pI_1,hot,5.0,sensation,CISLR_v1.5-a_videos/v-Mcteg34pI_1.mp4,test
v-jfNqYzfO8_1,june,6.0,time,CISLR_v1.5-a_videos/v-jfNqYzfO8_1.mp4,test
v0Ic3Von93I,band collar,6.0,wearable,CISLR_v1.5-a_videos/v0Ic3Von93I.mp4,prototype
v0Rb3W378JA,samsung,5.0,organisation,CISLR_v1.5-a_videos/v0Rb3W378JA.mp4,prototype
v0cK8a9s14I_1,evening,7.0,time,CISLR_v1.5-a_videos/v0cK8a9s14I_1.mp4,test
v1TI57zaJKw,sauce,4.0,foods and drinks,CISLR_v1.5-a_videos/v1TI57zaJKw.mp4,prototype
v1c0FpBhESQ_1,chart,8.0,readable,CISLR_v1.5-a_videos/v1c0FpBhESQ_1.mp4,test
v1hh4hSEhzs,tally,8.0,gesture,CISLR_v1.5-a_videos/v1hh4hSEhzs.mp4,test
v1rzpB-cgGY_1,goa,8.0,geography,CISLR_v1.5-a_videos/v1rzpB-cgGY_1.mp4,test
v2YS_BfBifc_1,key,7.0,utility item,CISLR_v1.5-a_videos/v2YS_BfBifc_1.mp4,test
v2_Ta5XdknA_1,giraffe,6.0,flora and fauna,CISLR_v1.5-a_videos/v2_Ta5XdknA_1.mp4,test
v2ak0hp1ZTw,inactive,4.0,behavior,CISLR_v1.5-a_videos/v2ak0hp1ZTw.mp4,prototype
v2gPD7nTa0U_2,rigid,6.0,attribute,CISLR_v1.5-a_videos/v2gPD7nTa0U_2.mp4,prototype
v2jaNOh-Rcc,none,4.0,abstract,CISLR_v1.5-a_videos/v2jaNOh-Rcc.mp4,prototype
v3hY00Fy7rE,library,4.0,readable,CISLR_v1.5-a_videos/v3hY00Fy7rE.mp4,test
v41B1GR3prg_1,crocodile,6.0,flora and fauna,CISLR_v1.5-a_videos/v41B1GR3prg_1.mp4,test
v4dtaEki4f8,third,5.0,comparator,CISLR_v1.5-a_videos/v4dtaEki4f8.mp4,prototype
v5F3fOpfrBI,gangtok,4.0,geography,CISLR_v1.5-a_videos/v5F3fOpfrBI.mp4,prototype
v6KlD6e05Fc,reverse,4.0,abstract,CISLR_v1.5-a_videos/v6KlD6e05Fc.mp4,test
v7--O9C9ZH4,muharram,5.0,event,CISLR_v1.5-a_videos/v7--O9C9ZH4.mp4,test
v74BqLpCYnY_1,bedsheet,9.0,utility item,CISLR_v1.5-a_videos/v74BqLpCYnY_1.mp4,test
v7LOMsrEiVI_1,sorry,7.0,greeting,CISLR_v1.5-a_videos/v7LOMsrEiVI_1.mp4,test
v8NufYf6_Ik_1,room,8.0,construction,CISLR_v1.5-a_videos/v8NufYf6_Ik_1.mp4,test
v8gTUo-ln6Q_1,self employed,8.0,profession,CISLR_v1.5-a_videos/v8gTUo-ln6Q_1.mp4,prototype
vAW9QDnXLrE,please,4.0,action,CISLR_v1.5-a_videos/vAW9QDnXLrE.mp4,test
vAXHFqBV6H8_1,muslim,6.0,religious,CISLR_v1.5-a_videos/vAXHFqBV6H8_1.mp4,test
vAuu3hDoGhU_1,produce,6.0,action,CISLR_v1.5-a_videos/vAuu3hDoGhU_1.mp4,prototype
vB-4jZVx0yU,solid,4.0,substance,CISLR_v1.5-a_videos/vB-4jZVx0yU.mp4,test
vB72KncjZis,evening,3.0,time,CISLR_v1.5-a_videos/vB72KncjZis.mp4,test
vBJxSJ5_mvw_1,learn,7.0,action,CISLR_v1.5-a_videos/vBJxSJ5_mvw_1.mp4,test
vBRmLg-XJZc_1,hold,6.0,action,CISLR_v1.5-a_videos/vBRmLg-XJZc_1.mp4,prototype
vBd0XrgKlCA,secondary tillage,14.0,biology,CISLR_v1.5-a_videos/vBd0XrgKlCA.mp4,prototype
vDKcRElYodA,musician,7.0,profession,CISLR_v1.5-a_videos/vDKcRElYodA.mp4,test
vDrReANaXZY_2,l.e.d,9.0,electronic and electrical,CISLR_v1.5-a_videos/vDrReANaXZY_2.mp4,prototype
vEGYAfMU3tc_1,power,7.0,attribute,CISLR_v1.5-a_videos/vEGYAfMU3tc_1.mp4,test
vEHf2s9hu20_2,share equity,14.0,banking,CISLR_v1.5-a_videos/vEHf2s9hu20_2.mp4,prototype
vEq2LWgecfA_1,wife,9.0,relation,CISLR_v1.5-a_videos/vEq2LWgecfA_1.mp4,test
vFAuNQe7ng8_1,saturday,5.0,time,CISLR_v1.5-a_videos/vFAuNQe7ng8_1.mp4,test
vFJOA9dR7Bw,sony mobile,5.0,organisation,CISLR_v1.5-a_videos/vFJOA9dR7Bw.mp4,prototype
vFSdw3lE-5M,cerebral palsy,8.0,medical,CISLR_v1.5-a_videos/vFSdw3lE-5M.mp4,prototype
vFYN8jgOhb8,south korea,4.0,geography,CISLR_v1.5-a_videos/vFYN8jgOhb8.mp4,prototype
vFZMA4_VtAY,iphone,5.0,electronic and electrical,CISLR_v1.5-a_videos/vFZMA4_VtAY.mp4,prototype
vFbghqf1jZg,roasters,13.0,flora and fauna,CISLR_v1.5-a_videos/vFbghqf1jZg.mp4,prototype
vFnoqnWWGok_1,story,6.0,readable,CISLR_v1.5-a_videos/vFnoqnWWGok_1.mp4,test
vITeIiXX1xE,subtract,4.0,math,CISLR_v1.5-a_videos/vITeIiXX1xE.mp4,test
vJy28p55lkQ,temporary,3.0,abstract,CISLR_v1.5-a_videos/vJy28p55lkQ.mp4,test
vKabvg9GjnY_1,behind,5.0,spatial position,CISLR_v1.5-a_videos/vKabvg9GjnY_1.mp4,test
vLbvf0zEj5M,child,9.0,stage,CISLR_v1.5-a_videos/vLbvf0zEj5M.mp4,prototype
vLfbnZZBph0_1,you,7.0,relation,CISLR_v1.5-a_videos/vLfbnZZBph0_1.mp4,test
vLk7S0mnUms,pay in installment,12.0,banking,CISLR_v1.5-a_videos/vLk7S0mnUms.mp4,test
vM9tngFYH1c,enough,4.0,quantity,CISLR_v1.5-a_videos/vM9tngFYH1c.mp4,prototype
vMbLDoCayk8,please,4.0,action,CISLR_v1.5-a_videos/vMbLDoCayk8.mp4,test
vOW-yOcVU80_2,transistor,9.0,electronic and electrical,CISLR_v1.5-a_videos/vOW-yOcVU80_2.mp4,prototype
vOkUq_SPrjs_1,valley,8.0,geography,CISLR_v1.5-a_videos/vOkUq_SPrjs_1.mp4,test
vPAwEcpbWqo,enough,6.0,quantity,CISLR_v1.5-a_videos/vPAwEcpbWqo.mp4,test
vPmpk0u_sls,dash,14.0,language,CISLR_v1.5-a_videos/vPmpk0u_sls.mp4,prototype
vRs1P7sa3F4_1,today,6.0,time,CISLR_v1.5-a_videos/vRs1P7sa3F4_1.mp4,test
vS5fnczMHcA,last,6.0,attribute,CISLR_v1.5-a_videos/vS5fnczMHcA.mp4,prototype
vSEUaTn35j4,copy and paste,4.0,action,CISLR_v1.5-a_videos/vSEUaTn35j4.mp4,prototype
vSK-jsgpaXQ,chesterfield  coat,11.0,wearable,CISLR_v1.5-a_videos/vSK-jsgpaXQ.mp4,prototype
vSfRkcjelhw_1,wedding,8.0,event,CISLR_v1.5-a_videos/vSfRkcjelhw_1.mp4,test
vT49kp3azYg_1,total,8.0,quantity,CISLR_v1.5-a_videos/vT49kp3azYg_1.mp4,test
vTgiUguTQW0_2,mercury,9.0,astronomical,CISLR_v1.5-a_videos/vTgiUguTQW0_2.mp4,prototype
vTrtUfPI0RY,rest,4.0,action,CISLR_v1.5-a_videos/vTrtUfPI0RY.mp4,test
vV1FizHByPw,prejudice,5.0,abstract,CISLR_v1.5-a_videos/vV1FizHByPw.mp4,prototype
vVGXtFbW5RI_2,galvanometer,10.0,instrument,CISLR_v1.5-a_videos/vVGXtFbW5RI_2.mp4,prototype
vVylNakRi6s,strain,4.0,physics,CISLR_v1.5-a_videos/vVylNakRi6s.mp4,prototype
vWkwy9ebsQg_1,water,8.0,substance,CISLR_v1.5-a_videos/vWkwy9ebsQg_1.mp4,test
vX0J0TVfQgk_1,salt,6.0,foods and drinks,CISLR_v1.5-a_videos/vX0J0TVfQgk_1.mp4,test
vXchKE88TDI_1,time,7.0,time,CISLR_v1.5-a_videos/vXchKE88TDI_1.mp4,test
vXg5mjo2Lpc,any,5.0,abstract,CISLR_v1.5-a_videos/vXg5mjo2Lpc.mp4,test
vYM_64Gc77o,town,4.0,geography,CISLR_v1.5-a_videos/vYM_64Gc77o.mp4,test
vYPkgKmRa6k,talk,4.0,action,CISLR_v1.5-a_videos/vYPkgKmRa6k.mp4,test
vYWosOoYH1U_1,instument,11.0,instrument,CISLR_v1.5-a_videos/vYWosOoYH1U_1.mp4,prototype
vYzp_d3T9Ok_1,wednesday,5.0,time,CISLR_v1.5-a_videos/vYzp_d3T9Ok_1.mp4,test
vZBu2SG35ec,competition,6.0,event,CISLR_v1.5-a_videos/vZBu2SG35ec.mp4,test
vZMGPJSJaFg,dysuria,12.0,medical,CISLR_v1.5-a_videos/vZMGPJSJaFg.mp4,prototype
v_7Bg4-cPjg,tunisia,4.0,geography,CISLR_v1.5-a_videos/v_7Bg4-cPjg.mp4,prototype
v_BzLSp7PLM,bride,15.0,human,CISLR_v1.5-a_videos/v_BzLSp7PLM.mp4,prototype
v_HmgeH-ABo,day,4.0,time,CISLR_v1.5-a_videos/v_HmgeH-ABo.mp4,test
vaDXdxLlUwk_1,world,6.0,geography,CISLR_v1.5-a_videos/vaDXdxLlUwk_1.mp4,test
vamyn1qDCdg_1,carrom,5.0,sport,CISLR_v1.5-a_videos/vamyn1qDCdg_1.mp4,test
vasldMsoKDg_2,vernier caliper,10.0,instrument,CISLR_v1.5-a_videos/vasldMsoKDg_2.mp4,prototype
vawgyWPeIiM,foot body part,5.0,biology,CISLR_v1.5-a_videos/vawgyWPeIiM.mp4,prototype
vbsNiOkm0BU,tie,7.0,wearable,CISLR_v1.5-a_videos/vbsNiOkm0BU.mp4,prototype
vdntxBdRdZg,electric bike,10.0,transport,CISLR_v1.5-a_videos/vdntxBdRdZg.mp4,prototype
ve8zSDsdFzs,starfish,7.0,flora and fauna,CISLR_v1.5-a_videos/ve8zSDsdFzs.mp4,prototype
vesSu5AjSN4,mallet,11.0,instrument,CISLR_v1.5-a_videos/vesSu5AjSN4.mp4,prototype
vfrntxijZAA_1,horse,6.0,flora and fauna,CISLR_v1.5-a_videos/vfrntxijZAA_1.mp4,test
vgtE5_6_VD4,nearby,4.0,spatial position,CISLR_v1.5-a_videos/vgtE5_6_VD4.mp4,prototype
vhPLDKNYuEg_1,cheque crossed,11.0,banking,CISLR_v1.5-a_videos/vhPLDKNYuEg_1.mp4,prototype
vhqQBxbUVy0_1,develop,6.0,action,CISLR_v1.5-a_videos/vhqQBxbUVy0_1.mp4,prototype
vj85ZSkQDVo,girlfriend,5.0,relation,CISLR_v1.5-a_videos/vj85ZSkQDVo.mp4,prototype
vmAkJRlUSzI_1,maintenance allowance,10.0,banking,CISLR_v1.5-a_videos/vmAkJRlUSzI_1.mp4,prototype
vnOgaQ_eFNs,see,4.0,action,CISLR_v1.5-a_videos/vnOgaQ_eFNs.mp4,test
voRQqu3By8I_1,talk,11.0,action,CISLR_v1.5-a_videos/voRQqu3By8I_1.mp4,test
vqWFY4rbASg,ship,5.0,transport,CISLR_v1.5-a_videos/vqWFY4rbASg.mp4,prototype
vqkqbOdwbSc_1,pune,6.0,geography,CISLR_v1.5-a_videos/vqkqbOdwbSc_1.mp4,test
vt86EMAaXHM,business,5.0,banking,CISLR_v1.5-a_videos/vt86EMAaXHM.mp4,test
vu__40Wbws4_1,mixer,6.0,machine,CISLR_v1.5-a_videos/vu__40Wbws4_1.mp4,test
vvCzSnLu_4Q,samosa,5.0,foods and drinks,CISLR_v1.5-a_videos/vvCzSnLu_4Q.mp4,prototype
vvsfyFEY7lo,hatchet,11.0,instrument,CISLR_v1.5-a_videos/vvsfyFEY7lo.mp4,prototype
vvyGWPvy1cc,town,5.0,geography,CISLR_v1.5-a_videos/vvyGWPvy1cc.mp4,test
vwTIplMTPZA_2,reaction,8.0,chemistry,CISLR_v1.5-a_videos/vwTIplMTPZA_2.mp4,prototype
vwpHHohq8II,cng stone carving machine,10.0,machine,CISLR_v1.5-a_videos/vwpHHohq8II.mp4,prototype
vycU4cMW3_U_1,show cause,8.0,banking,CISLR_v1.5-a_videos/vycU4cMW3_U_1.mp4,prototype
vyvFWSdT7V4_1,disguise,6.0,gesture,CISLR_v1.5-a_videos/vyvFWSdT7V4_1.mp4,prototype
vzR3201tHPY,translate,4.0,action,CISLR_v1.5-a_videos/vzR3201tHPY.mp4,test
vzzmwuU-sMg,sad,4.0,emotion,CISLR_v1.5-a_videos/vzzmwuU-sMg.mp4,test
w-f7sV2B7Tc_1,true,6.0,abstract,CISLR_v1.5-a_videos/w-f7sV2B7Tc_1.mp4,test
w0C2Lq7hMsQ,minimize,13.0,math,CISLR_v1.5-a_videos/w0C2Lq7hMsQ.mp4,prototype
w0Z2yfGcCW8,eye,3.0,biology,CISLR_v1.5-a_videos/w0Z2yfGcCW8.mp4,test
w163zAc0RYM,cough,6.0,medical,CISLR_v1.5-a_videos/w163zAc0RYM.mp4,test
w2bUy2rPYPI,menu,5.0,readable,CISLR_v1.5-a_videos/w2bUy2rPYPI.mp4,prototype
w3iXbhc5vsM_1,thursday,7.0,time,CISLR_v1.5-a_videos/w3iXbhc5vsM_1.mp4,test
w49chg-Y92g,cashier,7.0,profession,CISLR_v1.5-a_videos/w49chg-Y92g.mp4,prototype
w5hHBBDrypI_1,internal,8.0,spatial position,CISLR_v1.5-a_videos/w5hHBBDrypI_1.mp4,prototype
w87_PYaYQz4,wicket,4.0,sport,CISLR_v1.5-a_videos/w87_PYaYQz4.mp4,prototype
w88o1TXwwJg_1,pen,6.0,utility item,CISLR_v1.5-a_videos/w88o1TXwwJg_1.mp4,test
w8RSWGCRPDg,sell,4.0,action,CISLR_v1.5-a_videos/w8RSWGCRPDg.mp4,test
w9Jz12VoOYQ_1,drumstick,7.0,foods and drinks,CISLR_v1.5-a_videos/w9Jz12VoOYQ_1.mp4,prototype
w9VefdfpI0I_1,grandfather,11.0,relation,CISLR_v1.5-a_videos/w9VefdfpI0I_1.mp4,test
wAEJEtDB20g,land,4.0,geography,CISLR_v1.5-a_videos/wAEJEtDB20g.mp4,test
wBCqfnnNfSo,weaver,8.0,profession,CISLR_v1.5-a_videos/wBCqfnnNfSo.mp4,test
wC9iVMmSTeE_2,current,8.0,physics,CISLR_v1.5-a_videos/wC9iVMmSTeE_2.mp4,prototype
wClUzDG34wQ,religion,4.0,religious,CISLR_v1.5-a_videos/wClUzDG34wQ.mp4,test
wDXqSeOQQy4_1,run,8.0,action,CISLR_v1.5-a_videos/wDXqSeOQQy4_1.mp4,test
wDy5hBdrwoc,train,4.0,transport,CISLR_v1.5-a_videos/wDy5hBdrwoc.mp4,test
wEd93OlB_ZI_1,what,6.0,abstract,CISLR_v1.5-a_videos/wEd93OlB_ZI_1.mp4,test
wEfxi8YvQLI,cyprus,4.0,geography,CISLR_v1.5-a_videos/wEfxi8YvQLI.mp4,prototype
wFVLswbyZOc,insurance,5.0,banking,CISLR_v1.5-a_videos/wFVLswbyZOc.mp4,test
wGWFAPl8EXs_1,river,8.0,geography,CISLR_v1.5-a_videos/wGWFAPl8EXs_1.mp4,test
wHl7V93XdWA,terrorist,14.0,profession,CISLR_v1.5-a_videos/wHl7V93XdWA.mp4,prototype
wIEYdZjvXJo,driver,7.0,profession,CISLR_v1.5-a_videos/wIEYdZjvXJo.mp4,test
wIVO3x0WAfk_1,paper,6.0,utility item,CISLR_v1.5-a_videos/wIVO3x0WAfk_1.mp4,test
wIi5NVKOOfM,strict,3.0,behavior,CISLR_v1.5-a_videos/wIi5NVKOOfM.mp4,test
wJS3We_1ets_1,sharbat,5.0,foods and drinks,CISLR_v1.5-a_videos/wJS3We_1ets_1.mp4,prototype
wK63rmj8--U,sky,6.0,abstract,CISLR_v1.5-a_videos/wK63rmj8--U.mp4,test
wK7Y3bBPwtI,curd,5.0,foods and drinks,CISLR_v1.5-a_videos/wK7Y3bBPwtI.mp4,prototype
wK8amEJAK1Y,thank you,3.0,gesture,CISLR_v1.5-a_videos/wK8amEJAK1Y.mp4,test
wKBVwR3BraE,photosynthesis process,12.0,biology,CISLR_v1.5-a_videos/wKBVwR3BraE.mp4,prototype
wKDAEDyBAY0,life jacket,12.0,wearable,CISLR_v1.5-a_videos/wKDAEDyBAY0.mp4,prototype
wKzWwmm8bgE,asthma,5.0,medical,CISLR_v1.5-a_videos/wKzWwmm8bgE.mp4,prototype
wLSWjMuhJww_1,which,5.0,abstract,CISLR_v1.5-a_videos/wLSWjMuhJww_1.mp4,test
wMlY1TQZA2A,tamil,3.0,language,CISLR_v1.5-a_videos/wMlY1TQZA2A.mp4,test
wMm24t1NrcM,worry,4.0,emotion,CISLR_v1.5-a_videos/wMm24t1NrcM.mp4,test
wOwsXFMF1aA,parcel,4.0,miscellaneous object,CISLR_v1.5-a_videos/wOwsXFMF1aA.mp4,prototype
wPTa0UQJY_w,measure,4.0,math,CISLR_v1.5-a_videos/wPTa0UQJY_w.mp4,test
wPkxTCa_Dj4_1,dismissal,9.0,action,CISLR_v1.5-a_videos/wPkxTCa_Dj4_1.mp4,prototype
wPofP8PotLg_1,cat,7.0,flora and fauna,CISLR_v1.5-a_videos/wPofP8PotLg_1.mp4,test
wPsIxhPHXBo,blouse,4.0,wearable,CISLR_v1.5-a_videos/wPsIxhPHXBo.mp4,test
wQ5nwBznVk8_1,crossing,7.0,transport,CISLR_v1.5-a_videos/wQ5nwBznVk8_1.mp4,prototype
wRjTHPy0jes,last week,5.0,time,CISLR_v1.5-a_videos/wRjTHPy0jes.mp4,prototype
wTP-Qjl_mSM_1,film,7.0,instrument,CISLR_v1.5-a_videos/wTP-Qjl_mSM_1.mp4,test
wVgslraD204,cap,5.0,wearable,CISLR_v1.5-a_videos/wVgslraD204.mp4,test
wWlOXeR9qnc_1,rubber,7.0,utility item,CISLR_v1.5-a_videos/wWlOXeR9qnc_1.mp4,test
wWzqyc2x0GI,miss,7.0,emotion,CISLR_v1.5-a_videos/wWzqyc2x0GI.mp4,test
wX-5GS2Om7k,last year,4.0,time,CISLR_v1.5-a_videos/wX-5GS2Om7k.mp4,prototype
wXEnqj_rf4Q_1,sunrise,8.0,event,CISLR_v1.5-a_videos/wXEnqj_rf4Q_1.mp4,test
wYeLqdSCZR8,hungry,4.0,sensation,CISLR_v1.5-a_videos/wYeLqdSCZR8.mp4,test
wZBe3IUlYLo,detective,12.0,profession,CISLR_v1.5-a_videos/wZBe3IUlYLo.mp4,prototype
wZYbp0lRGhU,pressure foot,12.0,instrument,CISLR_v1.5-a_videos/wZYbp0lRGhU.mp4,prototype
wZeZ2Hr8VEg_1,customer service,11.0,organisation,CISLR_v1.5-a_videos/wZeZ2Hr8VEg_1.mp4,prototype
w_FY56WkUPM,shawl,4.0,wearable,CISLR_v1.5-a_videos/w_FY56WkUPM.mp4,test
wa6VGunvMoo,road,4.0,transport,CISLR_v1.5-a_videos/wa6VGunvMoo.mp4,prototype
wcG4jvqJVDc_1,satisfied,6.0,attribute,CISLR_v1.5-a_videos/wcG4jvqJVDc_1.mp4,prototype
wcvifjsKYo0_2,proton,11.0,physics,CISLR_v1.5-a_videos/wcvifjsKYo0_2.mp4,prototype
weWGeNNGQSM_1,industry,10.0,profession,CISLR_v1.5-a_videos/weWGeNNGQSM_1.mp4,test
wedIVeQMY1k,girl,5.0,human,CISLR_v1.5-a_videos/wedIVeQMY1k.mp4,test
wf5rLp6YTCQ_1,re employment,7.0,banking,CISLR_v1.5-a_videos/wf5rLp6YTCQ_1.mp4,prototype
wf7d8Ok1PvA_1,united states of america,7.0,geography,CISLR_v1.5-a_videos/wf7d8Ok1PvA_1.mp4,test
wfHGKTc0WuY,wool,5.0,utility item,CISLR_v1.5-a_videos/wfHGKTc0WuY.mp4,test
wgb8ncghBN4_2,intermal combustion engine,9.0,chemistry,CISLR_v1.5-a_videos/wgb8ncghBN4_2.mp4,prototype
wgrN2DNXukc,sandwich,5.0,foods and drinks,CISLR_v1.5-a_videos/wgrN2DNXukc.mp4,test
wgvsWR2YWxo,plenty,4.0,attribute,CISLR_v1.5-a_videos/wgvsWR2YWxo.mp4,test
whLOS_LCl9U,younger brother,3.0,relation,CISLR_v1.5-a_videos/whLOS_LCl9U.mp4,prototype
wh_GS78OuYQ,milkman,6.0,profession,CISLR_v1.5-a_videos/wh_GS78OuYQ.mp4,test
whkRlb-0s94_1,saloon,7.0,construction,CISLR_v1.5-a_videos/whkRlb-0s94_1.mp4,prototype
whmbYHrlP-A_1,tell,7.0,action,CISLR_v1.5-a_videos/whmbYHrlP-A_1.mp4,test
whvKyzLJ6Mc_1,lion,7.0,flora and fauna,CISLR_v1.5-a_videos/whvKyzLJ6Mc_1.mp4,test
wi-dI81iYSY_1,single entry,9.0,quantity,CISLR_v1.5-a_videos/wi-dI81iYSY_1.mp4,prototype
wiemsBV5e08,sweet lime,5.0,foods and drinks,CISLR_v1.5-a_videos/wiemsBV5e08.mp4,test
wkdHGN4OO-I,raise,4.0,action,CISLR_v1.5-a_videos/wkdHGN4OO-I.mp4,test
wku-gtLtQyI_1,lapse,10.0,banking,CISLR_v1.5-a_videos/wku-gtLtQyI_1.mp4,prototype
wlPKT6teWGk_1,letter of authority,9.0,authority,CISLR_v1.5-a_videos/wlPKT6teWGk_1.mp4,prototype
wnhTdzfceXA_1,misappropriation,10.0,emotion,CISLR_v1.5-a_videos/wnhTdzfceXA_1.mp4,prototype
woQgNTk9IIE,eggplant,6.0,foods and drinks,CISLR_v1.5-a_videos/woQgNTk9IIE.mp4,prototype
woo5-4amwJ0,rjd,3.0,politics,CISLR_v1.5-a_videos/woo5-4amwJ0.mp4,test
wpUgLTxBXns,lecturer,5.0,education,CISLR_v1.5-a_videos/wpUgLTxBXns.mp4,test
wpmDoeOl2qY,steady current,8.0,physics,CISLR_v1.5-a_videos/wpmDoeOl2qY.mp4,prototype
wq4yQ4OdJ5U_2,freexing,7.0,behavior,CISLR_v1.5-a_videos/wq4yQ4OdJ5U_2.mp4,prototype
wqFLr0dsRTA_1,toothpaste,6.0,utility item,CISLR_v1.5-a_videos/wqFLr0dsRTA_1.mp4,test
wqrZVsLOR_A_2,anticlockwise,11.0,metric,CISLR_v1.5-a_videos/wqrZVsLOR_A_2.mp4,test
wqvjAdWgJ4o_2,planet,12.0,astronomical,CISLR_v1.5-a_videos/wqvjAdWgJ4o_2.mp4,test
wru3RdDTafg,waxing,6.0,action,CISLR_v1.5-a_videos/wru3RdDTafg.mp4,prototype
wsRNKesle6I_1,mathematics,6.0,math,CISLR_v1.5-a_videos/wsRNKesle6I_1.mp4,prototype
wsWElJBdZcA,zambia,4.0,geography,CISLR_v1.5-a_videos/wsWElJBdZcA.mp4,prototype
wsXbxNK7ROM_2,oscillator,8.0,instrument,CISLR_v1.5-a_videos/wsXbxNK7ROM_2.mp4,prototype
ws_qjks_TFo,zoo,6.0,geography,CISLR_v1.5-a_videos/ws_qjks_TFo.mp4,test
wsxvzzgBO1M_1,harmonium,6.0,sound,CISLR_v1.5-a_videos/wsxvzzgBO1M_1.mp4,test
wsy4LqAJq8E_1,monitoring,9.0,action,CISLR_v1.5-a_videos/wsy4LqAJq8E_1.mp4,prototype
wtN-hVs7sYw_1,myself,7.0,language,CISLR_v1.5-a_videos/wtN-hVs7sYw_1.mp4,test
wtXCZaGIQsk,backyard system of poultry,15.0,process,CISLR_v1.5-a_videos/wtXCZaGIQsk.mp4,prototype
wtaxFUrko34,parking,5.0,transport,CISLR_v1.5-a_videos/wtaxFUrko34.mp4,test
wtr_LSVYecQ_1,teach,5.0,action,CISLR_v1.5-a_videos/wtr_LSVYecQ_1.mp4,test
wu_tcc63EjM_2,concave mirror,10.0,physics,CISLR_v1.5-a_videos/wu_tcc63EjM_2.mp4,prototype
wubfL2VbBLY,cat,5.0,flora and fauna,CISLR_v1.5-a_videos/wubfL2VbBLY.mp4,test
wwGDiruyGH8_1,mogra,7.0,flora and fauna,CISLR_v1.5-a_videos/wwGDiruyGH8_1.mp4,test
wwQV7dGvw0s_2,green,9.0,colour,CISLR_v1.5-a_videos/wwQV7dGvw0s_2.mp4,test
wwTa3v_SLew,fray  edges,11.0,time,CISLR_v1.5-a_videos/wwTa3v_SLew.mp4,prototype
wwVkDiHS9FM_1,pongal,6.0,event,CISLR_v1.5-a_videos/wwVkDiHS9FM_1.mp4,prototype
wwf3PXeSfsg_1,thriff,8.0,banking,CISLR_v1.5-a_videos/wwf3PXeSfsg_1.mp4,prototype
wx8pMHRIYho,motorcycle,5.0,transport,CISLR_v1.5-a_videos/wx8pMHRIYho.mp4,test
wxH6fMp_1PY_1,waiting list,10.0,utility item,CISLR_v1.5-a_videos/wxH6fMp_1PY_1.mp4,prototype
wxZHsP8osZo_1,orange,9.0,abstract,CISLR_v1.5-a_videos/wxZHsP8osZo_1.mp4,test
wyDi2hGYZmg,forehead,5.0,biology,CISLR_v1.5-a_videos/wyDi2hGYZmg.mp4,prototype
wyq5UGADJrw_1,leave duty,8.0,profession,CISLR_v1.5-a_videos/wyq5UGADJrw_1.mp4,prototype
wyu_qsxDouM_1,buy,7.0,action,CISLR_v1.5-a_videos/wyu_qsxDouM_1.mp4,prototype
wzz6Gt0EotA,balloon,3.0,utility item,CISLR_v1.5-a_videos/wzz6Gt0EotA.mp4,test
x-Bc7ssevU8,zimbabwe,5.0,geography,CISLR_v1.5-a_videos/x-Bc7ssevU8.mp4,prototype
x-K2eMJl34k_1,clock,8.0,utility item,CISLR_v1.5-a_videos/x-K2eMJl34k_1.mp4,test
x-anjlR2rMc,economic importance of fish in india,12.0,banking,CISLR_v1.5-a_videos/x-anjlR2rMc.mp4,prototype
x-lubm0ha08,mahatma gandhi,5.0,human,CISLR_v1.5-a_videos/x-lubm0ha08.mp4,prototype
x-uAyPToZMs,license,4.0,legal,CISLR_v1.5-a_videos/x-uAyPToZMs.mp4,test
x0JU-zUFnS4_1,grandmother,11.0,relation,CISLR_v1.5-a_videos/x0JU-zUFnS4_1.mp4,test
x1Abu6sfP5A,rajdhani train,4.0,transport,CISLR_v1.5-a_videos/x1Abu6sfP5A.mp4,test
x1PWeacqP-w_1,dasara,7.0,religious,CISLR_v1.5-a_videos/x1PWeacqP-w_1.mp4,test
x1S_tnc_djk,distribute,4.0,action,CISLR_v1.5-a_videos/x1S_tnc_djk.mp4,test
x2fCZCCqh3E_1,movable property,10.0,legal,CISLR_v1.5-a_videos/x2fCZCCqh3E_1.mp4,prototype
x3H9ltkR_vM,el salvador,4.0,geography,CISLR_v1.5-a_videos/x3H9ltkR_vM.mp4,prototype
x3JBmtirJQ0_1,revalidation,12.0,action,CISLR_v1.5-a_videos/x3JBmtirJQ0_1.mp4,prototype
x3WXPajc1UQ,bleeding disorders,6.0,medical,CISLR_v1.5-a_videos/x3WXPajc1UQ.mp4,prototype
x3nuREvEwis,kick out,4.0,group,CISLR_v1.5-a_videos/x3nuREvEwis.mp4,prototype
x4I6cO9p77Y_1,submission,6.0,education,CISLR_v1.5-a_videos/x4I6cO9p77Y_1.mp4,prototype
x5VIvDZhXNg,angry,3.0,emotion,CISLR_v1.5-a_videos/x5VIvDZhXNg.mp4,test
x5dEKDXkXQY_1,welder,6.0,profession,CISLR_v1.5-a_videos/x5dEKDXkXQY_1.mp4,test
x6O_GrimQMw,chennai,4.0,geography,CISLR_v1.5-a_videos/x6O_GrimQMw.mp4,test
x77fC4-wJ8c,suggest,3.0,action,CISLR_v1.5-a_videos/x77fC4-wJ8c.mp4,prototype
x7CtEdG8eAY_1,hear,8.0,sound,CISLR_v1.5-a_videos/x7CtEdG8eAY_1.mp4,test
x7Gd1PNDGj4_2,triangle,13.0,math,CISLR_v1.5-a_videos/x7Gd1PNDGj4_2.mp4,test
x7SV2p_-rPE,brain,6.0,biology,CISLR_v1.5-a_videos/x7SV2p_-rPE.mp4,test
x7TnEHc0viU,tractor,4.0,transport,CISLR_v1.5-a_videos/x7TnEHc0viU.mp4,test
xA8hTvpWbh0_1,month,6.0,time,CISLR_v1.5-a_videos/xA8hTvpWbh0_1.mp4,test
xAwnTMH15-s_1,sleep,7.0,action,CISLR_v1.5-a_videos/xAwnTMH15-s_1.mp4,test
xBLGhif1BWI,place,4.0,spatial position,CISLR_v1.5-a_videos/xBLGhif1BWI.mp4,prototype
xBvqQ50Vlcg_1,settle,7.0,action,CISLR_v1.5-a_videos/xBvqQ50Vlcg_1.mp4,prototype
xBwnNDnOPGM,north korea,4.0,geography,CISLR_v1.5-a_videos/xBwnNDnOPGM.mp4,prototype
xD3S5OUhSRs,boat,5.0,transport,CISLR_v1.5-a_videos/xD3S5OUhSRs.mp4,prototype
xDFgS6-OSkY,seam allowance,11.0,quantity,CISLR_v1.5-a_videos/xDFgS6-OSkY.mp4,prototype
xEKHtFeWzSM_2,lubrication oil,8.0,substance,CISLR_v1.5-a_videos/xEKHtFeWzSM_2.mp4,prototype
xEUbXwWImbc_1,compulsory,7.0,education,CISLR_v1.5-a_videos/xEUbXwWImbc_1.mp4,prototype
xEp-ufgrq-g,swallow,7.0,biology,CISLR_v1.5-a_videos/xEp-ufgrq-g.mp4,test
xFB6kz5WkvA_1,housing loan,8.0,banking,CISLR_v1.5-a_videos/xFB6kz5WkvA_1.mp4,prototype
xGkS3isNXXc,modern,4.0,time,CISLR_v1.5-a_videos/xGkS3isNXXc.mp4,test
xGmkipo2jsM_1,hut,6.0,construction,CISLR_v1.5-a_videos/xGmkipo2jsM_1.mp4,prototype
xH84YCP65HE,fitted,10.0,attribute,CISLR_v1.5-a_videos/xH84YCP65HE.mp4,prototype
xHgqrgu0NB0,corporation bank,4.0,banking,CISLR_v1.5-a_videos/xHgqrgu0NB0.mp4,prototype
xIOA0k1ZLMk,hot air balloon,9.0,transport,CISLR_v1.5-a_videos/xIOA0k1ZLMk.mp4,test
xIc5zEX3vSY_2,illegal,8.0,legal,CISLR_v1.5-a_videos/xIc5zEX3vSY_2.mp4,test
xIh1wMuXgJs_1,wood,8.0,miscellaneous object,CISLR_v1.5-a_videos/xIh1wMuXgJs_1.mp4,test
xJMONi1L3S8_1,peak,9.0,spatial position,CISLR_v1.5-a_videos/xJMONi1L3S8_1.mp4,test
xKRO8sRM6yQ_1,government,7.0,authority,CISLR_v1.5-a_videos/xKRO8sRM6yQ_1.mp4,test
xL-DC_wV5_E_1,standard,6.0,comparator,CISLR_v1.5-a_videos/xL-DC_wV5_E_1.mp4,prototype
xLArhlTY728_1,day,5.0,time,CISLR_v1.5-a_videos/xLArhlTY728_1.mp4,test
xLWzYC5VgPA_2,rural development,10.0,organisation,CISLR_v1.5-a_videos/xLWzYC5VgPA_2.mp4,prototype
xMaMOHTmML4,turn,5.0,action,CISLR_v1.5-a_videos/xMaMOHTmML4.mp4,test
xMvpodrz6dM,idea,5.0,abstract,CISLR_v1.5-a_videos/xMvpodrz6dM.mp4,prototype
xND6JDuQ05A_1,mary,6.0,human,CISLR_v1.5-a_videos/xND6JDuQ05A_1.mp4,prototype
xOxrAcyAcII,renovation,13.0,action,CISLR_v1.5-a_videos/xOxrAcyAcII.mp4,prototype
xPY0EW3HkQU_1,shoe,7.0,wearable,CISLR_v1.5-a_videos/xPY0EW3HkQU_1.mp4,test
xPkil4VFr0A,open circuit,15.0,physics,CISLR_v1.5-a_videos/xPkil4VFr0A.mp4,prototype
xQ24Y6Y7wvE_1,acceptance clean,12.0,banking,CISLR_v1.5-a_videos/xQ24Y6Y7wvE_1.mp4,prototype
xQIXN-eQZ7I,fever,7.0,medical,CISLR_v1.5-a_videos/xQIXN-eQZ7I.mp4,prototype
xQgu-lCEmO4_2,pendulum,12.0,miscellaneous object,CISLR_v1.5-a_videos/xQgu-lCEmO4_2.mp4,prototype
xR3xDmZZCCI,city,5.0,geography,CISLR_v1.5-a_videos/xR3xDmZZCCI.mp4,test
xS2EEES-n8I_1,margin,8.0,banking,CISLR_v1.5-a_videos/xS2EEES-n8I_1.mp4,prototype
xSAoWBeLvfo,injury,3.0,medical,CISLR_v1.5-a_videos/xSAoWBeLvfo.mp4,prototype
xSDCy2uCWSs_1,rubber,7.0,utility item,CISLR_v1.5-a_videos/xSDCy2uCWSs_1.mp4,test
xTQHYVNuH2I,bindi,4.0,wearable,CISLR_v1.5-a_videos/xTQHYVNuH2I.mp4,prototype
xTirP9sB_SY_1,education,6.0,education,CISLR_v1.5-a_videos/xTirP9sB_SY_1.mp4,test
xTu2lteTqAY,parapet,7.0,construction,CISLR_v1.5-a_videos/xTu2lteTqAY.mp4,prototype
xVCIBUlDlkE_1,cheque mutilated,9.0,banking,CISLR_v1.5-a_videos/xVCIBUlDlkE_1.mp4,prototype
xVOUQdl7ejY_1,beak,7.0,biology,CISLR_v1.5-a_videos/xVOUQdl7ejY_1.mp4,test
xVgr78Og8o8_1,cash credit,9.0,banking,CISLR_v1.5-a_videos/xVgr78Og8o8_1.mp4,prototype
xVuM_WPsOB8_1,dangerous,6.0,attribute,CISLR_v1.5-a_videos/xVuM_WPsOB8_1.mp4,prototype
xWlgNHh5ino,bow tie,5.0,wearable,CISLR_v1.5-a_videos/xWlgNHh5ino.mp4,prototype
xXykGIC9Yfg,reception,4.0,behavior,CISLR_v1.5-a_videos/xXykGIC9Yfg.mp4,test
xY-hLKnjahw,calculator,4.0,math,CISLR_v1.5-a_videos/xY-hLKnjahw.mp4,test
xY5tQfR7BiI_1,video camera,8.0,electronic and electrical,CISLR_v1.5-a_videos/xY5tQfR7BiI_1.mp4,test
xYWHiCUuoi4_1,chess,6.0,sport,CISLR_v1.5-a_videos/xYWHiCUuoi4_1.mp4,prototype
xYne01OLqHU_1,tuberculosis,9.0,medical,CISLR_v1.5-a_videos/xYne01OLqHU_1.mp4,test
xZUbYeF9fkI_1,mime,6.0,gesture,CISLR_v1.5-a_videos/xZUbYeF9fkI_1.mp4,prototype
xbBwbQ6AZv4,nominee,7.0,human,CISLR_v1.5-a_videos/xbBwbQ6AZv4.mp4,prototype
xbw9Df1DFa8_1,low,7.0,geography,CISLR_v1.5-a_videos/xbw9Df1DFa8_1.mp4,prototype
xcL50crTgMs,tipped tool,15.0,instrument,CISLR_v1.5-a_videos/xcL50crTgMs.mp4,prototype
xcd8lsPxlP4_1,dry,6.0,attribute,CISLR_v1.5-a_videos/xcd8lsPxlP4_1.mp4,prototype
xeYJvtWDsnA,ornithology,9.0,biology,CISLR_v1.5-a_videos/xeYJvtWDsnA.mp4,prototype
xfKR5ftbHKg_1,single owner,7.0,attribute,CISLR_v1.5-a_videos/xfKR5ftbHKg_1.mp4,prototype
xfqgrQ_r3Tw_1,frog,7.0,flora and fauna,CISLR_v1.5-a_videos/xfqgrQ_r3Tw_1.mp4,test
xgKs0R0K6M4,impure,5.0,substance,CISLR_v1.5-a_videos/xgKs0R0K6M4.mp4,prototype
xgQSpL99krE_1,ginger,7.0,foods and drinks,CISLR_v1.5-a_videos/xgQSpL99krE_1.mp4,test
xgU5S08eD90,approximate,4.0,metric,CISLR_v1.5-a_videos/xgU5S08eD90.mp4,test
xghJ6vKFuKQ,bad language,4.0,language,CISLR_v1.5-a_videos/xghJ6vKFuKQ.mp4,test
xgtcWuX0mdU_2,funding,6.0,banking,CISLR_v1.5-a_videos/xgtcWuX0mdU_2.mp4,prototype
xiUZYUTW660_1,account inoperative,15.0,banking,CISLR_v1.5-a_videos/xiUZYUTW660_1.mp4,prototype
xiX4tAUoNXs_1,lie,6.0,action,CISLR_v1.5-a_videos/xiX4tAUoNXs_1.mp4,test
xj41dOgAdK8_1,skip,6.0,action,CISLR_v1.5-a_videos/xj41dOgAdK8_1.mp4,prototype
xjCStYhMoBE,threading,5.0,process,CISLR_v1.5-a_videos/xjCStYhMoBE.mp4,prototype
xlX3VgcSz_o_1,pencil,5.0,utility item,CISLR_v1.5-a_videos/xlX3VgcSz_o_1.mp4,test
xlb5E0TnGtM_2,physics,10.0,physics,CISLR_v1.5-a_videos/xlb5E0TnGtM_2.mp4,test
xm1ZPkvHnL8_1,tailer,7.0,profession,CISLR_v1.5-a_videos/xm1ZPkvHnL8_1.mp4,prototype
xm2Vju9w0-I,hotel,5.0,construction,CISLR_v1.5-a_videos/xm2Vju9w0-I.mp4,test
xnQ61pjVinc_1,applicant,11.0,human,CISLR_v1.5-a_videos/xnQ61pjVinc_1.mp4,test
xnZNmESjKrQ,shopkeeper,5.0,profession,CISLR_v1.5-a_videos/xnZNmESjKrQ.mp4,test
xoSQfP-1A-c,ajmer sharif dargah,6.0,religious,CISLR_v1.5-a_videos/xoSQfP-1A-c.mp4,prototype
xoqqrOjlpD8_1,mahavir jayanthi,7.0,event,CISLR_v1.5-a_videos/xoqqrOjlpD8_1.mp4,prototype
xpy5egrPAZ0,sai baba,5.0,religious,CISLR_v1.5-a_videos/xpy5egrPAZ0.mp4,prototype
xqWx6o5iue4,express,4.0,action,CISLR_v1.5-a_videos/xqWx6o5iue4.mp4,test
xqvVfaJrM0A,nail,4.0,biology,CISLR_v1.5-a_videos/xqvVfaJrM0A.mp4,test
xtolpEBm2ro,predict,7.0,action,CISLR_v1.5-a_videos/xtolpEBm2ro.mp4,prototype
xu3e-IU_xRM,expensive,4.0,attribute,CISLR_v1.5-a_videos/xu3e-IU_xRM.mp4,test
xuOaEQ2bdb0_1,wednesday,5.0,time,CISLR_v1.5-a_videos/xuOaEQ2bdb0_1.mp4,test
xuh2imuKrI0,huawei mobile,6.0,organisation,CISLR_v1.5-a_videos/xuh2imuKrI0.mp4,prototype
xvZaGiHtuz0_1,insult,7.0,action,CISLR_v1.5-a_videos/xvZaGiHtuz0_1.mp4,test
xwAdIP51jIs,separate,3.0,action,CISLR_v1.5-a_videos/xwAdIP51jIs.mp4,test
xwgkeViNOwI,bell,5.0,miscellaneous object,CISLR_v1.5-a_videos/xwgkeViNOwI.mp4,test
xwhBXEev13o_1,extension counter,7.0,banking,CISLR_v1.5-a_videos/xwhBXEev13o_1.mp4,prototype
xwn7XQRbQnc_2,biconvex lens,11.0,physics,CISLR_v1.5-a_videos/xwn7XQRbQnc_2.mp4,prototype
xx3nZjHHL3s,minimum,4.0,comparator,CISLR_v1.5-a_videos/xx3nZjHHL3s.mp4,test
xx6t3kFyJuo,drill bit,8.0,machine,CISLR_v1.5-a_videos/xx6t3kFyJuo.mp4,prototype
xxTBbeG-pKY_1,mixer,7.0,machine,CISLR_v1.5-a_videos/xxTBbeG-pKY_1.mp4,test
xzu_Y3NfigY,jeweller,7.0,profession,CISLR_v1.5-a_videos/xzu_Y3NfigY.mp4,prototype
y-bSGi85wc0,hail,7.0,weather,CISLR_v1.5-a_videos/y-bSGi85wc0.mp4,prototype
y-rA7UuFbVM,available,4.0,attribute,CISLR_v1.5-a_videos/y-rA7UuFbVM.mp4,prototype
y0Qqh0iQ4HU_2,jupiter,10.0,astronomical,CISLR_v1.5-a_videos/y0Qqh0iQ4HU_2.mp4,prototype
y1XgtWNM-OM_1,december,5.0,time,CISLR_v1.5-a_videos/y1XgtWNM-OM_1.mp4,test
y1hvKgvxm5Q,what happened,4.0,abstract,CISLR_v1.5-a_videos/y1hvKgvxm5Q.mp4,prototype
y3ck7KPhSug,tie,4.0,wearable,CISLR_v1.5-a_videos/y3ck7KPhSug.mp4,test
y4CEIJJVt64,jalebi,8.0,foods and drinks,CISLR_v1.5-a_videos/y4CEIJJVt64.mp4,prototype
y57kJAluXeM_1,again,6.0,time,CISLR_v1.5-a_videos/y57kJAluXeM_1.mp4,test
y5IlRJzz8w8_1,comb,9.0,utility item,CISLR_v1.5-a_videos/y5IlRJzz8w8_1.mp4,test
y5LmYGbr428,dry,3.0,attribute,CISLR_v1.5-a_videos/y5LmYGbr428.mp4,test
y5RdDOf_lRw_1,target,8.0,abstract,CISLR_v1.5-a_videos/y5RdDOf_lRw_1.mp4,test
y6Y7pN0nzX8_1,sub lease,8.0,banking,CISLR_v1.5-a_videos/y6Y7pN0nzX8_1.mp4,prototype
y6iDMOz13sI_1,father-in-law,10.0,relation,CISLR_v1.5-a_videos/y6iDMOz13sI_1.mp4,test
y6xu7EyX0yU_1,month,5.0,time,CISLR_v1.5-a_videos/y6xu7EyX0yU_1.mp4,test
y707Jq7ORR4,voltmeter,13.0,instrument,CISLR_v1.5-a_videos/y707Jq7ORR4.mp4,test
y78hQDvKB_M,milad un nabi,4.0,human,CISLR_v1.5-a_videos/y78hQDvKB_M.mp4,prototype
y7FUr6B4Uh4,influence,3.0,action,CISLR_v1.5-a_videos/y7FUr6B4Uh4.mp4,test
y7z1pnJea4s_1,bucket,6.0,utility item,CISLR_v1.5-a_videos/y7z1pnJea4s_1.mp4,test
y89shn98vQo_2,total energy,8.0,physics,CISLR_v1.5-a_videos/y89shn98vQo_2.mp4,prototype
y8OT5FWMEl8_2,convex lens,11.0,physics,CISLR_v1.5-a_videos/y8OT5FWMEl8_2.mp4,prototype
y938xCsUbpo,stink,4.0,attribute,CISLR_v1.5-a_videos/y938xCsUbpo.mp4,prototype
y9c93mGmbHc_1,in multiples of,8.0,math,CISLR_v1.5-a_videos/y9c93mGmbHc_1.mp4,prototype
yB2sJTE2Mek,insect,6.0,flora and fauna,CISLR_v1.5-a_videos/yB2sJTE2Mek.mp4,test
yBcTyoUaFYU_1,puri,6.0,foods and drinks,CISLR_v1.5-a_videos/yBcTyoUaFYU_1.mp4,prototype
yBu6pCi5gag,iball mobile,6.0,electronic and electrical,CISLR_v1.5-a_videos/yBu6pCi5gag.mp4,prototype
yD9wwZmkJlw,shoes,3.0,wearable,CISLR_v1.5-a_videos/yD9wwZmkJlw.mp4,prototype
yEId-2X8Fpw_1,manufacture,7.0,process,CISLR_v1.5-a_videos/yEId-2X8Fpw_1.mp4,prototype
yFMHg6sTd6Y,clever,5.0,behavior,CISLR_v1.5-a_videos/yFMHg6sTd6Y.mp4,test
yG1xsd6JyfA,memory card,9.0,electronic and electrical,CISLR_v1.5-a_videos/yG1xsd6JyfA.mp4,prototype
yGWvP26FbEo,date,5.0,time,CISLR_v1.5-a_videos/yGWvP26FbEo.mp4,test
yGWvP26FbEo_1,date,5.0,time,CISLR_v1.5-a_videos/yGWvP26FbEo_1.mp4,test
yHBEcGgShh4,alloy wheel,12.0,miscellaneous object,CISLR_v1.5-a_videos/yHBEcGgShh4.mp4,prototype
yHWecq-Xzdc_1,missing,7.0,emotion,CISLR_v1.5-a_videos/yHWecq-Xzdc_1.mp4,prototype
yHfQFast5r0_1,re examine,7.0,banking,CISLR_v1.5-a_videos/yHfQFast5r0_1.mp4,prototype
yHgMtQOPid4_1,church,6.0,religious,CISLR_v1.5-a_videos/yHgMtQOPid4_1.mp4,prototype
yHnry-jqo3E_1,qualification essential,7.0,abstract,CISLR_v1.5-a_videos/yHnry-jqo3E_1.mp4,prototype
yI2JracrYZs_1,instalment,8.0,banking,CISLR_v1.5-a_videos/yI2JracrYZs_1.mp4,prototype
yItSQyTpwtQ_1,gate,7.0,construction,CISLR_v1.5-a_videos/yItSQyTpwtQ_1.mp4,test
yK14YhUwajU,flooring,8.0,construction,CISLR_v1.5-a_videos/yK14YhUwajU.mp4,prototype
yK2We-yP8MA,poultry production,9.0,flora and fauna,CISLR_v1.5-a_videos/yK2We-yP8MA.mp4,prototype
yLSyQAouIYw,sleeve board,8.0,utility item,CISLR_v1.5-a_videos/yLSyQAouIYw.mp4,prototype
yLnePZ71izk,joke,5.0,sensation,CISLR_v1.5-a_videos/yLnePZ71izk.mp4,prototype
yLpc_-hWZAA,bsnl,5.0,organisation,CISLR_v1.5-a_videos/yLpc_-hWZAA.mp4,prototype
yLphnfhAV_o,login,6.0,group,CISLR_v1.5-a_videos/yLphnfhAV_o.mp4,prototype
yMNGS-VZZj4,horizontal line,7.0,math,CISLR_v1.5-a_videos/yMNGS-VZZj4.mp4,prototype
yMqhsoFHB_Q_1,brother,13.0,relation,CISLR_v1.5-a_videos/yMqhsoFHB_Q_1.mp4,test
yMs5B2DUJ_0,land,5.0,geography,CISLR_v1.5-a_videos/yMs5B2DUJ_0.mp4,test
yN2a6Q27DX8_1,bone,9.0,medical,CISLR_v1.5-a_videos/yN2a6Q27DX8_1.mp4,test
yN_t_vc97fI_1,merit and demerits,8.0,quality,CISLR_v1.5-a_videos/yN_t_vc97fI_1.mp4,prototype
yNv7aFGlGFA,towel,4.0,utility item,CISLR_v1.5-a_videos/yNv7aFGlGFA.mp4,test
yOTZBisOdZs_1,labour,10.0,profession,CISLR_v1.5-a_videos/yOTZBisOdZs_1.mp4,prototype
yOkZgJliKfo_1,concession,8.0,banking,CISLR_v1.5-a_videos/yOkZgJliKfo_1.mp4,prototype
yQ1BONWNLrE,state bank of india,6.0,organisation,CISLR_v1.5-a_videos/yQ1BONWNLrE.mp4,prototype
yQ7kMY9kDlM,rent,3.0,legal,CISLR_v1.5-a_videos/yQ7kMY9kDlM.mp4,test
yQXFOVuS7r8,green,6.0,colour,CISLR_v1.5-a_videos/yQXFOVuS7r8.mp4,test
yRHS5fY6bVQ_1,shift,7.0,spatial position,CISLR_v1.5-a_videos/yRHS5fY6bVQ_1.mp4,test
yRoamy-gOgY,spice jet,6.0,organisation,CISLR_v1.5-a_videos/yRoamy-gOgY.mp4,prototype
yS482mzgCwo,pass,3.0,miscellaneous object,CISLR_v1.5-a_videos/yS482mzgCwo.mp4,test
yS4sjP4C-ko,marking table,15.0,utility item,CISLR_v1.5-a_videos/yS4sjP4C-ko.mp4,prototype
ySSixQMf7is,grill,8.0,construction,CISLR_v1.5-a_videos/ySSixQMf7is.mp4,prototype
yT93i9RcLFk,nervous,5.0,emotion,CISLR_v1.5-a_videos/yT93i9RcLFk.mp4,test
yTmK54y80bs,malawi,3.0,geography,CISLR_v1.5-a_videos/yTmK54y80bs.mp4,prototype
yUHZhwPUfRk_1,account rupee,14.0,banking,CISLR_v1.5-a_videos/yUHZhwPUfRk_1.mp4,prototype
yVGctxtkXqA,dermatits,12.0,medical,CISLR_v1.5-a_videos/yVGctxtkXqA.mp4,prototype
yVNuNrwFZ1c_2,concave lens,11.0,physics,CISLR_v1.5-a_videos/yVNuNrwFZ1c_2.mp4,prototype
yVj4srfLfSc,gurudwara,5.0,religious,CISLR_v1.5-a_videos/yVj4srfLfSc.mp4,prototype
yW6uqjLFKgU_2,triode,11.0,electronic and electrical,CISLR_v1.5-a_videos/yW6uqjLFKgU_2.mp4,prototype
yWRsnrs4C5w,standard,5.0,comparator,CISLR_v1.5-a_videos/yWRsnrs4C5w.mp4,test
yXkOz_A01t0_1,may,5.0,time,CISLR_v1.5-a_videos/yXkOz_A01t0_1.mp4,test
yXrES1RSoV8,humped,15.0,biology,CISLR_v1.5-a_videos/yXrES1RSoV8.mp4,prototype
yXtu327tJ28,peacock,4.0,flora and fauna,CISLR_v1.5-a_videos/yXtu327tJ28.mp4,test
yY9c0CnaXgA_1,thank you,7.0,gesture,CISLR_v1.5-a_videos/yY9c0CnaXgA_1.mp4,test
yYJBee_uP-A_1,stubborn,6.0,quality,CISLR_v1.5-a_videos/yYJBee_uP-A_1.mp4,prototype
yYXL6MOhLUo,all india trinamool congress,4.0,politics,CISLR_v1.5-a_videos/yYXL6MOhLUo.mp4,prototype
yYf_JyfDvLU,ireland,4.0,geography,CISLR_v1.5-a_videos/yYf_JyfDvLU.mp4,prototype
yYgwZxLlykw_1,exemption,8.0,banking,CISLR_v1.5-a_videos/yYgwZxLlykw_1.mp4,prototype
yYn7-CCwLkM_1,identification,8.0,action,CISLR_v1.5-a_videos/yYn7-CCwLkM_1.mp4,prototype
yZ6LzjeoTsY,jewel neckline`,5.0,wearable,CISLR_v1.5-a_videos/yZ6LzjeoTsY.mp4,prototype
yZK6l1dikVk_1,reach,7.0,action,CISLR_v1.5-a_videos/yZK6l1dikVk_1.mp4,test
yZlMisXPUms,humid,5.0,weather,CISLR_v1.5-a_videos/yZlMisXPUms.mp4,test
y_q_egfFoq0,mass,5.0,physics,CISLR_v1.5-a_videos/y_q_egfFoq0.mp4,prototype
yapwq7Lkgxw_1,toilet,7.0,construction,CISLR_v1.5-a_videos/yapwq7Lkgxw_1.mp4,test
ybwfsqkf8Sw_1,nect tie,7.0,utility item,CISLR_v1.5-a_videos/ybwfsqkf8Sw_1.mp4,test
yeArkcTSTdw_1,retum inward,10.0,action,CISLR_v1.5-a_videos/yeArkcTSTdw_1.mp4,prototype
yeOgJ3nK-pM_1,salwar kameez,7.0,wearable,CISLR_v1.5-a_videos/yeOgJ3nK-pM_1.mp4,test
yebEzbBOQl4,encourage,6.0,action,CISLR_v1.5-a_videos/yebEzbBOQl4.mp4,test
yffUIRSERd0_2,biconcave lens,11.0,physics,CISLR_v1.5-a_videos/yffUIRSERd0_2.mp4,prototype
yftcPJvbkhg,rinderpest,13.0,medical,CISLR_v1.5-a_videos/yftcPJvbkhg.mp4,prototype
yhCvtSaTMvg_1,thin,6.0,quality,CISLR_v1.5-a_videos/yhCvtSaTMvg_1.mp4,test
yi--S0oh64s,careful,5.0,attribute,CISLR_v1.5-a_videos/yi--S0oh64s.mp4,test
yi14hGwVzKM,window garden,10.0,construction,CISLR_v1.5-a_videos/yi14hGwVzKM.mp4,prototype
yiVSKw0srMA,coffee rust,15.0,flora and fauna,CISLR_v1.5-a_videos/yiVSKw0srMA.mp4,prototype
yjFM1hV0hy8_1,history,6.0,education,CISLR_v1.5-a_videos/yjFM1hV0hy8_1.mp4,prototype
yjI4oup9SFU,watch,3.0,electronic and electrical,CISLR_v1.5-a_videos/yjI4oup9SFU.mp4,test
yjnm43fEimY,ball,4.0,sport,CISLR_v1.5-a_videos/yjnm43fEimY.mp4,test
yk1x10hOd1M,pen,3.0,utility item,CISLR_v1.5-a_videos/yk1x10hOd1M.mp4,test
yk4B-asWh0I_1,asia,7.0,geography,CISLR_v1.5-a_videos/yk4B-asWh0I_1.mp4,test
ykCLJ3U0Ir4_1,dirty,7.0,quality,CISLR_v1.5-a_videos/ykCLJ3U0Ir4_1.mp4,test
ylCAApFrP88,two days before,3.0,time,CISLR_v1.5-a_videos/ylCAApFrP88.mp4,prototype
ym0KmkKQBW0_2,security deposit,9.0,legal,CISLR_v1.5-a_videos/ym0KmkKQBW0_2.mp4,prototype
ym9Nx-zkmEM,faucet aerator,8.0,instrument,CISLR_v1.5-a_videos/ym9Nx-zkmEM.mp4,prototype
ymvaZ1cxW2s,gurudwara,5.0,religious,CISLR_v1.5-a_videos/ymvaZ1cxW2s.mp4,test
ynTx1KLLvng_1,supervision,9.0,action,CISLR_v1.5-a_videos/ynTx1KLLvng_1.mp4,prototype
ynZd-HeXGnc,outdated,5.0,time,CISLR_v1.5-a_videos/ynZd-HeXGnc.mp4,prototype
ynqXIbWTRp4_1,wind,7.0,weather,CISLR_v1.5-a_videos/ynqXIbWTRp4_1.mp4,test
ynvL576W11k,pink,6.0,abstract,CISLR_v1.5-a_videos/ynvL576W11k.mp4,test
yo9-6O8jNXQ_1,share capital,10.0,banking,CISLR_v1.5-a_videos/yo9-6O8jNXQ_1.mp4,prototype
yoG_mrM8Hg8,it's raining cats and dogs,7.0,weather,CISLR_v1.5-a_videos/yoG_mrM8Hg8.mp4,prototype
ypWkhczB2tY,bladder cancer,13.0,medical,CISLR_v1.5-a_videos/ypWkhczB2tY.mp4,prototype
ypvx1Fn3_GE_1,cunning,6.0,behavior,CISLR_v1.5-a_videos/ypvx1Fn3_GE_1.mp4,test
yqRuuOhG1Cs,bag,4.0,utility item,CISLR_v1.5-a_videos/yqRuuOhG1Cs.mp4,test
yr0Mkvkfmi8_2,violet,10.0,abstract,CISLR_v1.5-a_videos/yr0Mkvkfmi8_2.mp4,prototype
ysoReRp9l9A_1,surprise,6.0,gesture,CISLR_v1.5-a_videos/ysoReRp9l9A_1.mp4,test
ytA5JcAmS48,diseases and enemies of fish,15.0,biology,CISLR_v1.5-a_videos/ytA5JcAmS48.mp4,prototype
yuJ6ZBt0MBw,yoga,4.0,sport,CISLR_v1.5-a_videos/yuJ6ZBt0MBw.mp4,prototype
yuo_oeBoTKk,upset,4.0,behavior,CISLR_v1.5-a_videos/yuo_oeBoTKk.mp4,test
yv3O0xFD6O8,women jail,15.0,construction,CISLR_v1.5-a_videos/yv3O0xFD6O8.mp4,prototype
ywSGE7YCdCM_1,dinner,6.0,foods and drinks,CISLR_v1.5-a_videos/ywSGE7YCdCM_1.mp4,prototype
yylUDwKKvxY,kaposi sarcoma,7.0,biology,CISLR_v1.5-a_videos/yylUDwKKvxY.mp4,prototype
yymmblO1-8U_1,borrow,6.0,action,CISLR_v1.5-a_videos/yymmblO1-8U_1.mp4,prototype
yzXgc9ZNbFI,float,11.0,instrument,CISLR_v1.5-a_videos/yzXgc9ZNbFI.mp4,test
z-gika19BqU,old,4.0,human,CISLR_v1.5-a_videos/z-gika19BqU.mp4,test
z-ke4RyMx_w,accordion,6.0,sound,CISLR_v1.5-a_videos/z-ke4RyMx_w.mp4,prototype
z-uZFPcqtcQ,oppo mobile,6.0,electronic and electrical,CISLR_v1.5-a_videos/z-uZFPcqtcQ.mp4,prototype
z1VPeFV_ew4,pencil,3.0,utility item,CISLR_v1.5-a_videos/z1VPeFV_ew4.mp4,test
z1X_LnA8wRE_1,small savings scheme,9.0,banking,CISLR_v1.5-a_videos/z1X_LnA8wRE_1.mp4,prototype
z2B7VrBSA5c,friend,5.0,relation,CISLR_v1.5-a_videos/z2B7VrBSA5c.mp4,test
z2ETf2ExVsU_1,father,10.0,relation,CISLR_v1.5-a_videos/z2ETf2ExVsU_1.mp4,test
z2uEKj1aWd4,modern roof,8.0,construction,CISLR_v1.5-a_videos/z2uEKj1aWd4.mp4,prototype
z3C2pnumALw,grandfather,5.0,relation,CISLR_v1.5-a_videos/z3C2pnumALw.mp4,test
z3iLB12a_O4,tri square,15.0,instrument,CISLR_v1.5-a_videos/z3iLB12a_O4.mp4,prototype
z4AQcUmPyxg,drug,5.0,substance,CISLR_v1.5-a_videos/z4AQcUmPyxg.mp4,test
z4D6TU11HbE,rubber,4.0,utility item,CISLR_v1.5-a_videos/z4D6TU11HbE.mp4,test
z4vokrd75OM,rich,7.0,attribute,CISLR_v1.5-a_videos/z4vokrd75OM.mp4,test
z5T2c_s6kwI,mountain,6.0,geography,CISLR_v1.5-a_videos/z5T2c_s6kwI.mp4,test
z5mb_lff0uI_1,show,7.0,action,CISLR_v1.5-a_videos/z5mb_lff0uI_1.mp4,test
z5qHAG8YSrE,non vegetarian,6.0,foods and drinks,CISLR_v1.5-a_videos/z5qHAG8YSrE.mp4,prototype
z66yE3ILKuw,potato,4.0,foods and drinks,CISLR_v1.5-a_videos/z66yE3ILKuw.mp4,test
z672iUJ0b98,file,8.0,readable,CISLR_v1.5-a_videos/z672iUJ0b98.mp4,test
z6Y6UJn7Mr8_1,unanimous,8.0,legal,CISLR_v1.5-a_videos/z6Y6UJn7Mr8_1.mp4,prototype
z6_hXXO4vw8_1,taste,7.0,sensation,CISLR_v1.5-a_videos/z6_hXXO4vw8_1.mp4,test
z7fqi4_fZvI,material,5.0,substance,CISLR_v1.5-a_videos/z7fqi4_fZvI.mp4,test
z89wqxyMu6s_2,record,9.0,action,CISLR_v1.5-a_videos/z89wqxyMu6s_2.mp4,test
z8Yx1NXXgYM_1,vapour,7.0,substance,CISLR_v1.5-a_videos/z8Yx1NXXgYM_1.mp4,prototype
z8d961aDuUA_1,centimeter,7.0,metric,CISLR_v1.5-a_videos/z8d961aDuUA_1.mp4,prototype
z9Bb0RtVstk_1,kiss,6.0,action,CISLR_v1.5-a_videos/z9Bb0RtVstk_1.mp4,test
z9fE3-r78UE,ogle from head to toe,5.0,action,CISLR_v1.5-a_videos/z9fE3-r78UE.mp4,prototype
zBvs_GPf6Y8_1,granddaughter,12.0,relation,CISLR_v1.5-a_videos/zBvs_GPf6Y8_1.mp4,test
zCAa4hAv2AY,puzzle,5.0,process,CISLR_v1.5-a_videos/zCAa4hAv2AY.mp4,prototype
zCRxd9PBDXY_1,prompt action,7.0,action,CISLR_v1.5-a_videos/zCRxd9PBDXY_1.mp4,prototype
zCv73SvXmk8_1,leather,8.0,substance,CISLR_v1.5-a_videos/zCv73SvXmk8_1.mp4,test
zEhEGpPHGLE,elder brother,3.0,relation,CISLR_v1.5-a_videos/zEhEGpPHGLE.mp4,prototype
zEpIbqDKEh8,bipedal robot,9.0,machine,CISLR_v1.5-a_videos/zEpIbqDKEh8.mp4,prototype
zEth840lEVE,sari,3.0,wearable,CISLR_v1.5-a_videos/zEth840lEVE.mp4,test
zEv81qWK7yQ_1,cold drink,6.0,foods and drinks,CISLR_v1.5-a_videos/zEv81qWK7yQ_1.mp4,prototype
zF0-lsUa_RA_1,cat,7.0,flora and fauna,CISLR_v1.5-a_videos/zF0-lsUa_RA_1.mp4,test
zFykwvdCws8_1,thigh,8.0,biology,CISLR_v1.5-a_videos/zFykwvdCws8_1.mp4,prototype
zG_P--gEuOU_2,negligible,7.0,quantity,CISLR_v1.5-a_videos/zG_P--gEuOU_2.mp4,prototype
zGhfj0f_3bI_1,see,9.0,action,CISLR_v1.5-a_videos/zGhfj0f_3bI_1.mp4,test
zHSDpV4Ok2Q,behind,4.0,spatial position,CISLR_v1.5-a_videos/zHSDpV4Ok2Q.mp4,test
zHuGuas_2f8,body pain,8.0,medical,CISLR_v1.5-a_videos/zHuGuas_2f8.mp4,prototype
zIEMNYyHXHs,murder,15.0,action,CISLR_v1.5-a_videos/zIEMNYyHXHs.mp4,test
zI_8os97Bkc_1,run,5.0,action,CISLR_v1.5-a_videos/zI_8os97Bkc_1.mp4,test
zJRmEhzjtco,electrolyte,11.0,chemistry,CISLR_v1.5-a_videos/zJRmEhzjtco.mp4,prototype
zJmlqjm_b5g,woman,3.0,human,CISLR_v1.5-a_videos/zJmlqjm_b5g.mp4,test
zLxJPYBRIEM,garib rath express,5.0,transport,CISLR_v1.5-a_videos/zLxJPYBRIEM.mp4,prototype
zMSTQmwzW_s_1,subordinate,8.0,authority,CISLR_v1.5-a_videos/zMSTQmwzW_s_1.mp4,prototype
zMVhZxmiK-s,salesman,12.0,profession,CISLR_v1.5-a_videos/zMVhZxmiK-s.mp4,prototype
zOpA9-geIxA,minority,5.0,group,CISLR_v1.5-a_videos/zOpA9-geIxA.mp4,test
zPpdozLG2wU_1,study,6.0,action,CISLR_v1.5-a_videos/zPpdozLG2wU_1.mp4,test
zRAHq3wDY8A_1,proprietory,7.0,authority,CISLR_v1.5-a_videos/zRAHq3wDY8A_1.mp4,prototype
zRnkG-1N3jY_1,diwali,7.0,event,CISLR_v1.5-a_videos/zRnkG-1N3jY_1.mp4,test
zSGR1KaSZV4,hanuman,4.0,religious,CISLR_v1.5-a_videos/zSGR1KaSZV4.mp4,test
zSJ-3q6P4lQ,bluetooth,6.0,internet,CISLR_v1.5-a_videos/zSJ-3q6P4lQ.mp4,test
zSXKZb2Frqc_1,market,6.0,geography,CISLR_v1.5-a_videos/zSXKZb2Frqc_1.mp4,prototype
zSst5y5j_fI,lips,6.0,biology,CISLR_v1.5-a_videos/zSst5y5j_fI.mp4,test
zSwPgYew9xY_1,evening,7.0,time,CISLR_v1.5-a_videos/zSwPgYew9xY_1.mp4,test
zTxivCXMjdU_2,inter branch transaction,12.0,banking,CISLR_v1.5-a_videos/zTxivCXMjdU_2.mp4,prototype
zU-UAPxXzjU,abstract of account,11.0,banking,CISLR_v1.5-a_videos/zU-UAPxXzjU.mp4,prototype
zUFDbkEtC_E_2,property landed,12.0,banking,CISLR_v1.5-a_videos/zUFDbkEtC_E_2.mp4,prototype
zUtEmpaF7kM,plan,7.0,action,CISLR_v1.5-a_videos/zUtEmpaF7kM.mp4,test
zUzBN5DY_3A,mazdoor,4.0,profession,CISLR_v1.5-a_videos/zUzBN5DY_3A.mp4,prototype
zWdWqozClE4,chef,8.0,profession,CISLR_v1.5-a_videos/zWdWqozClE4.mp4,prototype
zXpbs2ztV4k_1,hearing aid,9.0,sound,CISLR_v1.5-a_videos/zXpbs2ztV4k_1.mp4,test
zYWxTgBpp5o_1,allergy,7.0,medical,CISLR_v1.5-a_videos/zYWxTgBpp5o_1.mp4,test
zYuR7aEr3SI_2,atmosphere,9.0,chemistry,CISLR_v1.5-a_videos/zYuR7aEr3SI_2.mp4,prototype
zZRHcEnMUnw_1,lizard,6.0,flora and fauna,CISLR_v1.5-a_videos/zZRHcEnMUnw_1.mp4,test
zZVuyuVTFW0,promotion,4.0,organisation,CISLR_v1.5-a_videos/zZVuyuVTFW0.mp4,test
zZdJ4ZLnw2U,constitutional rights,15.0,legal,CISLR_v1.5-a_videos/zZdJ4ZLnw2U.mp4,prototype
zZkjoooQRXk_1,sikh,6.0,religious,CISLR_v1.5-a_videos/zZkjoooQRXk_1.mp4,test
zZs0BXEssdQ,wave,5.0,physics,CISLR_v1.5-a_videos/zZs0BXEssdQ.mp4,test
z_736hEJX_M,diabetic,12.0,medical,CISLR_v1.5-a_videos/z_736hEJX_M.mp4,prototype
z_Tnhup1J5I,satisfied,4.0,attribute,CISLR_v1.5-a_videos/z_Tnhup1J5I.mp4,test
z_WykkCqulk,sick,4.0,medical,CISLR_v1.5-a_videos/z_WykkCqulk.mp4,test
z_kjd4rGuag,hug,5.0,gesture,CISLR_v1.5-a_videos/z_kjd4rGuag.mp4,test
zaCXh7eQO2Y,cash,4.0,banking,CISLR_v1.5-a_videos/zaCXh7eQO2Y.mp4,test
zaGjEBwl--8,ethics,5.0,behavior,CISLR_v1.5-a_videos/zaGjEBwl--8.mp4,test
zajXjC-yusI_2,surrounding,8.0,miscellaneous object,CISLR_v1.5-a_videos/zajXjC-yusI_2.mp4,prototype
zaxDTYvEeZw_2,notice board,9.0,utility item,CISLR_v1.5-a_videos/zaxDTYvEeZw_2.mp4,prototype
zbxW8XnyziA,airport,5.0,transport,CISLR_v1.5-a_videos/zbxW8XnyziA.mp4,test
zc7cBfgwiyI_1,spastic,7.0,medical,CISLR_v1.5-a_videos/zc7cBfgwiyI_1.mp4,prototype
zcKPzJMDkRw,roll,6.0,action,CISLR_v1.5-a_videos/zcKPzJMDkRw.mp4,test
zdGKXf_2HFA,jama masjid,5.0,religious,CISLR_v1.5-a_videos/zdGKXf_2HFA.mp4,prototype
zdVCE0zgZ64_1,steel,8.0,metal and minerals,CISLR_v1.5-a_videos/zdVCE0zgZ64_1.mp4,test
zdZNbKoJejY_1,approval,9.0,action,CISLR_v1.5-a_videos/zdZNbKoJejY_1.mp4,prototype
zeLeGWdpYiE_1,guilty,6.0,emotion,CISLR_v1.5-a_videos/zeLeGWdpYiE_1.mp4,test
zeRihgKBfB0,anti virus,8.0,computer,CISLR_v1.5-a_videos/zeRihgKBfB0.mp4,test
zfvnGrqiLMQ_1,australia,8.0,geography,CISLR_v1.5-a_videos/zfvnGrqiLMQ_1.mp4,test
zgJBDuqbPHM,hydathodes,11.0,biology,CISLR_v1.5-a_videos/zgJBDuqbPHM.mp4,prototype
zgQAKKtXOZY,background,4.0,spatial position,CISLR_v1.5-a_videos/zgQAKKtXOZY.mp4,prototype
zgq2AwN0qxs_1,heir,9.0,relation,CISLR_v1.5-a_videos/zgq2AwN0qxs_1.mp4,prototype
zhKQnsHLNeA,truck,4.0,transport,CISLR_v1.5-a_videos/zhKQnsHLNeA.mp4,test
zhxo7cEkSF8_1,reserve fund,8.0,banking,CISLR_v1.5-a_videos/zhxo7cEkSF8_1.mp4,prototype
zi11969STzc_1,sheep,8.0,flora and fauna,CISLR_v1.5-a_videos/zi11969STzc_1.mp4,test
zk-I0DPD4gk_1,water bottle,6.0,utility item,CISLR_v1.5-a_videos/zk-I0DPD4gk_1.mp4,prototype
zkLkrnOdDA0,floating plants,13.0,flora and fauna,CISLR_v1.5-a_videos/zkLkrnOdDA0.mp4,prototype
zkOqvdkGpS4,laptop,5.0,electronic and electrical,CISLR_v1.5-a_videos/zkOqvdkGpS4.mp4,test
zkQeGg5DkVc,rajasthan,4.0,geography,CISLR_v1.5-a_videos/zkQeGg5DkVc.mp4,test
zmcws5FplEc_1,friday,5.0,time,CISLR_v1.5-a_videos/zmcws5FplEc_1.mp4,test
zmrOAZ6FeHA_2,radio,8.0,electronic and electrical,CISLR_v1.5-a_videos/zmrOAZ6FeHA_2.mp4,test
znGl0a0R3io_2,edge,9.0,spatial position,CISLR_v1.5-a_videos/znGl0a0R3io_2.mp4,prototype
zoM2D2UeE18_2,kelvin,8.0,metric,CISLR_v1.5-a_videos/zoM2D2UeE18_2.mp4,prototype
zobbHZq0U4w,come,5.0,process,CISLR_v1.5-a_videos/zobbHZq0U4w.mp4,test
zpDZzjRrUmk,france,4.0,geography,CISLR_v1.5-a_videos/zpDZzjRrUmk.mp4,test
zqoQST3Oap8_1,first floor,8.0,construction,CISLR_v1.5-a_videos/zqoQST3Oap8_1.mp4,test
zrNSPG0BAPo,thumb lunula,8.0,medical,CISLR_v1.5-a_videos/zrNSPG0BAPo.mp4,prototype
zrf_bkZG9_E_2,strength,7.0,attribute,CISLR_v1.5-a_videos/zrf_bkZG9_E_2.mp4,test
zsaHFTWOIms_1,take over,9.0,action,CISLR_v1.5-a_videos/zsaHFTWOIms_1.mp4,prototype
zsfMMuKrUUg,wedding reception,5.0,event,CISLR_v1.5-a_videos/zsfMMuKrUUg.mp4,test
zskDexexPRo_2_Trim,hydrautic brake,11.0,machine,CISLR_v1.5-a_videos/zskDexexPRo_2_Trim.mp4,prototype
ztOfNdPNwAU_1,carrot,7.0,foods and drinks,CISLR_v1.5-a_videos/ztOfNdPNwAU_1.mp4,test
zuOOzSoUPcU_1,week,5.0,time,CISLR_v1.5-a_videos/zuOOzSoUPcU_1.mp4,test
zultm2vBHws_2,wax,10.0,utility item,CISLR_v1.5-a_videos/zultm2vBHws_2.mp4,prototype
zupZnldqNbE_2,square,13.0,math,CISLR_v1.5-a_videos/zupZnldqNbE_2.mp4,test
zuwgMn6oS-Q_1,boring,7.0,attribute,CISLR_v1.5-a_videos/zuwgMn6oS-Q_1.mp4,prototype
zvDd4Lvma58_1,statement of liquidation,11.0,banking,CISLR_v1.5-a_videos/zvDd4Lvma58_1.mp4,prototype
zvhxuidq68g,aircel,5.0,internet,CISLR_v1.5-a_videos/zvhxuidq68g.mp4,prototype
zw53Xl_e9QA,ant,5.0,flora and fauna,CISLR_v1.5-a_videos/zw53Xl_e9QA.mp4,test
zwQFJqvvgqQ,keyhole,8.0,utility item,CISLR_v1.5-a_videos/zwQFJqvvgqQ.mp4,prototype
zwl-CJnhrYI_1,postpone,6.0,action,CISLR_v1.5-a_videos/zwl-CJnhrYI_1.mp4,prototype
zxXFqg4uC_I_1,festivals,6.0,event,CISLR_v1.5-a_videos/zxXFqg4uC_I_1.mp4,prototype
zxd2fClLdu0_1,sweat,8.0,biology,CISLR_v1.5-a_videos/zxd2fClLdu0_1.mp4,test
zxwuZPkYjrQ,good night,4.0,greeting,CISLR_v1.5-a_videos/zxwuZPkYjrQ.mp4,prototype
zyUvGZAlkOs_1,land,10.0,geography,CISLR_v1.5-a_videos/zyUvGZAlkOs_1.mp4,test
zyvgHgT6d7c,love,4.0,emotion,CISLR_v1.5-a_videos/zyvgHgT6d7c.mp4,test
