class_id,label,number_of_videos,number_of_signers,selected,reason_if_excluded
monday,monday,13,unavailable,False,only 13 usable videos (< 15)
thursday,thursday,11,unavailable,False,only 11 usable videos (< 15)
interest,interest,10,unavailable,False,only 10 usable videos (< 15)
pencil,pencil,9,unavailable,False,only 9 usable videos (< 15)
friday,friday,9,unavailable,False,only 9 usable videos (< 15)
mother,mother,8,unavailable,False,only 8 usable videos (< 15)
yellow,yellow,8,unavailable,False,only 8 usable videos (< 15)
tuesday,tuesday,8,unavailable,False,only 8 usable videos (< 15)
christmas,christmas,8,unavailable,False,only 8 usable videos (< 15)
bill,bill,7,unavailable,False,only 7 usable videos (< 15)
angry,angry,7,unavailable,False,only 7 usable videos (< 15)
light,light,7,unavailable,False,only 7 usable videos (< 15)
sunday,sunday,7,unavailable,False,only 7 usable videos (< 15)
name,name,7,unavailable,False,only 7 usable videos (< 15)
iron,iron,7,unavailable,False,only 7 usable videos (< 15)
increase,increase,7,unavailable,False,only 7 usable videos (< 15)
india,india,7,unavailable,False,only 7 usable videos (< 15)
rubber,rubber,7,unavailable,False,only 7 usable videos (< 15)
wash,wash,7,unavailable,False,only 7 usable videos (< 15)
wednesday,wednesday,7,unavailable,False,only 7 usable videos (< 15)
date,date,7,unavailable,False,only 7 usable videos (< 15)
august,august,7,unavailable,False,only 7 usable videos (< 15)
reservation,reservation,6,unavailable,False,only 6 usable videos (< 15)
cat,cat,6,unavailable,False,only 6 usable videos (< 15)
grow,grow,6,unavailable,False,only 6 usable videos (< 15)
duck,duck,6,unavailable,False,only 6 usable videos (< 15)
good,good,6,unavailable,False,only 6 usable videos (< 15)
week,week,6,unavailable,False,only 6 usable videos (< 15)
goat,goat,6,unavailable,False,only 6 usable videos (< 15)
sick,sick,6,unavailable,False,only 6 usable videos (< 15)
ant,ant,6,unavailable,False,only 6 usable videos (< 15)
month,month,6,unavailable,False,only 6 usable videos (< 15)
thank you,thank you,6,unavailable,False,only 6 usable videos (< 15)
leaf,leaf,6,unavailable,False,only 6 usable videos (< 15)
land,land,6,unavailable,False,only 6 usable videos (< 15)
hot,hot,6,unavailable,False,only 6 usable videos (< 15)
bad,bad,6,unavailable,False,only 6 usable videos (< 15)
brain,brain,6,unavailable,False,only 6 usable videos (< 15)
saturday,saturday,6,unavailable,False,only 6 usable videos (< 15)
gujarat,gujarat,5,unavailable,False,only 5 usable videos (< 15)
volcano,volcano,5,unavailable,False,only 5 usable videos (< 15)
air,air,5,unavailable,False,only 5 usable videos (< 15)
promotion,promotion,5,unavailable,False,only 5 usable videos (< 15)
projector,projector,5,unavailable,False,only 5 usable videos (< 15)
september,september,5,unavailable,False,only 5 usable videos (< 15)
evening,evening,5,unavailable,False,only 5 usable videos (< 15)
buffalo,buffalo,5,unavailable,False,only 5 usable videos (< 15)
knife,knife,5,unavailable,False,only 5 usable videos (< 15)
cold,cold,5,unavailable,False,only 5 usable videos (< 15)
area,area,5,unavailable,False,only 5 usable videos (< 15)
orange,orange,5,unavailable,False,only 5 usable videos (< 15)
kitchen,kitchen,5,unavailable,False,only 5 usable videos (< 15)
triangle,triangle,5,unavailable,False,only 5 usable videos (< 15)
tall,tall,5,unavailable,False,only 5 usable videos (< 15)
tortoise,tortoise,5,unavailable,False,only 5 usable videos (< 15)
praise,praise,5,unavailable,False,only 5 usable videos (< 15)
hard,hard,5,unavailable,False,only 5 usable videos (< 15)
understand,understand,5,unavailable,False,only 5 usable videos (< 15)
socks,socks,5,unavailable,False,only 5 usable videos (< 15)
bell,bell,5,unavailable,False,only 5 usable videos (< 15)
january,january,5,unavailable,False,only 5 usable videos (< 15)
calculator,calculator,5,unavailable,False,only 5 usable videos (< 15)
address,address,5,unavailable,False,only 5 usable videos (< 15)
form,form,5,unavailable,False,only 5 usable videos (< 15)
year,year,5,unavailable,False,only 5 usable videos (< 15)
adult,adult,5,unavailable,False,only 5 usable videos (< 15)
capital,capital,5,unavailable,False,only 5 usable videos (< 15)
clever,clever,5,unavailable,False,only 5 usable videos (< 15)
pain,pain,5,unavailable,False,only 5 usable videos (< 15)
order,order,5,unavailable,False,only 5 usable videos (< 15)
pen,pen,5,unavailable,False,only 5 usable videos (< 15)
lie,lie,5,unavailable,False,only 5 usable videos (< 15)
next,next,5,unavailable,False,only 5 usable videos (< 15)
right,right,5,unavailable,False,only 5 usable videos (< 15)
day,day,5,unavailable,False,only 5 usable videos (< 15)
wood,wood,5,unavailable,False,only 5 usable videos (< 15)
work,work,5,unavailable,False,only 5 usable videos (< 15)
drug,drug,5,unavailable,False,only 5 usable videos (< 15)
east,east,5,unavailable,False,only 5 usable videos (< 15)
blouse,blouse,5,unavailable,False,only 5 usable videos (< 15)
weak,weak,5,unavailable,False,only 5 usable videos (< 15)
same,same,5,unavailable,False,only 5 usable videos (< 15)
round,round,4,unavailable,False,only 4 usable videos (< 15)
wife,wife,4,unavailable,False,only 4 usable videos (< 15)
engine,engine,4,unavailable,False,only 4 usable videos (< 15)
brother,brother,4,unavailable,False,only 4 usable videos (< 15)
why,why,4,unavailable,False,only 4 usable videos (< 15)
silver,silver,4,unavailable,False,only 4 usable videos (< 15)
similar,similar,4,unavailable,False,only 4 usable videos (< 15)
process,process,4,unavailable,False,only 4 usable videos (< 15)
profit,profit,4,unavailable,False,only 4 usable videos (< 15)
promise,promise,4,unavailable,False,only 4 usable videos (< 15)
shine,shine,4,unavailable,False,only 4 usable videos (< 15)
guilty,guilty,4,unavailable,False,only 4 usable videos (< 15)
black,black,4,unavailable,False,only 4 usable videos (< 15)
put,put,4,unavailable,False,only 4 usable videos (< 15)
drawer,drawer,4,unavailable,False,only 4 usable videos (< 15)
hanuman,hanuman,4,unavailable,False,only 4 usable videos (< 15)
wait,wait,4,unavailable,False,only 4 usable videos (< 15)
shawl,shawl,4,unavailable,False,only 4 usable videos (< 15)
blue,blue,4,unavailable,False,only 4 usable videos (< 15)
blood pressure,blood pressure,4,unavailable,False,only 4 usable videos (< 15)
share,share,4,unavailable,False,only 4 usable videos (< 15)
separate,separate,4,unavailable,False,only 4 usable videos (< 15)
carpenter,carpenter,4,unavailable,False,only 4 usable videos (< 15)
radio,radio,4,unavailable,False,only 4 usable videos (< 15)
aeroplane,aeroplane,4,unavailable,False,only 4 usable videos (< 15)
sheep,sheep,4,unavailable,False,only 4 usable videos (< 15)
quantity,quantity,4,unavailable,False,only 4 usable videos (< 15)
water,water,4,unavailable,False,only 4 usable videos (< 15)
remove,remove,4,unavailable,False,only 4 usable videos (< 15)
reception,reception,4,unavailable,False,only 4 usable videos (< 15)
can,can,4,unavailable,False,only 4 usable videos (< 15)
record,record,4,unavailable,False,only 4 usable videos (< 15)
red,red,4,unavailable,False,only 4 usable videos (< 15)
reduce,reduce,4,unavailable,False,only 4 usable videos (< 15)
call,call,4,unavailable,False,only 4 usable videos (< 15)
gold,gold,4,unavailable,False,only 4 usable videos (< 15)
green,green,4,unavailable,False,only 4 usable videos (< 15)
seed,seed,4,unavailable,False,only 4 usable videos (< 15)
see,see,4,unavailable,False,only 4 usable videos (< 15)
repair,repair,4,unavailable,False,only 4 usable videos (< 15)
bowl,bowl,4,unavailable,False,only 4 usable videos (< 15)
watch,watch,4,unavailable,False,only 4 usable videos (< 15)
glass,glass,4,unavailable,False,only 4 usable videos (< 15)
weight,weight,4,unavailable,False,only 4 usable videos (< 15)
scratch,scratch,4,unavailable,False,only 4 usable videos (< 15)
welder,welder,4,unavailable,False,only 4 usable videos (< 15)
gloves,gloves,4,unavailable,False,only 4 usable videos (< 15)
waterfall,waterfall,4,unavailable,False,only 4 usable videos (< 15)
result,result,4,unavailable,False,only 4 usable videos (< 15)
elephant,elephant,4,unavailable,False,only 4 usable videos (< 15)
eclipse,eclipse,4,unavailable,False,only 4 usable videos (< 15)
sari,sari,4,unavailable,False,only 4 usable videos (< 15)
sandwich,sandwich,4,unavailable,False,only 4 usable videos (< 15)
gas stove,gas stove,4,unavailable,False,only 4 usable videos (< 15)
wedding,wedding,4,unavailable,False,only 4 usable videos (< 15)
false,false,4,unavailable,False,only 4 usable videos (< 15)
brown,brown,4,unavailable,False,only 4 usable videos (< 15)
allow,allow,4,unavailable,False,only 4 usable videos (< 15)
pig,pig,4,unavailable,False,only 4 usable videos (< 15)
pillow,pillow,4,unavailable,False,only 4 usable videos (< 15)
cholera,cholera,4,unavailable,False,only 4 usable videos (< 15)
sorry,sorry,4,unavailable,False,only 4 usable videos (< 15)
chennai,chennai,4,unavailable,False,only 4 usable videos (< 15)
donkey,donkey,4,unavailable,False,only 4 usable videos (< 15)
diwali,diwali,4,unavailable,False,only 4 usable videos (< 15)
dog,dog,4,unavailable,False,only 4 usable videos (< 15)
cheque,cheque,4,unavailable,False,only 4 usable videos (< 15)
chappels,chappels,4,unavailable,False,only 4 usable videos (< 15)
silk,silk,4,unavailable,False,only 4 usable videos (< 15)
start,start,4,unavailable,False,only 4 usable videos (< 15)
coconut,coconut,4,unavailable,False,only 4 usable videos (< 15)
pakistan,pakistan,4,unavailable,False,only 4 usable videos (< 15)
paint,paint,4,unavailable,False,only 4 usable videos (< 15)
sphere,sphere,4,unavailable,False,only 4 usable videos (< 15)
tripura,tripura,4,unavailable,False,only 4 usable videos (< 15)
pass,pass,4,unavailable,False,only 4 usable videos (< 15)
key,key,4,unavailable,False,only 4 usable videos (< 15)
tree,tree,4,unavailable,False,only 4 usable videos (< 15)
try,try,4,unavailable,False,only 4 usable videos (< 15)
trust,trust,4,unavailable,False,only 4 usable videos (< 15)
behind,behind,4,unavailable,False,only 4 usable videos (< 15)
peon,peon,4,unavailable,False,only 4 usable videos (< 15)
permanent,permanent,4,unavailable,False,only 4 usable videos (< 15)
animals,animals,4,unavailable,False,only 4 usable videos (< 15)
peacock,peacock,4,unavailable,False,only 4 usable videos (< 15)
poision,poision,4,unavailable,False,only 4 usable videos (< 15)
sit,sit,4,unavailable,False,only 4 usable videos (< 15)
size,size,4,unavailable,False,only 4 usable videos (< 15)
hardworking,hardworking,4,unavailable,False,only 4 usable videos (< 15)
smell,smell,4,unavailable,False,only 4 usable videos (< 15)
amazon,amazon,4,unavailable,False,only 4 usable videos (< 15)
bharatiya janata party,bharatiya janata party,4,unavailable,False,only 4 usable videos (< 15)
plate,plate,4,unavailable,False,only 4 usable videos (< 15)
insult,insult,4,unavailable,False,only 4 usable videos (< 15)
umbrella,umbrella,4,unavailable,False,only 4 usable videos (< 15)
husband,husband,4,unavailable,False,only 4 usable videos (< 15)
sweater,sweater,4,unavailable,False,only 4 usable videos (< 15)
swallow,swallow,4,unavailable,False,only 4 usable videos (< 15)
old,old,4,unavailable,False,only 4 usable videos (< 15)
official,official,4,unavailable,False,only 4 usable videos (< 15)
online,online,4,unavailable,False,only 4 usable videos (< 15)
monkey,monkey,4,unavailable,False,only 4 usable videos (< 15)
morning,morning,4,unavailable,False,only 4 usable videos (< 15)
train,train,4,unavailable,False,only 4 usable videos (< 15)
suspect,suspect,4,unavailable,False,only 4 usable videos (< 15)
nervous,nervous,4,unavailable,False,only 4 usable videos (< 15)
night,night,4,unavailable,False,only 4 usable videos (< 15)
deer,deer,4,unavailable,False,only 4 usable videos (< 15)
learn,learn,4,unavailable,False,only 4 usable videos (< 15)
ladder,ladder,4,unavailable,False,only 4 usable videos (< 15)
october,october,4,unavailable,False,only 4 usable videos (< 15)
trunk,trunk,4,unavailable,False,only 4 usable videos (< 15)
kurta,kurta,4,unavailable,False,only 4 usable videos (< 15)
true,true,4,unavailable,False,only 4 usable videos (< 15)
trouble,trouble,4,unavailable,False,only 4 usable videos (< 15)
australia,australia,4,unavailable,False,only 4 usable videos (< 15)
mistake,mistake,4,unavailable,False,only 4 usable videos (< 15)
magnet,magnet,4,unavailable,False,only 4 usable videos (< 15)
thermometer,thermometer,4,unavailable,False,only 4 usable videos (< 15)
mechanic,mechanic,4,unavailable,False,only 4 usable videos (< 15)
melt,melt,4,unavailable,False,only 4 usable videos (< 15)
temperature,temperature,4,unavailable,False,only 4 usable videos (< 15)
mixer,mixer,4,unavailable,False,only 4 usable videos (< 15)
taste,taste,4,unavailable,False,only 4 usable videos (< 15)
run,run,4,unavailable,False,only 4 usable videos (< 15)
frog,frog,4,unavailable,False,only 4 usable videos (< 15)
earth,earth,4,unavailable,False,only 4 usable videos (< 15)
magic,magic,4,unavailable,False,only 4 usable videos (< 15)
explain,explain,4,unavailable,False,only 4 usable videos (< 15)
expensive,expensive,4,unavailable,False,only 4 usable videos (< 15)
experiment,experiment,4,unavailable,False,only 4 usable videos (< 15)
zoo,zoo,4,unavailable,False,only 4 usable videos (< 15)
escape,escape,4,unavailable,False,only 4 usable videos (< 15)
yesterday,yesterday,3,unavailable,False,only 3 usable videos (< 15)
without,without,3,unavailable,False,only 3 usable videos (< 15)
wolf,wolf,3,unavailable,False,only 3 usable videos (< 15)
woman,woman,3,unavailable,False,only 3 usable videos (< 15)
wool,wool,3,unavailable,False,only 3 usable videos (< 15)
enemy,enemy,3,unavailable,False,only 3 usable videos (< 15)
fine,fine,3,unavailable,False,only 3 usable videos (< 15)
absent,absent,3,unavailable,False,only 3 usable videos (< 15)
scent,scent,3,unavailable,False,only 3 usable videos (< 15)
bread,bread,3,unavailable,False,only 3 usable videos (< 15)
website,website,3,unavailable,False,only 3 usable videos (< 15)
gate,gate,3,unavailable,False,only 3 usable videos (< 15)
eat,eat,3,unavailable,False,only 3 usable videos (< 15)
earthquake,earthquake,3,unavailable,False,only 3 usable videos (< 15)
your,your,3,unavailable,False,only 3 usable videos (< 15)
you,you,3,unavailable,False,only 3 usable videos (< 15)
wrong,wrong,3,unavailable,False,only 3 usable videos (< 15)
wrestling,wrestling,3,unavailable,False,only 3 usable videos (< 15)
wound,wound,3,unavailable,False,only 3 usable videos (< 15)
sand,sand,3,unavailable,False,only 3 usable videos (< 15)
rest,rest,3,unavailable,False,only 3 usable videos (< 15)
busy,busy,3,unavailable,False,only 3 usable videos (< 15)
business,business,3,unavailable,False,only 3 usable videos (< 15)
bus,bus,3,unavailable,False,only 3 usable videos (< 15)
message,message,3,unavailable,False,only 3 usable videos (< 15)
meat,meat,3,unavailable,False,only 3 usable videos (< 15)
measure,measure,3,unavailable,False,only 3 usable videos (< 15)
maximum,maximum,3,unavailable,False,only 3 usable videos (< 15)
manipur,manipur,3,unavailable,False,only 3 usable videos (< 15)
man,man,3,unavailable,False,only 3 usable videos (< 15)
make a long story short,make a long story short,3,unavailable,False,only 3 usable videos (< 15)
throat,throat,3,unavailable,False,only 3 usable videos (< 15)
this,this,3,unavailable,False,only 3 usable videos (< 15)
think,think,3,unavailable,False,only 3 usable videos (< 15)
things,things,3,unavailable,False,only 3 usable videos (< 15)
maha shivaratri,maha shivaratri,3,unavailable,False,only 3 usable videos (< 15)
cylinder,cylinder,3,unavailable,False,only 3 usable videos (< 15)
cut,cut,3,unavailable,False,only 3 usable videos (< 15)
lorry,lorry,3,unavailable,False,only 3 usable videos (< 15)
lock,lock,3,unavailable,False,only 3 usable videos (< 15)
cream,cream,3,unavailable,False,only 3 usable videos (< 15)
mile,mile,3,unavailable,False,only 3 usable videos (< 15)
temporary,temporary,3,unavailable,False,only 3 usable videos (< 15)
day after,day after,3,unavailable,False,only 3 usable videos (< 15)
litre,litre,3,unavailable,False,only 3 usable videos (< 15)
listen,listen,3,unavailable,False,only 3 usable videos (< 15)
list,list,3,unavailable,False,only 3 usable videos (< 15)
lion,lion,3,unavailable,False,only 3 usable videos (< 15)
license,license,3,unavailable,False,only 3 usable videos (< 15)
december,december,3,unavailable,False,only 3 usable videos (< 15)
level,level,3,unavailable,False,only 3 usable videos (< 15)
toothbrush,toothbrush,3,unavailable,False,only 3 usable videos (< 15)
arunachal pradesh,arunachal pradesh,3,unavailable,False,only 3 usable videos (< 15)
around,around,3,unavailable,False,only 3 usable videos (< 15)
arm,arm,3,unavailable,False,only 3 usable videos (< 15)
television,television,3,unavailable,False,only 3 usable videos (< 15)
table,table,3,unavailable,False,only 3 usable videos (< 15)
muslim,muslim,3,unavailable,False,only 3 usable videos (< 15)
murder,murder,3,unavailable,False,only 3 usable videos (< 15)
mouth,mouth,3,unavailable,False,only 3 usable videos (< 15)
mountain,mountain,3,unavailable,False,only 3 usable videos (< 15)
motorcycle,motorcycle,3,unavailable,False,only 3 usable videos (< 15)
corn,corn,3,unavailable,False,only 3 usable videos (< 15)
copy,copy,3,unavailable,False,only 3 usable videos (< 15)
cook,cook,3,unavailable,False,only 3 usable videos (< 15)
teach,teach,3,unavailable,False,only 3 usable videos (< 15)
back,back,3,unavailable,False,only 3 usable videos (< 15)
mobile,mobile,3,unavailable,False,only 3 usable videos (< 15)
mizoram,mizoram,3,unavailable,False,only 3 usable videos (< 15)
cough,cough,3,unavailable,False,only 3 usable videos (< 15)
mirror,mirror,3,unavailable,False,only 3 usable videos (< 15)
minimum,minimum,3,unavailable,False,only 3 usable videos (< 15)
conference,conference,3,unavailable,False,only 3 usable videos (< 15)
cone,cone,3,unavailable,False,only 3 usable videos (< 15)
national anthem,national anthem,3,unavailable,False,only 3 usable videos (< 15)
tonic,tonic,3,unavailable,False,only 3 usable videos (< 15)
tongue,tongue,3,unavailable,False,only 3 usable videos (< 15)
tongs,tongs,3,unavailable,False,only 3 usable videos (< 15)
tomorrow,tomorrow,3,unavailable,False,only 3 usable videos (< 15)
toilet,toilet,3,unavailable,False,only 3 usable videos (< 15)
degree,degree,3,unavailable,False,only 3 usable videos (< 15)
decrease,decrease,3,unavailable,False,only 3 usable videos (< 15)
decide,decide,3,unavailable,False,only 3 usable videos (< 15)
leave,leave,3,unavailable,False,only 3 usable videos (< 15)
lawyer,lawyer,3,unavailable,False,only 3 usable videos (< 15)
law,law,3,unavailable,False,only 3 usable videos (< 15)
tamil,tamil,3,unavailable,False,only 3 usable videos (< 15)
talk,talk,3,unavailable,False,only 3 usable videos (< 15)
nothing,nothing,3,unavailable,False,only 3 usable videos (< 15)
nose,nose,3,unavailable,False,only 3 usable videos (< 15)
north pole,north pole,3,unavailable,False,only 3 usable videos (< 15)
north,north,3,unavailable,False,only 3 usable videos (< 15)
noon,noon,3,unavailable,False,only 3 usable videos (< 15)
switch,switch,3,unavailable,False,only 3 usable videos (< 15)
swing,swing,3,unavailable,False,only 3 usable videos (< 15)
balloon,balloon,3,unavailable,False,only 3 usable videos (< 15)
sweet,sweet,3,unavailable,False,only 3 usable videos (< 15)
sweat,sweat,3,unavailable,False,only 3 usable videos (< 15)
never,never,3,unavailable,False,only 3 usable videos (< 15)
network,network,3,unavailable,False,only 3 usable videos (< 15)
nepal,nepal,3,unavailable,False,only 3 usable videos (< 15)
neighbour,neighbour,3,unavailable,False,only 3 usable videos (< 15)
necklace,necklace,3,unavailable,False,only 3 usable videos (< 15)
neck,neck,3,unavailable,False,only 3 usable videos (< 15)
oath,oath,3,unavailable,False,only 3 usable videos (< 15)
november,november,3,unavailable,False,only 3 usable videos (< 15)
sunset,sunset,3,unavailable,False,only 3 usable videos (< 15)
april,april,3,unavailable,False,only 3 usable videos (< 15)
appointment,appointment,3,unavailable,False,only 3 usable videos (< 15)
tractor,tractor,3,unavailable,False,only 3 usable videos (< 15)
town,town,3,unavailable,False,only 3 usable videos (< 15)
torch,torch,3,unavailable,False,only 3 usable videos (< 15)
late,late,3,unavailable,False,only 3 usable videos (< 15)
lassi,lassi,3,unavailable,False,only 3 usable videos (< 15)
lake,lake,3,unavailable,False,only 3 usable videos (< 15)
sunrise,sunrise,3,unavailable,False,only 3 usable videos (< 15)
sunflower,sunflower,3,unavailable,False,only 3 usable videos (< 15)
sun,sun,3,unavailable,False,only 3 usable videos (< 15)
sugar,sugar,3,unavailable,False,only 3 usable videos (< 15)
notify,notify,3,unavailable,False,only 3 usable videos (< 15)
cobbler,cobbler,3,unavailable,False,only 3 usable videos (< 15)
coat,coat,3,unavailable,False,only 3 usable videos (< 15)
over,over,3,unavailable,False,only 3 usable videos (< 15)
oriya,oriya,3,unavailable,False,only 3 usable videos (< 15)
original,original,3,unavailable,False,only 3 usable videos (< 15)
strong,strong,3,unavailable,False,only 3 usable videos (< 15)
straight,straight,3,unavailable,False,only 3 usable videos (< 15)
stop,stop,3,unavailable,False,only 3 usable videos (< 15)
stone,stone,3,unavailable,False,only 3 usable videos (< 15)
steel,steel,3,unavailable,False,only 3 usable videos (< 15)
comb,comb,3,unavailable,False,only 3 usable videos (< 15)
open,open,3,unavailable,False,only 3 usable videos (< 15)
onion,onion,3,unavailable,False,only 3 usable videos (< 15)
office,office,3,unavailable,False,only 3 usable videos (< 15)
comfortable,comfortable,3,unavailable,False,only 3 usable videos (< 15)
come,come,3,unavailable,False,only 3 usable videos (< 15)
parliament,parliament,3,unavailable,False,only 3 usable videos (< 15)
paragraph,paragraph,3,unavailable,False,only 3 usable videos (< 15)
bedroom,bedroom,3,unavailable,False,only 3 usable videos (< 15)
beautiful,beautiful,3,unavailable,False,only 3 usable videos (< 15)
special,special,3,unavailable,False,only 3 usable videos (< 15)
papaya,papaya,3,unavailable,False,only 3 usable videos (< 15)
close,close,3,unavailable,False,only 3 usable videos (< 15)
clock,clock,3,unavailable,False,only 3 usable videos (< 15)
bathroom,bathroom,3,unavailable,False,only 3 usable videos (< 15)
bath,bath,3,unavailable,False,only 3 usable videos (< 15)
star,star,3,unavailable,False,only 3 usable videos (< 15)
square,square,3,unavailable,False,only 3 usable videos (< 15)
owner,owner,3,unavailable,False,only 3 usable videos (< 15)
owl,owl,3,unavailable,False,only 3 usable videos (< 15)
cockroach,cockroach,3,unavailable,False,only 3 usable videos (< 15)
cock,cock,3,unavailable,False,only 3 usable videos (< 15)
cinema,cinema,3,unavailable,False,only 3 usable videos (< 15)
perfect,perfect,3,unavailable,False,only 3 usable videos (< 15)
percentage,percentage,3,unavailable,False,only 3 usable videos (< 15)
peas,peas,3,unavailable,False,only 3 usable videos (< 15)
pause,pause,3,unavailable,False,only 3 usable videos (< 15)
patience,patience,3,unavailable,False,only 3 usable videos (< 15)
parrot,parrot,3,unavailable,False,only 3 usable videos (< 15)
travel,travel,3,unavailable,False,only 3 usable videos (< 15)
transparent,transparent,3,unavailable,False,only 3 usable videos (< 15)
king,king,3,unavailable,False,only 3 usable videos (< 15)
kilogram,kilogram,3,unavailable,False,only 3 usable videos (< 15)
kerala,kerala,3,unavailable,False,only 3 usable videos (< 15)
kannada,kannada,3,unavailable,False,only 3 usable videos (< 15)
june,june,3,unavailable,False,only 3 usable videos (< 15)
anonymous,anonymous,3,unavailable,False,only 3 usable videos (< 15)
annual,annual,3,unavailable,False,only 3 usable videos (< 15)
son,son,3,unavailable,False,only 3 usable videos (< 15)
belt,belt,3,unavailable,False,only 3 usable videos (< 15)
before,before,3,unavailable,False,only 3 usable videos (< 15)
sometimes,sometimes,3,unavailable,False,only 3 usable videos (< 15)
photograph,photograph,3,unavailable,False,only 3 usable videos (< 15)
person,person,3,unavailable,False,only 3 usable videos (< 15)
tuberculosis,tuberculosis,3,unavailable,False,only 3 usable videos (< 15)
tubelight,tubelight,3,unavailable,False,only 3 usable videos (< 15)
july,july,3,unavailable,False,only 3 usable videos (< 15)
diabetes,diabetes,3,unavailable,False,only 3 usable videos (< 15)
job,job,3,unavailable,False,only 3 usable videos (< 15)
jaundice,jaundice,3,unavailable,False,only 3 usable videos (< 15)
island,island,3,unavailable,False,only 3 usable videos (< 15)
die,die,3,unavailable,False,only 3 usable videos (< 15)
city,city,3,unavailable,False,only 3 usable videos (< 15)
circle,circle,3,unavailable,False,only 3 usable videos (< 15)
sofa,sofa,3,unavailable,False,only 3 usable videos (< 15)
best,best,3,unavailable,False,only 3 usable videos (< 15)
snow,snow,3,unavailable,False,only 3 usable videos (< 15)
planet,planet,3,unavailable,False,only 3 usable videos (< 15)
angle,angle,3,unavailable,False,only 3 usable videos (< 15)
amritsar,amritsar,3,unavailable,False,only 3 usable videos (< 15)
amount,amount,3,unavailable,False,only 3 usable videos (< 15)
insect,insect,3,unavailable,False,only 3 usable videos (< 15)
individual,individual,3,unavailable,False,only 3 usable videos (< 15)
hygiene,hygiene,3,unavailable,False,only 3 usable videos (< 15)
allergy,allergy,3,unavailable,False,only 3 usable videos (< 15)
unfair dismissal,unfair dismissal,3,unavailable,False,only 3 usable videos (< 15)
division,division,3,unavailable,False,only 3 usable videos (< 15)
china,china,3,unavailable,False,only 3 usable videos (< 15)
pink,pink,3,unavailable,False,only 3 usable videos (< 15)
pick,pick,3,unavailable,False,only 3 usable videos (< 15)
sleep,sleep,3,unavailable,False,only 3 usable videos (< 15)
skirt,skirt,3,unavailable,False,only 3 usable videos (< 15)
divide,divide,3,unavailable,False,only 3 usable videos (< 15)
distribute,distribute,3,unavailable,False,only 3 usable videos (< 15)
distance,distance,3,unavailable,False,only 3 usable videos (< 15)
dissent,dissent,3,unavailable,False,only 3 usable videos (< 15)
housefly,housefly,3,unavailable,False,only 3 usable videos (< 15)
hotel,hotel,3,unavailable,False,only 3 usable videos (< 15)
hidden file,hidden file,3,unavailable,False,only 3 usable videos (< 15)
hate,hate,3,unavailable,False,only 3 usable videos (< 15)
door,door,3,unavailable,False,only 3 usable videos (< 15)
happy,happy,3,unavailable,False,only 3 usable videos (< 15)
skin,skin,3,unavailable,False,only 3 usable videos (< 15)
sister,sister,3,unavailable,False,only 3 usable videos (< 15)
police,police,3,unavailable,False,only 3 usable videos (< 15)
please,please,3,unavailable,False,only 3 usable videos (< 15)
vision,vision,3,unavailable,False,only 3 usable videos (< 15)
shoot,shoot,3,unavailable,False,only 3 usable videos (< 15)
proof,proof,3,unavailable,False,only 3 usable videos (< 15)
programme,programme,3,unavailable,False,only 3 usable videos (< 15)
profession,profession,3,unavailable,False,only 3 usable videos (< 15)
principal,principal,3,unavailable,False,only 3 usable videos (< 15)
singapore,singapore,3,unavailable,False,only 3 usable videos (< 15)
bite,bite,3,unavailable,False,only 3 usable videos (< 15)
shy,shy,3,unavailable,False,only 3 usable videos (< 15)
change,change,3,unavailable,False,only 3 usable videos (< 15)
chalk,chalk,3,unavailable,False,only 3 usable videos (< 15)
prescription,prescription,3,unavailable,False,only 3 usable videos (< 15)
pray,pray,3,unavailable,False,only 3 usable videos (< 15)
power,power,3,unavailable,False,only 3 usable videos (< 15)
potato,potato,3,unavailable,False,only 3 usable videos (< 15)
policy,policy,3,unavailable,False,only 3 usable videos (< 15)
catch,catch,3,unavailable,False,only 3 usable videos (< 15)
punjabi,punjabi,3,unavailable,False,only 3 usable videos (< 15)
punjab,punjab,3,unavailable,False,only 3 usable videos (< 15)
punctual,punctual,3,unavailable,False,only 3 usable videos (< 15)
proud,proud,3,unavailable,False,only 3 usable videos (< 15)
shoulder,shoulder,3,unavailable,False,only 3 usable videos (< 15)
shop,shop,3,unavailable,False,only 3 usable videos (< 15)
alive,alive,3,unavailable,False,only 3 usable videos (< 15)
vessel,vessel,3,unavailable,False,only 3 usable videos (< 15)
variable,variable,3,unavailable,False,only 3 usable videos (< 15)
valley,valley,3,unavailable,False,only 3 usable videos (< 15)
handkerchief,handkerchief,3,unavailable,False,only 3 usable videos (< 15)
hair,hair,3,unavailable,False,only 3 usable videos (< 15)
drive,drive,3,unavailable,False,only 3 usable videos (< 15)
gun,gun,3,unavailable,False,only 3 usable videos (< 15)
air matress,air matress,3,unavailable,False,only 3 usable videos (< 15)
qualification,qualification,3,unavailable,False,only 3 usable videos (< 15)
visa,visa,3,unavailable,False,only 3 usable videos (< 15)
virus,virus,3,unavailable,False,only 3 usable videos (< 15)
village,village,3,unavailable,False,only 3 usable videos (< 15)
view,view,3,unavailable,False,only 3 usable videos (< 15)
warm,warm,3,unavailable,False,only 3 usable videos (< 15)
agra,agra,3,unavailable,False,only 3 usable videos (< 15)
age,age,3,unavailable,False,only 3 usable videos (< 15)
afternoon,afternoon,3,unavailable,False,only 3 usable videos (< 15)
africa,africa,3,unavailable,False,only 3 usable videos (< 15)
walk,walk,3,unavailable,False,only 3 usable videos (< 15)
group,group,3,unavailable,False,only 3 usable videos (< 15)
grey,grey,3,unavailable,False,only 3 usable videos (< 15)
body,body,3,unavailable,False,only 3 usable videos (< 15)
pyjama,pyjama,3,unavailable,False,only 3 usable videos (< 15)
cave,cave,3,unavailable,False,only 3 usable videos (< 15)
dubai,dubai,3,unavailable,False,only 3 usable videos (< 15)
grass,grass,3,unavailable,False,only 3 usable videos (< 15)
grandfather,grandfather,3,unavailable,False,only 3 usable videos (< 15)
granddaughter,granddaughter,3,unavailable,False,only 3 usable videos (< 15)
gram,gram,3,unavailable,False,only 3 usable videos (< 15)
way,way,3,unavailable,False,only 3 usable videos (< 15)
advertisement,advertisement,3,unavailable,False,only 3 usable videos (< 15)
advance,advance,3,unavailable,False,only 3 usable videos (< 15)
wave,wave,3,unavailable,False,only 3 usable videos (< 15)
bone,bone,3,unavailable,False,only 3 usable videos (< 15)
bold,bold,3,unavailable,False,only 3 usable videos (< 15)
careful,careful,3,unavailable,False,only 3 usable videos (< 15)
rat,rat,3,unavailable,False,only 3 usable videos (< 15)
rajasthan,rajasthan,3,unavailable,False,only 3 usable videos (< 15)
rainbow,rainbow,3,unavailable,False,only 3 usable videos (< 15)
queen,queen,3,unavailable,False,only 3 usable videos (< 15)
bury,bury,3,unavailable,False,only 3 usable videos (< 15)
reporter,reporter,3,unavailable,False,only 3 usable videos (< 15)
secret,secret,3,unavailable,False,only 3 usable videos (< 15)
sea,sea,3,unavailable,False,only 3 usable videos (< 15)
goa,goa,3,unavailable,False,only 3 usable videos (< 15)
girl,girl,3,unavailable,False,only 3 usable videos (< 15)
ginger,ginger,3,unavailable,False,only 3 usable videos (< 15)
action,action,3,unavailable,False,only 3 usable videos (< 15)
wedding reception,wedding reception,3,unavailable,False,only 3 usable videos (< 15)
remember,remember,3,unavailable,False,only 3 usable videos (< 15)
calendar,calendar,3,unavailable,False,only 3 usable videos (< 15)
relative,relative,3,unavailable,False,only 3 usable videos (< 15)
rectangle,rectangle,3,unavailable,False,only 3 usable videos (< 15)
cap,cap,3,unavailable,False,only 3 usable videos (< 15)
candle,candle,3,unavailable,False,only 3 usable videos (< 15)
camel,camel,3,unavailable,False,only 3 usable videos (< 15)
exercise,exercise,3,unavailable,False,only 3 usable videos (< 15)
follow,follow,3,unavailable,False,only 3 usable videos (< 15)
zebra,zebra,3,unavailable,False,only 3 usable videos (< 15)
bucket,bucket,3,unavailable,False,only 3 usable videos (< 15)
enjoy,enjoy,3,unavailable,False,only 3 usable videos (< 15)
environment,environment,3,unavailable,False,only 3 usable videos (< 15)
room,room,3,unavailable,False,only 3 usable videos (< 15)
rock,rock,3,unavailable,False,only 3 usable videos (< 15)
white,white,3,unavailable,False,only 3 usable videos (< 15)
west indies,west indies,3,unavailable,False,only 3 usable videos (< 15)
electrician,electrician,3,unavailable,False,only 3 usable videos (< 15)
force,force,3,unavailable,False,only 3 usable videos (< 15)
finish,finish,3,unavailable,False,only 3 usable videos (< 15)
rice,rice,3,unavailable,False,only 3 usable videos (< 15)
reward,reward,3,unavailable,False,only 3 usable videos (< 15)
return,return,3,unavailable,False,only 3 usable videos (< 15)
today,today,3,unavailable,False,only 3 usable videos (< 15)
assam,assam,3,unavailable,False,only 3 usable videos (< 15)
time,time,3,unavailable,False,only 3 usable videos (< 15)
tight,tight,3,unavailable,False,only 3 usable videos (< 15)
livelihood,livelihood,3,unavailable,False,only 3 usable videos (< 15)
deadline,deadline,3,unavailable,False,only 3 usable videos (< 15)
window,window,3,unavailable,False,only 3 usable videos (< 15)
sad,sad,3,unavailable,False,only 3 usable videos (< 15)
russia,russia,3,unavailable,False,only 3 usable videos (< 15)
rjd,rjd,3,unavailable,False,only 3 usable videos (< 15)
bulb,bulb,3,unavailable,False,only 3 usable videos (< 15)
funny,funny,3,unavailable,False,only 3 usable videos (< 15)
full,full,3,unavailable,False,only 3 usable videos (< 15)
friend,friend,3,unavailable,False,only 3 usable videos (< 15)
wind,wind,3,unavailable,False,only 3 usable videos (< 15)
wifi,wifi,3,unavailable,False,only 3 usable videos (< 15)
aam aadmi party,aam aadmi party,2,unavailable,False,only 2 usable videos (< 15)
abusive language,abusive language,2,unavailable,False,only 2 usable videos (< 15)
zebra crossing,zebra crossing,2,unavailable,False,only 2 usable videos (< 15)
accept,accept,2,unavailable,False,only 2 usable videos (< 15)
winner,winner,2,unavailable,False,only 2 usable videos (< 15)
wiring,wiring,2,unavailable,False,only 2 usable videos (< 15)
wise,wise,2,unavailable,False,only 2 usable videos (< 15)
accident,accident,2,unavailable,False,only 2 usable videos (< 15)
accompany,accompany,2,unavailable,False,only 2 usable videos (< 15)
word,word,2,unavailable,False,only 2 usable videos (< 15)
world,world,2,unavailable,False,only 2 usable videos (< 15)
worry,worry,2,unavailable,False,only 2 usable videos (< 15)
family,family,2,unavailable,False,only 2 usable videos (< 15)
famous,famous,2,unavailable,False,only 2 usable videos (< 15)
fan,fan,2,unavailable,False,only 2 usable videos (< 15)
far,far,2,unavailable,False,only 2 usable videos (< 15)
encourage,encourage,2,unavailable,False,only 2 usable videos (< 15)
endure,endure,2,unavailable,False,only 2 usable videos (< 15)
energetic,energetic,2,unavailable,False,only 2 usable videos (< 15)
engagement,engagement,2,unavailable,False,only 2 usable videos (< 15)
rude,rude,2,unavailable,False,only 2 usable videos (< 15)
rule,rule,2,unavailable,False,only 2 usable videos (< 15)
ruler,ruler,2,unavailable,False,only 2 usable videos (< 15)
ruthless,ruthless,2,unavailable,False,only 2 usable videos (< 15)
safe,safe,2,unavailable,False,only 2 usable videos (< 15)
sailor,sailor,2,unavailable,False,only 2 usable videos (< 15)
salary,salary,2,unavailable,False,only 2 usable videos (< 15)
breathe,breathe,2,unavailable,False,only 2 usable videos (< 15)
brick,brick,2,unavailable,False,only 2 usable videos (< 15)
bright,bright,2,unavailable,False,only 2 usable videos (< 15)
salt,salt,2,unavailable,False,only 2 usable videos (< 15)
salwar kameez,salwar kameez,2,unavailable,False,only 2 usable videos (< 15)
roar,roar,2,unavailable,False,only 2 usable videos (< 15)
role,role,2,unavailable,False,only 2 usable videos (< 15)
roll,roll,2,unavailable,False,only 2 usable videos (< 15)
roof,roof,2,unavailable,False,only 2 usable videos (< 15)
satisfied,satisfied,2,unavailable,False,only 2 usable videos (< 15)
branch,branch,2,unavailable,False,only 2 usable videos (< 15)
brass,brass,2,unavailable,False,only 2 usable videos (< 15)
school,school,2,unavailable,False,only 2 usable videos (< 15)
school bag,school bag,2,unavailable,False,only 2 usable videos (< 15)
science,science,2,unavailable,False,only 2 usable videos (< 15)
scissors,scissors,2,unavailable,False,only 2 usable videos (< 15)
scold,scold,2,unavailable,False,only 2 usable videos (< 15)
restaurant,restaurant,2,unavailable,False,only 2 usable videos (< 15)
retire,retire,2,unavailable,False,only 2 usable videos (< 15)
reverse,reverse,2,unavailable,False,only 2 usable videos (< 15)
rich,rich,2,unavailable,False,only 2 usable videos (< 15)
bug,bug,2,unavailable,False,only 2 usable videos (< 15)
build,build,2,unavailable,False,only 2 usable videos (< 15)
ring,ring,2,unavailable,False,only 2 usable videos (< 15)
river,river,2,unavailable,False,only 2 usable videos (< 15)
second,second,2,unavailable,False,only 2 usable videos (< 15)
bottle,bottle,2,unavailable,False,only 2 usable videos (< 15)
boxing,boxing,2,unavailable,False,only 2 usable videos (< 15)
boy,boy,2,unavailable,False,only 2 usable videos (< 15)
select,select,2,unavailable,False,only 2 usable videos (< 15)
self,self,2,unavailable,False,only 2 usable videos (< 15)
self balancing,self balancing,2,unavailable,False,only 2 usable videos (< 15)
reply,reply,2,unavailable,False,only 2 usable videos (< 15)
requirement,requirement,2,unavailable,False,only 2 usable videos (< 15)
resign,resign,2,unavailable,False,only 2 usable videos (< 15)
bus conductor,bus conductor,2,unavailable,False,only 2 usable videos (< 15)
butter,butter,2,unavailable,False,only 2 usable videos (< 15)
butterfly,butterfly,2,unavailable,False,only 2 usable videos (< 15)
resistor,resistor,2,unavailable,False,only 2 usable videos (< 15)
respect,respect,2,unavailable,False,only 2 usable videos (< 15)
sanitary pad,sanitary pad,2,unavailable,False,only 2 usable videos (< 15)
capacitor,capacitor,2,unavailable,False,only 2 usable videos (< 15)
record video,record video,2,unavailable,False,only 2 usable videos (< 15)
refrigerator,refrigerator,2,unavailable,False,only 2 usable videos (< 15)
regret,regret,2,unavailable,False,only 2 usable videos (< 15)
regular,regular,2,unavailable,False,only 2 usable videos (< 15)
rehabilitation,rehabilitation,2,unavailable,False,only 2 usable videos (< 15)
relay race,relay race,2,unavailable,False,only 2 usable videos (< 15)
release,release,2,unavailable,False,only 2 usable videos (< 15)
religion,religion,2,unavailable,False,only 2 usable videos (< 15)
cabbage,cabbage,2,unavailable,False,only 2 usable videos (< 15)
calculation,calculation,2,unavailable,False,only 2 usable videos (< 15)
calm,calm,2,unavailable,False,only 2 usable videos (< 15)
rent,rent,2,unavailable,False,only 2 usable videos (< 15)
sculptor,sculptor,2,unavailable,False,only 2 usable videos (< 15)
search,search,2,unavailable,False,only 2 usable videos (< 15)
season,season,2,unavailable,False,only 2 usable videos (< 15)
selfish,selfish,2,unavailable,False,only 2 usable videos (< 15)
boil,boil,2,unavailable,False,only 2 usable videos (< 15)
bolt,bolt,2,unavailable,False,only 2 usable videos (< 15)
bonus,bonus,2,unavailable,False,only 2 usable videos (< 15)
book,book,2,unavailable,False,only 2 usable videos (< 15)
sell,sell,2,unavailable,False,only 2 usable videos (< 15)
send,send,2,unavailable,False,only 2 usable videos (< 15)
sentence,sentence,2,unavailable,False,only 2 usable videos (< 15)
sequential,sequential,2,unavailable,False,only 2 usable videos (< 15)
serial tv,serial tv,2,unavailable,False,only 2 usable videos (< 15)
servant,servant,2,unavailable,False,only 2 usable videos (< 15)
service,service,2,unavailable,False,only 2 usable videos (< 15)
receive,receive,2,unavailable,False,only 2 usable videos (< 15)
cam,cam,2,unavailable,False,only 2 usable videos (< 15)
cancel,cancel,2,unavailable,False,only 2 usable videos (< 15)
cancer,cancer,2,unavailable,False,only 2 usable videos (< 15)
cash,cash,2,unavailable,False,only 2 usable videos (< 15)
railway station,railway station,2,unavailable,False,only 2 usable videos (< 15)
raise,raise,2,unavailable,False,only 2 usable videos (< 15)
rajdhani train,rajdhani train,2,unavailable,False,only 2 usable videos (< 15)
range,range,2,unavailable,False,only 2 usable videos (< 15)
rank,rank,2,unavailable,False,only 2 usable videos (< 15)
rate,rate,2,unavailable,False,only 2 usable videos (< 15)
ratio,ratio,2,unavailable,False,only 2 usable videos (< 15)
reach,reach,2,unavailable,False,only 2 usable videos (< 15)
read,read,2,unavailable,False,only 2 usable videos (< 15)
capsicum,capsicum,2,unavailable,False,only 2 usable videos (< 15)
car,car,2,unavailable,False,only 2 usable videos (< 15)
carrom,carrom,2,unavailable,False,only 2 usable videos (< 15)
carrot,carrot,2,unavailable,False,only 2 usable videos (< 15)
reason,reason,2,unavailable,False,only 2 usable videos (< 15)
receipt,receipt,2,unavailable,False,only 2 usable videos (< 15)
purchase,purchase,2,unavailable,False,only 2 usable videos (< 15)
pure,pure,2,unavailable,False,only 2 usable videos (< 15)
severally,severally,2,unavailable,False,only 2 usable videos (< 15)
shallow,shallow,2,unavailable,False,only 2 usable videos (< 15)
shape,shape,2,unavailable,False,only 2 usable videos (< 15)
share market,share market,2,unavailable,False,only 2 usable videos (< 15)
sharpener,sharpener,2,unavailable,False,only 2 usable videos (< 15)
blood,blood,2,unavailable,False,only 2 usable videos (< 15)
bluetooth,bluetooth,2,unavailable,False,only 2 usable videos (< 15)
shaving razor,shaving razor,2,unavailable,False,only 2 usable videos (< 15)
she,she,2,unavailable,False,only 2 usable videos (< 15)
query,query,2,unavailable,False,only 2 usable videos (< 15)
question,question,2,unavailable,False,only 2 usable videos (< 15)
quickly,quickly,2,unavailable,False,only 2 usable videos (< 15)
rabbit,rabbit,2,unavailable,False,only 2 usable videos (< 15)
cartoon,cartoon,2,unavailable,False,only 2 usable videos (< 15)
shimla,shimla,2,unavailable,False,only 2 usable videos (< 15)
shirt,shirt,2,unavailable,False,only 2 usable videos (< 15)
shock,shock,2,unavailable,False,only 2 usable videos (< 15)
shoe,shoe,2,unavailable,False,only 2 usable videos (< 15)
shooting,shooting,2,unavailable,False,only 2 usable videos (< 15)
blackboard duster,blackboard duster,2,unavailable,False,only 2 usable videos (< 15)
shopkeeper,shopkeeper,2,unavailable,False,only 2 usable videos (< 15)
short,short,2,unavailable,False,only 2 usable videos (< 15)
should,should,2,unavailable,False,only 2 usable videos (< 15)
show,show,2,unavailable,False,only 2 usable videos (< 15)
prove,prove,2,unavailable,False,only 2 usable videos (< 15)
public,public,2,unavailable,False,only 2 usable videos (< 15)
pumpkin,pumpkin,2,unavailable,False,only 2 usable videos (< 15)
pune,pune,2,unavailable,False,only 2 usable videos (< 15)
punish,punish,2,unavailable,False,only 2 usable videos (< 15)
cell,cell,2,unavailable,False,only 2 usable videos (< 15)
sikh,sikh,2,unavailable,False,only 2 usable videos (< 15)
sikhism,sikhism,2,unavailable,False,only 2 usable videos (< 15)
birds,birds,2,unavailable,False,only 2 usable videos (< 15)
birth,birth,2,unavailable,False,only 2 usable videos (< 15)
birthday,birthday,2,unavailable,False,only 2 usable videos (< 15)
biscuit,biscuit,2,unavailable,False,only 2 usable videos (< 15)
simultaneous,simultaneous,2,unavailable,False,only 2 usable videos (< 15)
sing,sing,2,unavailable,False,only 2 usable videos (< 15)
prime minister,prime minister,2,unavailable,False,only 2 usable videos (< 15)
printer,printer,2,unavailable,False,only 2 usable videos (< 15)
prize,prize,2,unavailable,False,only 2 usable videos (< 15)
certificate,certificate,2,unavailable,False,only 2 usable videos (< 15)
promote,promote,2,unavailable,False,only 2 usable videos (< 15)
property,property,2,unavailable,False,only 2 usable videos (< 15)
protect,protect,2,unavailable,False,only 2 usable videos (< 15)
shift,shift,2,unavailable,False,only 2 usable videos (< 15)
post office,post office,2,unavailable,False,only 2 usable videos (< 15)
postman,postman,2,unavailable,False,only 2 usable videos (< 15)
cheap,cheap,2,unavailable,False,only 2 usable videos (< 15)
cheat,cheat,2,unavailable,False,only 2 usable videos (< 15)
practice,practice,2,unavailable,False,only 2 usable videos (< 15)
practise,practise,2,unavailable,False,only 2 usable videos (< 15)
prefer,prefer,2,unavailable,False,only 2 usable videos (< 15)
present,present,2,unavailable,False,only 2 usable videos (< 15)
pretend,pretend,2,unavailable,False,only 2 usable videos (< 15)
chair,chair,2,unavailable,False,only 2 usable videos (< 15)
chandigarh,chandigarh,2,unavailable,False,only 2 usable videos (< 15)
chart,chart,2,unavailable,False,only 2 usable videos (< 15)
chat,chat,2,unavailable,False,only 2 usable videos (< 15)
price,price,2,unavailable,False,only 2 usable videos (< 15)
priest,priest,2,unavailable,False,only 2 usable videos (< 15)
sign,sign,2,unavailable,False,only 2 usable videos (< 15)
policeman,policeman,2,unavailable,False,only 2 usable videos (< 15)
sink,sink,2,unavailable,False,only 2 usable videos (< 15)
biased,biased,2,unavailable,False,only 2 usable videos (< 15)
big,big,2,unavailable,False,only 2 usable videos (< 15)
bihar,bihar,2,unavailable,False,only 2 usable videos (< 15)
bike suspension,bike suspension,2,unavailable,False,only 2 usable videos (< 15)
six,six,2,unavailable,False,only 2 usable videos (< 15)
sky,sky,2,unavailable,False,only 2 usable videos (< 15)
slap,slap,2,unavailable,False,only 2 usable videos (< 15)
slip,slip,2,unavailable,False,only 2 usable videos (< 15)
pollution,pollution,2,unavailable,False,only 2 usable videos (< 15)
pond,pond,2,unavailable,False,only 2 usable videos (< 15)
poor,poor,2,unavailable,False,only 2 usable videos (< 15)
positive,positive,2,unavailable,False,only 2 usable videos (< 15)
possible,possible,2,unavailable,False,only 2 usable videos (< 15)
post,post,2,unavailable,False,only 2 usable videos (< 15)
snail,snail,2,unavailable,False,only 2 usable videos (< 15)
snake,snake,2,unavailable,False,only 2 usable videos (< 15)
bengali,bengali,2,unavailable,False,only 2 usable videos (< 15)
soap,soap,2,unavailable,False,only 2 usable videos (< 15)
social,social,2,unavailable,False,only 2 usable videos (< 15)
plastic,plastic,2,unavailable,False,only 2 usable videos (< 15)
play,play,2,unavailable,False,only 2 usable videos (< 15)
plenty,plenty,2,unavailable,False,only 2 usable videos (< 15)
plumber,plumber,2,unavailable,False,only 2 usable videos (< 15)
podium,podium,2,unavailable,False,only 2 usable videos (< 15)
point,point,2,unavailable,False,only 2 usable videos (< 15)
chest,chest,2,unavailable,False,only 2 usable videos (< 15)
chew,chew,2,unavailable,False,only 2 usable videos (< 15)
chief minister,chief minister,2,unavailable,False,only 2 usable videos (< 15)
poison,poison,2,unavailable,False,only 2 usable videos (< 15)
pole,pole,2,unavailable,False,only 2 usable videos (< 15)
below,below,2,unavailable,False,only 2 usable videos (< 15)
sound,sound,2,unavailable,False,only 2 usable videos (< 15)
soup,soup,2,unavailable,False,only 2 usable videos (< 15)
physics,physics,2,unavailable,False,only 2 usable videos (< 15)
pickle,pickle,2,unavailable,False,only 2 usable videos (< 15)
picture,picture,2,unavailable,False,only 2 usable videos (< 15)
piece,piece,2,unavailable,False,only 2 usable videos (< 15)
pilot,pilot,2,unavailable,False,only 2 usable videos (< 15)
christian,christian,2,unavailable,False,only 2 usable videos (< 15)
pizza,pizza,2,unavailable,False,only 2 usable videos (< 15)
plan,plan,2,unavailable,False,only 2 usable videos (< 15)
slow,slow,2,unavailable,False,only 2 usable videos (< 15)
sly,sly,2,unavailable,False,only 2 usable videos (< 15)
small,small,2,unavailable,False,only 2 usable videos (< 15)
small pox,small pox,2,unavailable,False,only 2 usable videos (< 15)
smile,smile,2,unavailable,False,only 2 usable videos (< 15)
patna,patna,2,unavailable,False,only 2 usable videos (< 15)
pay,pay,2,unavailable,False,only 2 usable videos (< 15)
clean,clean,2,unavailable,False,only 2 usable videos (< 15)
clear,clear,2,unavailable,False,only 2 usable videos (< 15)
clerk,clerk,2,unavailable,False,only 2 usable videos (< 15)
pay in installment,pay in installment,2,unavailable,False,only 2 usable videos (< 15)
paytm,paytm,2,unavailable,False,only 2 usable videos (< 15)
peak,peak,2,unavailable,False,only 2 usable videos (< 15)
pen drive,pen drive,2,unavailable,False,only 2 usable videos (< 15)
personal,personal,2,unavailable,False,only 2 usable videos (< 15)
soft,soft,2,unavailable,False,only 2 usable videos (< 15)
soldier,soldier,2,unavailable,False,only 2 usable videos (< 15)
solid,solid,2,unavailable,False,only 2 usable videos (< 15)
solve,solve,2,unavailable,False,only 2 usable videos (< 15)
some,some,2,unavailable,False,only 2 usable videos (< 15)
belief,belief,2,unavailable,False,only 2 usable videos (< 15)
paper,paper,2,unavailable,False,only 2 usable videos (< 15)
paper clip,paper clip,2,unavailable,False,only 2 usable videos (< 15)
south,south,2,unavailable,False,only 2 usable videos (< 15)
south america,south america,2,unavailable,False,only 2 usable videos (< 15)
spanner,spanner,2,unavailable,False,only 2 usable videos (< 15)
sparrow,sparrow,2,unavailable,False,only 2 usable videos (< 15)
battery,battery,2,unavailable,False,only 2 usable videos (< 15)
beak,beak,2,unavailable,False,only 2 usable videos (< 15)
bear,bear,2,unavailable,False,only 2 usable videos (< 15)
bed,bed,2,unavailable,False,only 2 usable videos (< 15)
bedsheet,bedsheet,2,unavailable,False,only 2 usable videos (< 15)
beer,beer,2,unavailable,False,only 2 usable videos (< 15)
speech therapist,speech therapist,2,unavailable,False,only 2 usable videos (< 15)
spider,spider,2,unavailable,False,only 2 usable videos (< 15)
parents,parents,2,unavailable,False,only 2 usable videos (< 15)
parking,parking,2,unavailable,False,only 2 usable videos (< 15)
stand,stand,2,unavailable,False,only 2 usable videos (< 15)
standard,standard,2,unavailable,False,only 2 usable videos (< 15)
battered child syndrome,battered child syndrome,2,unavailable,False,only 2 usable videos (< 15)
stars,stars,2,unavailable,False,only 2 usable videos (< 15)
state,state,2,unavailable,False,only 2 usable videos (< 15)
stationery,stationery,2,unavailable,False,only 2 usable videos (< 15)
statistics,statistics,2,unavailable,False,only 2 usable videos (< 15)
stay,stay,2,unavailable,False,only 2 usable videos (< 15)
pair,pair,2,unavailable,False,only 2 usable videos (< 15)
pamphlet,pamphlet,2,unavailable,False,only 2 usable videos (< 15)
pan,pan,2,unavailable,False,only 2 usable videos (< 15)
panaji,panaji,2,unavailable,False,only 2 usable videos (< 15)
cloth,cloth,2,unavailable,False,only 2 usable videos (< 15)
clown,clown,2,unavailable,False,only 2 usable videos (< 15)
club,club,2,unavailable,False,only 2 usable videos (< 15)
pant,pant,2,unavailable,False,only 2 usable videos (< 15)
banian,banian,2,unavailable,False,only 2 usable videos (< 15)
banner,banner,2,unavailable,False,only 2 usable videos (< 15)
barber,barber,2,unavailable,False,only 2 usable videos (< 15)
bark,bark,2,unavailable,False,only 2 usable videos (< 15)
story,story,2,unavailable,False,only 2 usable videos (< 15)
stove,stove,2,unavailable,False,only 2 usable videos (< 15)
strength,strength,2,unavailable,False,only 2 usable videos (< 15)
strict,strict,2,unavailable,False,only 2 usable videos (< 15)
student,student,2,unavailable,False,only 2 usable videos (< 15)
opposition,opposition,2,unavailable,False,only 2 usable videos (< 15)
our,our,2,unavailable,False,only 2 usable videos (< 15)
output,output,2,unavailable,False,only 2 usable videos (< 15)
coal,coal,2,unavailable,False,only 2 usable videos (< 15)
spoil,spoil,2,unavailable,False,only 2 usable videos (< 15)
spoon,spoon,2,unavailable,False,only 2 usable videos (< 15)
squirrel,squirrel,2,unavailable,False,only 2 usable videos (< 15)
communicate,communicate,2,unavailable,False,only 2 usable videos (< 15)
company,company,2,unavailable,False,only 2 usable videos (< 15)
often,often,2,unavailable,False,only 2 usable videos (< 15)
oil,oil,2,unavailable,False,only 2 usable videos (< 15)
okay,okay,2,unavailable,False,only 2 usable videos (< 15)
on,on,2,unavailable,False,only 2 usable videos (< 15)
ooty,ooty,2,unavailable,False,only 2 usable videos (< 15)
coimbatore,coimbatore,2,unavailable,False,only 2 usable videos (< 15)
coin,coin,2,unavailable,False,only 2 usable videos (< 15)
college,college,2,unavailable,False,only 2 usable videos (< 15)
colour,colour,2,unavailable,False,only 2 usable videos (< 15)
colour palette,colour palette,2,unavailable,False,only 2 usable videos (< 15)
operation,operation,2,unavailable,False,only 2 usable videos (< 15)
opinion,opinion,2,unavailable,False,only 2 usable videos (< 15)
store,store,2,unavailable,False,only 2 usable videos (< 15)
storey skyscraper,storey skyscraper,2,unavailable,False,only 2 usable videos (< 15)
noun,noun,2,unavailable,False,only 2 usable videos (< 15)
study,study,2,unavailable,False,only 2 usable videos (< 15)
stupid,stupid,2,unavailable,False,only 2 usable videos (< 15)
subtract,subtract,2,unavailable,False,only 2 usable videos (< 15)
summary,summary,2,unavailable,False,only 2 usable videos (< 15)
ban,ban,2,unavailable,False,only 2 usable videos (< 15)
banana,banana,2,unavailable,False,only 2 usable videos (< 15)
bangles,bangles,2,unavailable,False,only 2 usable videos (< 15)
superficial,superficial,2,unavailable,False,only 2 usable videos (< 15)
support,support,2,unavailable,False,only 2 usable videos (< 15)
surat,surat,2,unavailable,False,only 2 usable videos (< 15)
now,now,2,unavailable,False,only 2 usable videos (< 15)
nurse,nurse,2,unavailable,False,only 2 usable videos (< 15)
nut,nut,2,unavailable,False,only 2 usable videos (< 15)
obey,obey,2,unavailable,False,only 2 usable videos (< 15)
common,common,2,unavailable,False,only 2 usable videos (< 15)
surname,surname,2,unavailable,False,only 2 usable videos (< 15)
surprise,surprise,2,unavailable,False,only 2 usable videos (< 15)
sweep,sweep,2,unavailable,False,only 2 usable videos (< 15)
sweet lime,sweet lime,2,unavailable,False,only 2 usable videos (< 15)
swim,swim,2,unavailable,False,only 2 usable videos (< 15)
balcony,balcony,2,unavailable,False,only 2 usable videos (< 15)
ball,ball,2,unavailable,False,only 2 usable videos (< 15)
noise,noise,2,unavailable,False,only 2 usable videos (< 15)
noise pollution,noise pollution,2,unavailable,False,only 2 usable videos (< 15)
non,non,2,unavailable,False,only 2 usable videos (< 15)
nose stud,nose stud,2,unavailable,False,only 2 usable videos (< 15)
compare,compare,2,unavailable,False,only 2 usable videos (< 15)
compass,compass,2,unavailable,False,only 2 usable videos (< 15)
competition,competition,2,unavailable,False,only 2 usable videos (< 15)
complain,complain,2,unavailable,False,only 2 usable videos (< 15)
notification,notification,2,unavailable,False,only 2 usable videos (< 15)
confident,confident,2,unavailable,False,only 2 usable videos (< 15)
confirm,confirm,2,unavailable,False,only 2 usable videos (< 15)
confused,confused,2,unavailable,False,only 2 usable videos (< 15)
natural,natural,2,unavailable,False,only 2 usable videos (< 15)
nect tie,nect tie,2,unavailable,False,only 2 usable videos (< 15)
needle,needle,2,unavailable,False,only 2 usable videos (< 15)
negative,negative,2,unavailable,False,only 2 usable videos (< 15)
nest,nest,2,unavailable,False,only 2 usable videos (< 15)
new,new,2,unavailable,False,only 2 usable videos (< 15)
computer,computer,2,unavailable,False,only 2 usable videos (< 15)
concentrate,concentrate,2,unavailable,False,only 2 usable videos (< 15)
concrete,concrete,2,unavailable,False,only 2 usable videos (< 15)
newspaper,newspaper,2,unavailable,False,only 2 usable videos (< 15)
nice,nice,2,unavailable,False,only 2 usable videos (< 15)
no,no,2,unavailable,False,only 2 usable videos (< 15)
surgeon,surgeon,2,unavailable,False,only 2 usable videos (< 15)
myself,myself,2,unavailable,False,only 2 usable videos (< 15)
system,system,2,unavailable,False,only 2 usable videos (< 15)
table tennis,table tennis,2,unavailable,False,only 2 usable videos (< 15)
tail,tail,2,unavailable,False,only 2 usable videos (< 15)
tailor,tailor,2,unavailable,False,only 2 usable videos (< 15)
take,take,2,unavailable,False,only 2 usable videos (< 15)
bad language,bad language,2,unavailable,False,only 2 usable videos (< 15)
bag,bag,2,unavailable,False,only 2 usable videos (< 15)
bake,bake,2,unavailable,False,only 2 usable videos (< 15)
balance,balance,2,unavailable,False,only 2 usable videos (< 15)
tally,tally,2,unavailable,False,only 2 usable videos (< 15)
tamil nadu,tamil nadu,2,unavailable,False,only 2 usable videos (< 15)
nail,nail,2,unavailable,False,only 2 usable videos (< 15)
nail polish,nail polish,2,unavailable,False,only 2 usable videos (< 15)
narrow,narrow,2,unavailable,False,only 2 usable videos (< 15)
national,national,2,unavailable,False,only 2 usable videos (< 15)
mogra,mogra,2,unavailable,False,only 2 usable videos (< 15)
moon,moon,2,unavailable,False,only 2 usable videos (< 15)
more,more,2,unavailable,False,only 2 usable videos (< 15)
copper,copper,2,unavailable,False,only 2 usable videos (< 15)
motor,motor,2,unavailable,False,only 2 usable videos (< 15)
move,move,2,unavailable,False,only 2 usable videos (< 15)
mud,mud,2,unavailable,False,only 2 usable videos (< 15)
mug,mug,2,unavailable,False,only 2 usable videos (< 15)
muharram,muharram,2,unavailable,False,only 2 usable videos (< 15)
mumbai,mumbai,2,unavailable,False,only 2 usable videos (< 15)
mumps,mumps,2,unavailable,False,only 2 usable videos (< 15)
control,control,2,unavailable,False,only 2 usable videos (< 15)
mushroom,mushroom,2,unavailable,False,only 2 usable videos (< 15)
music,music,2,unavailable,False,only 2 usable videos (< 15)
musician,musician,2,unavailable,False,only 2 usable videos (< 15)
my,my,2,unavailable,False,only 2 usable videos (< 15)
mix,mix,2,unavailable,False,only 2 usable videos (< 15)
tap,tap,2,unavailable,False,only 2 usable videos (< 15)
target,target,2,unavailable,False,only 2 usable videos (< 15)
autocracy,autocracy,2,unavailable,False,only 2 usable videos (< 15)
automatic,automatic,2,unavailable,False,only 2 usable videos (< 15)
average,average,2,unavailable,False,only 2 usable videos (< 15)
axe,axe,2,unavailable,False,only 2 usable videos (< 15)
baby,baby,2,unavailable,False,only 2 usable videos (< 15)
backdate,backdate,2,unavailable,False,only 2 usable videos (< 15)
tax,tax,2,unavailable,False,only 2 usable videos (< 15)
taxi,taxi,2,unavailable,False,only 2 usable videos (< 15)
tea,tea,2,unavailable,False,only 2 usable videos (< 15)
teacher,teacher,2,unavailable,False,only 2 usable videos (< 15)
team,team,2,unavailable,False,only 2 usable videos (< 15)
model,model,2,unavailable,False,only 2 usable videos (< 15)
modern,modern,2,unavailable,False,only 2 usable videos (< 15)
crayons,crayons,2,unavailable,False,only 2 usable videos (< 15)
creeper,creeper,2,unavailable,False,only 2 usable videos (< 15)
cremate,cremate,2,unavailable,False,only 2 usable videos (< 15)
minister,minister,2,unavailable,False,only 2 usable videos (< 15)
ministry of social justice and empowerment,ministry of social justice and empowerment,2,unavailable,False,only 2 usable videos (< 15)
minor,minor,2,unavailable,False,only 2 usable videos (< 15)
minority,minority,2,unavailable,False,only 2 usable videos (< 15)
minute,minute,2,unavailable,False,only 2 usable videos (< 15)
minutes,minutes,2,unavailable,False,only 2 usable videos (< 15)
miss,miss,2,unavailable,False,only 2 usable videos (< 15)
corruption,corruption,2,unavailable,False,only 2 usable videos (< 15)
cosmetics,cosmetics,2,unavailable,False,only 2 usable videos (< 15)
country,country,2,unavailable,False,only 2 usable videos (< 15)
courier,courier,2,unavailable,False,only 2 usable videos (< 15)
cover,cover,2,unavailable,False,only 2 usable videos (< 15)
cow,cow,2,unavailable,False,only 2 usable videos (< 15)
technician,technician,2,unavailable,False,only 2 usable videos (< 15)
teeth,teeth,2,unavailable,False,only 2 usable videos (< 15)
telangana,telangana,2,unavailable,False,only 2 usable videos (< 15)
telephone,telephone,2,unavailable,False,only 2 usable videos (< 15)
tell,tell,2,unavailable,False,only 2 usable videos (< 15)
telugu,telugu,2,unavailable,False,only 2 usable videos (< 15)
temple,temple,2,unavailable,False,only 2 usable videos (< 15)
tennis,tennis,2,unavailable,False,only 2 usable videos (< 15)
terrace,terrace,2,unavailable,False,only 2 usable videos (< 15)
testify,testify,2,unavailable,False,only 2 usable videos (< 15)
metal,metal,2,unavailable,False,only 2 usable videos (< 15)
metre,metre,2,unavailable,False,only 2 usable videos (< 15)
middle,middle,2,unavailable,False,only 2 usable videos (< 15)
milk,milk,2,unavailable,False,only 2 usable videos (< 15)
milkman,milkman,2,unavailable,False,only 2 usable videos (< 15)
millilitre,millilitre,2,unavailable,False,only 2 usable videos (< 15)
cure,cure,2,unavailable,False,only 2 usable videos (< 15)
curtain,curtain,2,unavailable,False,only 2 usable videos (< 15)
mason,mason,2,unavailable,False,only 2 usable videos (< 15)
mat,mat,2,unavailable,False,only 2 usable videos (< 15)
matchbox,matchbox,2,unavailable,False,only 2 usable videos (< 15)
material,material,2,unavailable,False,only 2 usable videos (< 15)
may,may,2,unavailable,False,only 2 usable videos (< 15)
me,me,2,unavailable,False,only 2 usable videos (< 15)
mean,mean,2,unavailable,False,only 2 usable videos (< 15)
measles,measles,2,unavailable,False,only 2 usable videos (< 15)
measurement,measurement,2,unavailable,False,only 2 usable videos (< 15)
meet,meet,2,unavailable,False,only 2 usable videos (< 15)
meeting,meeting,2,unavailable,False,only 2 usable videos (< 15)
meghalaya,meghalaya,2,unavailable,False,only 2 usable videos (< 15)
crocodile,crocodile,2,unavailable,False,only 2 usable videos (< 15)
tease,tease,2,unavailable,False,only 2 usable videos (< 15)
then,then,2,unavailable,False,only 2 usable videos (< 15)
there,there,2,unavailable,False,only 2 usable videos (< 15)
they,they,2,unavailable,False,only 2 usable videos (< 15)
thief,thief,2,unavailable,False,only 2 usable videos (< 15)
thin,thin,2,unavailable,False,only 2 usable videos (< 15)
attitude,attitude,2,unavailable,False,only 2 usable videos (< 15)
thorn,thorn,2,unavailable,False,only 2 usable videos (< 15)
thrice,thrice,2,unavailable,False,only 2 usable videos (< 15)
make,make,2,unavailable,False,only 2 usable videos (< 15)
malayalam,malayalam,2,unavailable,False,only 2 usable videos (< 15)
manage,manage,2,unavailable,False,only 2 usable videos (< 15)
mango,mango,2,unavailable,False,only 2 usable videos (< 15)
manner,manner,2,unavailable,False,only 2 usable videos (< 15)
cunning,cunning,2,unavailable,False,only 2 usable videos (< 15)
cupboard,cupboard,2,unavailable,False,only 2 usable videos (< 15)
curds,curds,2,unavailable,False,only 2 usable videos (< 15)
assassination,assassination,2,unavailable,False,only 2 usable videos (< 15)
assembly,assembly,2,unavailable,False,only 2 usable videos (< 15)
association,association,2,unavailable,False,only 2 usable videos (< 15)
toes,toes,2,unavailable,False,only 2 usable videos (< 15)
together,together,2,unavailable,False,only 2 usable videos (< 15)
loan,loan,2,unavailable,False,only 2 usable videos (< 15)
local,local,2,unavailable,False,only 2 usable videos (< 15)
lose,lose,2,unavailable,False,only 2 usable videos (< 15)
lotus,lotus,2,unavailable,False,only 2 usable videos (< 15)
love,love,2,unavailable,False,only 2 usable videos (< 15)
lunch,lunch,2,unavailable,False,only 2 usable videos (< 15)
cycle,cycle,2,unavailable,False,only 2 usable videos (< 15)
madhya pradesh,madhya pradesh,2,unavailable,False,only 2 usable videos (< 15)
mahavir jayanti,mahavir jayanti,2,unavailable,False,only 2 usable videos (< 15)
that,that,2,unavailable,False,only 2 usable videos (< 15)
themselves,themselves,2,unavailable,False,only 2 usable videos (< 15)
lightning,lightning,2,unavailable,False,only 2 usable videos (< 15)
like,like,2,unavailable,False,only 2 usable videos (< 15)
like social media,like social media,2,unavailable,False,only 2 usable videos (< 15)
lips,lips,2,unavailable,False,only 2 usable videos (< 15)
lipstick,lipstick,2,unavailable,False,only 2 usable videos (< 15)
liquid,liquid,2,unavailable,False,only 2 usable videos (< 15)
dasara,dasara,2,unavailable,False,only 2 usable videos (< 15)
daughter,daughter,2,unavailable,False,only 2 usable videos (< 15)
day before,day before,2,unavailable,False,only 2 usable videos (< 15)
lizard,lizard,2,unavailable,False,only 2 usable videos (< 15)
throw,throw,2,unavailable,False,only 2 usable videos (< 15)
tie,tie,2,unavailable,False,only 2 usable videos (< 15)
tiger,tiger,2,unavailable,False,only 2 usable videos (< 15)
time table,time table,2,unavailable,False,only 2 usable videos (< 15)
tinda,tinda,2,unavailable,False,only 2 usable videos (< 15)
tired,tired,2,unavailable,False,only 2 usable videos (< 15)
lemon,lemon,2,unavailable,False,only 2 usable videos (< 15)
tolerate,tolerate,2,unavailable,False,only 2 usable videos (< 15)
tool,tool,2,unavailable,False,only 2 usable videos (< 15)
arrest,arrest,2,unavailable,False,only 2 usable videos (< 15)
art,art,2,unavailable,False,only 2 usable videos (< 15)
asia,asia,2,unavailable,False,only 2 usable videos (< 15)
ask,ask,2,unavailable,False,only 2 usable videos (< 15)
toothpaste,toothpaste,2,unavailable,False,only 2 usable videos (< 15)
leprosy,leprosy,2,unavailable,False,only 2 usable videos (< 15)
letter,letter,2,unavailable,False,only 2 usable videos (< 15)
library,library,2,unavailable,False,only 2 usable videos (< 15)
deaf,deaf,2,unavailable,False,only 2 usable videos (< 15)
debit card,debit card,2,unavailable,False,only 2 usable videos (< 15)
licence,licence,2,unavailable,False,only 2 usable videos (< 15)
lift,lift,2,unavailable,False,only 2 usable videos (< 15)
lighthouse,lighthouse,2,unavailable,False,only 2 usable videos (< 15)
demand draft,demand draft,2,unavailable,False,only 2 usable videos (< 15)
laptop,laptop,2,unavailable,False,only 2 usable videos (< 15)
top,top,2,unavailable,False,only 2 usable videos (< 15)
total,total,2,unavailable,False,only 2 usable videos (< 15)
touch,touch,2,unavailable,False,only 2 usable videos (< 15)
towel,towel,2,unavailable,False,only 2 usable videos (< 15)
trade,trade,2,unavailable,False,only 2 usable videos (< 15)
approve,approve,2,unavailable,False,only 2 usable videos (< 15)
approximate,approximate,2,unavailable,False,only 2 usable videos (< 15)
transfer,transfer,2,unavailable,False,only 2 usable videos (< 15)
lazy,lazy,2,unavailable,False,only 2 usable videos (< 15)
lead,lead,2,unavailable,False,only 2 usable videos (< 15)
leather,leather,2,unavailable,False,only 2 usable videos (< 15)
delegate,delegate,2,unavailable,False,only 2 usable videos (< 15)
lecturer,lecturer,2,unavailable,False,only 2 usable videos (< 15)
legal,legal,2,unavailable,False,only 2 usable videos (< 15)
kiss,kiss,2,unavailable,False,only 2 usable videos (< 15)
translate,translate,2,unavailable,False,only 2 usable videos (< 15)
triple,triple,2,unavailable,False,only 2 usable videos (< 15)
truck,truck,2,unavailable,False,only 2 usable videos (< 15)
anticlockwise,anticlockwise,2,unavailable,False,only 2 usable videos (< 15)
any,any,2,unavailable,False,only 2 usable videos (< 15)
apple,apple,2,unavailable,False,only 2 usable videos (< 15)
applicant,applicant,2,unavailable,False,only 2 usable videos (< 15)
application,application,2,unavailable,False,only 2 usable videos (< 15)
kite,kite,2,unavailable,False,only 2 usable videos (< 15)
know,know,2,unavailable,False,only 2 usable videos (< 15)
knowledge,knowledge,2,unavailable,False,only 2 usable videos (< 15)
krishna,krishna,2,unavailable,False,only 2 usable videos (< 15)
kumbh mela,kumbh mela,2,unavailable,False,only 2 usable videos (< 15)
label,label,2,unavailable,False,only 2 usable videos (< 15)
delhi,delhi,2,unavailable,False,only 2 usable videos (< 15)
anklets,anklets,2,unavailable,False,only 2 usable videos (< 15)
antartica,antartica,2,unavailable,False,only 2 usable videos (< 15)
anti corruption law,anti corruption law,2,unavailable,False,only 2 usable videos (< 15)
anti virus,anti virus,2,unavailable,False,only 2 usable videos (< 15)
turkey,turkey,2,unavailable,False,only 2 usable videos (< 15)
turn,turn,2,unavailable,False,only 2 usable videos (< 15)
tusks,tusks,2,unavailable,False,only 2 usable videos (< 15)
twin,twin,2,unavailable,False,only 2 usable videos (< 15)
kali mata,kali mata,2,unavailable,False,only 2 usable videos (< 15)
kangaroo,kangaroo,2,unavailable,False,only 2 usable videos (< 15)
kick,kick,2,unavailable,False,only 2 usable videos (< 15)
kidney beans,kidney beans,2,unavailable,False,only 2 usable videos (< 15)
kill,kill,2,unavailable,False,only 2 usable videos (< 15)
kind,kind,2,unavailable,False,only 2 usable videos (< 15)
desert,desert,2,unavailable,False,only 2 usable videos (< 15)
destroy,destroy,2,unavailable,False,only 2 usable videos (< 15)
diode,diode,2,unavailable,False,only 2 usable videos (< 15)
isl,isl,2,unavailable,False,only 2 usable videos (< 15)
it,it,2,unavailable,False,only 2 usable videos (< 15)
jackfruit,jackfruit,2,unavailable,False,only 2 usable videos (< 15)
jail,jail,2,unavailable,False,only 2 usable videos (< 15)
jaipur,jaipur,2,unavailable,False,only 2 usable videos (< 15)
jam,jam,2,unavailable,False,only 2 usable videos (< 15)
janmashtami,janmashtami,2,unavailable,False,only 2 usable videos (< 15)
jawaharlal nehru,jawaharlal nehru,2,unavailable,False,only 2 usable videos (< 15)
jew,jew,2,unavailable,False,only 2 usable videos (< 15)
judge,judge,2,unavailable,False,only 2 usable videos (< 15)
judgement,judgement,2,unavailable,False,only 2 usable videos (< 15)
dhobi,dhobi,2,unavailable,False,only 2 usable videos (< 15)
dhothi,dhothi,2,unavailable,False,only 2 usable videos (< 15)
juice,juice,2,unavailable,False,only 2 usable videos (< 15)
jump,jump,2,unavailable,False,only 2 usable videos (< 15)
insurance,insurance,2,unavailable,False,only 2 usable videos (< 15)
twins,twins,2,unavailable,False,only 2 usable videos (< 15)
twitter,twitter,2,unavailable,False,only 2 usable videos (< 15)
typist,typist,2,unavailable,False,only 2 usable videos (< 15)
under,under,2,unavailable,False,only 2 usable videos (< 15)
ammeter,ammeter,2,unavailable,False,only 2 usable videos (< 15)
andhra pradesh,andhra pradesh,2,unavailable,False,only 2 usable videos (< 15)
angle of refraction,angle of refraction,2,unavailable,False,only 2 usable videos (< 15)
unemployed,unemployed,2,unavailable,False,only 2 usable videos (< 15)
international,international,2,unavailable,False,only 2 usable videos (< 15)
interview,interview,2,unavailable,False,only 2 usable videos (< 15)
introduce,introduce,2,unavailable,False,only 2 usable videos (< 15)
invent,invent,2,unavailable,False,only 2 usable videos (< 15)
diesel,diesel,2,unavailable,False,only 2 usable videos (< 15)
diet,diet,2,unavailable,False,only 2 usable videos (< 15)
difference,difference,2,unavailable,False,only 2 usable videos (< 15)
independent,independent,2,unavailable,False,only 2 usable videos (< 15)
indigo,indigo,2,unavailable,False,only 2 usable videos (< 15)
industry,industry,2,unavailable,False,only 2 usable videos (< 15)
influence,influence,2,unavailable,False,only 2 usable videos (< 15)
information,information,2,unavailable,False,only 2 usable videos (< 15)
initial,initial,2,unavailable,False,only 2 usable videos (< 15)
initiative,initiative,2,unavailable,False,only 2 usable videos (< 15)
input,input,2,unavailable,False,only 2 usable videos (< 15)
instagram,instagram,2,unavailable,False,only 2 usable videos (< 15)
direct current,direct current,2,unavailable,False,only 2 usable videos (< 15)
director,director,2,unavailable,False,only 2 usable videos (< 15)
dirty,dirty,2,unavailable,False,only 2 usable videos (< 15)
disappear,disappear,2,unavailable,False,only 2 usable videos (< 15)
discount,discount,2,unavailable,False,only 2 usable videos (< 15)
instigate,instigate,2,unavailable,False,only 2 usable videos (< 15)
instrument,instrument,2,unavailable,False,only 2 usable videos (< 15)
university,university,2,unavailable,False,only 2 usable videos (< 15)
unlawful,unlawful,2,unavailable,False,only 2 usable videos (< 15)
already,already,2,unavailable,False,only 2 usable videos (< 15)
alternate current,alternate current,2,unavailable,False,only 2 usable videos (< 15)
aluminium,aluminium,2,unavailable,False,only 2 usable videos (< 15)
unlimited,unlimited,2,unavailable,False,only 2 usable videos (< 15)
until,until,2,unavailable,False,only 2 usable videos (< 15)
up,up,2,unavailable,False,only 2 usable videos (< 15)
hungry,hungry,2,unavailable,False,only 2 usable videos (< 15)
hyderabad,hyderabad,2,unavailable,False,only 2 usable videos (< 15)
ice cream,ice cream,2,unavailable,False,only 2 usable videos (< 15)
idle talk,idle talk,2,unavailable,False,only 2 usable videos (< 15)
illegal,illegal,2,unavailable,False,only 2 usable videos (< 15)
in,in,2,unavailable,False,only 2 usable videos (< 15)
discuss,discuss,2,unavailable,False,only 2 usable videos (< 15)
disease,disease,2,unavailable,False,only 2 usable videos (< 15)
do,do,2,unavailable,False,only 2 usable videos (< 15)
horns,horns,2,unavailable,False,only 2 usable videos (< 15)
horse,horse,2,unavailable,False,only 2 usable videos (< 15)
hot air balloon,hot air balloon,2,unavailable,False,only 2 usable videos (< 15)
hour,hour,2,unavailable,False,only 2 usable videos (< 15)
hours,hours,2,unavailable,False,only 2 usable videos (< 15)
house,house,2,unavailable,False,only 2 usable videos (< 15)
district,district,2,unavailable,False,only 2 usable videos (< 15)
how many,how many,2,unavailable,False,only 2 usable videos (< 15)
hug,hug,2,unavailable,False,only 2 usable videos (< 15)
humid,humid,2,unavailable,False,only 2 usable videos (< 15)
uniform,uniform,2,unavailable,False,only 2 usable videos (< 15)
unit,unit,2,unavailable,False,only 2 usable videos (< 15)
unite,unite,2,unavailable,False,only 2 usable videos (< 15)
united nations convention on the rights of persons with disabilities uncrpd,united nations convention on the rights of persons with disabilities uncrpd,2,unavailable,False,only 2 usable videos (< 15)
united states of america,united states of america,2,unavailable,False,only 2 usable videos (< 15)
draw,draw,2,unavailable,False,only 2 usable videos (< 15)
hawker,hawker,2,unavailable,False,only 2 usable videos (< 15)
he,he,2,unavailable,False,only 2 usable videos (< 15)
head,head,2,unavailable,False,only 2 usable videos (< 15)
hear,hear,2,unavailable,False,only 2 usable videos (< 15)
hearing,hearing,2,unavailable,False,only 2 usable videos (< 15)
hearing aid,hearing aid,2,unavailable,False,only 2 usable videos (< 15)
heart,heart,2,unavailable,False,only 2 usable videos (< 15)
help,help,2,unavailable,False,only 2 usable videos (< 15)
hen,hen,2,unavailable,False,only 2 usable videos (< 15)
hill,hill,2,unavailable,False,only 2 usable videos (< 15)
hindu,hindu,2,unavailable,False,only 2 usable videos (< 15)
hip,hip,2,unavailable,False,only 2 usable videos (< 15)
hippo,hippo,2,unavailable,False,only 2 usable videos (< 15)
hole,hole,2,unavailable,False,only 2 usable videos (< 15)
hope,hope,2,unavailable,False,only 2 usable videos (< 15)
hang,hang,2,unavailable,False,only 2 usable videos (< 15)
upset,upset,2,unavailable,False,only 2 usable videos (< 15)
urdu,urdu,2,unavailable,False,only 2 usable videos (< 15)
uttar pradesh,uttar pradesh,2,unavailable,False,only 2 usable videos (< 15)
vacation,vacation,2,unavailable,False,only 2 usable videos (< 15)
vadodara,vadodara,2,unavailable,False,only 2 usable videos (< 15)
varanasi,varanasi,2,unavailable,False,only 2 usable videos (< 15)
vehicles,vehicles,2,unavailable,False,only 2 usable videos (< 15)
verification,verification,2,unavailable,False,only 2 usable videos (< 15)
very hot,very hot,2,unavailable,False,only 2 usable videos (< 15)
alarm,alarm,2,unavailable,False,only 2 usable videos (< 15)
victory,victory,2,unavailable,False,only 2 usable videos (< 15)
video,video,2,unavailable,False,only 2 usable videos (< 15)
hard drive,hard drive,2,unavailable,False,only 2 usable videos (< 15)
harmonium,harmonium,2,unavailable,False,only 2 usable videos (< 15)
doubt,doubt,2,unavailable,False,only 2 usable videos (< 15)
video camera,video camera,2,unavailable,False,only 2 usable videos (< 15)
vietnam,vietnam,2,unavailable,False,only 2 usable videos (< 15)
air pollution,air pollution,2,unavailable,False,only 2 usable videos (< 15)
airport,airport,2,unavailable,False,only 2 usable videos (< 15)
vodka,vodka,2,unavailable,False,only 2 usable videos (< 15)
volkswagen,volkswagen,2,unavailable,False,only 2 usable videos (< 15)
voltmeter,voltmeter,2,unavailable,False,only 2 usable videos (< 15)
volume,volume,2,unavailable,False,only 2 usable videos (< 15)
gujarati,gujarati,2,unavailable,False,only 2 usable videos (< 15)
gurudwara,gurudwara,2,unavailable,False,only 2 usable videos (< 15)
dream,dream,2,unavailable,False,only 2 usable videos (< 15)
dress,dress,2,unavailable,False,only 2 usable videos (< 15)
driver,driver,2,unavailable,False,only 2 usable videos (< 15)
drop,drop,2,unavailable,False,only 2 usable videos (< 15)
hair dryer,hair dryer,2,unavailable,False,only 2 usable videos (< 15)
half,half,2,unavailable,False,only 2 usable videos (< 15)
waste,waste,2,unavailable,False,only 2 usable videos (< 15)
watermelon,watermelon,2,unavailable,False,only 2 usable videos (< 15)
advantage,advantage,2,unavailable,False,only 2 usable videos (< 15)
waves,waves,2,unavailable,False,only 2 usable videos (< 15)
we,we,2,unavailable,False,only 2 usable videos (< 15)
government,government,2,unavailable,False,only 2 usable videos (< 15)
grandmother,grandmother,2,unavailable,False,only 2 usable videos (< 15)
dry,dry,2,unavailable,False,only 2 usable videos (< 15)
vote,vote,2,unavailable,False,only 2 usable videos (< 15)
want,want,2,unavailable,False,only 2 usable videos (< 15)
after,after,2,unavailable,False,only 2 usable videos (< 15)
again,again,2,unavailable,False,only 2 usable videos (< 15)
agenda,agenda,2,unavailable,False,only 2 usable videos (< 15)
agree,agree,2,unavailable,False,only 2 usable videos (< 15)
war,war,2,unavailable,False,only 2 usable videos (< 15)
warn,warn,2,unavailable,False,only 2 usable videos (< 15)
weekly,weekly,2,unavailable,False,only 2 usable videos (< 15)
weird,weird,2,unavailable,False,only 2 usable videos (< 15)
welcome,welcome,2,unavailable,False,only 2 usable videos (< 15)
add,add,2,unavailable,False,only 2 usable videos (< 15)
west,west,2,unavailable,False,only 2 usable videos (< 15)
west bengal,west bengal,2,unavailable,False,only 2 usable videos (< 15)
generator,generator,2,unavailable,False,only 2 usable videos (< 15)
genuine,genuine,2,unavailable,False,only 2 usable videos (< 15)
geography,geography,2,unavailable,False,only 2 usable videos (< 15)
germany,germany,2,unavailable,False,only 2 usable videos (< 15)
giraffe,giraffe,2,unavailable,False,only 2 usable videos (< 15)
during,during,2,unavailable,False,only 2 usable videos (< 15)
dustbin,dustbin,2,unavailable,False,only 2 usable videos (< 15)
each,each,2,unavailable,False,only 2 usable videos (< 15)
go,go,2,unavailable,False,only 2 usable videos (< 15)
goal,goal,2,unavailable,False,only 2 usable videos (< 15)
election,election,2,unavailable,False,only 2 usable videos (< 15)
from,from,2,unavailable,False,only 2 usable videos (< 15)
fruits,fruits,2,unavailable,False,only 2 usable videos (< 15)
full moon day,full moon day,2,unavailable,False,only 2 usable videos (< 15)
full stomach,full stomach,2,unavailable,False,only 2 usable videos (< 15)
funeral,funeral,2,unavailable,False,only 2 usable videos (< 15)
eagle,eagle,2,unavailable,False,only 2 usable videos (< 15)
earn,earn,2,unavailable,False,only 2 usable videos (< 15)
easter,easter,2,unavailable,False,only 2 usable videos (< 15)
easy,easy,2,unavailable,False,only 2 usable videos (< 15)
economics,economics,2,unavailable,False,only 2 usable videos (< 15)
garden,garden,2,unavailable,False,only 2 usable videos (< 15)
gardener,gardener,2,unavailable,False,only 2 usable videos (< 15)
garlic,garlic,2,unavailable,False,only 2 usable videos (< 15)
wear,wear,2,unavailable,False,only 2 usable videos (< 15)
weaver,weaver,2,unavailable,False,only 2 usable videos (< 15)
wet,wet,2,unavailable,False,only 2 usable videos (< 15)
whale,whale,2,unavailable,False,only 2 usable videos (< 15)
what,what,2,unavailable,False,only 2 usable videos (< 15)
what time,what time,2,unavailable,False,only 2 usable videos (< 15)
wheat,wheat,2,unavailable,False,only 2 usable videos (< 15)
where,where,2,unavailable,False,only 2 usable videos (< 15)
which,which,2,unavailable,False,only 2 usable videos (< 15)
whistle,whistle,2,unavailable,False,only 2 usable videos (< 15)
who,who,2,unavailable,False,only 2 usable videos (< 15)
win,win,2,unavailable,False,only 2 usable videos (< 15)
fresh,fresh,2,unavailable,False,only 2 usable videos (< 15)
edit,edit,2,unavailable,False,only 2 usable videos (< 15)
education,education,2,unavailable,False,only 2 usable videos (< 15)
egg,egg,2,unavailable,False,only 2 usable videos (< 15)
egypt,egypt,2,unavailable,False,only 2 usable videos (< 15)
elbow,elbow,2,unavailable,False,only 2 usable videos (< 15)
embroidery,embroidery,2,unavailable,False,only 2 usable videos (< 15)
emergency,emergency,2,unavailable,False,only 2 usable videos (< 15)
float,float,2,unavailable,False,only 2 usable videos (< 15)
flood,flood,2,unavailable,False,only 2 usable videos (< 15)
floor,floor,2,unavailable,False,only 2 usable videos (< 15)
flower,flower,2,unavailable,False,only 2 usable videos (< 15)
flute,flute,2,unavailable,False,only 2 usable videos (< 15)
food,food,2,unavailable,False,only 2 usable videos (< 15)
foot,foot,2,unavailable,False,only 2 usable videos (< 15)
forget,forget,2,unavailable,False,only 2 usable videos (< 15)
format,format,2,unavailable,False,only 2 usable videos (< 15)
electrode,electrode,2,unavailable,False,only 2 usable videos (< 15)
fox,fox,2,unavailable,False,only 2 usable videos (< 15)
france,france,2,unavailable,False,only 2 usable videos (< 15)
free,free,2,unavailable,False,only 2 usable videos (< 15)
freeze,freeze,2,unavailable,False,only 2 usable videos (< 15)
father,father,2,unavailable,False,only 2 usable videos (< 15)
father-in-law,father-in-law,2,unavailable,False,only 2 usable videos (< 15)
fear,fear,2,unavailable,False,only 2 usable videos (< 15)
feather,feather,2,unavailable,False,only 2 usable videos (< 15)
february,february,2,unavailable,False,only 2 usable videos (< 15)
feel,feel,2,unavailable,False,only 2 usable videos (< 15)
few,few,2,unavailable,False,only 2 usable videos (< 15)
field,field,2,unavailable,False,only 2 usable videos (< 15)
filament,filament,2,unavailable,False,only 2 usable videos (< 15)
file,file,2,unavailable,False,only 2 usable videos (< 15)
film,film,2,unavailable,False,only 2 usable videos (< 15)
fingers,fingers,2,unavailable,False,only 2 usable videos (< 15)
fire,fire,2,unavailable,False,only 2 usable videos (< 15)
first floor,first floor,2,unavailable,False,only 2 usable videos (< 15)
fish,fish,2,unavailable,False,only 2 usable videos (< 15)
embarrass,embarrass,2,unavailable,False,only 2 usable videos (< 15)
youth association of the deaf india,youth association of the deaf india,2,unavailable,False,only 2 usable videos (< 15)
abdicate,abdicate,2,unavailable,False,only 2 usable videos (< 15)
yes,yes,2,unavailable,False,only 2 usable videos (< 15)
express,express,2,unavailable,False,only 2 usable videos (< 15)
extinct,extinct,2,unavailable,False,only 2 usable videos (< 15)
extra,extra,2,unavailable,False,only 2 usable videos (< 15)
eye,eye,2,unavailable,False,only 2 usable videos (< 15)
face,face,2,unavailable,False,only 2 usable videos (< 15)
factory,factory,2,unavailable,False,only 2 usable videos (< 15)
engineer,engineer,2,unavailable,False,only 2 usable videos (< 15)
england,england,2,unavailable,False,only 2 usable videos (< 15)
english,english,2,unavailable,False,only 2 usable videos (< 15)
enough,enough,2,unavailable,False,only 2 usable videos (< 15)
equal,equal,2,unavailable,False,only 2 usable videos (< 15)
faith,faith,2,unavailable,False,only 2 usable videos (< 15)
wine,wine,2,unavailable,False,only 2 usable videos (< 15)
rose,rose,2,unavailable,False,only 2 usable videos (< 15)
bud,bud,2,unavailable,False,only 2 usable videos (< 15)
buddha purnima,buddha purnima,2,unavailable,False,only 2 usable videos (< 15)
rough,rough,2,unavailable,False,only 2 usable videos (< 15)
route,route,2,unavailable,False,only 2 usable videos (< 15)
zip,zip,2,unavailable,False,only 2 usable videos (< 15)
examination,examination,2,unavailable,False,only 2 usable videos (< 15)
equator,equator,2,unavailable,False,only 2 usable videos (< 15)
ethics,ethics,2,unavailable,False,only 2 usable videos (< 15)
europe,europe,2,unavailable,False,only 2 usable videos (< 15)
expansion,expansion,2,unavailable,False,only 2 usable videos (< 15)
expiry,expiry,2,unavailable,False,only 2 usable videos (< 15)
write,write,2,unavailable,False,only 2 usable videos (< 15)
yak,yak,2,unavailable,False,only 2 usable videos (< 15)
young,young,2,unavailable,False,only 2 usable videos (< 15)
yourself,yourself,2,unavailable,False,only 2 usable videos (< 15)
4g,4g,1,unavailable,False,only 1 usable videos (< 15)
a line skirt,a line skirt,1,unavailable,False,only 1 usable videos (< 15)
a lot,a lot,1,unavailable,False,only 1 usable videos (< 15)
abacus,abacus,1,unavailable,False,only 1 usable videos (< 15)
abbreviation,abbreviation,1,unavailable,False,only 1 usable videos (< 15)
abeyance,abeyance,1,unavailable,False,only 1 usable videos (< 15)
able,able,1,unavailable,False,only 1 usable videos (< 15)
about,about,1,unavailable,False,only 1 usable videos (< 15)
yellow flowered plants,yellow flowered plants,1,unavailable,False,only 1 usable videos (< 15)
year to year,year to year,1,unavailable,False,only 1 usable videos (< 15)
year of harvest,year of harvest,1,unavailable,False,only 1 usable videos (< 15)
year financial,year financial,1,unavailable,False,only 1 usable videos (< 15)
year calender,year calender,1,unavailable,False,only 1 usable videos (< 15)
year book,year book,1,unavailable,False,only 1 usable videos (< 15)
yardstick,yardstick,1,unavailable,False,only 1 usable videos (< 15)
yamaha bike,yamaha bike,1,unavailable,False,only 1 usable videos (< 15)
acceptance letter,acceptance letter,1,unavailable,False,only 1 usable videos (< 15)
acceptance clean,acceptance clean,1,unavailable,False,only 1 usable videos (< 15)
acceptance,acceptance,1,unavailable,False,only 1 usable videos (< 15)
acceleration,acceleration,1,unavailable,False,only 1 usable videos (< 15)
youtube,youtube,1,unavailable,False,only 1 usable videos (< 15)
youth,youth,1,unavailable,False,only 1 usable videos (< 15)
younger sister,younger sister,1,unavailable,False,only 1 usable videos (< 15)
younger brother,younger brother,1,unavailable,False,only 1 usable videos (< 15)
younger,younger,1,unavailable,False,only 1 usable videos (< 15)
equation,equation,1,unavailable,False,only 1 usable videos (< 15)
excuse me,excuse me,1,unavailable,False,only 1 usable videos (< 15)
excuse,excuse,1,unavailable,False,only 1 usable videos (< 15)
exclude,exclude,1,unavailable,False,only 1 usable videos (< 15)
excited,excited,1,unavailable,False,only 1 usable videos (< 15)
exchange positions,exchange positions,1,unavailable,False,only 1 usable videos (< 15)
exchange foreign,exchange foreign,1,unavailable,False,only 1 usable videos (< 15)
exchange,exchange,1,unavailable,False,only 1 usable videos (< 15)
excavation,excavation,1,unavailable,False,only 1 usable videos (< 15)
example,example,1,unavailable,False,only 1 usable videos (< 15)
examine,examine,1,unavailable,False,only 1 usable videos (< 15)
exam,exam,1,unavailable,False,only 1 usable videos (< 15)
ewe,ewe,1,unavailable,False,only 1 usable videos (< 15)
evil,evil,1,unavailable,False,only 1 usable videos (< 15)
everyday,everyday,1,unavailable,False,only 1 usable videos (< 15)
every time,every time,1,unavailable,False,only 1 usable videos (< 15)
expert,expert,1,unavailable,False,only 1 usable videos (< 15)
experience,experience,1,unavailable,False,only 1 usable videos (< 15)
expenditure,expenditure,1,unavailable,False,only 1 usable videos (< 15)
exotic sheep,exotic sheep,1,unavailable,False,only 1 usable videos (< 15)
exhaust pump,exhaust pump,1,unavailable,False,only 1 usable videos (< 15)
exemption,exemption,1,unavailable,False,only 1 usable videos (< 15)
event,event,1,unavailable,False,only 1 usable videos (< 15)
estimate,estimate,1,unavailable,False,only 1 usable videos (< 15)
establishment,establishment,1,unavailable,False,only 1 usable videos (< 15)
establish,establish,1,unavailable,False,only 1 usable videos (< 15)
essel world,essel world,1,unavailable,False,only 1 usable videos (< 15)
essay,essay,1,unavailable,False,only 1 usable videos (< 15)
error of omission,error of omission,1,unavailable,False,only 1 usable videos (< 15)
ernission,ernission,1,unavailable,False,only 1 usable videos (< 15)
erect,erect,1,unavailable,False,only 1 usable videos (< 15)
eraser,eraser,1,unavailable,False,only 1 usable videos (< 15)
engineering scale,engineering scale,1,unavailable,False,only 1 usable videos (< 15)
engineering compass,engineering compass,1,unavailable,False,only 1 usable videos (< 15)
fail,fail,1,unavailable,False,only 1 usable videos (< 15)
factorisation,factorisation,1,unavailable,False,only 1 usable videos (< 15)
facsimile signature,facsimile signature,1,unavailable,False,only 1 usable videos (< 15)
face value,face value,1,unavailable,False,only 1 usable videos (< 15)
eyebrow,eyebrow,1,unavailable,False,only 1 usable videos (< 15)
extrahepatic,extrahepatic,1,unavailable,False,only 1 usable videos (< 15)
external parasite,external parasite,1,unavailable,False,only 1 usable videos (< 15)
external,external,1,unavailable,False,only 1 usable videos (< 15)
extermal combustion engine,extermal combustion engine,1,unavailable,False,only 1 usable videos (< 15)
extension counter,extension counter,1,unavailable,False,only 1 usable videos (< 15)
extend,extend,1,unavailable,False,only 1 usable videos (< 15)
express train,express train,1,unavailable,False,only 1 usable videos (< 15)
exporting graphics,exporting graphics,1,unavailable,False,only 1 usable videos (< 15)
expertise,expertise,1,unavailable,False,only 1 usable videos (< 15)
fast growing temporary hedges,fast growing temporary hedges,1,unavailable,False,only 1 usable videos (< 15)
fast,fast,1,unavailable,False,only 1 usable videos (< 15)
farmer,farmer,1,unavailable,False,only 1 usable videos (< 15)
farm,farm,1,unavailable,False,only 1 usable videos (< 15)
fare,fare,1,unavailable,False,only 1 usable videos (< 15)
family tree,family tree,1,unavailable,False,only 1 usable videos (< 15)
family court,family court,1,unavailable,False,only 1 usable videos (< 15)
false flooring,false flooring,1,unavailable,False,only 1 usable videos (< 15)
fall,fall,1,unavailable,False,only 1 usable videos (< 15)
fake,fake,1,unavailable,False,only 1 usable videos (< 15)
epistaxis,epistaxis,1,unavailable,False,only 1 usable videos (< 15)
epaulet,epaulet,1,unavailable,False,only 1 usable videos (< 15)
environmental pollution,environmental pollution,1,unavailable,False,only 1 usable videos (< 15)
envelope,envelope,1,unavailable,False,only 1 usable videos (< 15)
entertainment,entertainment,1,unavailable,False,only 1 usable videos (< 15)
enquiry,enquiry,1,unavailable,False,only 1 usable videos (< 15)
fax,fax,1,unavailable,False,only 1 usable videos (< 15)
faucet aerator,faucet aerator,1,unavailable,False,only 1 usable videos (< 15)
fat test of milk,fat test of milk,1,unavailable,False,only 1 usable videos (< 15)
fat,fat,1,unavailable,False,only 1 usable videos (< 15)
fast track court,fast track court,1,unavailable,False,only 1 usable videos (< 15)
energymeter,energymeter,1,unavailable,False,only 1 usable videos (< 15)
energy meter,energy meter,1,unavailable,False,only 1 usable videos (< 15)
energy,energy,1,unavailable,False,only 1 usable videos (< 15)
endorsement,endorsement,1,unavailable,False,only 1 usable videos (< 15)
end use,end use,1,unavailable,False,only 1 usable videos (< 15)
enclosure,enclosure,1,unavailable,False,only 1 usable videos (< 15)
encashment,encashment,1,unavailable,False,only 1 usable videos (< 15)
empty,empty,1,unavailable,False,only 1 usable videos (< 15)
empowerment,empowerment,1,unavailable,False,only 1 usable videos (< 15)
employment,employment,1,unavailable,False,only 1 usable videos (< 15)
emphasize,emphasize,1,unavailable,False,only 1 usable videos (< 15)
first coat,first coat,1,unavailable,False,only 1 usable videos (< 15)
first charge,first charge,1,unavailable,False,only 1 usable videos (< 15)
fir,fir,1,unavailable,False,only 1 usable videos (< 15)
fingerspell,fingerspell,1,unavailable,False,only 1 usable videos (< 15)
fingerprints,fingerprints,1,unavailable,False,only 1 usable videos (< 15)
financial year,financial year,1,unavailable,False,only 1 usable videos (< 15)
finance,finance,1,unavailable,False,only 1 usable videos (< 15)
final accounts,final accounts,1,unavailable,False,only 1 usable videos (< 15)
final,final,1,unavailable,False,only 1 usable videos (< 15)
filter pump,filter pump,1,unavailable,False,only 1 usable videos (< 15)
fill,fill,1,unavailable,False,only 1 usable videos (< 15)
figure,figure,1,unavailable,False,only 1 usable videos (< 15)
fight,fight,1,unavailable,False,only 1 usable videos (< 15)
fever,fever,1,unavailable,False,only 1 usable videos (< 15)
festivals,festivals,1,unavailable,False,only 1 usable videos (< 15)
feed,feed,1,unavailable,False,only 1 usable videos (< 15)
eleven,eleven,1,unavailable,False,only 1 usable videos (< 15)
elevator,elevator,1,unavailable,False,only 1 usable videos (< 15)
elevation,elevation,1,unavailable,False,only 1 usable videos (< 15)
elevated plot,elevated plot,1,unavailable,False,only 1 usable videos (< 15)
eletronegative force,eletronegative force,1,unavailable,False,only 1 usable videos (< 15)
electronics,electronics,1,unavailable,False,only 1 usable videos (< 15)
fixed asset,fixed asset,1,unavailable,False,only 1 usable videos (< 15)
five hundred,five hundred,1,unavailable,False,only 1 usable videos (< 15)
five,five,1,unavailable,False,only 1 usable videos (< 15)
fitted,fitted,1,unavailable,False,only 1 usable videos (< 15)
fishing net,fishing net,1,unavailable,False,only 1 usable videos (< 15)
fishing for games,fishing for games,1,unavailable,False,only 1 usable videos (< 15)
fisher man,fisher man,1,unavailable,False,only 1 usable videos (< 15)
fish food,fish food,1,unavailable,False,only 1 usable videos (< 15)
fish as a human food,fish as a human food,1,unavailable,False,only 1 usable videos (< 15)
fish as a food of cattle,fish as a food of cattle,1,unavailable,False,only 1 usable videos (< 15)
floating plants,floating plants,1,unavailable,False,only 1 usable videos (< 15)
flexible,flexible,1,unavailable,False,only 1 usable videos (< 15)
flatulence,flatulence,1,unavailable,False,only 1 usable videos (< 15)
flatfoot,flatfoot,1,unavailable,False,only 1 usable videos (< 15)
flat gardens,flat gardens,1,unavailable,False,only 1 usable videos (< 15)
flat belt,flat belt,1,unavailable,False,only 1 usable videos (< 15)
flat,flat,1,unavailable,False,only 1 usable videos (< 15)
flag,flag,1,unavailable,False,only 1 usable videos (< 15)
fixed rate,fixed rate,1,unavailable,False,only 1 usable videos (< 15)
fixed deposit,fixed deposit,1,unavailable,False,only 1 usable videos (< 15)
emoluments,emoluments,1,unavailable,False,only 1 usable videos (< 15)
emergency medical technician,emergency medical technician,1,unavailable,False,only 1 usable videos (< 15)
embryonic development,embryonic development,1,unavailable,False,only 1 usable videos (< 15)
email,email,1,unavailable,False,only 1 usable videos (< 15)
ellipse tool,ellipse tool,1,unavailable,False,only 1 usable videos (< 15)
eliminate,eliminate,1,unavailable,False,only 1 usable videos (< 15)
fluid pressure,fluid pressure,1,unavailable,False,only 1 usable videos (< 15)
fluctuation,fluctuation,1,unavailable,False,only 1 usable videos (< 15)
flowers for pot,flowers for pot,1,unavailable,False,only 1 usable videos (< 15)
flowering hedges,flowering hedges,1,unavailable,False,only 1 usable videos (< 15)
flower for recreation,flower for recreation,1,unavailable,False,only 1 usable videos (< 15)
flower for medical importance,flower for medical importance,1,unavailable,False,only 1 usable videos (< 15)
flower for exhibition,flower for exhibition,1,unavailable,False,only 1 usable videos (< 15)
flower for controlling soil erosion,flower for controlling soil erosion,1,unavailable,False,only 1 usable videos (< 15)
flower for beautification,flower for beautification,1,unavailable,False,only 1 usable videos (< 15)
flouresence,flouresence,1,unavailable,False,only 1 usable videos (< 15)
flounce  hem,flounce  hem,1,unavailable,False,only 1 usable videos (< 15)
floriculture,floriculture,1,unavailable,False,only 1 usable videos (< 15)
floppy drive,floppy drive,1,unavailable,False,only 1 usable videos (< 15)
floppy disk,floppy disk,1,unavailable,False,only 1 usable videos (< 15)
floppy,floppy,1,unavailable,False,only 1 usable videos (< 15)
flooring,flooring,1,unavailable,False,only 1 usable videos (< 15)
foreign,foreign,1,unavailable,False,only 1 usable videos (< 15)
forehead,forehead,1,unavailable,False,only 1 usable videos (< 15)
footpath,footpath,1,unavailable,False,only 1 usable videos (< 15)
football,football,1,unavailable,False,only 1 usable videos (< 15)
footage,footage,1,unavailable,False,only 1 usable videos (< 15)
foot body part,foot body part,1,unavailable,False,only 1 usable videos (< 15)
foolish,foolish,1,unavailable,False,only 1 usable videos (< 15)
fool,fool,1,unavailable,False,only 1 usable videos (< 15)
font weight,font weight,1,unavailable,False,only 1 usable videos (< 15)
folio,folio,1,unavailable,False,only 1 usable videos (< 15)
folder,folder,1,unavailable,False,only 1 usable videos (< 15)
fog,fog,1,unavailable,False,only 1 usable videos (< 15)
focal length,focal length,1,unavailable,False,only 1 usable videos (< 15)
fly,fly,1,unavailable,False,only 1 usable videos (< 15)
fluted  pleats,fluted  pleats,1,unavailable,False,only 1 usable videos (< 15)
flush door,flush door,1,unavailable,False,only 1 usable videos (< 15)
electrical engineering,electrical engineering,1,unavailable,False,only 1 usable videos (< 15)
electrical energy,electrical energy,1,unavailable,False,only 1 usable videos (< 15)
electrical burns,electrical burns,1,unavailable,False,only 1 usable videos (< 15)
electric tester,electric tester,1,unavailable,False,only 1 usable videos (< 15)
electric charge,electric charge,1,unavailable,False,only 1 usable videos (< 15)
electric car,electric car,1,unavailable,False,only 1 usable videos (< 15)
foundation,foundation,1,unavailable,False,only 1 usable videos (< 15)
fossll fueis,fossll fueis,1,unavailable,False,only 1 usable videos (< 15)
fornication,fornication,1,unavailable,False,only 1 usable videos (< 15)
formula,formula,1,unavailable,False,only 1 usable videos (< 15)
former,former,1,unavailable,False,only 1 usable videos (< 15)
fork,fork,1,unavailable,False,only 1 usable videos (< 15)
forgive,forgive,1,unavailable,False,only 1 usable videos (< 15)
forged,forged,1,unavailable,False,only 1 usable videos (< 15)
forever,forever,1,unavailable,False,only 1 usable videos (< 15)
forest,forest,1,unavailable,False,only 1 usable videos (< 15)
freexing,freexing,1,unavailable,False,only 1 usable videos (< 15)
fray  edges,fray  edges,1,unavailable,False,only 1 usable videos (< 15)
fraud,fraud,1,unavailable,False,only 1 usable videos (< 15)
frank,frank,1,unavailable,False,only 1 usable videos (< 15)
fourteen,fourteen,1,unavailable,False,only 1 usable videos (< 15)
four cricket,four cricket,1,unavailable,False,only 1 usable videos (< 15)
four,four,1,unavailable,False,only 1 usable videos (< 15)
foundation organization,foundation organization,1,unavailable,False,only 1 usable videos (< 15)
electron,electron,1,unavailable,False,only 1 usable videos (< 15)
electromagnetic wave,electromagnetic wave,1,unavailable,False,only 1 usable videos (< 15)
electromagnet,electromagnet,1,unavailable,False,only 1 usable videos (< 15)
electrolyte,electrolyte,1,unavailable,False,only 1 usable videos (< 15)
electricity,electricity,1,unavailable,False,only 1 usable videos (< 15)
electrical tester,electrical tester,1,unavailable,False,only 1 usable videos (< 15)
electrical service,electrical service,1,unavailable,False,only 1 usable videos (< 15)
electrical leakage,electrical leakage,1,unavailable,False,only 1 usable videos (< 15)
frock,frock,1,unavailable,False,only 1 usable videos (< 15)
froage crops,froage crops,1,unavailable,False,only 1 usable videos (< 15)
frisbee,frisbee,1,unavailable,False,only 1 usable videos (< 15)
electric bus,electric bus,1,unavailable,False,only 1 usable videos (< 15)
electric bike,electric bike,1,unavailable,False,only 1 usable videos (< 15)
electric appliances,electric appliances,1,unavailable,False,only 1 usable videos (< 15)
elder brother,elder brother,1,unavailable,False,only 1 usable videos (< 15)
elastic,elastic,1,unavailable,False,only 1 usable videos (< 15)
el salvador,el salvador,1,unavailable,False,only 1 usable videos (< 15)
eighteen,eighteen,1,unavailable,False,only 1 usable videos (< 15)
eight,eight,1,unavailable,False,only 1 usable videos (< 15)
eggplant,eggplant,1,unavailable,False,only 1 usable videos (< 15)
edge,edge,1,unavailable,False,only 1 usable videos (< 15)
frictional force,frictional force,1,unavailable,False,only 1 usable videos (< 15)
frequency,frequency,1,unavailable,False,only 1 usable videos (< 15)
freezing,freezing,1,unavailable,False,only 1 usable videos (< 15)
galvanometer,galvanometer,1,unavailable,False,only 1 usable videos (< 15)
galaxy,galaxy,1,unavailable,False,only 1 usable videos (< 15)
future,future,1,unavailable,False,only 1 usable videos (< 15)
fuse,fuse,1,unavailable,False,only 1 usable videos (< 15)
funnel  neck,funnel  neck,1,unavailable,False,only 1 usable videos (< 15)
funeral pyre,funeral pyre,1,unavailable,False,only 1 usable videos (< 15)
funeral cremation,funeral cremation,1,unavailable,False,only 1 usable videos (< 15)
funds,funds,1,unavailable,False,only 1 usable videos (< 15)
funding,funding,1,unavailable,False,only 1 usable videos (< 15)
fund,fund,1,unavailable,False,only 1 usable videos (< 15)
fumiture,fumiture,1,unavailable,False,only 1 usable videos (< 15)
full frame,full frame,1,unavailable,False,only 1 usable videos (< 15)
fryers,fryers,1,unavailable,False,only 1 usable videos (< 15)
fry,fry,1,unavailable,False,only 1 usable videos (< 15)
frustrate,frustrate,1,unavailable,False,only 1 usable videos (< 15)
fruit disease,fruit disease,1,unavailable,False,only 1 usable videos (< 15)
gas,gas,1,unavailable,False,only 1 usable videos (< 15)
garib rath express,garib rath express,1,unavailable,False,only 1 usable videos (< 15)
garage door opener,garage door opener,1,unavailable,False,only 1 usable videos (< 15)
garage,garage,1,unavailable,False,only 1 usable videos (< 15)
gangtok,gangtok,1,unavailable,False,only 1 usable videos (< 15)
gang box,gang box,1,unavailable,False,only 1 usable videos (< 15)
gandhinagar,gandhinagar,1,unavailable,False,only 1 usable videos (< 15)
eczema,eczema,1,unavailable,False,only 1 usable videos (< 15)
economic importance of fish in india,economic importance of fish in india,1,unavailable,False,only 1 usable videos (< 15)
economic,economic,1,unavailable,False,only 1 usable videos (< 15)
echo,echo,1,unavailable,False,only 1 usable videos (< 15)
earth rammer,earth rammer,1,unavailable,False,only 1 usable videos (< 15)
ear,ear,1,unavailable,False,only 1 usable videos (< 15)
ganapathi,ganapathi,1,unavailable,False,only 1 usable videos (< 15)
gamma ray,gamma ray,1,unavailable,False,only 1 usable videos (< 15)
games,games,1,unavailable,False,only 1 usable videos (< 15)
germination,germination,1,unavailable,False,only 1 usable videos (< 15)
german measles rubella,german measles rubella,1,unavailable,False,only 1 usable videos (< 15)
geothermal energy,geothermal energy,1,unavailable,False,only 1 usable videos (< 15)
georgia,georgia,1,unavailable,False,only 1 usable videos (< 15)
geometry,geometry,1,unavailable,False,only 1 usable videos (< 15)
geodetic surveying,geodetic surveying,1,unavailable,False,only 1 usable videos (< 15)
geodetic survey,geodetic survey,1,unavailable,False,only 1 usable videos (< 15)
genius,genius,1,unavailable,False,only 1 usable videos (< 15)
general secretary,general secretary,1,unavailable,False,only 1 usable videos (< 15)
general ladger,general ladger,1,unavailable,False,only 1 usable videos (< 15)
general,general,1,unavailable,False,only 1 usable videos (< 15)
gazette,gazette,1,unavailable,False,only 1 usable videos (< 15)
gas tractor,gas tractor,1,unavailable,False,only 1 usable videos (< 15)
gas pipe,gas pipe,1,unavailable,False,only 1 usable videos (< 15)
gas lighter,gas lighter,1,unavailable,False,only 1 usable videos (< 15)
gas equation,gas equation,1,unavailable,False,only 1 usable videos (< 15)
dussehra,dussehra,1,unavailable,False,only 1 usable videos (< 15)
duronto express,duronto express,1,unavailable,False,only 1 usable videos (< 15)
durga,durga,1,unavailable,False,only 1 usable videos (< 15)
duration,duration,1,unavailable,False,only 1 usable videos (< 15)
glass block,glass block,1,unavailable,False,only 1 usable videos (< 15)
give,give,1,unavailable,False,only 1 usable videos (< 15)
girlfriend,girlfriend,1,unavailable,False,only 1 usable videos (< 15)
gionee,gionee,1,unavailable,False,only 1 usable videos (< 15)
giga byte,giga byte,1,unavailable,False,only 1 usable videos (< 15)
gift,gift,1,unavailable,False,only 1 usable videos (< 15)
ghost,ghost,1,unavailable,False,only 1 usable videos (< 15)
ghee,ghee,1,unavailable,False,only 1 usable videos (< 15)
ghana,ghana,1,unavailable,False,only 1 usable videos (< 15)
geyser,geyser,1,unavailable,False,only 1 usable videos (< 15)
get up,get up,1,unavailable,False,only 1 usable videos (< 15)
get,get,1,unavailable,False,only 1 usable videos (< 15)
go air,go air,1,unavailable,False,only 1 usable videos (< 15)
glue gun,glue gun,1,unavailable,False,only 1 usable videos (< 15)
glue,glue,1,unavailable,False,only 1 usable videos (< 15)
globe,globe,1,unavailable,False,only 1 usable videos (< 15)
glass stab,glass stab,1,unavailable,False,only 1 usable videos (< 15)
glass cutter,glass cutter,1,unavailable,False,only 1 usable videos (< 15)
glass bod,glass bod,1,unavailable,False,only 1 usable videos (< 15)
e-mail,e-mail,1,unavailable,False,only 1 usable videos (< 15)
e-book,e-book,1,unavailable,False,only 1 usable videos (< 15)
e office portal,e office portal,1,unavailable,False,only 1 usable videos (< 15)
dysuria,dysuria,1,unavailable,False,only 1 usable videos (< 15)
dwarf ornamental hedges,dwarf ornamental hedges,1,unavailable,False,only 1 usable videos (< 15)
dwarf,dwarf,1,unavailable,False,only 1 usable videos (< 15)
dvd,dvd,1,unavailable,False,only 1 usable videos (< 15)
duster,duster,1,unavailable,False,only 1 usable videos (< 15)
dust,dust,1,unavailable,False,only 1 usable videos (< 15)
gprs,gprs,1,unavailable,False,only 1 usable videos (< 15)
gossip,gossip,1,unavailable,False,only 1 usable videos (< 15)
google pay,google pay,1,unavailable,False,only 1 usable videos (< 15)
google map,google map,1,unavailable,False,only 1 usable videos (< 15)
google chat,google chat,1,unavailable,False,only 1 usable videos (< 15)
goods retumed,goods retumed,1,unavailable,False,only 1 usable videos (< 15)
goods,goods,1,unavailable,False,only 1 usable videos (< 15)
goodbye,goodbye,1,unavailable,False,only 1 usable videos (< 15)
good night,good night,1,unavailable,False,only 1 usable videos (< 15)
good morning,good morning,1,unavailable,False,only 1 usable videos (< 15)
good afternoon,good afternoon,1,unavailable,False,only 1 usable videos (< 15)
golf,golf,1,unavailable,False,only 1 usable videos (< 15)
goldfish,goldfish,1,unavailable,False,only 1 usable videos (< 15)
golden temple,golden temple,1,unavailable,False,only 1 usable videos (< 15)
godet,godet,1,unavailable,False,only 1 usable videos (< 15)
god,god,1,unavailable,False,only 1 usable videos (< 15)
drum,drum,1,unavailable,False,only 1 usable videos (< 15)
drug overdose,drug overdose,1,unavailable,False,only 1 usable videos (< 15)
drug addiction,drug addiction,1,unavailable,False,only 1 usable videos (< 15)
drug abuse and addiction,drug abuse and addiction,1,unavailable,False,only 1 usable videos (< 15)
drown,drown,1,unavailable,False,only 1 usable videos (< 15)
green hand,green hand,1,unavailable,False,only 1 usable videos (< 15)
green bean,green bean,1,unavailable,False,only 1 usable videos (< 15)
greedy,greedy,1,unavailable,False,only 1 usable videos (< 15)
gravity,gravity,1,unavailable,False,only 1 usable videos (< 15)
graphics,graphics,1,unavailable,False,only 1 usable videos (< 15)
grapes,grapes,1,unavailable,False,only 1 usable videos (< 15)
grandson,grandson,1,unavailable,False,only 1 usable videos (< 15)
grammar,grammar,1,unavailable,False,only 1 usable videos (< 15)
grain,grain,1,unavailable,False,only 1 usable videos (< 15)
graft,graft,1,unavailable,False,only 1 usable videos (< 15)
graders,graders,1,unavailable,False,only 1 usable videos (< 15)
guard,guard,1,unavailable,False,only 1 usable videos (< 15)
grudge,grudge,1,unavailable,False,only 1 usable videos (< 15)
growth,growth,1,unavailable,False,only 1 usable videos (< 15)
groundnut,groundnut,1,unavailable,False,only 1 usable videos (< 15)
ground water,ground water,1,unavailable,False,only 1 usable videos (< 15)
grommets,grommets,1,unavailable,False,only 1 usable videos (< 15)
grind,grind,1,unavailable,False,only 1 usable videos (< 15)
grill,grill,1,unavailable,False,only 1 usable videos (< 15)
grenade,grenade,1,unavailable,False,only 1 usable videos (< 15)
duranta spinosa,duranta spinosa,1,unavailable,False,only 1 usable videos (< 15)
duplicate,duplicate,1,unavailable,False,only 1 usable videos (< 15)
duffle,duffle,1,unavailable,False,only 1 usable videos (< 15)
dry cell,dry cell,1,unavailable,False,only 1 usable videos (< 15)
drunk driving law,drunk driving law,1,unavailable,False,only 1 usable videos (< 15)
drunk driving,drunk driving,1,unavailable,False,only 1 usable videos (< 15)
drumstick,drumstick,1,unavailable,False,only 1 usable videos (< 15)
drawing,drawing,1,unavailable,False,only 1 usable videos (< 15)
hacksaw,hacksaw,1,unavailable,False,only 1 usable videos (< 15)
hack saw frame,hack saw frame,1,unavailable,False,only 1 usable videos (< 15)
hack saw blade,hack saw blade,1,unavailable,False,only 1 usable videos (< 15)
habit,habit,1,unavailable,False,only 1 usable videos (< 15)
guwahati,guwahati,1,unavailable,False,only 1 usable videos (< 15)
gutka,gutka,1,unavailable,False,only 1 usable videos (< 15)
gurunanak jayanthi,gurunanak jayanthi,1,unavailable,False,only 1 usable videos (< 15)
guru nanak,guru nanak,1,unavailable,False,only 1 usable videos (< 15)
gulab jamun,gulab jamun,1,unavailable,False,only 1 usable videos (< 15)
guitar,guitar,1,unavailable,False,only 1 usable videos (< 15)
guinea,guinea,1,unavailable,False,only 1 usable videos (< 15)
guilt,guilt,1,unavailable,False,only 1 usable videos (< 15)
guide,guide,1,unavailable,False,only 1 usable videos (< 15)
guess,guess,1,unavailable,False,only 1 usable videos (< 15)
guava,guava,1,unavailable,False,only 1 usable videos (< 15)
hammer,hammer,1,unavailable,False,only 1 usable videos (< 15)
halting allowance,halting allowance,1,unavailable,False,only 1 usable videos (< 15)
halter top,halter top,1,unavailable,False,only 1 usable videos (< 15)
haji ali dargah,haji ali dargah,1,unavailable,False,only 1 usable videos (< 15)
hairdresser,hairdresser,1,unavailable,False,only 1 usable videos (< 15)
hair clip,hair clip,1,unavailable,False,only 1 usable videos (< 15)
hail,hail,1,unavailable,False,only 1 usable videos (< 15)
dropped  armhole sleeve,dropped  armhole sleeve,1,unavailable,False,only 1 usable videos (< 15)
droplet,droplet,1,unavailable,False,only 1 usable videos (< 15)
dropbox,dropbox,1,unavailable,False,only 1 usable videos (< 15)
drop cap,drop cap,1,unavailable,False,only 1 usable videos (< 15)
drizzle,drizzle,1,unavailable,False,only 1 usable videos (< 15)
drip irrigation,drip irrigation,1,unavailable,False,only 1 usable videos (< 15)
drink,drink,1,unavailable,False,only 1 usable videos (< 15)
drilling machine pedestal,drilling machine pedestal,1,unavailable,False,only 1 usable videos (< 15)
drill bit,drill bit,1,unavailable,False,only 1 usable videos (< 15)
dosa,dosa,1,unavailable,False,only 1 usable videos (< 15)
donald duck,donald duck,1,unavailable,False,only 1 usable videos (< 15)
harvest,harvest,1,unavailable,False,only 1 usable videos (< 15)
hariyana,hariyana,1,unavailable,False,only 1 usable videos (< 15)
hardware,hardware,1,unavailable,False,only 1 usable videos (< 15)
hard of hearing,hard of hearing,1,unavailable,False,only 1 usable videos (< 15)
harass,harass,1,unavailable,False,only 1 usable videos (< 15)
happen,happen,1,unavailable,False,only 1 usable videos (< 15)
hands,hands,1,unavailable,False,only 1 usable videos (< 15)
handpump water,handpump water,1,unavailable,False,only 1 usable videos (< 15)
handle,handle,1,unavailable,False,only 1 usable videos (< 15)
handicapped,handicapped,1,unavailable,False,only 1 usable videos (< 15)
handcuffs,handcuffs,1,unavailable,False,only 1 usable videos (< 15)
hand sanitizer,hand sanitizer,1,unavailable,False,only 1 usable videos (< 15)
hand rail,hand rail,1,unavailable,False,only 1 usable videos (< 15)
hand,hand,1,unavailable,False,only 1 usable videos (< 15)
hdfc  bank,hdfc  bank,1,unavailable,False,only 1 usable videos (< 15)
have,have,1,unavailable,False,only 1 usable videos (< 15)
hatchet,hatchet,1,unavailable,False,only 1 usable videos (< 15)
hat,hat,1,unavailable,False,only 1 usable videos (< 15)
hashtag,hashtag,1,unavailable,False,only 1 usable videos (< 15)
haryana,haryana,1,unavailable,False,only 1 usable videos (< 15)
draughtsman,draughtsman,1,unavailable,False,only 1 usable videos (< 15)
drama,drama,1,unavailable,False,only 1 usable videos (< 15)
drainage,drainage,1,unavailable,False,only 1 usable videos (< 15)
draftsmen,draftsmen,1,unavailable,False,only 1 usable videos (< 15)
draft,draft,1,unavailable,False,only 1 usable videos (< 15)
download,download,1,unavailable,False,only 1 usable videos (< 15)
down,down,1,unavailable,False,only 1 usable videos (< 15)
double entry,double entry,1,unavailable,False,only 1 usable videos (< 15)
double click,double click,1,unavailable,False,only 1 usable videos (< 15)
double,double,1,unavailable,False,only 1 usable videos (< 15)
here,here,1,unavailable,False,only 1 usable videos (< 15)
her,her,1,unavailable,False,only 1 usable videos (< 15)
hemophilia,hemophilia,1,unavailable,False,only 1 usable videos (< 15)
helicopter,helicopter,1,unavailable,False,only 1 usable videos (< 15)
heir,heir,1,unavailable,False,only 1 usable videos (< 15)
heifer calf,heifer calf,1,unavailable,False,only 1 usable videos (< 15)
heavy,heavy,1,unavailable,False,only 1 usable videos (< 15)
heavier,heavier,1,unavailable,False,only 1 usable videos (< 15)
heat engine,heat engine,1,unavailable,False,only 1 usable videos (< 15)
heat,heat,1,unavailable,False,only 1 usable videos (< 15)
hearsay,hearsay,1,unavailable,False,only 1 usable videos (< 15)
health,health,1,unavailable,False,only 1 usable videos (< 15)
headache,headache,1,unavailable,False,only 1 usable videos (< 15)
head pan,head pan,1,unavailable,False,only 1 usable videos (< 15)
head office,head office,1,unavailable,False,only 1 usable videos (< 15)
head of income,head of income,1,unavailable,False,only 1 usable videos (< 15)
hindu undivided family,hindu undivided family,1,unavailable,False,only 1 usable videos (< 15)
hindi,hindi,1,unavailable,False,only 1 usable videos (< 15)
himself,himself,1,unavailable,False,only 1 usable videos (< 15)
himachal pradesh,himachal pradesh,1,unavailable,False,only 1 usable videos (< 15)
him,him,1,unavailable,False,only 1 usable videos (< 15)
hill garden,hill garden,1,unavailable,False,only 1 usable videos (< 15)
high resistance,high resistance,1,unavailable,False,only 1 usable videos (< 15)
high court,high court,1,unavailable,False,only 1 usable videos (< 15)
high,high,1,unavailable,False,only 1 usable videos (< 15)
hide,hide,1,unavailable,False,only 1 usable videos (< 15)
hexadecimal,hexadecimal,1,unavailable,False,only 1 usable videos (< 15)
herself,herself,1,unavailable,False,only 1 usable videos (< 15)
hers,hers,1,unavailable,False,only 1 usable videos (< 15)
herps virus,herps virus,1,unavailable,False,only 1 usable videos (< 15)
herpes,herpes,1,unavailable,False,only 1 usable videos (< 15)
herniated intervertebral,herniated intervertebral,1,unavailable,False,only 1 usable videos (< 15)
home,home,1,unavailable,False,only 1 usable videos (< 15)
holy,holy,1,unavailable,False,only 1 usable videos (< 15)
hollow blocks,hollow blocks,1,unavailable,False,only 1 usable videos (< 15)
hollow,hollow,1,unavailable,False,only 1 usable videos (< 15)
holiday,holiday,1,unavailable,False,only 1 usable videos (< 15)
holi,holi,1,unavailable,False,only 1 usable videos (< 15)
holder,holder,1,unavailable,False,only 1 usable videos (< 15)
hold,hold,1,unavailable,False,only 1 usable videos (< 15)
hoe,hoe,1,unavailable,False,only 1 usable videos (< 15)
hockey,hockey,1,unavailable,False,only 1 usable videos (< 15)
hoarding,hoarding,1,unavailable,False,only 1 usable videos (< 15)
history,history,1,unavailable,False,only 1 usable videos (< 15)
his,his,1,unavailable,False,only 1 usable videos (< 15)
hire purchase,hire purchase,1,unavailable,False,only 1 usable videos (< 15)
hire charges,hire charges,1,unavailable,False,only 1 usable videos (< 15)
hip hugger,hip hugger,1,unavailable,False,only 1 usable videos (< 15)
documents,documents,1,unavailable,False,only 1 usable videos (< 15)
document,document,1,unavailable,False,only 1 usable videos (< 15)
doctor,doctor,1,unavailable,False,only 1 usable videos (< 15)
dizzy,dizzy,1,unavailable,False,only 1 usable videos (< 15)
divorcee,divorcee,1,unavailable,False,only 1 usable videos (< 15)
divorce petition,divorce petition,1,unavailable,False,only 1 usable videos (< 15)
divorce,divorce,1,unavailable,False,only 1 usable videos (< 15)
horizontal line,horizontal line,1,unavailable,False,only 1 usable videos (< 15)
horizontal,horizontal,1,unavailable,False,only 1 usable videos (< 15)
hop,hop,1,unavailable,False,only 1 usable videos (< 15)
hook worm disease,hook worm disease,1,unavailable,False,only 1 usable videos (< 15)
hook and eye,hook and eye,1,unavailable,False,only 1 usable videos (< 15)
honorarium,honorarium,1,unavailable,False,only 1 usable videos (< 15)
honey,honey,1,unavailable,False,only 1 usable videos (< 15)
homicide,homicide,1,unavailable,False,only 1 usable videos (< 15)
home gardens,home gardens,1,unavailable,False,only 1 usable videos (< 15)
disrespect,disrespect,1,unavailable,False,only 1 usable videos (< 15)
displacement,displacement,1,unavailable,False,only 1 usable videos (< 15)
dispersion,dispersion,1,unavailable,False,only 1 usable videos (< 15)
housing loan,housing loan,1,unavailable,False,only 1 usable videos (< 15)
housing,housing,1,unavailable,False,only 1 usable videos (< 15)
hot to feel,hot to feel,1,unavailable,False,only 1 usable videos (< 15)
hosticide,hosticide,1,unavailable,False,only 1 usable videos (< 15)
hospital,hospital,1,unavailable,False,only 1 usable videos (< 15)
horse cart,horse cart,1,unavailable,False,only 1 usable videos (< 15)
horizontal surface,horizontal surface,1,unavailable,False,only 1 usable videos (< 15)
dolly,dolly,1,unavailable,False,only 1 usable videos (< 15)
dollar,dollar,1,unavailable,False,only 1 usable videos (< 15)
doll,doll,1,unavailable,False,only 1 usable videos (< 15)
doli in capax,doli in capax,1,unavailable,False,only 1 usable videos (< 15)
doe,doe,1,unavailable,False,only 1 usable videos (< 15)
documents of title,documents of title,1,unavailable,False,only 1 usable videos (< 15)
huge,huge,1,unavailable,False,only 1 usable videos (< 15)
huawei mobile,huawei mobile,1,unavailable,False,only 1 usable videos (< 15)
html tag,html tag,1,unavailable,False,only 1 usable videos (< 15)
html,html,1,unavailable,False,only 1 usable videos (< 15)
htc mobile,htc mobile,1,unavailable,False,only 1 usable videos (< 15)
hsbc bank,hsbc bank,1,unavailable,False,only 1 usable videos (< 15)
how much,how much,1,unavailable,False,only 1 usable videos (< 15)
how big,how big,1,unavailable,False,only 1 usable videos (< 15)
how,how,1,unavailable,False,only 1 usable videos (< 15)
diving,diving,1,unavailable,False,only 1 usable videos (< 15)
dividend,dividend,1,unavailable,False,only 1 usable videos (< 15)
dithering,dithering,1,unavailable,False,only 1 usable videos (< 15)
district jail,district jail,1,unavailable,False,only 1 usable videos (< 15)
district court,district court,1,unavailable,False,only 1 usable videos (< 15)
distribution,distribution,1,unavailable,False,only 1 usable videos (< 15)
distance learning,distance learning,1,unavailable,False,only 1 usable videos (< 15)
hydrology,hydrology,1,unavailable,False,only 1 usable videos (< 15)
hydro energy,hydro energy,1,unavailable,False,only 1 usable videos (< 15)
hydro electricity,hydro electricity,1,unavailable,False,only 1 usable videos (< 15)
hydrautic press,hydrautic press,1,unavailable,False,only 1 usable videos (< 15)
hydrautic lift,hydrautic lift,1,unavailable,False,only 1 usable videos (< 15)
hydrautic brake,hydrautic brake,1,unavailable,False,only 1 usable videos (< 15)
hydraulic sprayer,hydraulic sprayer,1,unavailable,False,only 1 usable videos (< 15)
hydathodes,hydathodes,1,unavailable,False,only 1 usable videos (< 15)
hut,hut,1,unavailable,False,only 1 usable videos (< 15)
hurt,hurt,1,unavailable,False,only 1 usable videos (< 15)
hurdle race,hurdle race,1,unavailable,False,only 1 usable videos (< 15)
hungary,hungary,1,unavailable,False,only 1 usable videos (< 15)
hundred,hundred,1,unavailable,False,only 1 usable videos (< 15)
humped,humped,1,unavailable,False,only 1 usable videos (< 15)
humidity,humidity,1,unavailable,False,only 1 usable videos (< 15)
humble,humble,1,unavailable,False,only 1 usable videos (< 15)
identification,identification,1,unavailable,False,only 1 usable videos (< 15)
identical,identical,1,unavailable,False,only 1 usable videos (< 15)
idea,idea,1,unavailable,False,only 1 usable videos (< 15)
idd,idd,1,unavailable,False,only 1 usable videos (< 15)
idbi bank,idbi bank,1,unavailable,False,only 1 usable videos (< 15)
icici bank,icici bank,1,unavailable,False,only 1 usable videos (< 15)
iceland,iceland,1,unavailable,False,only 1 usable videos (< 15)
ice hockey,ice hockey,1,unavailable,False,only 1 usable videos (< 15)
iball mobile,iball mobile,1,unavailable,False,only 1 usable videos (< 15)
i understand,i understand,1,unavailable,False,only 1 usable videos (< 15)
i don't know,i don't know,1,unavailable,False,only 1 usable videos (< 15)
i,i,1,unavailable,False,only 1 usable videos (< 15)
hypoxia,hypoxia,1,unavailable,False,only 1 usable videos (< 15)
hypothecated,hypothecated,1,unavailable,False,only 1 usable videos (< 15)
hypotension,hypotension,1,unavailable,False,only 1 usable videos (< 15)
hydropneumatic sprayer,hydropneumatic sprayer,1,unavailable,False,only 1 usable videos (< 15)
in front of,in front of,1,unavailable,False,only 1 usable videos (< 15)
in advance,in advance,1,unavailable,False,only 1 usable videos (< 15)
impure,impure,1,unavailable,False,only 1 usable videos (< 15)
improvement,improvement,1,unavailable,False,only 1 usable videos (< 15)
improve,improve,1,unavailable,False,only 1 usable videos (< 15)
important,important,1,unavailable,False,only 1 usable videos (< 15)
import,import,1,unavailable,False,only 1 usable videos (< 15)
implementation,implementation,1,unavailable,False,only 1 usable videos (< 15)
immovable property,immovable property,1,unavailable,False,only 1 usable videos (< 15)
immiscibility,immiscibility,1,unavailable,False,only 1 usable videos (< 15)
immediate,immediate,1,unavailable,False,only 1 usable videos (< 15)
illiterate,illiterate,1,unavailable,False,only 1 usable videos (< 15)
ifsc,ifsc,1,unavailable,False,only 1 usable videos (< 15)
idfc bank,idfc bank,1,unavailable,False,only 1 usable videos (< 15)
identity card,identity card,1,unavailable,False,only 1 usable videos (< 15)
identity,identity,1,unavailable,False,only 1 usable videos (< 15)
diseases,diseases,1,unavailable,False,only 1 usable videos (< 15)
disease control of plant,disease control of plant,1,unavailable,False,only 1 usable videos (< 15)
discretionary limit,discretionary limit,1,unavailable,False,only 1 usable videos (< 15)
discover,discover,1,unavailable,False,only 1 usable videos (< 15)
income tax,income tax,1,unavailable,False,only 1 usable videos (< 15)
income,income,1,unavailable,False,only 1 usable videos (< 15)
include,include,1,unavailable,False,only 1 usable videos (< 15)
incharge,incharge,1,unavailable,False,only 1 usable videos (< 15)
inch,inch,1,unavailable,False,only 1 usable videos (< 15)
incentive,incentive,1,unavailable,False,only 1 usable videos (< 15)
inauguration,inauguration,1,unavailable,False,only 1 usable videos (< 15)
inauguaration,inauguaration,1,unavailable,False,only 1 usable videos (< 15)
inactive,inactive,1,unavailable,False,only 1 usable videos (< 15)
in the middle,in the middle,1,unavailable,False,only 1 usable videos (< 15)
in multiples of,in multiples of,1,unavailable,False,only 1 usable videos (< 15)
in lieu of,in lieu of,1,unavailable,False,only 1 usable videos (< 15)
indian national congress,indian national congress,1,unavailable,False,only 1 usable videos (< 15)
india gate,india gate,1,unavailable,False,only 1 usable videos (< 15)
index,index,1,unavailable,False,only 1 usable videos (< 15)
independence day,independence day,1,unavailable,False,only 1 usable videos (< 15)
indent,indent,1,unavailable,False,only 1 usable videos (< 15)
incompetence,incompetence,1,unavailable,False,only 1 usable videos (< 15)
disolution,disolution,1,unavailable,False,only 1 usable videos (< 15)
disobey,disobey,1,unavailable,False,only 1 usable videos (< 15)
dismissal,dismissal,1,unavailable,False,only 1 usable videos (< 15)
dislike,dislike,1,unavailable,False,only 1 usable videos (< 15)
dishonoured bill,dishonoured bill,1,unavailable,False,only 1 usable videos (< 15)
dish antenna,dish antenna,1,unavailable,False,only 1 usable videos (< 15)
dish,dish,1,unavailable,False,only 1 usable videos (< 15)
disguise,disguise,1,unavailable,False,only 1 usable videos (< 15)
diseases of animals,diseases of animals,1,unavailable,False,only 1 usable videos (< 15)
diseases and enemies of fish,diseases and enemies of fish,1,unavailable,False,only 1 usable videos (< 15)
influenza flu,influenza flu,1,unavailable,False,only 1 usable videos (< 15)
inflammatory bowel disease,inflammatory bowel disease,1,unavailable,False,only 1 usable videos (< 15)
infinity,infinity,1,unavailable,False,only 1 usable videos (< 15)
infection,infection,1,unavailable,False,only 1 usable videos (< 15)
infanticide,infanticide,1,unavailable,False,only 1 usable videos (< 15)
inelastic,inelastic,1,unavailable,False,only 1 usable videos (< 15)
inefficient,inefficient,1,unavailable,False,only 1 usable videos (< 15)
industrial building,industrial building,1,unavailable,False,only 1 usable videos (< 15)
inductor,inductor,1,unavailable,False,only 1 usable videos (< 15)
indoor gardening,indoor gardening,1,unavailable,False,only 1 usable videos (< 15)
indonesia,indonesia,1,unavailable,False,only 1 usable videos (< 15)
indira gandhi,indira gandhi,1,unavailable,False,only 1 usable videos (< 15)
indicator,indicator,1,unavailable,False,only 1 usable videos (< 15)
indian sign language teachers  association,indian sign language teachers  association,1,unavailable,False,only 1 usable videos (< 15)
indian sign language research and training centre,indian sign language research and training centre,1,unavailable,False,only 1 usable videos (< 15)
indian sign language interpreters association,indian sign language interpreters association,1,unavailable,False,only 1 usable videos (< 15)
dirndl  skirt,dirndl  skirt,1,unavailable,False,only 1 usable videos (< 15)
direction,direction,1,unavailable,False,only 1 usable videos (< 15)
direct appointment,direct appointment,1,unavailable,False,only 1 usable videos (< 15)
inspire,inspire,1,unavailable,False,only 1 usable videos (< 15)
inspection,inspection,1,unavailable,False,only 1 usable videos (< 15)
insects,insects,1,unavailable,False,only 1 usable videos (< 15)
innovate,innovate,1,unavailable,False,only 1 usable videos (< 15)
inner shell membrane,inner shell membrane,1,unavailable,False,only 1 usable videos (< 15)
injury,injury,1,unavailable,False,only 1 usable videos (< 15)
injection,injection,1,unavailable,False,only 1 usable videos (< 15)
initials,initials,1,unavailable,False,only 1 usable videos (< 15)
inheritance,inheritance,1,unavailable,False,only 1 usable videos (< 15)
ingadulicis,ingadulicis,1,unavailable,False,only 1 usable videos (< 15)
infrasonic,infrasonic,1,unavailable,False,only 1 usable videos (< 15)
infrared ray,infrared ray,1,unavailable,False,only 1 usable videos (< 15)
informal,informal,1,unavailable,False,only 1 usable videos (< 15)
intensity,intensity,1,unavailable,False,only 1 usable videos (< 15)
integrated chip,integrated chip,1,unavailable,False,only 1 usable videos (< 15)
instument,instument,1,unavailable,False,only 1 usable videos (< 15)
instruction,instruction,1,unavailable,False,only 1 usable videos (< 15)
institution,institution,1,unavailable,False,only 1 usable videos (< 15)
institute,institute,1,unavailable,False,only 1 usable videos (< 15)
instalment,instalment,1,unavailable,False,only 1 usable videos (< 15)
installation,installation,1,unavailable,False,only 1 usable videos (< 15)
disconnect,disconnect,1,unavailable,False,only 1 usable videos (< 15)
discipline,discipline,1,unavailable,False,only 1 usable videos (< 15)
discharge,discharge,1,unavailable,False,only 1 usable videos (< 15)
disc brake master cylinder,disc brake master cylinder,1,unavailable,False,only 1 usable videos (< 15)
disbursement,disbursement,1,unavailable,False,only 1 usable videos (< 15)
disapproval,disapproval,1,unavailable,False,only 1 usable videos (< 15)
disabled,disabled,1,unavailable,False,only 1 usable videos (< 15)
disability,disability,1,unavailable,False,only 1 usable videos (< 15)
interval,interval,1,unavailable,False,only 1 usable videos (< 15)
interruption,interruption,1,unavailable,False,only 1 usable videos (< 15)
interrogation,interrogation,1,unavailable,False,only 1 usable videos (< 15)
interpreter,interpreter,1,unavailable,False,only 1 usable videos (< 15)
interpret,interpret,1,unavailable,False,only 1 usable videos (< 15)
internet disconnection,internet disconnection,1,unavailable,False,only 1 usable videos (< 15)
internet,internet,1,unavailable,False,only 1 usable videos (< 15)
internal,internal,1,unavailable,False,only 1 usable videos (< 15)
intermediate,intermediate,1,unavailable,False,only 1 usable videos (< 15)
intermal combustion engine,intermal combustion engine,1,unavailable,False,only 1 usable videos (< 15)
interim,interim,1,unavailable,False,only 1 usable videos (< 15)
interference,interference,1,unavailable,False,only 1 usable videos (< 15)
interfere,interfere,1,unavailable,False,only 1 usable videos (< 15)
interest on savings account,interest on savings account,1,unavailable,False,only 1 usable videos (< 15)
inter branch transaction,inter branch transaction,1,unavailable,False,only 1 usable videos (< 15)
intensive,intensive,1,unavailable,False,only 1 usable videos (< 15)
different,different,1,unavailable,False,only 1 usable videos (< 15)
dictionary,dictionary,1,unavailable,False,only 1 usable videos (< 15)
irrevocable,irrevocable,1,unavailable,False,only 1 usable videos (< 15)
irreversible,irreversible,1,unavailable,False,only 1 usable videos (< 15)
irregular vibration,irregular vibration,1,unavailable,False,only 1 usable videos (< 15)
irregular,irregular,1,unavailable,False,only 1 usable videos (< 15)
ireland,ireland,1,unavailable,False,only 1 usable videos (< 15)
iraq,iraq,1,unavailable,False,only 1 usable videos (< 15)
iran,iran,1,unavailable,False,only 1 usable videos (< 15)
iphone,iphone,1,unavailable,False,only 1 usable videos (< 15)
invite,invite,1,unavailable,False,only 1 usable videos (< 15)
inverter,inverter,1,unavailable,False,only 1 usable videos (< 15)
inverse,inverse,1,unavailable,False,only 1 usable videos (< 15)
invalid,invalid,1,unavailable,False,only 1 usable videos (< 15)
introduction,introduction,1,unavailable,False,only 1 usable videos (< 15)
intestate,intestate,1,unavailable,False,only 1 usable videos (< 15)
itself,itself,1,unavailable,False,only 1 usable videos (< 15)
its,its,1,unavailable,False,only 1 usable videos (< 15)
item,item,1,unavailable,False,only 1 usable videos (< 15)
italy,italy,1,unavailable,False,only 1 usable videos (< 15)
it's raining cats and dogs,it's raining cats and dogs,1,unavailable,False,only 1 usable videos (< 15)
isreal,isreal,1,unavailable,False,only 1 usable videos (< 15)
israel,israel,1,unavailable,False,only 1 usable videos (< 15)
direct,direct,1,unavailable,False,only 1 usable videos (< 15)
dinner,dinner,1,unavailable,False,only 1 usable videos (< 15)
dim,dim,1,unavailable,False,only 1 usable videos (< 15)
digital electronics,digital electronics,1,unavailable,False,only 1 usable videos (< 15)
digging bar,digging bar,1,unavailable,False,only 1 usable videos (< 15)
dig,dig,1,unavailable,False,only 1 usable videos (< 15)
diffraction,diffraction,1,unavailable,False,only 1 usable videos (< 15)
difficult,difficult,1,unavailable,False,only 1 usable videos (< 15)
differential rate of interest,differential rate of interest,1,unavailable,False,only 1 usable videos (< 15)
jams,jams,1,unavailable,False,only 1 usable videos (< 15)
jammu & kashmir,jammu & kashmir,1,unavailable,False,only 1 usable videos (< 15)
jamaica,jamaica,1,unavailable,False,only 1 usable videos (< 15)
jama masjid,jama masjid,1,unavailable,False,only 1 usable videos (< 15)
jalpur,jalpur,1,unavailable,False,only 1 usable videos (< 15)
jalebi,jalebi,1,unavailable,False,only 1 usable videos (< 15)
jal mahal,jal mahal,1,unavailable,False,only 1 usable videos (< 15)
jainism,jainism,1,unavailable,False,only 1 usable videos (< 15)
jain,jain,1,unavailable,False,only 1 usable videos (< 15)
jailor,jailor,1,unavailable,False,only 1 usable videos (< 15)
jagannath ratha yatra,jagannath ratha yatra,1,unavailable,False,only 1 usable videos (< 15)
jackfrui,jackfrui,1,unavailable,False,only 1 usable videos (< 15)
jacket,jacket,1,unavailable,False,only 1 usable videos (< 15)
jack plane,jack plane,1,unavailable,False,only 1 usable videos (< 15)
jabot,jabot,1,unavailable,False,only 1 usable videos (< 15)
j k bank,j k bank,1,unavailable,False,only 1 usable videos (< 15)
jharkhand,jharkhand,1,unavailable,False,only 1 usable videos (< 15)
jeweller,jeweller,1,unavailable,False,only 1 usable videos (< 15)
jewelery,jewelery,1,unavailable,False,only 1 usable videos (< 15)
jewel neckline`,jewel neckline`,1,unavailable,False,only 1 usable videos (< 15)
jet airways,jet airways,1,unavailable,False,only 1 usable videos (< 15)
jesus,jesus,1,unavailable,False,only 1 usable videos (< 15)
jellyfish,jellyfish,1,unavailable,False,only 1 usable videos (< 15)
jeep,jeep,1,unavailable,False,only 1 usable videos (< 15)
jealous,jealous,1,unavailable,False,only 1 usable videos (< 15)
jd u,jd u,1,unavailable,False,only 1 usable videos (< 15)
javelin throw,javelin throw,1,unavailable,False,only 1 usable videos (< 15)
jasminum sambac,jasminum sambac,1,unavailable,False,only 1 usable videos (< 15)
jasmine,jasmine,1,unavailable,False,only 1 usable videos (< 15)
jantar mantar,jantar mantar,1,unavailable,False,only 1 usable videos (< 15)
janitor,janitor,1,unavailable,False,only 1 usable videos (< 15)
jamun,jamun,1,unavailable,False,only 1 usable videos (< 15)
devil,devil,1,unavailable,False,only 1 usable videos (< 15)
device setting,device setting,1,unavailable,False,only 1 usable videos (< 15)
developmental delay,developmental delay,1,unavailable,False,only 1 usable videos (< 15)
development,development,1,unavailable,False,only 1 usable videos (< 15)
develop,develop,1,unavailable,False,only 1 usable videos (< 15)
determined,determined,1,unavailable,False,only 1 usable videos (< 15)
judaism,judaism,1,unavailable,False,only 1 usable videos (< 15)
joumal entry,joumal entry,1,unavailable,False,only 1 usable videos (< 15)
joumal,joumal,1,unavailable,False,only 1 usable videos (< 15)
joule,joule,1,unavailable,False,only 1 usable videos (< 15)
jordan,jordan,1,unavailable,False,only 1 usable videos (< 15)
joke,joke,1,unavailable,False,only 1 usable videos (< 15)
jointing,jointing,1,unavailable,False,only 1 usable videos (< 15)
join,join,1,unavailable,False,only 1 usable videos (< 15)
jodhpur pants,jodhpur pants,1,unavailable,False,only 1 usable videos (< 15)
job consciousness,job consciousness,1,unavailable,False,only 1 usable videos (< 15)
kamataka,kamataka,1,unavailable,False,only 1 usable videos (< 15)
kaleidoscope,kaleidoscope,1,unavailable,False,only 1 usable videos (< 15)
kajal,kajal,1,unavailable,False,only 1 usable videos (< 15)
justice,justice,1,unavailable,False,only 1 usable videos (< 15)
jupiter,jupiter,1,unavailable,False,only 1 usable videos (< 15)
junior,junior,1,unavailable,False,only 1 usable videos (< 15)
juliet sleeve,juliet sleeve,1,unavailable,False,only 1 usable videos (< 15)
juhu beach,juhu beach,1,unavailable,False,only 1 usable videos (< 15)
judicial,judicial,1,unavailable,False,only 1 usable videos (< 15)
dicoty ledoneae,dicoty ledoneae,1,unavailable,False,only 1 usable videos (< 15)
dice,dice,1,unavailable,False,only 1 usable videos (< 15)
diarrhea,diarrhea,1,unavailable,False,only 1 usable videos (< 15)
diagonal,diagonal,1,unavailable,False,only 1 usable videos (< 15)
diaeases,diaeases,1,unavailable,False,only 1 usable videos (< 15)
diabetic,diabetic,1,unavailable,False,only 1 usable videos (< 15)
diabeletes,diabeletes,1,unavailable,False,only 1 usable videos (< 15)
keying,keying,1,unavailable,False,only 1 usable videos (< 15)
keyhole,keyhole,1,unavailable,False,only 1 usable videos (< 15)
keyboard,keyboard,1,unavailable,False,only 1 usable videos (< 15)
kerning,kerning,1,unavailable,False,only 1 usable videos (< 15)
kenya,kenya,1,unavailable,False,only 1 usable videos (< 15)
kelvin,kelvin,1,unavailable,False,only 1 usable videos (< 15)
keeper,keeper,1,unavailable,False,only 1 usable videos (< 15)
keep,keep,1,unavailable,False,only 1 usable videos (< 15)
kazakhstan,kazakhstan,1,unavailable,False,only 1 usable videos (< 15)
kathakali,kathakali,1,unavailable,False,only 1 usable videos (< 15)
karnataka bank,karnataka bank,1,unavailable,False,only 1 usable videos (< 15)
karnataka,karnataka,1,unavailable,False,only 1 usable videos (< 15)
karate,karate,1,unavailable,False,only 1 usable videos (< 15)
kaposi sarcoma,kaposi sarcoma,1,unavailable,False,only 1 usable videos (< 15)
kanpur,kanpur,1,unavailable,False,only 1 usable videos (< 15)
kangaroo pocket,kangaroo pocket,1,unavailable,False,only 1 usable videos (< 15)
deputy director,deputy director,1,unavailable,False,only 1 usable videos (< 15)
deputation,deputation,1,unavailable,False,only 1 usable videos (< 15)
depth,depth,1,unavailable,False,only 1 usable videos (< 15)
depreciation,depreciation,1,unavailable,False,only 1 usable videos (< 15)
deposit slip,deposit slip,1,unavailable,False,only 1 usable videos (< 15)
deposit short,deposit short,1,unavailable,False,only 1 usable videos (< 15)
deposit safe custody,deposit safe custody,1,unavailable,False,only 1 usable videos (< 15)
kinds of germination,kinds of germination,1,unavailable,False,only 1 usable videos (< 15)
kindhearted,kindhearted,1,unavailable,False,only 1 usable videos (< 15)
kilometre,kilometre,1,unavailable,False,only 1 usable videos (< 15)
kilometer,kilometer,1,unavailable,False,only 1 usable videos (< 15)
kidney disease,kidney disease,1,unavailable,False,only 1 usable videos (< 15)
kidney cancer renal cell,kidney cancer renal cell,1,unavailable,False,only 1 usable videos (< 15)
kidnapping & abducting,kidnapping & abducting,1,unavailable,False,only 1 usable videos (< 15)
kidnap,kidnap,1,unavailable,False,only 1 usable videos (< 15)
kick out,kick out,1,unavailable,False,only 1 usable videos (< 15)
known loss,known loss,1,unavailable,False,only 1 usable videos (< 15)
knowledgeable,knowledgeable,1,unavailable,False,only 1 usable videos (< 15)
knowledge working,knowledge working,1,unavailable,False,only 1 usable videos (< 15)
know your customer kyc form,know your customer kyc form,1,unavailable,False,only 1 usable videos (< 15)
knock,knock,1,unavailable,False,only 1 usable videos (< 15)
knit,knit,1,unavailable,False,only 1 usable videos (< 15)
knee,knee,1,unavailable,False,only 1 usable videos (< 15)
kinetic energy,kinetic energy,1,unavailable,False,only 1 usable videos (< 15)
kinds of honey bee found in india,kinds of honey bee found in india,1,unavailable,False,only 1 usable videos (< 15)
detective,detective,1,unavailable,False,only 1 usable videos (< 15)
despatch,despatch,1,unavailable,False,only 1 usable videos (< 15)
desktop cleanup wizard,desktop cleanup wizard,1,unavailable,False,only 1 usable videos (< 15)
designing,designing,1,unavailable,False,only 1 usable videos (< 15)
designer,designer,1,unavailable,False,only 1 usable videos (< 15)
descendant,descendant,1,unavailable,False,only 1 usable videos (< 15)
dermatits,dermatits,1,unavailable,False,only 1 usable videos (< 15)
laddu,laddu,1,unavailable,False,only 1 usable videos (< 15)
lacing,lacing,1,unavailable,False,only 1 usable videos (< 15)
lace edge binding,lace edge binding,1,unavailable,False,only 1 usable videos (< 15)
labourer,labourer,1,unavailable,False,only 1 usable videos (< 15)
labour,labour,1,unavailable,False,only 1 usable videos (< 15)
laboratary,laboratary,1,unavailable,False,only 1 usable videos (< 15)
l.e.d,l.e.d,1,unavailable,False,only 1 usable videos (< 15)
l square,l square,1,unavailable,False,only 1 usable videos (< 15)
kuwait,kuwait,1,unavailable,False,only 1 usable videos (< 15)
kotak mahindra bank,kotak mahindra bank,1,unavailable,False,only 1 usable videos (< 15)
korea,korea,1,unavailable,False,only 1 usable videos (< 15)
konark sun temple,konark sun temple,1,unavailable,False,only 1 usable videos (< 15)
kolkata calcutta,kolkata calcutta,1,unavailable,False,only 1 usable videos (< 15)
kohima,kohima,1,unavailable,False,only 1 usable videos (< 15)
kochi,kochi,1,unavailable,False,only 1 usable videos (< 15)
knurling,knurling,1,unavailable,False,only 1 usable videos (< 15)
demolishing,demolishing,1,unavailable,False,only 1 usable videos (< 15)
demarcation west bengal,demarcation west bengal,1,unavailable,False,only 1 usable videos (< 15)
demand,demand,1,unavailable,False,only 1 usable videos (< 15)
delivery,delivery,1,unavailable,False,only 1 usable videos (< 15)
delicious,delicious,1,unavailable,False,only 1 usable videos (< 15)
delete,delete,1,unavailable,False,only 1 usable videos (< 15)
delegation,delegation,1,unavailable,False,only 1 usable videos (< 15)
land revenue,land revenue,1,unavailable,False,only 1 usable videos (< 15)
land improvement reform,land improvement reform,1,unavailable,False,only 1 usable videos (< 15)
land holding,land holding,1,unavailable,False,only 1 usable videos (< 15)
land cess,land cess,1,unavailable,False,only 1 usable videos (< 15)
land acquisition,land acquisition,1,unavailable,False,only 1 usable videos (< 15)
lamp,lamp,1,unavailable,False,only 1 usable videos (< 15)
lame,lame,1,unavailable,False,only 1 usable videos (< 15)
ladyfinger,ladyfinger,1,unavailable,False,only 1 usable videos (< 15)
lady,lady,1,unavailable,False,only 1 usable videos (< 15)
last month,last month,1,unavailable,False,only 1 usable videos (< 15)
last,last,1,unavailable,False,only 1 usable videos (< 15)
large,large,1,unavailable,False,only 1 usable videos (< 15)
lapse,lapse,1,unavailable,False,only 1 usable videos (< 15)
lapel,lapel,1,unavailable,False,only 1 usable videos (< 15)
laos,laos,1,unavailable,False,only 1 usable videos (< 15)
lantana camera,lantana camera,1,unavailable,False,only 1 usable videos (< 15)
language,language,1,unavailable,False,only 1 usable videos (< 15)
landlord,landlord,1,unavailable,False,only 1 usable videos (< 15)
deposit,deposit,1,unavailable,False,only 1 usable videos (< 15)
deploy,deploy,1,unavailable,False,only 1 usable videos (< 15)
department,department,1,unavailable,False,only 1 usable videos (< 15)
density,density,1,unavailable,False,only 1 usable videos (< 15)
denomination,denomination,1,unavailable,False,only 1 usable videos (< 15)
denmark,denmark,1,unavailable,False,only 1 usable videos (< 15)
dengue,dengue,1,unavailable,False,only 1 usable videos (< 15)
leaders,leaders,1,unavailable,False,only 1 usable videos (< 15)
leader,leader,1,unavailable,False,only 1 usable videos (< 15)
ldli,ldli,1,unavailable,False,only 1 usable videos (< 15)
lc,lc,1,unavailable,False,only 1 usable videos (< 15)
laying,laying,1,unavailable,False,only 1 usable videos (< 15)
layered skirt,layered skirt,1,unavailable,False,only 1 usable videos (< 15)
lay out,lay out,1,unavailable,False,only 1 usable videos (< 15)
lay off,lay off,1,unavailable,False,only 1 usable videos (< 15)
lawn,lawn,1,unavailable,False,only 1 usable videos (< 15)
lauki,lauki,1,unavailable,False,only 1 usable videos (< 15)
laugh,laugh,1,unavailable,False,only 1 usable videos (< 15)
latitude,latitude,1,unavailable,False,only 1 usable videos (< 15)
lathe,lathe,1,unavailable,False,only 1 usable videos (< 15)
last year,last year,1,unavailable,False,only 1 usable videos (< 15)
last week,last week,1,unavailable,False,only 1 usable videos (< 15)
last pay certificate,last pay certificate,1,unavailable,False,only 1 usable videos (< 15)
deed of sale,deed of sale,1,unavailable,False,only 1 usable videos (< 15)
decline,decline,1,unavailable,False,only 1 usable videos (< 15)
declaration,declaration,1,unavailable,False,only 1 usable videos (< 15)
decimal,decimal,1,unavailable,False,only 1 usable videos (< 15)
lebanon,lebanon,1,unavailable,False,only 1 usable videos (< 15)
leave study,leave study,1,unavailable,False,only 1 usable videos (< 15)
leave preparatory to retirement,leave preparatory to retirement,1,unavailable,False,only 1 usable videos (< 15)
leave medical,leave medical,1,unavailable,False,only 1 usable videos (< 15)
leave extraordinary,leave extraordinary,1,unavailable,False,only 1 usable videos (< 15)
leave earned,leave earned,1,unavailable,False,only 1 usable videos (< 15)
leave duty,leave duty,1,unavailable,False,only 1 usable videos (< 15)
leave compensatory,leave compensatory,1,unavailable,False,only 1 usable videos (< 15)
least count,least count,1,unavailable,False,only 1 usable videos (< 15)
leak,leak,1,unavailable,False,only 1 usable videos (< 15)
leafy vegetables,leafy vegetables,1,unavailable,False,only 1 usable videos (< 15)
leaf spring,leaf spring,1,unavailable,False,only 1 usable videos (< 15)
legal advisor,legal advisor,1,unavailable,False,only 1 usable videos (< 15)
leg mutton sleeve,leg mutton sleeve,1,unavailable,False,only 1 usable videos (< 15)
leg,leg,1,unavailable,False,only 1 usable videos (< 15)
left indent,left indent,1,unavailable,False,only 1 usable videos (< 15)
left demrocatic front,left demrocatic front,1,unavailable,False,only 1 usable videos (< 15)
left,left,1,unavailable,False,only 1 usable videos (< 15)
ledger balance,ledger balance,1,unavailable,False,only 1 usable videos (< 15)
ledger,ledger,1,unavailable,False,only 1 usable videos (< 15)
lecture,lecture,1,unavailable,False,only 1 usable videos (< 15)
delegate west bengal,delegate west bengal,1,unavailable,False,only 1 usable videos (< 15)
dehradun,dehradun,1,unavailable,False,only 1 usable videos (< 15)
defraud,defraud,1,unavailable,False,only 1 usable videos (< 15)
defend,defend,1,unavailable,False,only 1 usable videos (< 15)
default,default,1,unavailable,False,only 1 usable videos (< 15)
deepika padukone,deepika padukone,1,unavailable,False,only 1 usable videos (< 15)
deep rooted,deep rooted,1,unavailable,False,only 1 usable videos (< 15)
libya,libya,1,unavailable,False,only 1 usable videos (< 15)
librarian,librarian,1,unavailable,False,only 1 usable videos (< 15)
liberia,liberia,1,unavailable,False,only 1 usable videos (< 15)
lgnore,lgnore,1,unavailable,False,only 1 usable videos (< 15)
lg mobile,lg mobile,1,unavailable,False,only 1 usable videos (< 15)
lfc,lfc,1,unavailable,False,only 1 usable videos (< 15)
level rate,level rate,1,unavailable,False,only 1 usable videos (< 15)
letter of authority,letter of authority,1,unavailable,False,only 1 usable videos (< 15)
less,less,1,unavailable,False,only 1 usable videos (< 15)
lens,lens,1,unavailable,False,only 1 usable videos (< 15)
lenovo,lenovo,1,unavailable,False,only 1 usable videos (< 15)
lend,lend,1,unavailable,False,only 1 usable videos (< 15)
legged robots,legged robots,1,unavailable,False,only 1 usable videos (< 15)
legally protected,legally protected,1,unavailable,False,only 1 usable videos (< 15)
legalese,legalese,1,unavailable,False,only 1 usable videos (< 15)
legal claim,legal claim,1,unavailable,False,only 1 usable videos (< 15)
life,life,1,unavailable,False,only 1 usable videos (< 15)
lick,lick,1,unavailable,False,only 1 usable videos (< 15)
lic,lic,1,unavailable,False,only 1 usable videos (< 15)
deceive,deceive,1,unavailable,False,only 1 usable videos (< 15)
deceased,deceased,1,unavailable,False,only 1 usable videos (< 15)
decade,decade,1,unavailable,False,only 1 usable videos (< 15)
debug,debug,1,unavailable,False,only 1 usable videos (< 15)
debt doubtful,debt doubtful,1,unavailable,False,only 1 usable videos (< 15)
debt,debt,1,unavailable,False,only 1 usable videos (< 15)
debit advice,debit advice,1,unavailable,False,only 1 usable videos (< 15)
debate,debate,1,unavailable,False,only 1 usable videos (< 15)
death row,death row,1,unavailable,False,only 1 usable videos (< 15)
death in service,death in service,1,unavailable,False,only 1 usable videos (< 15)
death certificate,death certificate,1,unavailable,False,only 1 usable videos (< 15)
deal,deal,1,unavailable,False,only 1 usable videos (< 15)
deafness,deafness,1,unavailable,False,only 1 usable videos (< 15)
darts munger,darts munger,1,unavailable,False,only 1 usable videos (< 15)
dangerous,dangerous,1,unavailable,False,only 1 usable videos (< 15)
damp proofing material,damp proofing material,1,unavailable,False,only 1 usable videos (< 15)
little,little,1,unavailable,False,only 1 usable videos (< 15)
liquor,liquor,1,unavailable,False,only 1 usable videos (< 15)
liquidation,liquidation,1,unavailable,False,only 1 usable videos (< 15)
liquid fuels,liquid fuels,1,unavailable,False,only 1 usable videos (< 15)
link,link,1,unavailable,False,only 1 usable videos (< 15)
lines and pins,lines and pins,1,unavailable,False,only 1 usable videos (< 15)
line,line,1,unavailable,False,only 1 usable videos (< 15)
limitless,limitless,1,unavailable,False,only 1 usable videos (< 15)
limit,limit,1,unavailable,False,only 1 usable videos (< 15)
lime paste,lime paste,1,unavailable,False,only 1 usable videos (< 15)
light year,light year,1,unavailable,False,only 1 usable videos (< 15)
light fixture,light fixture,1,unavailable,False,only 1 usable videos (< 15)
life jacket,life jacket,1,unavailable,False,only 1 usable videos (< 15)
lonely,lonely,1,unavailable,False,only 1 usable videos (< 15)
lollipop,lollipop,1,unavailable,False,only 1 usable videos (< 15)
lok janshakti party,lok janshakti party,1,unavailable,False,only 1 usable videos (< 15)
login,login,1,unavailable,False,only 1 usable videos (< 15)
log off,log off,1,unavailable,False,only 1 usable videos (< 15)
locker,locker,1,unavailable,False,only 1 usable videos (< 15)
local train,local train,1,unavailable,False,only 1 usable videos (< 15)
loan terminable,loan terminable,1,unavailable,False,only 1 usable videos (< 15)
lnaugurate,lnaugurate,1,unavailable,False,only 1 usable videos (< 15)
live,live,1,unavailable,False,only 1 usable videos (< 15)
deadly weapon,deadly weapon,1,unavailable,False,only 1 usable videos (< 15)
days before,days before,1,unavailable,False,only 1 usable videos (< 15)
days after tomorrow,days after tomorrow,1,unavailable,False,only 1 usable videos (< 15)
day book,day book,1,unavailable,False,only 1 usable videos (< 15)
date of retirement,date of retirement,1,unavailable,False,only 1 usable videos (< 15)
dash,dash,1,unavailable,False,only 1 usable videos (< 15)
luck,luck,1,unavailable,False,only 1 usable videos (< 15)
lubrication oil,lubrication oil,1,unavailable,False,only 1 usable videos (< 15)
lower division clerk,lower division clerk,1,unavailable,False,only 1 usable videos (< 15)
lower court,lower court,1,unavailable,False,only 1 usable videos (< 15)
low lying area,low lying area,1,unavailable,False,only 1 usable videos (< 15)
low,low,1,unavailable,False,only 1 usable videos (< 15)
love marriage,love marriage,1,unavailable,False,only 1 usable videos (< 15)
loud speaker,loud speaker,1,unavailable,False,only 1 usable videos (< 15)
losses due to exessive water,losses due to exessive water,1,unavailable,False,only 1 usable videos (< 15)
loose leaf binder,loose leaf binder,1,unavailable,False,only 1 usable videos (< 15)
loose,loose,1,unavailable,False,only 1 usable videos (< 15)
longitudinal wave,longitudinal wave,1,unavailable,False,only 1 usable videos (< 15)
longitude,longitude,1,unavailable,False,only 1 usable videos (< 15)
long term,long term,1,unavailable,False,only 1 usable videos (< 15)
long jump,long jump,1,unavailable,False,only 1 usable videos (< 15)
long day plant,long day plant,1,unavailable,False,only 1 usable videos (< 15)
cutlery,cutlery,1,unavailable,False,only 1 usable videos (< 15)
cute,cute,1,unavailable,False,only 1 usable videos (< 15)
cut  line,cut  line,1,unavailable,False,only 1 usable videos (< 15)
customer service,customer service,1,unavailable,False,only 1 usable videos (< 15)
madagascar,madagascar,1,unavailable,False,only 1 usable videos (< 15)
machines,machines,1,unavailable,False,only 1 usable videos (< 15)
machine water pump,machine water pump,1,unavailable,False,only 1 usable videos (< 15)
machine,machine,1,unavailable,False,only 1 usable videos (< 15)
macau,macau,1,unavailable,False,only 1 usable videos (< 15)
luster,luster,1,unavailable,False,only 1 usable videos (< 15)
lunar eclipse,lunar eclipse,1,unavailable,False,only 1 usable videos (< 15)
lunacy,lunacy,1,unavailable,False,only 1 usable videos (< 15)
lumpsum,lumpsum,1,unavailable,False,only 1 usable videos (< 15)
lumberjack,lumberjack,1,unavailable,False,only 1 usable videos (< 15)
lucky,lucky,1,unavailable,False,only 1 usable videos (< 15)
lucknow,lucknow,1,unavailable,False,only 1 usable videos (< 15)
mahatma gandhi,mahatma gandhi,1,unavailable,False,only 1 usable videos (< 15)
maharastra,maharastra,1,unavailable,False,only 1 usable videos (< 15)
maharashtra,maharashtra,1,unavailable,False,only 1 usable videos (< 15)
magnification,magnification,1,unavailable,False,only 1 usable videos (< 15)
magnetism,magnetism,1,unavailable,False,only 1 usable videos (< 15)
magnetic ink character recognition,magnetic ink character recognition,1,unavailable,False,only 1 usable videos (< 15)
magician,magician,1,unavailable,False,only 1 usable videos (< 15)
dam,dam,1,unavailable,False,only 1 usable videos (< 15)
daisychaining,daisychaining,1,unavailable,False,only 1 usable videos (< 15)
dairy science,dairy science,1,unavailable,False,only 1 usable videos (< 15)
dairy farm record,dairy farm record,1,unavailable,False,only 1 usable videos (< 15)
daily list,daily list,1,unavailable,False,only 1 usable videos (< 15)
czech republic,czech republic,1,unavailable,False,only 1 usable videos (< 15)
cyprus,cyprus,1,unavailable,False,only 1 usable videos (< 15)
cycling,cycling,1,unavailable,False,only 1 usable videos (< 15)
cutout,cutout,1,unavailable,False,only 1 usable videos (< 15)
management,management,1,unavailable,False,only 1 usable videos (< 15)
mallet,mallet,1,unavailable,False,only 1 usable videos (< 15)
mall,mall,1,unavailable,False,only 1 usable videos (< 15)
mali,mali,1,unavailable,False,only 1 usable videos (< 15)
malaysia,malaysia,1,unavailable,False,only 1 usable videos (< 15)
malawi,malawi,1,unavailable,False,only 1 usable videos (< 15)
majority,majority,1,unavailable,False,only 1 usable videos (< 15)
major,major,1,unavailable,False,only 1 usable videos (< 15)
maintenance allowance,maintenance allowance,1,unavailable,False,only 1 usable videos (< 15)
mainsworn,mainsworn,1,unavailable,False,only 1 usable videos (< 15)
main scale,main scale,1,unavailable,False,only 1 usable videos (< 15)
main,main,1,unavailable,False,only 1 usable videos (< 15)
mail transfer,mail transfer,1,unavailable,False,only 1 usable videos (< 15)
mail,mail,1,unavailable,False,only 1 usable videos (< 15)
mahavir jayanthi,mahavir jayanthi,1,unavailable,False,only 1 usable videos (< 15)
mahavir,mahavir,1,unavailable,False,only 1 usable videos (< 15)
curing,curing,1,unavailable,False,only 1 usable videos (< 15)
curd,curd,1,unavailable,False,only 1 usable videos (< 15)
cup,cup,1,unavailable,False,only 1 usable videos (< 15)
cummerband,cummerband,1,unavailable,False,only 1 usable videos (< 15)
mark,mark,1,unavailable,False,only 1 usable videos (< 15)
marigold,marigold,1,unavailable,False,only 1 usable videos (< 15)
margin,margin,1,unavailable,False,only 1 usable videos (< 15)
march,march,1,unavailable,False,only 1 usable videos (< 15)
marathi,marathi,1,unavailable,False,only 1 usable videos (< 15)
map,map,1,unavailable,False,only 1 usable videos (< 15)
manure,manure,1,unavailable,False,only 1 usable videos (< 15)
manufacture,manufacture,1,unavailable,False,only 1 usable videos (< 15)
manual of instruction,manual of instruction,1,unavailable,False,only 1 usable videos (< 15)
manjira,manjira,1,unavailable,False,only 1 usable videos (< 15)
mandatory,mandatory,1,unavailable,False,only 1 usable videos (< 15)
manager,manager,1,unavailable,False,only 1 usable videos (< 15)
mason square,mason square,1,unavailable,False,only 1 usable videos (< 15)
masculine,masculine,1,unavailable,False,only 1 usable videos (< 15)
mary,mary,1,unavailable,False,only 1 usable videos (< 15)
maruti car,maruti car,1,unavailable,False,only 1 usable videos (< 15)
marth,marth,1,unavailable,False,only 1 usable videos (< 15)
marry,marry,1,unavailable,False,only 1 usable videos (< 15)
marking table,marking table,1,unavailable,False,only 1 usable videos (< 15)
marketing of vegetables,marketing of vegetables,1,unavailable,False,only 1 usable videos (< 15)
market,market,1,unavailable,False,only 1 usable videos (< 15)
custody,custody,1,unavailable,False,only 1 usable videos (< 15)
custard apple,custard apple,1,unavailable,False,only 1 usable videos (< 15)
curved,curved,1,unavailable,False,only 1 usable videos (< 15)
curvature,curvature,1,unavailable,False,only 1 usable videos (< 15)
curry,curry,1,unavailable,False,only 1 usable videos (< 15)
current,current,1,unavailable,False,only 1 usable videos (< 15)
currency chest,currency chest,1,unavailable,False,only 1 usable videos (< 15)
meager,meager,1,unavailable,False,only 1 usable videos (< 15)
mazdoor,mazdoor,1,unavailable,False,only 1 usable videos (< 15)
maybe,maybe,1,unavailable,False,only 1 usable videos (< 15)
mauritius,mauritius,1,unavailable,False,only 1 usable videos (< 15)
maturity,maturity,1,unavailable,False,only 1 usable videos (< 15)
mature,mature,1,unavailable,False,only 1 usable videos (< 15)
matrimonial home,matrimonial home,1,unavailable,False,only 1 usable videos (< 15)
mating method of poultry,mating method of poultry,1,unavailable,False,only 1 usable videos (< 15)
maths,maths,1,unavailable,False,only 1 usable videos (< 15)
mathematics,mathematics,1,unavailable,False,only 1 usable videos (< 15)
mathematical,mathematical,1,unavailable,False,only 1 usable videos (< 15)
maternal aunt,maternal aunt,1,unavailable,False,only 1 usable videos (< 15)
match,match,1,unavailable,False,only 1 usable videos (< 15)
mass,mass,1,unavailable,False,only 1 usable videos (< 15)
masquito,masquito,1,unavailable,False,only 1 usable videos (< 15)
masonry bit,masonry bit,1,unavailable,False,only 1 usable videos (< 15)
crow bar,crow bar,1,unavailable,False,only 1 usable videos (< 15)
crow,crow,1,unavailable,False,only 1 usable videos (< 15)
crossing,crossing,1,unavailable,False,only 1 usable videos (< 15)
cross belt drive,cross belt drive,1,unavailable,False,only 1 usable videos (< 15)
cross,cross,1,unavailable,False,only 1 usable videos (< 15)
crops,crops,1,unavailable,False,only 1 usable videos (< 15)
cropping tool,cropping tool,1,unavailable,False,only 1 usable videos (< 15)
croatia,croatia,1,unavailable,False,only 1 usable videos (< 15)
criticize,criticize,1,unavailable,False,only 1 usable videos (< 15)
medium shrubs,medium shrubs,1,unavailable,False,only 1 usable videos (< 15)
meditate,meditate,1,unavailable,False,only 1 usable videos (< 15)
mediocre,mediocre,1,unavailable,False,only 1 usable videos (< 15)
medicine,medicine,1,unavailable,False,only 1 usable videos (< 15)
medal,medal,1,unavailable,False,only 1 usable videos (< 15)
mechanics,mechanics,1,unavailable,False,only 1 usable videos (< 15)
measuring tape,measuring tape,1,unavailable,False,only 1 usable videos (< 15)
merger,merger,1,unavailable,False,only 1 usable videos (< 15)
merge,merge,1,unavailable,False,only 1 usable videos (< 15)
mercury,mercury,1,unavailable,False,only 1 usable videos (< 15)
merchant,merchant,1,unavailable,False,only 1 usable videos (< 15)
menu,menu,1,unavailable,False,only 1 usable videos (< 15)
memory unit,memory unit,1,unavailable,False,only 1 usable videos (< 15)
memory card,memory card,1,unavailable,False,only 1 usable videos (< 15)
memorize,memorize,1,unavailable,False,only 1 usable videos (< 15)
memo,memo,1,unavailable,False,only 1 usable videos (< 15)
melting point,melting point,1,unavailable,False,only 1 usable videos (< 15)
cultivators,cultivators,1,unavailable,False,only 1 usable videos (< 15)
culottes,culottes,1,unavailable,False,only 1 usable videos (< 15)
cuffs,cuffs,1,unavailable,False,only 1 usable videos (< 15)
cucumber,cucumber,1,unavailable,False,only 1 usable videos (< 15)
cry,cry,1,unavailable,False,only 1 usable videos (< 15)
crown,crown,1,unavailable,False,only 1 usable videos (< 15)
might,might,1,unavailable,False,only 1 usable videos (< 15)
microwave,microwave,1,unavailable,False,only 1 usable videos (< 15)
microphone,microphone,1,unavailable,False,only 1 usable videos (< 15)
micromax mobile,micromax mobile,1,unavailable,False,only 1 usable videos (< 15)
mi xiaomi,mi xiaomi,1,unavailable,False,only 1 usable videos (< 15)
mho,mho,1,unavailable,False,only 1 usable videos (< 15)
mexico,mexico,1,unavailable,False,only 1 usable videos (< 15)
metro,metro,1,unavailable,False,only 1 usable videos (< 15)
methods of drainage,methods of drainage,1,unavailable,False,only 1 usable videos (< 15)
method of accounting,method of accounting,1,unavailable,False,only 1 usable videos (< 15)
method,method,1,unavailable,False,only 1 usable videos (< 15)
meter,meter,1,unavailable,False,only 1 usable videos (< 15)
messenger,messenger,1,unavailable,False,only 1 usable videos (< 15)
messages videos,messages videos,1,unavailable,False,only 1 usable videos (< 15)
message video,message video,1,unavailable,False,only 1 usable videos (< 15)
merit and demerits,merit and demerits,1,unavailable,False,only 1 usable videos (< 15)
crease,crease,1,unavailable,False,only 1 usable videos (< 15)
crawler loader,crawler loader,1,unavailable,False,only 1 usable videos (< 15)
cpi,cpi,1,unavailable,False,only 1 usable videos (< 15)
milter hat,milter hat,1,unavailable,False,only 1 usable videos (< 15)
millionaire,millionaire,1,unavailable,False,only 1 usable videos (< 15)
milling cutter convex,milling cutter convex,1,unavailable,False,only 1 usable videos (< 15)
milling cutter concave,milling cutter concave,1,unavailable,False,only 1 usable videos (< 15)
milling cutter angle,milling cutter angle,1,unavailable,False,only 1 usable videos (< 15)
millimetre,millimetre,1,unavailable,False,only 1 usable videos (< 15)
milligram,milligram,1,unavailable,False,only 1 usable videos (< 15)
milli litre,milli litre,1,unavailable,False,only 1 usable videos (< 15)
milk powder,milk powder,1,unavailable,False,only 1 usable videos (< 15)
milk bottle,milk bottle,1,unavailable,False,only 1 usable videos (< 15)
milk adultration,milk adultration,1,unavailable,False,only 1 usable videos (< 15)
mild steel rod,mild steel rod,1,unavailable,False,only 1 usable videos (< 15)
milad un nabi,milad un nabi,1,unavailable,False,only 1 usable videos (< 15)
missing,missing,1,unavailable,False,only 1 usable videos (< 15)
misbehaviour,misbehaviour,1,unavailable,False,only 1 usable videos (< 15)
misappropriation,misappropriation,1,unavailable,False,only 1 usable videos (< 15)
minimize,minimize,1,unavailable,False,only 1 usable videos (< 15)
mineral matter,mineral matter,1,unavailable,False,only 1 usable videos (< 15)
mime,mime,1,unavailable,False,only 1 usable videos (< 15)
milter stripes,milter stripes,1,unavailable,False,only 1 usable videos (< 15)
criminal court,criminal court,1,unavailable,False,only 1 usable videos (< 15)
crime scene,crime scene,1,unavailable,False,only 1 usable videos (< 15)
crime,crime,1,unavailable,False,only 1 usable videos (< 15)
cricket,cricket,1,unavailable,False,only 1 usable videos (< 15)
credit voucher,credit voucher,1,unavailable,False,only 1 usable videos (< 15)
credit sale,credit sale,1,unavailable,False,only 1 usable videos (< 15)
credit purchase,credit purchase,1,unavailable,False,only 1 usable videos (< 15)
credit,credit,1,unavailable,False,only 1 usable videos (< 15)
created,created,1,unavailable,False,only 1 usable videos (< 15)
molecule,molecule,1,unavailable,False,only 1 usable videos (< 15)
molecuiar motion,molecuiar motion,1,unavailable,False,only 1 usable videos (< 15)
modification,modification,1,unavailable,False,only 1 usable videos (< 15)
modern roof,modern roof,1,unavailable,False,only 1 usable videos (< 15)
mobilisation deposit,mobilisation deposit,1,unavailable,False,only 1 usable videos (< 15)
mitsubishi motors,mitsubishi motors,1,unavailable,False,only 1 usable videos (< 15)
misunderstand,misunderstand,1,unavailable,False,only 1 usable videos (< 15)
cowl  sleeve,cowl  sleeve,1,unavailable,False,only 1 usable videos (< 15)
court hall,court hall,1,unavailable,False,only 1 usable videos (< 15)
court,court,1,unavailable,False,only 1 usable videos (< 15)
counter sinking,counter sinking,1,unavailable,False,only 1 usable videos (< 15)
counter,counter,1,unavailable,False,only 1 usable videos (< 15)
count,count,1,unavailable,False,only 1 usable videos (< 15)
counsel,counsel,1,unavailable,False,only 1 usable videos (< 15)
cotter ring,cotter ring,1,unavailable,False,only 1 usable videos (< 15)
costa rica,costa rica,1,unavailable,False,only 1 usable videos (< 15)
cooling sheet,cooling sheet,1,unavailable,False,only 1 usable videos (< 15)
coolie,coolie,1,unavailable,False,only 1 usable videos (< 15)
cooker,cooker,1,unavailable,False,only 1 usable videos (< 15)
conveyance allowance,conveyance allowance,1,unavailable,False,only 1 usable videos (< 15)
moral,moral,1,unavailable,False,only 1 usable videos (< 15)
monthly statement,monthly statement,1,unavailable,False,only 1 usable videos (< 15)
monthly return,monthly return,1,unavailable,False,only 1 usable videos (< 15)
monster truck,monster truck,1,unavailable,False,only 1 usable videos (< 15)
monsoon,monsoon,1,unavailable,False,only 1 usable videos (< 15)
monocotyledonae,monocotyledonae,1,unavailable,False,only 1 usable videos (< 15)
monitoring,monitoring,1,unavailable,False,only 1 usable videos (< 15)
mongolia,mongolia,1,unavailable,False,only 1 usable videos (< 15)
moneylender,moneylender,1,unavailable,False,only 1 usable videos (< 15)
money order,money order,1,unavailable,False,only 1 usable videos (< 15)
money,money,1,unavailable,False,only 1 usable videos (< 15)
monetary,monetary,1,unavailable,False,only 1 usable videos (< 15)
motivate,motivate,1,unavailable,False,only 1 usable videos (< 15)
motion,motion,1,unavailable,False,only 1 usable videos (< 15)
motherboard,motherboard,1,unavailable,False,only 1 usable videos (< 15)
mother tongue,mother tongue,1,unavailable,False,only 1 usable videos (< 15)
mother in law,mother in law,1,unavailable,False,only 1 usable videos (< 15)
mosquito,mosquito,1,unavailable,False,only 1 usable videos (< 15)
mosque,mosque,1,unavailable,False,only 1 usable videos (< 15)
mortgage,mortgage,1,unavailable,False,only 1 usable videos (< 15)
corresponding branch,corresponding branch,1,unavailable,False,only 1 usable videos (< 15)
corporation bank,corporation bank,1,unavailable,False,only 1 usable videos (< 15)
corel draw,corel draw,1,unavailable,False,only 1 usable videos (< 15)
copy and paste,copy and paste,1,unavailable,False,only 1 usable videos (< 15)
copper wire,copper wire,1,unavailable,False,only 1 usable videos (< 15)
cop,cop,1,unavailable,False,only 1 usable videos (< 15)
coordinate,coordinate,1,unavailable,False,only 1 usable videos (< 15)
cooperate,cooperate,1,unavailable,False,only 1 usable videos (< 15)
ms word,ms word,1,unavailable,False,only 1 usable videos (< 15)
ms windows,ms windows,1,unavailable,False,only 1 usable videos (< 15)
ms powerpoint,ms powerpoint,1,unavailable,False,only 1 usable videos (< 15)
ms excel,ms excel,1,unavailable,False,only 1 usable videos (< 15)
movie,movie,1,unavailable,False,only 1 usable videos (< 15)
movement,movement,1,unavailable,False,only 1 usable videos (< 15)
movable property,movable property,1,unavailable,False,only 1 usable videos (< 15)
mouthwash,mouthwash,1,unavailable,False,only 1 usable videos (< 15)
mouth spray,mouth spray,1,unavailable,False,only 1 usable videos (< 15)
mouth parts,mouth parts,1,unavailable,False,only 1 usable videos (< 15)
mouth organ,mouth organ,1,unavailable,False,only 1 usable videos (< 15)
mouse pad,mouse pad,1,unavailable,False,only 1 usable videos (< 15)
mouse click,mouse click,1,unavailable,False,only 1 usable videos (< 15)
mouse,mouse,1,unavailable,False,only 1 usable videos (< 15)
motorola,motorola,1,unavailable,False,only 1 usable videos (< 15)
motorcycle air filter,motorcycle air filter,1,unavailable,False,only 1 usable videos (< 15)
consultant,consultant,1,unavailable,False,only 1 usable videos (< 15)
construction contract,construction contract,1,unavailable,False,only 1 usable videos (< 15)
construction,construction,1,unavailable,False,only 1 usable videos (< 15)
constitutional rights,constitutional rights,1,unavailable,False,only 1 usable videos (< 15)
conservation,conservation,1,unavailable,False,only 1 usable videos (< 15)
museum,museum,1,unavailable,False,only 1 usable videos (< 15)
murraya exotica,murraya exotica,1,unavailable,False,only 1 usable videos (< 15)
multiply,multiply,1,unavailable,False,only 1 usable videos (< 15)
multiple,multiple,1,unavailable,False,only 1 usable videos (< 15)
multi storey building,multi storey building,1,unavailable,False,only 1 usable videos (< 15)
muitimeter,muitimeter,1,unavailable,False,only 1 usable videos (< 15)
mugshot,mugshot,1,unavailable,False,only 1 usable videos (< 15)
muffler,muffler,1,unavailable,False,only 1 usable videos (< 15)
mucosal disease,mucosal disease,1,unavailable,False,only 1 usable videos (< 15)
mtnl,mtnl,1,unavailable,False,only 1 usable videos (< 15)
mtl,mtl,1,unavailable,False,only 1 usable videos (< 15)
mutual agreement,mutual agreement,1,unavailable,False,only 1 usable videos (< 15)
mute,mute,1,unavailable,False,only 1 usable videos (< 15)
mushroom storage,mushroom storage,1,unavailable,False,only 1 usable videos (< 15)
mushroom production,mushroom production,1,unavailable,False,only 1 usable videos (< 15)
mushroom pleating,mushroom pleating,1,unavailable,False,only 1 usable videos (< 15)
mushroom harvesting,mushroom harvesting,1,unavailable,False,only 1 usable videos (< 15)
convex mirror,convex mirror,1,unavailable,False,only 1 usable videos (< 15)
convex lens,convex lens,1,unavailable,False,only 1 usable videos (< 15)
convex,convex,1,unavailable,False,only 1 usable videos (< 15)
convertible  collar,convertible  collar,1,unavailable,False,only 1 usable videos (< 15)
conversion,conversion,1,unavailable,False,only 1 usable videos (< 15)
contractual,contractual,1,unavailable,False,only 1 usable videos (< 15)
contraction,contraction,1,unavailable,False,only 1 usable videos (< 15)
continue,continue,1,unavailable,False,only 1 usable videos (< 15)
continent,continent,1,unavailable,False,only 1 usable videos (< 15)
contest,contest,1,unavailable,False,only 1 usable videos (< 15)
condom,condom,1,unavailable,False,only 1 usable videos (< 15)
condition,condition,1,unavailable,False,only 1 usable videos (< 15)
nationalisation,nationalisation,1,unavailable,False,only 1 usable videos (< 15)
national capital region,national capital region,1,unavailable,False,only 1 usable videos (< 15)
national association of the deaf,national association of the deaf,1,unavailable,False,only 1 usable videos (< 15)
nappy,nappy,1,unavailable,False,only 1 usable videos (< 15)
nap fabrick,nap fabrick,1,unavailable,False,only 1 usable videos (< 15)
namibia,namibia,1,unavailable,False,only 1 usable videos (< 15)
namaste,namaste,1,unavailable,False,only 1 usable videos (< 15)
nail cutter,nail cutter,1,unavailable,False,only 1 usable videos (< 15)
nagpur,nagpur,1,unavailable,False,only 1 usable videos (< 15)
nagaland,nagaland,1,unavailable,False,only 1 usable videos (< 15)
mysuru,mysuru,1,unavailable,False,only 1 usable videos (< 15)
mysore,mysore,1,unavailable,False,only 1 usable videos (< 15)
myanmar,myanmar,1,unavailable,False,only 1 usable videos (< 15)
my name is,my name is,1,unavailable,False,only 1 usable videos (< 15)
near,near,1,unavailable,False,only 1 usable videos (< 15)
ncp,ncp,1,unavailable,False,only 1 usable videos (< 15)
nature,nature,1,unavailable,False,only 1 usable videos (< 15)
natural numbers,natural numbers,1,unavailable,False,only 1 usable videos (< 15)
natural gaurdian,natural gaurdian,1,unavailable,False,only 1 usable videos (< 15)
natural gas,natural gas,1,unavailable,False,only 1 usable videos (< 15)
nationalist congress party,nationalist congress party,1,unavailable,False,only 1 usable videos (< 15)
consent,consent,1,unavailable,False,only 1 usable videos (< 15)
connect,connect,1,unavailable,False,only 1 usable videos (< 15)
congratulations,congratulations,1,unavailable,False,only 1 usable videos (< 15)
confirmed member,confirmed member,1,unavailable,False,only 1 usable videos (< 15)
confidential report,confidential report,1,unavailable,False,only 1 usable videos (< 15)
confidence,confidence,1,unavailable,False,only 1 usable videos (< 15)
confession,confession,1,unavailable,False,only 1 usable videos (< 15)
confess,confess,1,unavailable,False,only 1 usable videos (< 15)
conductor,conductor,1,unavailable,False,only 1 usable videos (< 15)
neptune,neptune,1,unavailable,False,only 1 usable videos (< 15)
nephew,nephew,1,unavailable,False,only 1 usable videos (< 15)
nematology,nematology,1,unavailable,False,only 1 usable videos (< 15)
nematode control,nematode control,1,unavailable,False,only 1 usable videos (< 15)
nehru collar,nehru collar,1,unavailable,False,only 1 usable videos (< 15)
negogiable instrumemts,negogiable instrumemts,1,unavailable,False,only 1 usable videos (< 15)
negligible,negligible,1,unavailable,False,only 1 usable videos (< 15)
negligent,negligent,1,unavailable,False,only 1 usable videos (< 15)
negligence,negligence,1,unavailable,False,only 1 usable videos (< 15)
negative error,negative error,1,unavailable,False,only 1 usable videos (< 15)
need,need,1,unavailable,False,only 1 usable videos (< 15)
neck band,neck band,1,unavailable,False,only 1 usable videos (< 15)
necessary,necessary,1,unavailable,False,only 1 usable videos (< 15)
neat,neat,1,unavailable,False,only 1 usable videos (< 15)
nearly,nearly,1,unavailable,False,only 1 usable videos (< 15)
nearby,nearby,1,unavailable,False,only 1 usable videos (< 15)
concave,concave,1,unavailable,False,only 1 usable videos (< 15)
computing,computing,1,unavailable,False,only 1 usable videos (< 15)
computerisation,computerisation,1,unavailable,False,only 1 usable videos (< 15)
compulsory,compulsory,1,unavailable,False,only 1 usable videos (< 15)
news,news,1,unavailable,False,only 1 usable videos (< 15)
newly weds,newly weds,1,unavailable,False,only 1 usable videos (< 15)
newly married,newly married,1,unavailable,False,only 1 usable videos (< 15)
new zealand,new zealand,1,unavailable,False,only 1 usable videos (< 15)
new moon day,new moon day,1,unavailable,False,only 1 usable videos (< 15)
new delhi,new delhi,1,unavailable,False,only 1 usable videos (< 15)
neutron,neutron,1,unavailable,False,only 1 usable videos (< 15)
neutral,neutral,1,unavailable,False,only 1 usable videos (< 15)
netherlands,netherlands,1,unavailable,False,only 1 usable videos (< 15)
netflix,netflix,1,unavailable,False,only 1 usable videos (< 15)
netaji subhas chandra bose,netaji subhas chandra bose,1,unavailable,False,only 1 usable videos (< 15)
net profit,net profit,1,unavailable,False,only 1 usable videos (< 15)
niece,niece,1,unavailable,False,only 1 usable videos (< 15)
nice to meet you,nice to meet you,1,unavailable,False,only 1 usable videos (< 15)
next year,next year,1,unavailable,False,only 1 usable videos (< 15)
next week,next week,1,unavailable,False,only 1 usable videos (< 15)
next month,next month,1,unavailable,False,only 1 usable videos (< 15)
newton,newton,1,unavailable,False,only 1 usable videos (< 15)
newsreader,newsreader,1,unavailable,False,only 1 usable videos (< 15)
concurrent,concurrent,1,unavailable,False,only 1 usable videos (< 15)
concrete mixture,concrete mixture,1,unavailable,False,only 1 usable videos (< 15)
conclude,conclude,1,unavailable,False,only 1 usable videos (< 15)
conciliation,conciliation,1,unavailable,False,only 1 usable videos (< 15)
concession,concession,1,unavailable,False,only 1 usable videos (< 15)
concept,concept,1,unavailable,False,only 1 usable videos (< 15)
concealment of identity,concealment of identity,1,unavailable,False,only 1 usable videos (< 15)
concave mirror,concave mirror,1,unavailable,False,only 1 usable videos (< 15)
concave lens,concave lens,1,unavailable,False,only 1 usable videos (< 15)
non payment,non payment,1,unavailable,False,only 1 usable videos (< 15)
non legal,non legal,1,unavailable,False,only 1 usable videos (< 15)
non infectious disease,non infectious disease,1,unavailable,False,only 1 usable videos (< 15)
non access,non access,1,unavailable,False,only 1 usable videos (< 15)
nomographer,nomographer,1,unavailable,False,only 1 usable videos (< 15)
nominee,nominee,1,unavailable,False,only 1 usable videos (< 15)
nominate,nominate,1,unavailable,False,only 1 usable videos (< 15)
nominal value,nominal value,1,unavailable,False,only 1 usable videos (< 15)
nokia mobile,nokia mobile,1,unavailable,False,only 1 usable videos (< 15)
noc,noc,1,unavailable,False,only 1 usable videos (< 15)
no due certificate,no due certificate,1,unavailable,False,only 1 usable videos (< 15)
ninth,ninth,1,unavailable,False,only 1 usable videos (< 15)
nineteen,nineteen,1,unavailable,False,only 1 usable videos (< 15)
nine,nine,1,unavailable,False,only 1 usable videos (< 15)
nigeria,nigeria,1,unavailable,False,only 1 usable videos (< 15)
niger,niger,1,unavailable,False,only 1 usable videos (< 15)
complainant and complaint,complainant and complaint,1,unavailable,False,only 1 usable videos (< 15)
compate,compate,1,unavailable,False,only 1 usable videos (< 15)
compass surveying,compass surveying,1,unavailable,False,only 1 usable videos (< 15)
company secretary,company secretary,1,unavailable,False,only 1 usable videos (< 15)
note,note,1,unavailable,False,only 1 usable videos (< 15)
notch collar,notch collar,1,unavailable,False,only 1 usable videos (< 15)
notary public,notary public,1,unavailable,False,only 1 usable videos (< 15)
not negotiable,not negotiable,1,unavailable,False,only 1 usable videos (< 15)
not,not,1,unavailable,False,only 1 usable videos (< 15)
norway,norway,1,unavailable,False,only 1 usable videos (< 15)
north-east,north-east,1,unavailable,False,only 1 usable videos (< 15)
north korea,north korea,1,unavailable,False,only 1 usable videos (< 15)
north america,north america,1,unavailable,False,only 1 usable videos (< 15)
norfolk jacket,norfolk jacket,1,unavailable,False,only 1 usable videos (< 15)
none,none,1,unavailable,False,only 1 usable videos (< 15)
non vegetarian,non vegetarian,1,unavailable,False,only 1 usable videos (< 15)
nucleus,nucleus,1,unavailable,False,only 1 usable videos (< 15)
nuclear reactor,nuclear reactor,1,unavailable,False,only 1 usable videos (< 15)
nuclear energy,nuclear energy,1,unavailable,False,only 1 usable videos (< 15)
nri,nri,1,unavailable,False,only 1 usable videos (< 15)
notice board,notice board,1,unavailable,False,only 1 usable videos (< 15)
notice,notice,1,unavailable,False,only 1 usable videos (< 15)
notesheet,notesheet,1,unavailable,False,only 1 usable videos (< 15)
note book,note book,1,unavailable,False,only 1 usable videos (< 15)
compromise,compromise,1,unavailable,False,only 1 usable videos (< 15)
compression,compression,1,unavailable,False,only 1 usable videos (< 15)
compound microscope,compound microscope,1,unavailable,False,only 1 usable videos (< 15)
compound interest,compound interest,1,unavailable,False,only 1 usable videos (< 15)
composition of milk,composition of milk,1,unavailable,False,only 1 usable videos (< 15)
compositing,compositing,1,unavailable,False,only 1 usable videos (< 15)
complete,complete,1,unavailable,False,only 1 usable videos (< 15)
complaint,complaint,1,unavailable,False,only 1 usable videos (< 15)
commercial vegetable gardening,commercial vegetable gardening,1,unavailable,False,only 1 usable videos (< 15)
commercial building,commercial building,1,unavailable,False,only 1 usable videos (< 15)
commerce,commerce,1,unavailable,False,only 1 usable videos (< 15)
octal,octal,1,unavailable,False,only 1 usable videos (< 15)
occupation,occupation,1,unavailable,False,only 1 usable videos (< 15)
observation,observation,1,unavailable,False,only 1 usable videos (< 15)
obligate saprophyte,obligate saprophyte,1,unavailable,False,only 1 usable videos (< 15)
objection,objection,1,unavailable,False,only 1 usable videos (< 15)
object,object,1,unavailable,False,only 1 usable videos (< 15)
obedience,obedience,1,unavailable,False,only 1 usable videos (< 15)
nutrition,nutrition,1,unavailable,False,only 1 usable videos (< 15)
nuncupative will,nuncupative will,1,unavailable,False,only 1 usable videos (< 15)
numpad,numpad,1,unavailable,False,only 1 usable videos (< 15)
numerous,numerous,1,unavailable,False,only 1 usable videos (< 15)
numerical control,numerical control,1,unavailable,False,only 1 usable videos (< 15)
number system,number system,1,unavailable,False,only 1 usable videos (< 15)
office hours,office hours,1,unavailable,False,only 1 usable videos (< 15)
office branch,office branch,1,unavailable,False,only 1 usable videos (< 15)
office bearer,office bearer,1,unavailable,False,only 1 usable videos (< 15)
offence,offence,1,unavailable,False,only 1 usable videos (< 15)
off shore banking,off shore banking,1,unavailable,False,only 1 usable videos (< 15)
off season,off season,1,unavailable,False,only 1 usable videos (< 15)
of,of,1,unavailable,False,only 1 usable videos (< 15)
octopus,octopus,1,unavailable,False,only 1 usable videos (< 15)
company partnership,company partnership,1,unavailable,False,only 1 usable videos (< 15)
company joint stock,company joint stock,1,unavailable,False,only 1 usable videos (< 15)
compaction,compaction,1,unavailable,False,only 1 usable videos (< 15)
compact disc,compact disc,1,unavailable,False,only 1 usable videos (< 15)
community,community,1,unavailable,False,only 1 usable videos (< 15)
communication,communication,1,unavailable,False,only 1 usable videos (< 15)
common cold,common cold,1,unavailable,False,only 1 usable videos (< 15)
committee,committee,1,unavailable,False,only 1 usable videos (< 15)
on the basis of major causal agents,on the basis of major causal agents,1,unavailable,False,only 1 usable videos (< 15)
on the basis of life cycle,on the basis of life cycle,1,unavailable,False,only 1 usable videos (< 15)
on probation,on probation,1,unavailable,False,only 1 usable videos (< 15)
on demand,on demand,1,unavailable,False,only 1 usable videos (< 15)
on cloud nine,on cloud nine,1,unavailable,False,only 1 usable videos (< 15)
omit,omit,1,unavailable,False,only 1 usable videos (< 15)
omission,omission,1,unavailable,False,only 1 usable videos (< 15)
olympics,olympics,1,unavailable,False,only 1 usable videos (< 15)
olericulture,olericulture,1,unavailable,False,only 1 usable videos (< 15)
older sister,older sister,1,unavailable,False,only 1 usable videos (< 15)
ohm,ohm,1,unavailable,False,only 1 usable videos (< 15)
ogle from head to toe,ogle from head to toe,1,unavailable,False,only 1 usable videos (< 15)
offline editing,offline editing,1,unavailable,False,only 1 usable videos (< 15)
officiating,officiating,1,unavailable,False,only 1 usable videos (< 15)
officer in charge of jail,officer in charge of jail,1,unavailable,False,only 1 usable videos (< 15)
officer,officer,1,unavailable,False,only 1 usable videos (< 15)
cohesive,cohesive,1,unavailable,False,only 1 usable videos (< 15)
coherent,coherent,1,unavailable,False,only 1 usable videos (< 15)
coffee rust,coffee rust,1,unavailable,False,only 1 usable videos (< 15)
opaque,opaque,1,unavailable,False,only 1 usable videos (< 15)
only,only,1,unavailable,False,only 1 usable videos (< 15)
online shopping,online shopping,1,unavailable,False,only 1 usable videos (< 15)
online editing,online editing,1,unavailable,False,only 1 usable videos (< 15)
online banking,online banking,1,unavailable,False,only 1 usable videos (< 15)
oneplus mobile,oneplus mobile,1,unavailable,False,only 1 usable videos (< 15)
one lakh,one lakh,1,unavailable,False,only 1 usable videos (< 15)
one crore,one crore,1,unavailable,False,only 1 usable videos (< 15)
one and a half hours,one and a half hours,1,unavailable,False,only 1 usable videos (< 15)
one,one,1,unavailable,False,only 1 usable videos (< 15)
once,once,1,unavailable,False,only 1 usable videos (< 15)
on the basis of use of pond,on the basis of use of pond,1,unavailable,False,only 1 usable videos (< 15)
on the basis of propagation,on the basis of propagation,1,unavailable,False,only 1 usable videos (< 15)
optical fiber cable,optical fiber cable,1,unavailable,False,only 1 usable videos (< 15)
optical character recognition,optical character recognition,1,unavailable,False,only 1 usable videos (< 15)
opposite,opposite,1,unavailable,False,only 1 usable videos (< 15)
opportunity,opportunity,1,unavailable,False,only 1 usable videos (< 15)
oppo mobile,oppo mobile,1,unavailable,False,only 1 usable videos (< 15)
operate an account,operate an account,1,unavailable,False,only 1 usable videos (< 15)
opening balance,opening balance,1,unavailable,False,only 1 usable videos (< 15)
open dated,open dated,1,unavailable,False,only 1 usable videos (< 15)
open circuit,open circuit,1,unavailable,False,only 1 usable videos (< 15)
open belt drive,open belt drive,1,unavailable,False,only 1 usable videos (< 15)
column,column,1,unavailable,False,only 1 usable videos (< 15)
coloured follage shrubs,coloured follage shrubs,1,unavailable,False,only 1 usable videos (< 15)
colour filter,colour filter,1,unavailable,False,only 1 usable videos (< 15)
colombia,colombia,1,unavailable,False,only 1 usable videos (< 15)
colllsion,colllsion,1,unavailable,False,only 1 usable videos (< 15)
cold drink,cold drink,1,unavailable,False,only 1 usable videos (< 15)
out,out,1,unavailable,False,only 1 usable videos (< 15)
ourselves,ourselves,1,unavailable,False,only 1 usable videos (< 15)
ostrich,ostrich,1,unavailable,False,only 1 usable videos (< 15)
osmosis,osmosis,1,unavailable,False,only 1 usable videos (< 15)
osclllatory motion,osclllatory motion,1,unavailable,False,only 1 usable videos (< 15)
oscillator,oscillator,1,unavailable,False,only 1 usable videos (< 15)
oscillation,oscillation,1,unavailable,False,only 1 usable videos (< 15)
ornithology,ornithology,1,unavailable,False,only 1 usable videos (< 15)
ornaments,ornaments,1,unavailable,False,only 1 usable videos (< 15)
orissa,orissa,1,unavailable,False,only 1 usable videos (< 15)
oriental bank of commerce,oriental bank of commerce,1,unavailable,False,only 1 usable videos (< 15)
organization,organization,1,unavailable,False,only 1 usable videos (< 15)
order standing,order standing,1,unavailable,False,only 1 usable videos (< 15)
orbit,orbit,1,unavailable,False,only 1 usable videos (< 15)
opuntia,opuntia,1,unavailable,False,only 1 usable videos (< 15)
option,option,1,unavailable,False,only 1 usable videos (< 15)
coach,coach,1,unavailable,False,only 1 usable videos (< 15)
co accused,co accused,1,unavailable,False,only 1 usable videos (< 15)
cng stone carving machine,cng stone carving machine,1,unavailable,False,only 1 usable videos (< 15)
clutch lever,clutch lever,1,unavailable,False,only 1 usable videos (< 15)
over valuation,over valuation,1,unavailable,False,only 1 usable videos (< 15)
over head projector,over head projector,1,unavailable,False,only 1 usable videos (< 15)
over and over again,over and over again,1,unavailable,False,only 1 usable videos (< 15)
outstanding report,outstanding report,1,unavailable,False,only 1 usable videos (< 15)
outstanding cheque,outstanding cheque,1,unavailable,False,only 1 usable videos (< 15)
outstanding,outstanding,1,unavailable,False,only 1 usable videos (< 15)
outside,outside,1,unavailable,False,only 1 usable videos (< 15)
outer shell,outer shell,1,unavailable,False,only 1 usable videos (< 15)
outdo,outdo,1,unavailable,False,only 1 usable videos (< 15)
outdated,outdated,1,unavailable,False,only 1 usable videos (< 15)
out of work,out of work,1,unavailable,False,only 1 usable videos (< 15)
out of print,out of print,1,unavailable,False,only 1 usable videos (< 15)
oviparous,oviparous,1,unavailable,False,only 1 usable videos (< 15)
ovi viviparous,ovi viviparous,1,unavailable,False,only 1 usable videos (< 15)
overtime allowance,overtime allowance,1,unavailable,False,only 1 usable videos (< 15)
overseas,overseas,1,unavailable,False,only 1 usable videos (< 15)
overleaf,overleaf,1,unavailable,False,only 1 usable videos (< 15)
overdue,overdue,1,unavailable,False,only 1 usable videos (< 15)
overdraft,overdraft,1,unavailable,False,only 1 usable videos (< 15)
overcharge,overcharge,1,unavailable,False,only 1 usable videos (< 15)
overall,overall,1,unavailable,False,only 1 usable videos (< 15)
over writing,over writing,1,unavailable,False,only 1 usable videos (< 15)
coffee,coffee,1,unavailable,False,only 1 usable videos (< 15)
cock erels,cock erels,1,unavailable,False,only 1 usable videos (< 15)
cochin,cochin,1,unavailable,False,only 1 usable videos (< 15)
coccidiosis,coccidiosis,1,unavailable,False,only 1 usable videos (< 15)
coat  dress,coat  dress,1,unavailable,False,only 1 usable videos (< 15)
coarse aggregate,coarse aggregate,1,unavailable,False,only 1 usable videos (< 15)
climb up,climb up,1,unavailable,False,only 1 usable videos (< 15)
climb down,climb down,1,unavailable,False,only 1 usable videos (< 15)
climb,climb,1,unavailable,False,only 1 usable videos (< 15)
palm tree,palm tree,1,unavailable,False,only 1 usable videos (< 15)
palazo pants,palazo pants,1,unavailable,False,only 1 usable videos (< 15)
paise,paise,1,unavailable,False,only 1 usable videos (< 15)
paid up capital,paid up capital,1,unavailable,False,only 1 usable videos (< 15)
page layout,page layout,1,unavailable,False,only 1 usable videos (< 15)
page,page,1,unavailable,False,only 1 usable videos (< 15)
packing credit,packing credit,1,unavailable,False,only 1 usable videos (< 15)
pacing,pacing,1,unavailable,False,only 1 usable videos (< 15)
paan,paan,1,unavailable,False,only 1 usable videos (< 15)
ox,ox,1,unavailable,False,only 1 usable videos (< 15)
owner cultivated,owner cultivated,1,unavailable,False,only 1 usable videos (< 15)
own,own,1,unavailable,False,only 1 usable videos (< 15)
owe,owe,1,unavailable,False,only 1 usable videos (< 15)
par - above,par - above,1,unavailable,False,only 1 usable videos (< 15)
pappad,pappad,1,unavailable,False,only 1 usable videos (< 15)
panic,panic,1,unavailable,False,only 1 usable videos (< 15)
pani puri,pani puri,1,unavailable,False,only 1 usable videos (< 15)
panel door,panel door,1,unavailable,False,only 1 usable videos (< 15)
paneer,paneer,1,unavailable,False,only 1 usable videos (< 15)
panasonic mobile,panasonic mobile,1,unavailable,False,only 1 usable videos (< 15)
panama,panama,1,unavailable,False,only 1 usable videos (< 15)
clumsy,clumsy,1,unavailable,False,only 1 usable videos (< 15)
cloudy,cloudy,1,unavailable,False,only 1 usable videos (< 15)
clouds,clouds,1,unavailable,False,only 1 usable videos (< 15)
close up,close up,1,unavailable,False,only 1 usable videos (< 15)
close relation,close relation,1,unavailable,False,only 1 usable videos (< 15)
close friend,close friend,1,unavailable,False,only 1 usable videos (< 15)
clockwise,clockwise,1,unavailable,False,only 1 usable videos (< 15)
clinical thermometer,clinical thermometer,1,unavailable,False,only 1 usable videos (< 15)
parkinsonia aculeata,parkinsonia aculeata,1,unavailable,False,only 1 usable videos (< 15)
parental,parental,1,unavailable,False,only 1 usable videos (< 15)
parent branch,parent branch,1,unavailable,False,only 1 usable videos (< 15)
parent,parent,1,unavailable,False,only 1 usable videos (< 15)
parcel,parcel,1,unavailable,False,only 1 usable videos (< 15)
paratha,paratha,1,unavailable,False,only 1 usable videos (< 15)
parapet,parapet,1,unavailable,False,only 1 usable videos (< 15)
parameter,parameter,1,unavailable,False,only 1 usable videos (< 15)
paramedic,paramedic,1,unavailable,False,only 1 usable videos (< 15)
parallel circuit,parallel circuit,1,unavailable,False,only 1 usable videos (< 15)
parallel,parallel,1,unavailable,False,only 1 usable videos (< 15)
paraguay,paraguay,1,unavailable,False,only 1 usable videos (< 15)
parade,parade,1,unavailable,False,only 1 usable videos (< 15)
parachute,parachute,1,unavailable,False,only 1 usable videos (< 15)
par - below,par - below,1,unavailable,False,only 1 usable videos (< 15)
par - at,par - at,1,unavailable,False,only 1 usable videos (< 15)
passbook printing machine,passbook printing machine,1,unavailable,False,only 1 usable videos (< 15)
passbook bank,passbook bank,1,unavailable,False,only 1 usable videos (< 15)
pass to,pass to,1,unavailable,False,only 1 usable videos (< 15)
pass book,pass book,1,unavailable,False,only 1 usable videos (< 15)
party,party,1,unavailable,False,only 1 usable videos (< 15)
parts,parts,1,unavailable,False,only 1 usable videos (< 15)
partnership deed,partnership deed,1,unavailable,False,only 1 usable videos (< 15)
partnership,partnership,1,unavailable,False,only 1 usable videos (< 15)
partly paid,partly paid,1,unavailable,False,only 1 usable videos (< 15)
particulars,particulars,1,unavailable,False,only 1 usable videos (< 15)
particular,particular,1,unavailable,False,only 1 usable videos (< 15)
participation,participation,1,unavailable,False,only 1 usable videos (< 15)
part time,part time,1,unavailable,False,only 1 usable videos (< 15)
part,part,1,unavailable,False,only 1 usable videos (< 15)
parsi,parsi,1,unavailable,False,only 1 usable videos (< 15)
parricide,parricide,1,unavailable,False,only 1 usable videos (< 15)
classification of shrubs,classification of shrubs,1,unavailable,False,only 1 usable videos (< 15)
classification of poultry feeds,classification of poultry feeds,1,unavailable,False,only 1 usable videos (< 15)
classification of poultry diseases,classification of poultry diseases,1,unavailable,False,only 1 usable videos (< 15)
classification of hedges,classification of hedges,1,unavailable,False,only 1 usable videos (< 15)
classification of fungus,classification of fungus,1,unavailable,False,only 1 usable videos (< 15)
classification based on the transplanting capacity,classification based on the transplanting capacity,1,unavailable,False,only 1 usable videos (< 15)
paws,paws,1,unavailable,False,only 1 usable videos (< 15)
paw,paw,1,unavailable,False,only 1 usable videos (< 15)
patriotic,patriotic,1,unavailable,False,only 1 usable videos (< 15)
pastry,pastry,1,unavailable,False,only 1 usable videos (< 15)
paste,paste,1,unavailable,False,only 1 usable videos (< 15)
past,past,1,unavailable,False,only 1 usable videos (< 15)
password,password,1,unavailable,False,only 1 usable videos (< 15)
passive debt,passive debt,1,unavailable,False,only 1 usable videos (< 15)
passion,passion,1,unavailable,False,only 1 usable videos (< 15)
passing official,passing official,1,unavailable,False,only 1 usable videos (< 15)
pencil box,pencil box,1,unavailable,False,only 1 usable videos (< 15)
penality,penality,1,unavailable,False,only 1 usable videos (< 15)
penal interest,penal interest,1,unavailable,False,only 1 usable videos (< 15)
peep,peep,1,unavailable,False,only 1 usable videos (< 15)
pear,pear,1,unavailable,False,only 1 usable videos (< 15)
peanut,peanut,1,unavailable,False,only 1 usable videos (< 15)
pdp,pdp,1,unavailable,False,only 1 usable videos (< 15)
paytm payments bank,paytm payments bank,1,unavailable,False,only 1 usable videos (< 15)
paying slip,paying slip,1,unavailable,False,only 1 usable videos (< 15)
payee,payee,1,unavailable,False,only 1 usable videos (< 15)
client,client,1,unavailable,False,only 1 usable videos (< 15)
clearing house,clearing house,1,unavailable,False,only 1 usable videos (< 15)
clean bill,clean bill,1,unavailable,False,only 1 usable videos (< 15)
claw hammer,claw hammer,1,unavailable,False,only 1 usable videos (< 15)
clauses,clauses,1,unavailable,False,only 1 usable videos (< 15)
classification of vegetables,classification of vegetables,1,unavailable,False,only 1 usable videos (< 15)
citrus vulgaris,citrus vulgaris,1,unavailable,False,only 1 usable videos (< 15)
circus,circus,1,unavailable,False,only 1 usable videos (< 15)
circular motion,circular motion,1,unavailable,False,only 1 usable videos (< 15)
circuit breaker,circuit breaker,1,unavailable,False,only 1 usable videos (< 15)
circuit,circuit,1,unavailable,False,only 1 usable videos (< 15)
period time,period time,1,unavailable,False,only 1 usable videos (< 15)
period,period,1,unavailable,False,only 1 usable videos (< 15)
peril,peril,1,unavailable,False,only 1 usable videos (< 15)
perform,perform,1,unavailable,False,only 1 usable videos (< 15)
per pro,per pro,1,unavailable,False,only 1 usable videos (< 15)
pepper,pepper,1,unavailable,False,only 1 usable videos (< 15)
people,people,1,unavailable,False,only 1 usable videos (< 15)
pentode,pentode,1,unavailable,False,only 1 usable videos (< 15)
penguin,penguin,1,unavailable,False,only 1 usable videos (< 15)
pendulum,pendulum,1,unavailable,False,only 1 usable videos (< 15)
pencil leg,pencil leg,1,unavailable,False,only 1 usable videos (< 15)
peter pan collar,peter pan collar,1,unavailable,False,only 1 usable videos (< 15)
peru,peru,1,unavailable,False,only 1 usable videos (< 15)
personality,personality,1,unavailable,False,only 1 usable videos (< 15)
perpendicular,perpendicular,1,unavailable,False,only 1 usable videos (< 15)
permit,permit,1,unavailable,False,only 1 usable videos (< 15)
permission,permission,1,unavailable,False,only 1 usable videos (< 15)
periscope,periscope,1,unavailable,False,only 1 usable videos (< 15)
periods,periods,1,unavailable,False,only 1 usable videos (< 15)
classification based on season,classification based on season,1,unavailable,False,only 1 usable videos (< 15)
classification according to parts used for crop,classification according to parts used for crop,1,unavailable,False,only 1 usable videos (< 15)
classification,classification,1,unavailable,False,only 1 usable videos (< 15)
class room,class room,1,unavailable,False,only 1 usable videos (< 15)
clap,clap,1,unavailable,False,only 1 usable videos (< 15)
claim,claim,1,unavailable,False,only 1 usable videos (< 15)
cl,cl,1,unavailable,False,only 1 usable videos (< 15)
civil engineering,civil engineering,1,unavailable,False,only 1 usable videos (< 15)
piano,piano,1,unavailable,False,only 1 usable videos (< 15)
physical training,physical training,1,unavailable,False,only 1 usable videos (< 15)
physical balance,physical balance,1,unavailable,False,only 1 usable videos (< 15)
photosynthesis process,photosynthesis process,1,unavailable,False,only 1 usable videos (< 15)
photosynthesis,photosynthesis,1,unavailable,False,only 1 usable videos (< 15)
photoperiodism,photoperiodism,1,unavailable,False,only 1 usable videos (< 15)
photographic plate,photographic plate,1,unavailable,False,only 1 usable videos (< 15)
photographic camera,photographic camera,1,unavailable,False,only 1 usable videos (< 15)
photographer,photographer,1,unavailable,False,only 1 usable videos (< 15)
photocopy,photocopy,1,unavailable,False,only 1 usable videos (< 15)
photo,photo,1,unavailable,False,only 1 usable videos (< 15)
phone,phone,1,unavailable,False,only 1 usable videos (< 15)
pharmacist,pharmacist,1,unavailable,False,only 1 usable videos (< 15)
pf,pf,1,unavailable,False,only 1 usable videos (< 15)
petrol,petrol,1,unavailable,False,only 1 usable videos (< 15)
peteti,peteti,1,unavailable,False,only 1 usable videos (< 15)
chimney,chimney,1,unavailable,False,only 1 usable videos (< 15)
chilli,chilli,1,unavailable,False,only 1 usable videos (< 15)
chile,chile,1,unavailable,False,only 1 usable videos (< 15)
children,children,1,unavailable,False,only 1 usable videos (< 15)
child prostitution,child prostitution,1,unavailable,False,only 1 usable videos (< 15)
piston,piston,1,unavailable,False,only 1 usable videos (< 15)
pista,pista,1,unavailable,False,only 1 usable videos (< 15)
pisciculture,pisciculture,1,unavailable,False,only 1 usable videos (< 15)
piping,piping,1,unavailable,False,only 1 usable videos (< 15)
pinking shears,pinking shears,1,unavailable,False,only 1 usable videos (< 15)
pineapple,pineapple,1,unavailable,False,only 1 usable videos (< 15)
pin,pin,1,unavailable,False,only 1 usable videos (< 15)
pigments,pigments,1,unavailable,False,only 1 usable videos (< 15)
pickpocket,pickpocket,1,unavailable,False,only 1 usable videos (< 15)
pick stitch,pick stitch,1,unavailable,False,only 1 usable videos (< 15)
pick axe,pick axe,1,unavailable,False,only 1 usable videos (< 15)
plant water relation,plant water relation,1,unavailable,False,only 1 usable videos (< 15)
plant physiology,plant physiology,1,unavailable,False,only 1 usable videos (< 15)
plant,plant,1,unavailable,False,only 1 usable videos (< 15)
plane mirror,plane mirror,1,unavailable,False,only 1 usable videos (< 15)
plane convex lens,plane convex lens,1,unavailable,False,only 1 usable videos (< 15)
plane concave lens,plane concave lens,1,unavailable,False,only 1 usable videos (< 15)
plane,plane,1,unavailable,False,only 1 usable videos (< 15)
plain cement concrete,plain cement concrete,1,unavailable,False,only 1 usable videos (< 15)
place,place,1,unavailable,False,only 1 usable videos (< 15)
cif number,cif number,1,unavailable,False,only 1 usable videos (< 15)
church,church,1,unavailable,False,only 1 usable videos (< 15)
chronic illness,chronic illness,1,unavailable,False,only 1 usable videos (< 15)
christianity,christianity,1,unavailable,False,only 1 usable videos (< 15)
choking,choking,1,unavailable,False,only 1 usable videos (< 15)
chocolate,chocolate,1,unavailable,False,only 1 usable videos (< 15)
chipping,chipping,1,unavailable,False,only 1 usable videos (< 15)
chickenpox,chickenpox,1,unavailable,False,only 1 usable videos (< 15)
chicken mesh,chicken mesh,1,unavailable,False,only 1 usable videos (< 15)
chhattisgarh,chhattisgarh,1,unavailable,False,only 1 usable videos (< 15)
chesterfield  coat,chesterfield  coat,1,unavailable,False,only 1 usable videos (< 15)
chess,chess,1,unavailable,False,only 1 usable videos (< 15)
points,points,1,unavailable,False,only 1 usable videos (< 15)
pluto,pluto,1,unavailable,False,only 1 usable videos (< 15)
plunger,plunger,1,unavailable,False,only 1 usable videos (< 15)
plumbing,plumbing,1,unavailable,False,only 1 usable videos (< 15)
plumb bob and line,plumb bob and line,1,unavailable,False,only 1 usable videos (< 15)
plum,plum,1,unavailable,False,only 1 usable videos (< 15)
plug point,plug point,1,unavailable,False,only 1 usable videos (< 15)
plug,plug,1,unavailable,False,only 1 usable videos (< 15)
plough,plough,1,unavailable,False,only 1 usable videos (< 15)
pledge,pledge,1,unavailable,False,only 1 usable videos (< 15)
plastering,plastering,1,unavailable,False,only 1 usable videos (< 15)
politician,politician,1,unavailable,False,only 1 usable videos (< 15)
polite,polite,1,unavailable,False,only 1 usable videos (< 15)
polisher,polisher,1,unavailable,False,only 1 usable videos (< 15)
polish,polish,1,unavailable,False,only 1 usable videos (< 15)
police station,police station,1,unavailable,False,only 1 usable videos (< 15)
police car,police car,1,unavailable,False,only 1 usable videos (< 15)
pole vault,pole vault,1,unavailable,False,only 1 usable videos (< 15)
poland,poland,1,unavailable,False,only 1 usable videos (< 15)
child abuse,child abuse,1,unavailable,False,only 1 usable videos (< 15)
child,child,1,unavailable,False,only 1 usable videos (< 15)
chikoo,chikoo,1,unavailable,False,only 1 usable videos (< 15)
chief justice,chief justice,1,unavailable,False,only 1 usable videos (< 15)
chief,chief,1,unavailable,False,only 1 usable videos (< 15)
chicks,chicks,1,unavailable,False,only 1 usable videos (< 15)
chickpea,chickpea,1,unavailable,False,only 1 usable videos (< 15)
chickoo,chickoo,1,unavailable,False,only 1 usable videos (< 15)
postpone,postpone,1,unavailable,False,only 1 usable videos (< 15)
posting,posting,1,unavailable,False,only 1 usable videos (< 15)
post dated,post dated,1,unavailable,False,only 1 usable videos (< 15)
post card,post card,1,unavailable,False,only 1 usable videos (< 15)
possess,possess,1,unavailable,False,only 1 usable videos (< 15)
positive error,positive error,1,unavailable,False,only 1 usable videos (< 15)
portugal,portugal,1,unavailable,False,only 1 usable videos (< 15)
ports tab,ports tab,1,unavailable,False,only 1 usable videos (< 15)
popcorn,popcorn,1,unavailable,False,only 1 usable videos (< 15)
pongal,pongal,1,unavailable,False,only 1 usable videos (< 15)
pond on the basis of situation,pond on the basis of situation,1,unavailable,False,only 1 usable videos (< 15)
pomegranate,pomegranate,1,unavailable,False,only 1 usable videos (< 15)
polygraph,polygraph,1,unavailable,False,only 1 usable videos (< 15)
polygon tool,polygon tool,1,unavailable,False,only 1 usable videos (< 15)
polo shrit,polo shrit,1,unavailable,False,only 1 usable videos (< 15)
politics,politics,1,unavailable,False,only 1 usable videos (< 15)
cheque endorsement,cheque endorsement,1,unavailable,False,only 1 usable videos (< 15)
cheque drop box,cheque drop box,1,unavailable,False,only 1 usable videos (< 15)
cheque crossed,cheque crossed,1,unavailable,False,only 1 usable videos (< 15)
chemistry,chemistry,1,unavailable,False,only 1 usable videos (< 15)
chemical energy,chemical energy,1,unavailable,False,only 1 usable videos (< 15)
chef,chef,1,unavailable,False,only 1 usable videos (< 15)
pour,pour,1,unavailable,False,only 1 usable videos (< 15)
poultry science,poultry science,1,unavailable,False,only 1 usable videos (< 15)
poultry production,poultry production,1,unavailable,False,only 1 usable videos (< 15)
poultry mash,poultry mash,1,unavailable,False,only 1 usable videos (< 15)
poultry feeds,poultry feeds,1,unavailable,False,only 1 usable videos (< 15)
potty,potty,1,unavailable,False,only 1 usable videos (< 15)
potentiometer,potentiometer,1,unavailable,False,only 1 usable videos (< 15)
potentiality,potentiality,1,unavailable,False,only 1 usable videos (< 15)
potential energy,potential energy,1,unavailable,False,only 1 usable videos (< 15)
potential,potential,1,unavailable,False,only 1 usable videos (< 15)
predict,predict,1,unavailable,False,only 1 usable videos (< 15)
predecessor,predecessor,1,unavailable,False,only 1 usable videos (< 15)
precaution,precaution,1,unavailable,False,only 1 usable videos (< 15)
pre paid,pre paid,1,unavailable,False,only 1 usable videos (< 15)
pram,pram,1,unavailable,False,only 1 usable videos (< 15)
powerlines,powerlines,1,unavailable,False,only 1 usable videos (< 15)
power sockets,power sockets,1,unavailable,False,only 1 usable videos (< 15)
power hacksaw,power hacksaw,1,unavailable,False,only 1 usable videos (< 15)
power duster,power duster,1,unavailable,False,only 1 usable videos (< 15)
powder,powder,1,unavailable,False,only 1 usable videos (< 15)
cherry,cherry,1,unavailable,False,only 1 usable videos (< 15)
cheque travellers,cheque travellers,1,unavailable,False,only 1 usable videos (< 15)
cheque stale,cheque stale,1,unavailable,False,only 1 usable videos (< 15)
cheque postdated,cheque postdated,1,unavailable,False,only 1 usable videos (< 15)
cheque mutilated,cheque mutilated,1,unavailable,False,only 1 usable videos (< 15)
cheque gift,cheque gift,1,unavailable,False,only 1 usable videos (< 15)
change in state,change in state,1,unavailable,False,only 1 usable videos (< 15)
chamfering,chamfering,1,unavailable,False,only 1 usable videos (< 15)
chamber,chamber,1,unavailable,False,only 1 usable videos (< 15)
prevent,prevent,1,unavailable,False,only 1 usable videos (< 15)
pressure foot,pressure foot,1,unavailable,False,only 1 usable videos (< 15)
pressure cooker,pressure cooker,1,unavailable,False,only 1 usable videos (< 15)
pressure,pressure,1,unavailable,False,only 1 usable videos (< 15)
press,press,1,unavailable,False,only 1 usable videos (< 15)
president,president,1,unavailable,False,only 1 usable videos (< 15)
prescribe,prescribe,1,unavailable,False,only 1 usable videos (< 15)
preposition,preposition,1,unavailable,False,only 1 usable videos (< 15)
premium,premium,1,unavailable,False,only 1 usable videos (< 15)
premises,premises,1,unavailable,False,only 1 usable videos (< 15)
premature,premature,1,unavailable,False,only 1 usable videos (< 15)
preliminary,preliminary,1,unavailable,False,only 1 usable videos (< 15)
prejudice,prejudice,1,unavailable,False,only 1 usable videos (< 15)
private gardens,private gardens,1,unavailable,False,only 1 usable videos (< 15)
private,private,1,unavailable,False,only 1 usable videos (< 15)
prism,prism,1,unavailable,False,only 1 usable videos (< 15)
priority,priority,1,unavailable,False,only 1 usable videos (< 15)
printed circuit board,printed circuit board,1,unavailable,False,only 1 usable videos (< 15)
print,print,1,unavailable,False,only 1 usable videos (< 15)
prime location,prime location,1,unavailable,False,only 1 usable videos (< 15)
primary,primary,1,unavailable,False,only 1 usable videos (< 15)
previous,previous,1,unavailable,False,only 1 usable videos (< 15)
preventive measures,preventive measures,1,unavailable,False,only 1 usable videos (< 15)
charge sheet,charge sheet,1,unavailable,False,only 1 usable videos (< 15)
charge,charge,1,unavailable,False,only 1 usable videos (< 15)
chapter,chapter,1,unavailable,False,only 1 usable videos (< 15)
chapathi,chapathi,1,unavailable,False,only 1 usable videos (< 15)
change of venue,change of venue,1,unavailable,False,only 1 usable videos (< 15)
change in temperature,change in temperature,1,unavailable,False,only 1 usable videos (< 15)
centimetre,centimetre,1,unavailable,False,only 1 usable videos (< 15)
centimeter,centimeter,1,unavailable,False,only 1 usable videos (< 15)
centigram,centigram,1,unavailable,False,only 1 usable videos (< 15)
program,program,1,unavailable,False,only 1 usable videos (< 15)
proforma,proforma,1,unavailable,False,only 1 usable videos (< 15)
profile levelling,profile levelling,1,unavailable,False,only 1 usable videos (< 15)
professor,professor,1,unavailable,False,only 1 usable videos (< 15)
professional,professional,1,unavailable,False,only 1 usable videos (< 15)
product,product,1,unavailable,False,only 1 usable videos (< 15)
produce,produce,1,unavailable,False,only 1 usable videos (< 15)
proceeding,proceeding,1,unavailable,False,only 1 usable videos (< 15)
procedure,procedure,1,unavailable,False,only 1 usable videos (< 15)
problem,problem,1,unavailable,False,only 1 usable videos (< 15)
probing,probing,1,unavailable,False,only 1 usable videos (< 15)
pro circle,pro circle,1,unavailable,False,only 1 usable videos (< 15)
private secretaryps,private secretaryps,1,unavailable,False,only 1 usable videos (< 15)
projectile motion,projectile motion,1,unavailable,False,only 1 usable videos (< 15)
project,project,1,unavailable,False,only 1 usable videos (< 15)
prohibit,prohibit,1,unavailable,False,only 1 usable videos (< 15)
progress,progress,1,unavailable,False,only 1 usable videos (< 15)
chain surveying,chain surveying,1,unavailable,False,only 1 usable videos (< 15)
chain reaction,chain reaction,1,unavailable,False,only 1 usable videos (< 15)
chain drive,chain drive,1,unavailable,False,only 1 usable videos (< 15)
cervical cancer,cervical cancer,1,unavailable,False,only 1 usable videos (< 15)
cerebral palsy,cerebral palsy,1,unavailable,False,only 1 usable videos (< 15)
cereal disease,cereal disease,1,unavailable,False,only 1 usable videos (< 15)
century,century,1,unavailable,False,only 1 usable videos (< 15)
centripetal,centripetal,1,unavailable,False,only 1 usable videos (< 15)
centrifugal,centrifugal,1,unavailable,False,only 1 usable videos (< 15)
centre of curvature,centre of curvature,1,unavailable,False,only 1 usable videos (< 15)
centre  front,centre  front,1,unavailable,False,only 1 usable videos (< 15)
central processing unit,central processing unit,1,unavailable,False,only 1 usable videos (< 15)
publication,publication,1,unavailable,False,only 1 usable videos (< 15)
public gardens,public gardens,1,unavailable,False,only 1 usable videos (< 15)
psychology,psychology,1,unavailable,False,only 1 usable videos (< 15)
provision,provision,1,unavailable,False,only 1 usable videos (< 15)
proton,proton,1,unavailable,False,only 1 usable videos (< 15)
protest,protest,1,unavailable,False,only 1 usable videos (< 15)
prospectus,prospectus,1,unavailable,False,only 1 usable videos (< 15)
prosecution,prosecution,1,unavailable,False,only 1 usable videos (< 15)
proprietory,proprietory,1,unavailable,False,only 1 usable videos (< 15)
property tax,property tax,1,unavailable,False,only 1 usable videos (< 15)
property public,property public,1,unavailable,False,only 1 usable videos (< 15)
property landed,property landed,1,unavailable,False,only 1 usable videos (< 15)
propeller pump,propeller pump,1,unavailable,False,only 1 usable videos (< 15)
pronoun,pronoun,1,unavailable,False,only 1 usable videos (< 15)
prompt action,prompt action,1,unavailable,False,only 1 usable videos (< 15)
promisory note,promisory note,1,unavailable,False,only 1 usable videos (< 15)
cause of action,cause of action,1,unavailable,False,only 1 usable videos (< 15)
cauliflower,cauliflower,1,unavailable,False,only 1 usable videos (< 15)
category,category,1,unavailable,False,only 1 usable videos (< 15)
catch  stitch,catch  stitch,1,unavailable,False,only 1 usable videos (< 15)
cataract,cataract,1,unavailable,False,only 1 usable videos (< 15)
punjab national bank,punjab national bank,1,unavailable,False,only 1 usable videos (< 15)
punishment,punishment,1,unavailable,False,only 1 usable videos (< 15)
pump,pump,1,unavailable,False,only 1 usable videos (< 15)
pulley,pulley,1,unavailable,False,only 1 usable videos (< 15)
pullet,pullet,1,unavailable,False,only 1 usable videos (< 15)
pull someone's leg,pull someone's leg,1,unavailable,False,only 1 usable videos (< 15)
pull,pull,1,unavailable,False,only 1 usable videos (< 15)
puja,puja,1,unavailable,False,only 1 usable videos (< 15)
puducherry,puducherry,1,unavailable,False,only 1 usable videos (< 15)
publish,publish,1,unavailable,False,only 1 usable videos (< 15)
publicity material,publicity material,1,unavailable,False,only 1 usable videos (< 15)
put up,put up,1,unavailable,False,only 1 usable videos (< 15)
push,push,1,unavailable,False,only 1 usable videos (< 15)
purpose,purpose,1,unavailable,False,only 1 usable videos (< 15)
purple flowered plants,purple flowered plants,1,unavailable,False,only 1 usable videos (< 15)
puri,puri,1,unavailable,False,only 1 usable videos (< 15)
purchase retum,purchase retum,1,unavailable,False,only 1 usable videos (< 15)
puppet show,puppet show,1,unavailable,False,only 1 usable videos (< 15)
puppet,puppet,1,unavailable,False,only 1 usable videos (< 15)
center  back,center  back,1,unavailable,False,only 1 usable videos (< 15)
center,center,1,unavailable,False,only 1 usable videos (< 15)
cement mortar,cement mortar,1,unavailable,False,only 1 usable videos (< 15)
cement,cement,1,unavailable,False,only 1 usable videos (< 15)
celsius,celsius,1,unavailable,False,only 1 usable videos (< 15)
celebrate,celebrate,1,unavailable,False,only 1 usable videos (< 15)
ceiling,ceiling,1,unavailable,False,only 1 usable videos (< 15)
cd,cd,1,unavailable,False,only 1 usable videos (< 15)
quota,quota,1,unavailable,False,only 1 usable videos (< 15)
quit,quit,1,unavailable,False,only 1 usable videos (< 15)
quiet,quiet,1,unavailable,False,only 1 usable videos (< 15)
quick,quick,1,unavailable,False,only 1 usable videos (< 15)
queue,queue,1,unavailable,False,only 1 usable videos (< 15)
questions,questions,1,unavailable,False,only 1 usable videos (< 15)
questionnaire,questionnaire,1,unavailable,False,only 1 usable videos (< 15)
quarter,quarter,1,unavailable,False,only 1 usable videos (< 15)
quarrel,quarrel,1,unavailable,False,only 1 usable videos (< 15)
quality,quality,1,unavailable,False,only 1 usable videos (< 15)
qualified,qualified,1,unavailable,False,only 1 usable videos (< 15)
qualification essential,qualification essential,1,unavailable,False,only 1 usable videos (< 15)
quadrupedal robot,quadrupedal robot,1,unavailable,False,only 1 usable videos (< 15)
python,python,1,unavailable,False,only 1 usable videos (< 15)
pyramid,pyramid,1,unavailable,False,only 1 usable videos (< 15)
puzzle,puzzle,1,unavailable,False,only 1 usable videos (< 15)
cash book,cash book,1,unavailable,False,only 1 usable videos (< 15)
cartidge,cartidge,1,unavailable,False,only 1 usable videos (< 15)
carry on,carry on,1,unavailable,False,only 1 usable videos (< 15)
carry,carry,1,unavailable,False,only 1 usable videos (< 15)
raid,raid,1,unavailable,False,only 1 usable videos (< 15)
rafter,rafter,1,unavailable,False,only 1 usable videos (< 15)
radish,radish,1,unavailable,False,only 1 usable videos (< 15)
radio wave,radio wave,1,unavailable,False,only 1 usable videos (< 15)
radiation,radiation,1,unavailable,False,only 1 usable videos (< 15)
raddish,raddish,1,unavailable,False,only 1 usable videos (< 15)
racism,racism,1,unavailable,False,only 1 usable videos (< 15)
race,race,1,unavailable,False,only 1 usable videos (< 15)
rabindranath tagore,rabindranath tagore,1,unavailable,False,only 1 usable videos (< 15)
quran,quran,1,unavailable,False,only 1 usable videos (< 15)
quote,quote,1,unavailable,False,only 1 usable videos (< 15)
quotation,quotation,1,unavailable,False,only 1 usable videos (< 15)
raipur,raipur,1,unavailable,False,only 1 usable videos (< 15)
rainy season vegetables,rainy season vegetables,1,unavailable,False,only 1 usable videos (< 15)
rain,rain,1,unavailable,False,only 1 usable videos (< 15)
railway track,railway track,1,unavailable,False,only 1 usable videos (< 15)
railway hedges,railway hedges,1,unavailable,False,only 1 usable videos (< 15)
rail section,rail section,1,unavailable,False,only 1 usable videos (< 15)
rail road switch,rail road switch,1,unavailable,False,only 1 usable videos (< 15)
catalogue,catalogue,1,unavailable,False,only 1 usable videos (< 15)
cassette,cassette,1,unavailable,False,only 1 usable videos (< 15)
casio,casio,1,unavailable,False,only 1 usable videos (< 15)
cashier,cashier,1,unavailable,False,only 1 usable videos (< 15)
cash remmitance,cash remmitance,1,unavailable,False,only 1 usable videos (< 15)
cash receipt,cash receipt,1,unavailable,False,only 1 usable videos (< 15)
cash credit key,cash credit key,1,unavailable,False,only 1 usable videos (< 15)
cash credit,cash credit,1,unavailable,False,only 1 usable videos (< 15)
cash certificates,cash certificates,1,unavailable,False,only 1 usable videos (< 15)
rate concessional,rate concessional,1,unavailable,False,only 1 usable videos (< 15)
raster graphics,raster graphics,1,unavailable,False,only 1 usable videos (< 15)
rasgulla,rasgulla,1,unavailable,False,only 1 usable videos (< 15)
rarely,rarely,1,unavailable,False,only 1 usable videos (< 15)
rare,rare,1,unavailable,False,only 1 usable videos (< 15)
rapidly,rapidly,1,unavailable,False,only 1 usable videos (< 15)
ranveer singh,ranveer singh,1,unavailable,False,only 1 usable videos (< 15)
rani of jhansi,rani of jhansi,1,unavailable,False,only 1 usable videos (< 15)
random motion,random motion,1,unavailable,False,only 1 usable videos (< 15)
random,random,1,unavailable,False,only 1 usable videos (< 15)
ranchi,ranchi,1,unavailable,False,only 1 usable videos (< 15)
ramzan,ramzan,1,unavailable,False,only 1 usable videos (< 15)
rama,rama,1,unavailable,False,only 1 usable videos (< 15)
ram navami,ram navami,1,unavailable,False,only 1 usable videos (< 15)
ram,ram,1,unavailable,False,only 1 usable videos (< 15)
rally,rally,1,unavailable,False,only 1 usable videos (< 15)
capital punishment,capital punishment,1,unavailable,False,only 1 usable videos (< 15)
capillary tube,capillary tube,1,unavailable,False,only 1 usable videos (< 15)
capacity,capacity,1,unavailable,False,only 1 usable videos (< 15)
real,real,1,unavailable,False,only 1 usable videos (< 15)
ready,ready,1,unavailable,False,only 1 usable videos (< 15)
reaction,reaction,1,unavailable,False,only 1 usable videos (< 15)
re sale,re sale,1,unavailable,False,only 1 usable videos (< 15)
re pledge,re pledge,1,unavailable,False,only 1 usable videos (< 15)
re issue,re issue,1,unavailable,False,only 1 usable videos (< 15)
re examine,re examine,1,unavailable,False,only 1 usable videos (< 15)
re endorsed,re endorsed,1,unavailable,False,only 1 usable videos (< 15)
re employment,re employment,1,unavailable,False,only 1 usable videos (< 15)
re acceptable,re acceptable,1,unavailable,False,only 1 usable videos (< 15)
rationale,rationale,1,unavailable,False,only 1 usable videos (< 15)
ratification,ratification,1,unavailable,False,only 1 usable videos (< 15)
rate differential,rate differential,1,unavailable,False,only 1 usable videos (< 15)
recognise,recognise,1,unavailable,False,only 1 usable videos (< 15)
recharge,recharge,1,unavailable,False,only 1 usable videos (< 15)
recently,recently,1,unavailable,False,only 1 usable videos (< 15)
recent,recent,1,unavailable,False,only 1 usable videos (< 15)
receiver,receiver,1,unavailable,False,only 1 usable videos (< 15)
rebate,rebate,1,unavailable,False,only 1 usable videos (< 15)
reasonable notice,reasonable notice,1,unavailable,False,only 1 usable videos (< 15)
reaper bainder,reaper bainder,1,unavailable,False,only 1 usable videos (< 15)
real image,real image,1,unavailable,False,only 1 usable videos (< 15)
real estate agent,real estate agent,1,unavailable,False,only 1 usable videos (< 15)
carpet,carpet,1,unavailable,False,only 1 usable videos (< 15)
carnivorus fishes,carnivorus fishes,1,unavailable,False,only 1 usable videos (< 15)
cargo  pocket,cargo  pocket,1,unavailable,False,only 1 usable videos (< 15)
card,card,1,unavailable,False,only 1 usable videos (< 15)
carcinoid tumor,carcinoid tumor,1,unavailable,False,only 1 usable videos (< 15)
carburetor,carburetor,1,unavailable,False,only 1 usable videos (< 15)
rectification,rectification,1,unavailable,False,only 1 usable videos (< 15)
recruitment,recruitment,1,unavailable,False,only 1 usable videos (< 15)
recover,recover,1,unavailable,False,only 1 usable videos (< 15)
reconsider,reconsider,1,unavailable,False,only 1 usable videos (< 15)
reconciliation,reconciliation,1,unavailable,False,only 1 usable videos (< 15)
recommendation,recommendation,1,unavailable,False,only 1 usable videos (< 15)
capable,capable,1,unavailable,False,only 1 usable videos (< 15)
canteen,canteen,1,unavailable,False,only 1 usable videos (< 15)
canara bank,canara bank,1,unavailable,False,only 1 usable videos (< 15)
canada,canada,1,unavailable,False,only 1 usable videos (< 15)
camouflage,camouflage,1,unavailable,False,only 1 usable videos (< 15)
camera,camera,1,unavailable,False,only 1 usable videos (< 15)
cambodia,cambodia,1,unavailable,False,only 1 usable videos (< 15)
calorimeter,calorimeter,1,unavailable,False,only 1 usable videos (< 15)
recognize,recognize,1,unavailable,False,only 1 usable videos (< 15)
recognised,recognised,1,unavailable,False,only 1 usable videos (< 15)
region,region,1,unavailable,False,only 1 usable videos (< 15)
refusal,refusal,1,unavailable,False,only 1 usable videos (< 15)
refund,refund,1,unavailable,False,only 1 usable videos (< 15)
refrigerater,refrigerater,1,unavailable,False,only 1 usable videos (< 15)
refresher course,refresher course,1,unavailable,False,only 1 usable videos (< 15)
refractive index,refractive index,1,unavailable,False,only 1 usable videos (< 15)
refraction,refraction,1,unavailable,False,only 1 usable videos (< 15)
reform,reform,1,unavailable,False,only 1 usable videos (< 15)
reflection,reflection,1,unavailable,False,only 1 usable videos (< 15)
refinance,refinance,1,unavailable,False,only 1 usable videos (< 15)
refer to drawer,refer to drawer,1,unavailable,False,only 1 usable videos (< 15)
red rot of sugarcane,red rot of sugarcane,1,unavailable,False,only 1 usable videos (< 15)
red flowered plants,red flowered plants,1,unavailable,False,only 1 usable videos (< 15)
recurring deposit,recurring deposit,1,unavailable,False,only 1 usable videos (< 15)
recurring,recurring,1,unavailable,False,only 1 usable videos (< 15)
rectifier,rectifier,1,unavailable,False,only 1 usable videos (< 15)
cage,cage,1,unavailable,False,only 1 usable videos (< 15)
caftan,caftan,1,unavailable,False,only 1 usable videos (< 15)
buyer,buyer,1,unavailable,False,only 1 usable videos (< 15)
relief,relief,1,unavailable,False,only 1 usable videos (< 15)
reliance mobile,reliance mobile,1,unavailable,False,only 1 usable videos (< 15)
rejoinder,rejoinder,1,unavailable,False,only 1 usable videos (< 15)
reject,reject,1,unavailable,False,only 1 usable videos (< 15)
reinforced cement concrete,reinforced cement concrete,1,unavailable,False,only 1 usable videos (< 15)
regulator,regulator,1,unavailable,False,only 1 usable videos (< 15)
regulation,regulation,1,unavailable,False,only 1 usable videos (< 15)
regularisation,regularisation,1,unavailable,False,only 1 usable videos (< 15)
regular vibration,regular vibration,1,unavailable,False,only 1 usable videos (< 15)
registrar,registrar,1,unavailable,False,only 1 usable videos (< 15)
registered letter,registered letter,1,unavailable,False,only 1 usable videos (< 15)
registered,registered,1,unavailable,False,only 1 usable videos (< 15)
register,register,1,unavailable,False,only 1 usable videos (< 15)
report,report,1,unavailable,False,only 1 usable videos (< 15)
repeat,repeat,1,unavailable,False,only 1 usable videos (< 15)
repay,repay,1,unavailable,False,only 1 usable videos (< 15)
repairer,repairer,1,unavailable,False,only 1 usable videos (< 15)
renovation,renovation,1,unavailable,False,only 1 usable videos (< 15)
renewal,renewal,1,unavailable,False,only 1 usable videos (< 15)
remittance,remittance,1,unavailable,False,only 1 usable videos (< 15)
reminder,reminder,1,unavailable,False,only 1 usable videos (< 15)
remind,remind,1,unavailable,False,only 1 usable videos (< 15)
calorie,calorie,1,unavailable,False,only 1 usable videos (< 15)
call money,call money,1,unavailable,False,only 1 usable videos (< 15)
call deposit,call deposit,1,unavailable,False,only 1 usable videos (< 15)
calendar year,calendar year,1,unavailable,False,only 1 usable videos (< 15)
calcutta,calcutta,1,unavailable,False,only 1 usable videos (< 15)
cake,cake,1,unavailable,False,only 1 usable videos (< 15)
cajanus inducus,cajanus inducus,1,unavailable,False,only 1 usable videos (< 15)
burundi,burundi,1,unavailable,False,only 1 usable videos (< 15)
burn,burn,1,unavailable,False,only 1 usable videos (< 15)
resignation,resignation,1,unavailable,False,only 1 usable videos (< 15)
residential building,residential building,1,unavailable,False,only 1 usable videos (< 15)
residence,residence,1,unavailable,False,only 1 usable videos (< 15)
reserve fund,reserve fund,1,unavailable,False,only 1 usable videos (< 15)
researcher,researcher,1,unavailable,False,only 1 usable videos (< 15)
research farm,research farm,1,unavailable,False,only 1 usable videos (< 15)
research,research,1,unavailable,False,only 1 usable videos (< 15)
res,res,1,unavailable,False,only 1 usable videos (< 15)
requisite,requisite,1,unavailable,False,only 1 usable videos (< 15)
request,request,1,unavailable,False,only 1 usable videos (< 15)
repurchase,repurchase,1,unavailable,False,only 1 usable videos (< 15)
repulsive force,repulsive force,1,unavailable,False,only 1 usable videos (< 15)
republic day,republic day,1,unavailable,False,only 1 usable videos (< 15)
reproduction,reproduction,1,unavailable,False,only 1 usable videos (< 15)
restrained,restrained,1,unavailable,False,only 1 usable videos (< 15)
restore,restore,1,unavailable,False,only 1 usable videos (< 15)
restart,restart,1,unavailable,False,only 1 usable videos (< 15)
responsible,responsible,1,unavailable,False,only 1 usable videos (< 15)
responsibility,responsibility,1,unavailable,False,only 1 usable videos (< 15)
resources,resources,1,unavailable,False,only 1 usable videos (< 15)
resonance,resonance,1,unavailable,False,only 1 usable videos (< 15)
resolve,resolve,1,unavailable,False,only 1 usable videos (< 15)
resolution,resolution,1,unavailable,False,only 1 usable videos (< 15)
buy,buy,1,unavailable,False,only 1 usable videos (< 15)
button placket,button placket,1,unavailable,False,only 1 usable videos (< 15)
button loop,button loop,1,unavailable,False,only 1 usable videos (< 15)
button hole,button hole,1,unavailable,False,only 1 usable videos (< 15)
button down,button down,1,unavailable,False,only 1 usable videos (< 15)
bushes,bushes,1,unavailable,False,only 1 usable videos (< 15)
bus stand,bus stand,1,unavailable,False,only 1 usable videos (< 15)
revolving chair,revolving chair,1,unavailable,False,only 1 usable videos (< 15)
revolve,revolve,1,unavailable,False,only 1 usable videos (< 15)
revolution,revolution,1,unavailable,False,only 1 usable videos (< 15)
revised,revised,1,unavailable,False,only 1 usable videos (< 15)
revise,revise,1,unavailable,False,only 1 usable videos (< 15)
review,review,1,unavailable,False,only 1 usable videos (< 15)
reversible,reversible,1,unavailable,False,only 1 usable videos (< 15)
revenue,revenue,1,unavailable,False,only 1 usable videos (< 15)
revalidation,revalidation,1,unavailable,False,only 1 usable videos (< 15)
retum outward,retum outward,1,unavailable,False,only 1 usable videos (< 15)
retum inward,retum inward,1,unavailable,False,only 1 usable videos (< 15)
retention of moisture,retention of moisture,1,unavailable,False,only 1 usable videos (< 15)
retain,retain,1,unavailable,False,only 1 usable videos (< 15)
retail,retail,1,unavailable,False,only 1 usable videos (< 15)
resume,resume,1,unavailable,False,only 1 usable videos (< 15)
restricted,restricted,1,unavailable,False,only 1 usable videos (< 15)
bull,bull,1,unavailable,False,only 1 usable videos (< 15)
building structure,building structure,1,unavailable,False,only 1 usable videos (< 15)
builder,builder,1,unavailable,False,only 1 usable videos (< 15)
bugle,bugle,1,unavailable,False,only 1 usable videos (< 15)
buffet,buffet,1,unavailable,False,only 1 usable videos (< 15)
rigid,rigid,1,unavailable,False,only 1 usable videos (< 15)
right now,right now,1,unavailable,False,only 1 usable videos (< 15)
right indent,right indent,1,unavailable,False,only 1 usable videos (< 15)
ridicule,ridicule,1,unavailable,False,only 1 usable videos (< 15)
ridge board,ridge board,1,unavailable,False,only 1 usable videos (< 15)
ride,ride,1,unavailable,False,only 1 usable videos (< 15)
rhythmic,rhythmic,1,unavailable,False,only 1 usable videos (< 15)
rhinocerous,rhinocerous,1,unavailable,False,only 1 usable videos (< 15)
rhinoceros,rhinoceros,1,unavailable,False,only 1 usable videos (< 15)
rhino,rhino,1,unavailable,False,only 1 usable videos (< 15)
rf osciilator,rf osciilator,1,unavailable,False,only 1 usable videos (< 15)
road separator,road separator,1,unavailable,False,only 1 usable videos (< 15)
road,road,1,unavailable,False,only 1 usable videos (< 15)
riverine,riverine,1,unavailable,False,only 1 usable videos (< 15)
risk,risk,1,unavailable,False,only 1 usable videos (< 15)
ripe,ripe,1,unavailable,False,only 1 usable videos (< 15)
rip out,rip out,1,unavailable,False,only 1 usable videos (< 15)
riots,riots,1,unavailable,False,only 1 usable videos (< 15)
ring spanner,ring spanner,1,unavailable,False,only 1 usable videos (< 15)
rinderpest,rinderpest,1,unavailable,False,only 1 usable videos (< 15)
burglar,burglar,1,unavailable,False,only 1 usable videos (< 15)
burger,burger,1,unavailable,False,only 1 usable videos (< 15)
burden,burden,1,unavailable,False,only 1 usable videos (< 15)
bump cutter,bump cutter,1,unavailable,False,only 1 usable videos (< 15)
bully calf,bully calf,1,unavailable,False,only 1 usable videos (< 15)
bullock cart,bullock cart,1,unavailable,False,only 1 usable videos (< 15)
bullet train,bullet train,1,unavailable,False,only 1 usable videos (< 15)
browse,browse,1,unavailable,False,only 1 usable videos (< 15)
brown sport of rice,brown sport of rice,1,unavailable,False,only 1 usable videos (< 15)
brothel,brothel,1,unavailable,False,only 1 usable videos (< 15)
roofing tiles,roofing tiles,1,unavailable,False,only 1 usable videos (< 15)
roof griders,roof griders,1,unavailable,False,only 1 usable videos (< 15)
roof garden,roof garden,1,unavailable,False,only 1 usable videos (< 15)
rolls royce,rolls royce,1,unavailable,False,only 1 usable videos (< 15)
rollerpaint,rollerpaint,1,unavailable,False,only 1 usable videos (< 15)
rocking chair,rocking chair,1,unavailable,False,only 1 usable videos (< 15)
rocket,rocket,1,unavailable,False,only 1 usable videos (< 15)
rockery plants,rockery plants,1,unavailable,False,only 1 usable videos (< 15)
rock gardening,rock gardening,1,unavailable,False,only 1 usable videos (< 15)
rock drill machine,rock drill machine,1,unavailable,False,only 1 usable videos (< 15)
rock climbing gujarat,rock climbing gujarat,1,unavailable,False,only 1 usable videos (< 15)
roasters,roasters,1,unavailable,False,only 1 usable videos (< 15)
roam,roam,1,unavailable,False,only 1 usable videos (< 15)
roughages,roughages,1,unavailable,False,only 1 usable videos (< 15)
rough cut,rough cut,1,unavailable,False,only 1 usable videos (< 15)
rotten,rotten,1,unavailable,False,only 1 usable videos (< 15)
roti,roti,1,unavailable,False,only 1 usable videos (< 15)
rotational motion,rotational motion,1,unavailable,False,only 1 usable videos (< 15)
rotational,rotational,1,unavailable,False,only 1 usable videos (< 15)
rotating tool,rotating tool,1,unavailable,False,only 1 usable videos (< 15)
rotate,rotate,1,unavailable,False,only 1 usable videos (< 15)
budget,budget,1,unavailable,False,only 1 usable videos (< 15)
buddhist,buddhist,1,unavailable,False,only 1 usable videos (< 15)
buddhism,buddhism,1,unavailable,False,only 1 usable videos (< 15)
buddah,buddah,1,unavailable,False,only 1 usable videos (< 15)
buckle,buckle,1,unavailable,False,only 1 usable videos (< 15)
bsp,bsp,1,unavailable,False,only 1 usable videos (< 15)
bsnl,bsnl,1,unavailable,False,only 1 usable videos (< 15)
brush,brush,1,unavailable,False,only 1 usable videos (< 15)
safe guard,safe guard,1,unavailable,False,only 1 usable videos (< 15)
sacrifice,sacrifice,1,unavailable,False,only 1 usable videos (< 15)
s.i unit,s.i unit,1,unavailable,False,only 1 usable videos (< 15)
rwanda,rwanda,1,unavailable,False,only 1 usable videos (< 15)
rural development,rural development,1,unavailable,False,only 1 usable videos (< 15)
rupee,rupee,1,unavailable,False,only 1 usable videos (< 15)
runs,runs,1,unavailable,False,only 1 usable videos (< 15)
running account,running account,1,unavailable,False,only 1 usable videos (< 15)
runner,runner,1,unavailable,False,only 1 usable videos (< 15)
rum,rum,1,unavailable,False,only 1 usable videos (< 15)
rubber stamp,rubber stamp,1,unavailable,False,only 1 usable videos (< 15)
rubber boots,rubber boots,1,unavailable,False,only 1 usable videos (< 15)
royal enfield,royal enfield,1,unavailable,False,only 1 usable videos (< 15)
rowdy,rowdy,1,unavailable,False,only 1 usable videos (< 15)
row house,row house,1,unavailable,False,only 1 usable videos (< 15)
routine,routine,1,unavailable,False,only 1 usable videos (< 15)
briefcase,briefcase,1,unavailable,False,only 1 usable videos (< 15)
bridge,bridge,1,unavailable,False,only 1 usable videos (< 15)
bridegroom,bridegroom,1,unavailable,False,only 1 usable videos (< 15)
bride,bride,1,unavailable,False,only 1 usable videos (< 15)
brick masonry,brick masonry,1,unavailable,False,only 1 usable videos (< 15)
breeds of poultry,breeds of poultry,1,unavailable,False,only 1 usable videos (< 15)
salman khan,salman khan,1,unavailable,False,only 1 usable videos (< 15)
salesman,salesman,1,unavailable,False,only 1 usable videos (< 15)
sales retum,sales retum,1,unavailable,False,only 1 usable videos (< 15)
saina nehwal,saina nehwal,1,unavailable,False,only 1 usable videos (< 15)
sailor pants,sailor pants,1,unavailable,False,only 1 usable videos (< 15)
sailor collar,sailor collar,1,unavailable,False,only 1 usable videos (< 15)
sailboat,sailboat,1,unavailable,False,only 1 usable videos (< 15)
sai baba,sai baba,1,unavailable,False,only 1 usable videos (< 15)
safety helmet,safety helmet,1,unavailable,False,only 1 usable videos (< 15)
safety goggle,safety goggle,1,unavailable,False,only 1 usable videos (< 15)
sand paper,sand paper,1,unavailable,False,only 1 usable videos (< 15)
sanction,sanction,1,unavailable,False,only 1 usable videos (< 15)
san serif,san serif,1,unavailable,False,only 1 usable videos (< 15)
samsung mobile,samsung mobile,1,unavailable,False,only 1 usable videos (< 15)
samsung,samsung,1,unavailable,False,only 1 usable videos (< 15)
sample,sample,1,unavailable,False,only 1 usable videos (< 15)
samosa,samosa,1,unavailable,False,only 1 usable videos (< 15)
salyx tetra sperma,salyx tetra sperma,1,unavailable,False,only 1 usable videos (< 15)
saloon,saloon,1,unavailable,False,only 1 usable videos (< 15)
broom,broom,1,unavailable,False,only 1 usable videos (< 15)
bronchial tumors,bronchial tumors,1,unavailable,False,only 1 usable videos (< 15)
brokerage,brokerage,1,unavailable,False,only 1 usable videos (< 15)
brochure,brochure,1,unavailable,False,only 1 usable videos (< 15)
brittle,brittle,1,unavailable,False,only 1 usable videos (< 15)
brinjal,brinjal,1,unavailable,False,only 1 usable videos (< 15)
bring,bring,1,unavailable,False,only 1 usable videos (< 15)
brain injury,brain injury,1,unavailable,False,only 1 usable videos (< 15)
brahma,brahma,1,unavailable,False,only 1 usable videos (< 15)
scales of pay,scales of pay,1,unavailable,False,only 1 usable videos (< 15)
sc,sc,1,unavailable,False,only 1 usable videos (< 15)
saw,saw,1,unavailable,False,only 1 usable videos (< 15)
save,save,1,unavailable,False,only 1 usable videos (< 15)
saudi arabia,saudi arabia,1,unavailable,False,only 1 usable videos (< 15)
sauce,sauce,1,unavailable,False,only 1 usable videos (< 15)
satisfactory,satisfactory,1,unavailable,False,only 1 usable videos (< 15)
satellites,satellites,1,unavailable,False,only 1 usable videos (< 15)
sarvepalli radhakrishnan,sarvepalli radhakrishnan,1,unavailable,False,only 1 usable videos (< 15)
sarong skirt,sarong skirt,1,unavailable,False,only 1 usable videos (< 15)
saraswati,saraswati,1,unavailable,False,only 1 usable videos (< 15)
saprophyte of plants,saprophyte of plants,1,unavailable,False,only 1 usable videos (< 15)
sanjay dutt,sanjay dutt,1,unavailable,False,only 1 usable videos (< 15)
sandwitch,sandwitch,1,unavailable,False,only 1 usable videos (< 15)
school bus,school bus,1,unavailable,False,only 1 usable videos (< 15)
schematic,schematic,1,unavailable,False,only 1 usable videos (< 15)
schedule,schedule,1,unavailable,False,only 1 usable videos (< 15)
scared,scared,1,unavailable,False,only 1 usable videos (< 15)
scan,scan,1,unavailable,False,only 1 usable videos (< 15)
scalpel,scalpel,1,unavailable,False,only 1 usable videos (< 15)
breathalyzer test,breathalyzer test,1,unavailable,False,only 1 usable videos (< 15)
breast cancer,breast cancer,1,unavailable,False,only 1 usable videos (< 15)
breakfast,breakfast,1,unavailable,False,only 1 usable videos (< 15)
break,break,1,unavailable,False,only 1 usable videos (< 15)
bread board,bread board,1,unavailable,False,only 1 usable videos (< 15)
brazil,brazil,1,unavailable,False,only 1 usable videos (< 15)
brave,brave,1,unavailable,False,only 1 usable videos (< 15)
brandishing of a weapon,brandishing of a weapon,1,unavailable,False,only 1 usable videos (< 15)
brain tumor  inside,brain tumor  inside,1,unavailable,False,only 1 usable videos (< 15)
brain stem glioma,brain stem glioma,1,unavailable,False,only 1 usable videos (< 15)
seal,seal,1,unavailable,False,only 1 usable videos (< 15)
sculpture,sculpture,1,unavailable,False,only 1 usable videos (< 15)
script,script,1,unavailable,False,only 1 usable videos (< 15)
scribe,scribe,1,unavailable,False,only 1 usable videos (< 15)
screw guage,screw guage,1,unavailable,False,only 1 usable videos (< 15)
screw driver,screw driver,1,unavailable,False,only 1 usable videos (< 15)
screen,screen,1,unavailable,False,only 1 usable videos (< 15)
scream,scream,1,unavailable,False,only 1 usable videos (< 15)
scraping,scraping,1,unavailable,False,only 1 usable videos (< 15)
scotland,scotland,1,unavailable,False,only 1 usable videos (< 15)
scorpion,scorpion,1,unavailable,False,only 1 usable videos (< 15)
score,score,1,unavailable,False,only 1 usable videos (< 15)
scope,scope,1,unavailable,False,only 1 usable videos (< 15)
scooter,scooter,1,unavailable,False,only 1 usable videos (< 15)
scientist,scientist,1,unavailable,False,only 1 usable videos (< 15)
school uniform,school uniform,1,unavailable,False,only 1 usable videos (< 15)
borrow,borrow,1,unavailable,False,only 1 usable videos (< 15)
born,born,1,unavailable,False,only 1 usable videos (< 15)
boring machine,boring machine,1,unavailable,False,only 1 usable videos (< 15)
security continuing,security continuing,1,unavailable,False,only 1 usable videos (< 15)
security,security,1,unavailable,False,only 1 usable videos (< 15)
sector,sector,1,unavailable,False,only 1 usable videos (< 15)
section  admin,section  admin,1,unavailable,False,only 1 usable videos (< 15)
section,section,1,unavailable,False,only 1 usable videos (< 15)
secretary,secretary,1,unavailable,False,only 1 usable videos (< 15)
seconds,seconds,1,unavailable,False,only 1 usable videos (< 15)
secondary tillage,secondary tillage,1,unavailable,False,only 1 usable videos (< 15)
secondary,secondary,1,unavailable,False,only 1 usable videos (< 15)
seat,seat,1,unavailable,False,only 1 usable videos (< 15)
seamline pocket,seamline pocket,1,unavailable,False,only 1 usable videos (< 15)
seam ripper,seam ripper,1,unavailable,False,only 1 usable videos (< 15)
seam allowance,seam allowance,1,unavailable,False,only 1 usable videos (< 15)
selective,selective,1,unavailable,False,only 1 usable videos (< 15)
selection grade,selection grade,1,unavailable,False,only 1 usable videos (< 15)
seizure,seizure,1,unavailable,False,only 1 usable videos (< 15)
see you tomorrow,see you tomorrow,1,unavailable,False,only 1 usable videos (< 15)
security guard,security guard,1,unavailable,False,only 1 usable videos (< 15)
security deposit,security deposit,1,unavailable,False,only 1 usable videos (< 15)
security convertible,security convertible,1,unavailable,False,only 1 usable videos (< 15)
boyfriend,boyfriend,1,unavailable,False,only 1 usable videos (< 15)
box pleats,box pleats,1,unavailable,False,only 1 usable videos (< 15)
box,box,1,unavailable,False,only 1 usable videos (< 15)
bowler,bowler,1,unavailable,False,only 1 usable videos (< 15)
bowled out,bowled out,1,unavailable,False,only 1 usable videos (< 15)
bow tie,bow tie,1,unavailable,False,only 1 usable videos (< 15)
boss,boss,1,unavailable,False,only 1 usable videos (< 15)
bosnia-herzegovina,bosnia-herzegovina,1,unavailable,False,only 1 usable videos (< 15)
borrower,borrower,1,unavailable,False,only 1 usable videos (< 15)
semi urban,semi urban,1,unavailable,False,only 1 usable videos (< 15)
semi solid,semi solid,1,unavailable,False,only 1 usable videos (< 15)
semi aniline skin,semi aniline skin,1,unavailable,False,only 1 usable videos (< 15)
boring,boring,1,unavailable,False,only 1 usable videos (< 15)
bored,bored,1,unavailable,False,only 1 usable videos (< 15)
boolean,boolean,1,unavailable,False,only 1 usable videos (< 15)
bookshelf,bookshelf,1,unavailable,False,only 1 usable videos (< 15)
bone cancer osteosarcoma and malignant fibrous histiocytoma,bone cancer osteosarcoma and malignant fibrous histiocytoma,1,unavailable,False,only 1 usable videos (< 15)
bond,bond,1,unavailable,False,only 1 usable videos (< 15)
bonafide,bonafide,1,unavailable,False,only 1 usable videos (< 15)
bolling point,bolling point,1,unavailable,False,only 1 usable videos (< 15)
bolero jacket,bolero jacket,1,unavailable,False,only 1 usable videos (< 15)
bogie,bogie,1,unavailable,False,only 1 usable videos (< 15)
self-reflect,self-reflect,1,unavailable,False,only 1 usable videos (< 15)
self explanatory,self explanatory,1,unavailable,False,only 1 usable videos (< 15)
self employed,self employed,1,unavailable,False,only 1 usable videos (< 15)
sex,sex,1,unavailable,False,only 1 usable videos (< 15)
sewing machine,sewing machine,1,unavailable,False,only 1 usable videos (< 15)
sever,sever,1,unavailable,False,only 1 usable videos (< 15)
seventy,seventy,1,unavailable,False,only 1 usable videos (< 15)
seventh,seventh,1,unavailable,False,only 1 usable videos (< 15)
seventeen,seventeen,1,unavailable,False,only 1 usable videos (< 15)
seven,seven,1,unavailable,False,only 1 usable videos (< 15)
settle,settle,1,unavailable,False,only 1 usable videos (< 15)
setting of cement,setting of cement,1,unavailable,False,only 1 usable videos (< 15)
set,set,1,unavailable,False,only 1 usable videos (< 15)
sesbenia aegyptiaca,sesbenia aegyptiaca,1,unavailable,False,only 1 usable videos (< 15)
serve,serve,1,unavailable,False,only 1 usable videos (< 15)
serial killer,serial killer,1,unavailable,False,only 1 usable videos (< 15)
seniority,seniority,1,unavailable,False,only 1 usable videos (< 15)
seminar,seminar,1,unavailable,False,only 1 usable videos (< 15)
semicircle,semicircle,1,unavailable,False,only 1 usable videos (< 15)
blue flowered plants,blue flowered plants,1,unavailable,False,only 1 usable videos (< 15)
blow,blow,1,unavailable,False,only 1 usable videos (< 15)
sharp,sharp,1,unavailable,False,only 1 usable videos (< 15)
shark,shark,1,unavailable,False,only 1 usable videos (< 15)
shares redeemable,shares redeemable,1,unavailable,False,only 1 usable videos (< 15)
share preference,share preference,1,unavailable,False,only 1 usable videos (< 15)
share holder,share holder,1,unavailable,False,only 1 usable videos (< 15)
share equity,share equity,1,unavailable,False,only 1 usable videos (< 15)
share capital,share capital,1,unavailable,False,only 1 usable videos (< 15)
sharbat,sharbat,1,unavailable,False,only 1 usable videos (< 15)
shank button,shank button,1,unavailable,False,only 1 usable videos (< 15)
shake,shake,1,unavailable,False,only 1 usable videos (< 15)
shaft,shaft,1,unavailable,False,only 1 usable videos (< 15)
shade,shade,1,unavailable,False,only 1 usable videos (< 15)
seychelles,seychelles,1,unavailable,False,only 1 usable videos (< 15)
sexual reproduction,sexual reproduction,1,unavailable,False,only 1 usable videos (< 15)
shears,shears,1,unavailable,False,only 1 usable videos (< 15)
shearling,shearling,1,unavailable,False,only 1 usable videos (< 15)
shaving trimmer,shaving trimmer,1,unavailable,False,only 1 usable videos (< 15)
shaving brush,shaving brush,1,unavailable,False,only 1 usable videos (< 15)
shaving blade,shaving blade,1,unavailable,False,only 1 usable videos (< 15)
shave,shave,1,unavailable,False,only 1 usable videos (< 15)
shatabdi express,shatabdi express,1,unavailable,False,only 1 usable videos (< 15)
sharpening stone,sharpening stone,1,unavailable,False,only 1 usable videos (< 15)
body piercing,body piercing,1,unavailable,False,only 1 usable videos (< 15)
body parts,body parts,1,unavailable,False,only 1 usable videos (< 15)
body pain,body pain,1,unavailable,False,only 1 usable videos (< 15)
bodice,bodice,1,unavailable,False,only 1 usable videos (< 15)
bobbinet,bobbinet,1,unavailable,False,only 1 usable videos (< 15)
boat,boat,1,unavailable,False,only 1 usable videos (< 15)
bmw,bmw,1,unavailable,False,only 1 usable videos (< 15)
blurring,blurring,1,unavailable,False,only 1 usable videos (< 15)
black market,black market,1,unavailable,False,only 1 usable videos (< 15)
black board,black board,1,unavailable,False,only 1 usable videos (< 15)
bjp,bjp,1,unavailable,False,only 1 usable videos (< 15)
bitter gourd,bitter gourd,1,unavailable,False,only 1 usable videos (< 15)
shoes,shoes,1,unavailable,False,only 1 usable videos (< 15)
shocked,shocked,1,unavailable,False,only 1 usable videos (< 15)
shiva,shiva,1,unavailable,False,only 1 usable videos (< 15)
shiv sena,shiv sena,1,unavailable,False,only 1 usable videos (< 15)
shipping order,shipping order,1,unavailable,False,only 1 usable videos (< 15)
shipping freight,shipping freight,1,unavailable,False,only 1 usable videos (< 15)
shipment,shipment,1,unavailable,False,only 1 usable videos (< 15)
ship,ship,1,unavailable,False,only 1 usable videos (< 15)
shillong,shillong,1,unavailable,False,only 1 usable videos (< 15)
shield,shield,1,unavailable,False,only 1 usable videos (< 15)
shell top,shell top,1,unavailable,False,only 1 usable videos (< 15)
sheet charge,sheet charge,1,unavailable,False,only 1 usable videos (< 15)
shrubs,shrubs,1,unavailable,False,only 1 usable videos (< 15)
shower,shower,1,unavailable,False,only 1 usable videos (< 15)
show cause,show cause,1,unavailable,False,only 1 usable videos (< 15)
shoulder pads,shoulder pads,1,unavailable,False,only 1 usable videos (< 15)
shortage,shortage,1,unavailable,False,only 1 usable videos (< 15)
short term,short term,1,unavailable,False,only 1 usable videos (< 15)
blocks,blocks,1,unavailable,False,only 1 usable videos (< 15)
blindness and low vision,blindness and low vision,1,unavailable,False,only 1 usable videos (< 15)
blind stitch,blind stitch,1,unavailable,False,only 1 usable videos (< 15)
blind,blind,1,unavailable,False,only 1 usable videos (< 15)
blight,blight,1,unavailable,False,only 1 usable videos (< 15)
bless,bless,1,unavailable,False,only 1 usable videos (< 15)
bleeding disorders,bleeding disorders,1,unavailable,False,only 1 usable videos (< 15)
blame,blame,1,unavailable,False,only 1 usable videos (< 15)
bladder cancer,bladder cancer,1,unavailable,False,only 1 usable videos (< 15)
blackberry,blackberry,1,unavailable,False,only 1 usable videos (< 15)
binary,binary,1,unavailable,False,only 1 usable videos (< 15)
bimetallic,bimetallic,1,unavailable,False,only 1 usable videos (< 15)
bills purchased,bills purchased,1,unavailable,False,only 1 usable videos (< 15)
sikkim,sikkim,1,unavailable,False,only 1 usable videos (< 15)
signature,signature,1,unavailable,False,only 1 usable videos (< 15)
signatory,signatory,1,unavailable,False,only 1 usable videos (< 15)
signal,signal,1,unavailable,False,only 1 usable videos (< 15)
sign language,sign language,1,unavailable,False,only 1 usable videos (< 15)
sightseeing,sightseeing,1,unavailable,False,only 1 usable videos (< 15)
sight bill,sight bill,1,unavailable,False,only 1 usable videos (< 15)
side mirror,side mirror,1,unavailable,False,only 1 usable videos (< 15)
side,side,1,unavailable,False,only 1 usable videos (< 15)
sick unit,sick unit,1,unavailable,False,only 1 usable videos (< 15)
sibling,sibling,1,unavailable,False,only 1 usable videos (< 15)
si,si,1,unavailable,False,only 1 usable videos (< 15)
shutdown,shutdown,1,unavailable,False,only 1 usable videos (< 15)
site,site,1,unavailable,False,only 1 usable videos (< 15)
sitar,sitar,1,unavailable,False,only 1 usable videos (< 15)
single owner,single owner,1,unavailable,False,only 1 usable videos (< 15)
single entry,single entry,1,unavailable,False,only 1 usable videos (< 15)
singer,singer,1,unavailable,False,only 1 usable videos (< 15)
since,since,1,unavailable,False,only 1 usable videos (< 15)
simple  microscope,simple  microscope,1,unavailable,False,only 1 usable videos (< 15)
sim card,sim card,1,unavailable,False,only 1 usable videos (< 15)
bitter,bitter,1,unavailable,False,only 1 usable videos (< 15)
bishop sleeve,bishop sleeve,1,unavailable,False,only 1 usable videos (< 15)
birth defect,birth defect,1,unavailable,False,only 1 usable videos (< 15)
bird,bird,1,unavailable,False,only 1 usable videos (< 15)
bipedal robot,bipedal robot,1,unavailable,False,only 1 usable videos (< 15)
biomass,biomass,1,unavailable,False,only 1 usable videos (< 15)
bio energy,bio energy,1,unavailable,False,only 1 usable videos (< 15)
bindi,bindi,1,unavailable,False,only 1 usable videos (< 15)
size of seed,size of seed,1,unavailable,False,only 1 usable videos (< 15)
sixty,sixty,1,unavailable,False,only 1 usable videos (< 15)
sixteen,sixteen,1,unavailable,False,only 1 usable videos (< 15)
six monthly,six monthly,1,unavailable,False,only 1 usable videos (< 15)
bill of exchange,bill of exchange,1,unavailable,False,only 1 usable videos (< 15)
bilingual,bilingual,1,unavailable,False,only 1 usable videos (< 15)
bile duct cancer,bile duct cancer,1,unavailable,False,only 1 usable videos (< 15)
bike silencer pipe,bike silencer pipe,1,unavailable,False,only 1 usable videos (< 15)
bike oil filter,bike oil filter,1,unavailable,False,only 1 usable videos (< 15)
bigamy,bigamy,1,unavailable,False,only 1 usable videos (< 15)
bicycle shorts,bicycle shorts,1,unavailable,False,only 1 usable videos (< 15)
biconvex lens,biconvex lens,1,unavailable,False,only 1 usable videos (< 15)
biconcave lens,biconcave lens,1,unavailable,False,only 1 usable videos (< 15)
bible,bible,1,unavailable,False,only 1 usable videos (< 15)
bib,bib,1,unavailable,False,only 1 usable videos (< 15)
situation,situation,1,unavailable,False,only 1 usable videos (< 15)
small coin depot,small coin depot,1,unavailable,False,only 1 usable videos (< 15)
slower,slower,1,unavailable,False,only 1 usable videos (< 15)
slow passenger train,slow passenger train,1,unavailable,False,only 1 usable videos (< 15)
slovakia,slovakia,1,unavailable,False,only 1 usable videos (< 15)
sloped roof,sloped roof,1,unavailable,False,only 1 usable videos (< 15)
slope,slope,1,unavailable,False,only 1 usable videos (< 15)
slippers,slippers,1,unavailable,False,only 1 usable videos (< 15)
sling bag,sling bag,1,unavailable,False,only 1 usable videos (< 15)
slim,slim,1,unavailable,False,only 1 usable videos (< 15)
sleeve board,sleeve board,1,unavailable,False,only 1 usable videos (< 15)
sleeve band,sleeve band,1,unavailable,False,only 1 usable videos (< 15)
sleepwalker,sleepwalker,1,unavailable,False,only 1 usable videos (< 15)
skip,skip,1,unavailable,False,only 1 usable videos (< 15)
skilled labour,skilled labour,1,unavailable,False,only 1 usable videos (< 15)
skiing,skiing,1,unavailable,False,only 1 usable videos (< 15)
skating,skating,1,unavailable,False,only 1 usable videos (< 15)
besom pocket,besom pocket,1,unavailable,False,only 1 usable videos (< 15)
bertha,bertha,1,unavailable,False,only 1 usable videos (< 15)
berth,berth,1,unavailable,False,only 1 usable videos (< 15)
benign,benign,1,unavailable,False,only 1 usable videos (< 15)
benefit,benefit,1,unavailable,False,only 1 usable videos (< 15)
snip,snip,1,unavailable,False,only 1 usable videos (< 15)
snakes,snakes,1,unavailable,False,only 1 usable videos (< 15)
sms notification,sms notification,1,unavailable,False,only 1 usable videos (< 15)
smooth,smooth,1,unavailable,False,only 1 usable videos (< 15)
smoke,smoke,1,unavailable,False,only 1 usable videos (< 15)
smog,smog,1,unavailable,False,only 1 usable videos (< 15)
smart,smart,1,unavailable,False,only 1 usable videos (< 15)
smallpox,smallpox,1,unavailable,False,only 1 usable videos (< 15)
small savings scheme,small savings scheme,1,unavailable,False,only 1 usable videos (< 15)
small farmer,small farmer,1,unavailable,False,only 1 usable videos (< 15)
small enterprise,small enterprise,1,unavailable,False,only 1 usable videos (< 15)
soil,soil,1,unavailable,False,only 1 usable videos (< 15)
software developer,software developer,1,unavailable,False,only 1 usable videos (< 15)
socket,socket,1,unavailable,False,only 1 usable videos (< 15)
society marketing,society marketing,1,unavailable,False,only 1 usable videos (< 15)
society co,society co,1,unavailable,False,only 1 usable videos (< 15)
society,society,1,unavailable,False,only 1 usable videos (< 15)
social society,social society,1,unavailable,False,only 1 usable videos (< 15)
sob,sob,1,unavailable,False,only 1 usable videos (< 15)
bias cowl dress,bias cowl dress,1,unavailable,False,only 1 usable videos (< 15)
bhubaneswar,bhubaneswar,1,unavailable,False,only 1 usable videos (< 15)
bhopal,bhopal,1,unavailable,False,only 1 usable videos (< 15)
bhangada,bhangada,1,unavailable,False,only 1 usable videos (< 15)
beverages,beverages,1,unavailable,False,only 1 usable videos (< 15)
between,between,1,unavailable,False,only 1 usable videos (< 15)
better,better,1,unavailable,False,only 1 usable videos (< 15)
bestiality,bestiality,1,unavailable,False,only 1 usable videos (< 15)
begin,begin,1,unavailable,False,only 1 usable videos (< 15)
beetroot,beetroot,1,unavailable,False,only 1 usable videos (< 15)
something,something,1,unavailable,False,only 1 usable videos (< 15)
solo,solo,1,unavailable,False,only 1 usable videos (< 15)
solld fueis,solld fueis,1,unavailable,False,only 1 usable videos (< 15)
solicitor,solicitor,1,unavailable,False,only 1 usable videos (< 15)
soldering lead,soldering lead,1,unavailable,False,only 1 usable videos (< 15)
soldering iron,soldering iron,1,unavailable,False,only 1 usable videos (< 15)
soldering flux,soldering flux,1,unavailable,False,only 1 usable videos (< 15)
solar system,solar system,1,unavailable,False,only 1 usable videos (< 15)
solar energy,solar energy,1,unavailable,False,only 1 usable videos (< 15)
solar eclipse,solar eclipse,1,unavailable,False,only 1 usable videos (< 15)
soiled note,soiled note,1,unavailable,False,only 1 usable videos (< 15)
soil survey,soil survey,1,unavailable,False,only 1 usable videos (< 15)
soil physics,soil physics,1,unavailable,False,only 1 usable videos (< 15)
soil borne disease,soil borne disease,1,unavailable,False,only 1 usable videos (< 15)
south korea,south korea,1,unavailable,False,only 1 usable videos (< 15)
south indian bank,south indian bank,1,unavailable,False,only 1 usable videos (< 15)
south africa,south africa,1,unavailable,False,only 1 usable videos (< 15)
source,source,1,unavailable,False,only 1 usable videos (< 15)
soul,soul,1,unavailable,False,only 1 usable videos (< 15)
sotar,sotar,1,unavailable,False,only 1 usable videos (< 15)
soon,soon,1,unavailable,False,only 1 usable videos (< 15)
sony mobile,sony mobile,1,unavailable,False,only 1 usable videos (< 15)
bend,bend,1,unavailable,False,only 1 usable videos (< 15)
bench mark,bench mark,1,unavailable,False,only 1 usable videos (< 15)
bench,bench,1,unavailable,False,only 1 usable videos (< 15)
belt loops,belt loops,1,unavailable,False,only 1 usable videos (< 15)
bellboy jacket,bellboy jacket,1,unavailable,False,only 1 usable videos (< 15)
bell sleeve,bell sleeve,1,unavailable,False,only 1 usable videos (< 15)
believe,believe,1,unavailable,False,only 1 usable videos (< 15)
belgium,belgium,1,unavailable,False,only 1 usable videos (< 15)
bauhinia accuminata,bauhinia accuminata,1,unavailable,False,only 1 usable videos (< 15)
spectacles,spectacles,1,unavailable,False,only 1 usable videos (< 15)
speclfic heat,speclfic heat,1,unavailable,False,only 1 usable videos (< 15)
specimen signature,specimen signature,1,unavailable,False,only 1 usable videos (< 15)
specimen,specimen,1,unavailable,False,only 1 usable videos (< 15)
specific,specific,1,unavailable,False,only 1 usable videos (< 15)
specialist,specialist,1,unavailable,False,only 1 usable videos (< 15)
speak,speak,1,unavailable,False,only 1 usable videos (< 15)
spastic,spastic,1,unavailable,False,only 1 usable videos (< 15)
spain,spain,1,unavailable,False,only 1 usable videos (< 15)
space,space,1,unavailable,False,only 1 usable videos (< 15)
sp,sp,1,unavailable,False,only 1 usable videos (< 15)
sow,sow,1,unavailable,False,only 1 usable videos (< 15)
southern hemisphere,southern hemisphere,1,unavailable,False,only 1 usable videos (< 15)
south pole,south pole,1,unavailable,False,only 1 usable videos (< 15)
south poie,south poie,1,unavailable,False,only 1 usable videos (< 15)
spherical structure,spherical structure,1,unavailable,False,only 1 usable videos (< 15)
spherical mirror,spherical mirror,1,unavailable,False,only 1 usable videos (< 15)
sperm,sperm,1,unavailable,False,only 1 usable videos (< 15)
spendthrift,spendthrift,1,unavailable,False,only 1 usable videos (< 15)
spend,spend,1,unavailable,False,only 1 usable videos (< 15)
speed,speed,1,unavailable,False,only 1 usable videos (< 15)
speech,speech,1,unavailable,False,only 1 usable videos (< 15)
spectrum,spectrum,1,unavailable,False,only 1 usable videos (< 15)
spectrometer,spectrometer,1,unavailable,False,only 1 usable videos (< 15)
become,become,1,unavailable,False,only 1 usable videos (< 15)
beat,beat,1,unavailable,False,only 1 usable videos (< 15)
bearer,bearer,1,unavailable,False,only 1 usable videos (< 15)
beans,beans,1,unavailable,False,only 1 usable videos (< 15)
beam,beam,1,unavailable,False,only 1 usable videos (< 15)
beaker,beaker,1,unavailable,False,only 1 usable videos (< 15)
beading needles,beading needles,1,unavailable,False,only 1 usable videos (< 15)
squeeze,squeeze,1,unavailable,False,only 1 usable videos (< 15)
spur,spur,1,unavailable,False,only 1 usable videos (< 15)
spring washer,spring washer,1,unavailable,False,only 1 usable videos (< 15)
spring,spring,1,unavailable,False,only 1 usable videos (< 15)
spot price,spot price,1,unavailable,False,only 1 usable videos (< 15)
spot exchange,spot exchange,1,unavailable,False,only 1 usable videos (< 15)
spot and forward,spot and forward,1,unavailable,False,only 1 usable videos (< 15)
spot,spot,1,unavailable,False,only 1 usable videos (< 15)
sports,sports,1,unavailable,False,only 1 usable videos (< 15)
spoken,spoken,1,unavailable,False,only 1 usable videos (< 15)
split pulley,split pulley,1,unavailable,False,only 1 usable videos (< 15)
split,split,1,unavailable,False,only 1 usable videos (< 15)
spiral,spiral,1,unavailable,False,only 1 usable videos (< 15)
spilt,spilt,1,unavailable,False,only 1 usable videos (< 15)
spill,spill,1,unavailable,False,only 1 usable videos (< 15)
spice jet,spice jet,1,unavailable,False,only 1 usable videos (< 15)
baseball jacket,baseball jacket,1,unavailable,False,only 1 usable videos (< 15)
baseball,baseball,1,unavailable,False,only 1 usable videos (< 15)
barricade,barricade,1,unavailable,False,only 1 usable videos (< 15)
stapoo,stapoo,1,unavailable,False,only 1 usable videos (< 15)
stapler,stapler,1,unavailable,False,only 1 usable videos (< 15)
standardization,standardization,1,unavailable,False,only 1 usable videos (< 15)
stamp,stamp,1,unavailable,False,only 1 usable videos (< 15)
stairs,stairs,1,unavailable,False,only 1 usable videos (< 15)
stair tread,stair tread,1,unavailable,False,only 1 usable videos (< 15)
stags,stags,1,unavailable,False,only 1 usable videos (< 15)
stage,stage,1,unavailable,False,only 1 usable videos (< 15)
staff,staff,1,unavailable,False,only 1 usable videos (< 15)
stabilisation,stabilisation,1,unavailable,False,only 1 usable videos (< 15)
st,st,1,unavailable,False,only 1 usable videos (< 15)
sri lanka,sri lanka,1,unavailable,False,only 1 usable videos (< 15)
squrriel,squrriel,1,unavailable,False,only 1 usable videos (< 15)
statement,statement,1,unavailable,False,only 1 usable videos (< 15)
state bank of india,state bank of india,1,unavailable,False,only 1 usable videos (< 15)
starve,starve,1,unavailable,False,only 1 usable videos (< 15)
startle,startle,1,unavailable,False,only 1 usable videos (< 15)
starfish,starfish,1,unavailable,False,only 1 usable videos (< 15)
stare,stare,1,unavailable,False,only 1 usable videos (< 15)
baton,baton,1,unavailable,False,only 1 usable videos (< 15)
batman,batman,1,unavailable,False,only 1 usable videos (< 15)
bath tub,bath tub,1,unavailable,False,only 1 usable videos (< 15)
bat,bat,1,unavailable,False,only 1 usable videos (< 15)
basketball,basketball,1,unavailable,False,only 1 usable videos (< 15)
basket of currencies,basket of currencies,1,unavailable,False,only 1 usable videos (< 15)
basil,basil,1,unavailable,False,only 1 usable videos (< 15)
basics,basics,1,unavailable,False,only 1 usable videos (< 15)
basic pay,basic pay,1,unavailable,False,only 1 usable videos (< 15)
basic,basic,1,unavailable,False,only 1 usable videos (< 15)
still,still,1,unavailable,False,only 1 usable videos (< 15)
stick,stick,1,unavailable,False,only 1 usable videos (< 15)
stepup transformer,stepup transformer,1,unavailable,False,only 1 usable videos (< 15)
stepdown transformer,stepdown transformer,1,unavailable,False,only 1 usable videos (< 15)
steering wheel,steering wheel,1,unavailable,False,only 1 usable videos (< 15)
steel rack,steel rack,1,unavailable,False,only 1 usable videos (< 15)
stearn engine,stearn engine,1,unavailable,False,only 1 usable videos (< 15)
steam tractor,steam tractor,1,unavailable,False,only 1 usable videos (< 15)
steady current,steady current,1,unavailable,False,only 1 usable videos (< 15)
std,std,1,unavailable,False,only 1 usable videos (< 15)
statlonary wave,statlonary wave,1,unavailable,False,only 1 usable videos (< 15)
stationary work,stationary work,1,unavailable,False,only 1 usable videos (< 15)
static electricity,static electricity,1,unavailable,False,only 1 usable videos (< 15)
states,states,1,unavailable,False,only 1 usable videos (< 15)
statement of liquidation,statement of liquidation,1,unavailable,False,only 1 usable videos (< 15)
statement of account,statement of account,1,unavailable,False,only 1 usable videos (< 15)
bank,bank,1,unavailable,False,only 1 usable videos (< 15)
storage,storage,1,unavailable,False,only 1 usable videos (< 15)
stop gap,stop gap,1,unavailable,False,only 1 usable videos (< 15)
stone masonry,stone masonry,1,unavailable,False,only 1 usable videos (< 15)
stomach,stomach,1,unavailable,False,only 1 usable videos (< 15)
stock opening,stock opening,1,unavailable,False,only 1 usable videos (< 15)
stock in hand,stock in hand,1,unavailable,False,only 1 usable videos (< 15)
stock closing,stock closing,1,unavailable,False,only 1 usable videos (< 15)
stock chart,stock chart,1,unavailable,False,only 1 usable videos (< 15)
stock book,stock book,1,unavailable,False,only 1 usable videos (< 15)
stock,stock,1,unavailable,False,only 1 usable videos (< 15)
stitch,stitch,1,unavailable,False,only 1 usable videos (< 15)
stir up,stir up,1,unavailable,False,only 1 usable videos (< 15)
stir,stir,1,unavailable,False,only 1 usable videos (< 15)
stink,stink,1,unavailable,False,only 1 usable videos (< 15)
stingy,stingy,1,unavailable,False,only 1 usable videos (< 15)
streaming,streaming,1,unavailable,False,only 1 usable videos (< 15)
strange,strange,1,unavailable,False,only 1 usable videos (< 15)
strain,strain,1,unavailable,False,only 1 usable videos (< 15)
straight forward,straight forward,1,unavailable,False,only 1 usable videos (< 15)
storm,storm,1,unavailable,False,only 1 usable videos (< 15)
barleria cristata,barleria cristata,1,unavailable,False,only 1 usable videos (< 15)
bar megnet,bar megnet,1,unavailable,False,only 1 usable videos (< 15)
bar,bar,1,unavailable,False,only 1 usable videos (< 15)
banker,banker,1,unavailable,False,only 1 usable videos (< 15)
bank of maharashtra,bank of maharashtra,1,unavailable,False,only 1 usable videos (< 15)
bank of baroda,bank of baroda,1,unavailable,False,only 1 usable videos (< 15)
bank nationalised,bank nationalised,1,unavailable,False,only 1 usable videos (< 15)
bank branch name,bank branch name,1,unavailable,False,only 1 usable videos (< 15)
bank branch code,bank branch code,1,unavailable,False,only 1 usable videos (< 15)
bank branch address,bank branch address,1,unavailable,False,only 1 usable videos (< 15)
bank account number,bank account number,1,unavailable,False,only 1 usable videos (< 15)
subject matter,subject matter,1,unavailable,False,only 1 usable videos (< 15)
subhas chandra bose,subhas chandra bose,1,unavailable,False,only 1 usable videos (< 15)
subdivision,subdivision,1,unavailable,False,only 1 usable videos (< 15)
sub lease,sub lease,1,unavailable,False,only 1 usable videos (< 15)
sub head,sub head,1,unavailable,False,only 1 usable videos (< 15)
sub division,sub division,1,unavailable,False,only 1 usable videos (< 15)
sub directory,sub directory,1,unavailable,False,only 1 usable videos (< 15)
style,style,1,unavailable,False,only 1 usable videos (< 15)
stumps,stumps,1,unavailable,False,only 1 usable videos (< 15)
stuck,stuck,1,unavailable,False,only 1 usable videos (< 15)
stubborn,stubborn,1,unavailable,False,only 1 usable videos (< 15)
strong room,strong room,1,unavailable,False,only 1 usable videos (< 15)
strike,strike,1,unavailable,False,only 1 usable videos (< 15)
stretch,stretch,1,unavailable,False,only 1 usable videos (< 15)
stressed,stressed,1,unavailable,False,only 1 usable videos (< 15)
stress,stress,1,unavailable,False,only 1 usable videos (< 15)
suggest,suggest,1,unavailable,False,only 1 usable videos (< 15)
sugarcane,sugarcane,1,unavailable,False,only 1 usable videos (< 15)
sufficient,sufficient,1,unavailable,False,only 1 usable videos (< 15)
suffer,suffer,1,unavailable,False,only 1 usable videos (< 15)
sue,sue,1,unavailable,False,only 1 usable videos (< 15)
sudden,sudden,1,unavailable,False,only 1 usable videos (< 15)
sudan,sudan,1,unavailable,False,only 1 usable videos (< 15)
succession,succession,1,unavailable,False,only 1 usable videos (< 15)
success,success,1,unavailable,False,only 1 usable videos (< 15)
subway,subway,1,unavailable,False,only 1 usable videos (< 15)
subsidy,subsidy,1,unavailable,False,only 1 usable videos (< 15)
subscription,subscription,1,unavailable,False,only 1 usable videos (< 15)
subordinate,subordinate,1,unavailable,False,only 1 usable videos (< 15)
submission,submission,1,unavailable,False,only 1 usable videos (< 15)
submersible pump,submersible pump,1,unavailable,False,only 1 usable videos (< 15)
submerged weeds,submerged weeds,1,unavailable,False,only 1 usable videos (< 15)
band collar,band collar,1,unavailable,False,only 1 usable videos (< 15)
banaras,banaras,1,unavailable,False,only 1 usable videos (< 15)
banana tree,banana tree,1,unavailable,False,only 1 usable videos (< 15)
bamboo,bamboo,1,unavailable,False,only 1 usable videos (< 15)
baluster,baluster,1,unavailable,False,only 1 usable videos (< 15)
balmacaan,balmacaan,1,unavailable,False,only 1 usable videos (< 15)
super,super,1,unavailable,False,only 1 usable videos (< 15)
sunny,sunny,1,unavailable,False,only 1 usable videos (< 15)
sunlight,sunlight,1,unavailable,False,only 1 usable videos (< 15)
sundry debtors,sundry debtors,1,unavailable,False,only 1 usable videos (< 15)
sundry creditors,sundry creditors,1,unavailable,False,only 1 usable videos (< 15)
sundry,sundry,1,unavailable,False,only 1 usable videos (< 15)
summons,summons,1,unavailable,False,only 1 usable videos (< 15)
summon,summon,1,unavailable,False,only 1 usable videos (< 15)
summer,summer,1,unavailable,False,only 1 usable videos (< 15)
sum,sum,1,unavailable,False,only 1 usable videos (< 15)
supervisor,supervisor,1,unavailable,False,only 1 usable videos (< 15)
supervision,supervision,1,unavailable,False,only 1 usable videos (< 15)
supervise,supervise,1,unavailable,False,only 1 usable videos (< 15)
superstition,superstition,1,unavailable,False,only 1 usable videos (< 15)
supersession,supersession,1,unavailable,False,only 1 usable videos (< 15)
superposltion,superposltion,1,unavailable,False,only 1 usable videos (< 15)
superman,superman,1,unavailable,False,only 1 usable videos (< 15)
superfast express,superfast express,1,unavailable,False,only 1 usable videos (< 15)
super computer,super computer,1,unavailable,False,only 1 usable videos (< 15)
bangladesh,bangladesh,1,unavailable,False,only 1 usable videos (< 15)
bangalore,bangalore,1,unavailable,False,only 1 usable videos (< 15)
bandra to worli sea link,bandra to worli sea link,1,unavailable,False,only 1 usable videos (< 15)
bandit munger,bandit munger,1,unavailable,False,only 1 usable videos (< 15)
bandh,bandh,1,unavailable,False,only 1 usable videos (< 15)
bandage,bandage,1,unavailable,False,only 1 usable videos (< 15)
band-aid,band-aid,1,unavailable,False,only 1 usable videos (< 15)
suzuki car,suzuki car,1,unavailable,False,only 1 usable videos (< 15)
suspend payment,suspend payment,1,unavailable,False,only 1 usable videos (< 15)
suspend,suspend,1,unavailable,False,only 1 usable videos (< 15)
survivorship,survivorship,1,unavailable,False,only 1 usable videos (< 15)
survey,survey,1,unavailable,False,only 1 usable videos (< 15)
surrounding,surrounding,1,unavailable,False,only 1 usable videos (< 15)
surrender,surrender,1,unavailable,False,only 1 usable videos (< 15)
surprised,surprised,1,unavailable,False,only 1 usable videos (< 15)
surface water,surface water,1,unavailable,False,only 1 usable videos (< 15)
surface runoff,surface runoff,1,unavailable,False,only 1 usable videos (< 15)
surface erosion,surface erosion,1,unavailable,False,only 1 usable videos (< 15)
surcharge,surcharge,1,unavailable,False,only 1 usable videos (< 15)
supreme court,supreme court,1,unavailable,False,only 1 usable videos (< 15)
suppress,suppress,1,unavailable,False,only 1 usable videos (< 15)
supply,supply,1,unavailable,False,only 1 usable videos (< 15)
supplementary,supplementary,1,unavailable,False,only 1 usable videos (< 15)
ball bearing,ball bearing,1,unavailable,False,only 1 usable videos (< 15)
baldness,baldness,1,unavailable,False,only 1 usable videos (< 15)
balcony garden,balcony garden,1,unavailable,False,only 1 usable videos (< 15)
balance sheet,balance sheet,1,unavailable,False,only 1 usable videos (< 15)
balance outstanding,balance outstanding,1,unavailable,False,only 1 usable videos (< 15)
balance opening,balance opening,1,unavailable,False,only 1 usable videos (< 15)
balance closing,balance closing,1,unavailable,False,only 1 usable videos (< 15)
swine farming,swine farming,1,unavailable,False,only 1 usable videos (< 15)
swimming,swimming,1,unavailable,False,only 1 usable videos (< 15)
swift,swift,1,unavailable,False,only 1 usable videos (< 15)
sweets,sweets,1,unavailable,False,only 1 usable videos (< 15)
sweetlime,sweetlime,1,unavailable,False,only 1 usable videos (< 15)
sweden,sweden,1,unavailable,False,only 1 usable videos (< 15)
swear,swear,1,unavailable,False,only 1 usable videos (< 15)
swaziland,swaziland,1,unavailable,False,only 1 usable videos (< 15)
swap,swap,1,unavailable,False,only 1 usable videos (< 15)
tabala,tabala,1,unavailable,False,only 1 usable videos (< 15)
systemic disease,systemic disease,1,unavailable,False,only 1 usable videos (< 15)
system of feeding poultry,system of feeding poultry,1,unavailable,False,only 1 usable videos (< 15)
syria,syria,1,unavailable,False,only 1 usable videos (< 15)
syndication,syndication,1,unavailable,False,only 1 usable videos (< 15)
symptoms of nematode diseases of plants,symptoms of nematode diseases of plants,1,unavailable,False,only 1 usable videos (< 15)
sympathy,sympathy,1,unavailable,False,only 1 usable videos (< 15)
symbol,symbol,1,unavailable,False,only 1 usable videos (< 15)
switzerland,switzerland,1,unavailable,False,only 1 usable videos (< 15)
switch box,switch box,1,unavailable,False,only 1 usable videos (< 15)
ballon pump,ballon pump,1,unavailable,False,only 1 usable videos (< 15)
ballast device,ballast device,1,unavailable,False,only 1 usable videos (< 15)
ball room,ball room,1,unavailable,False,only 1 usable videos (< 15)
ball point needle,ball point needle,1,unavailable,False,only 1 usable videos (< 15)
ball pein hammer,ball pein hammer,1,unavailable,False,only 1 usable videos (< 15)
ball cricket,ball cricket,1,unavailable,False,only 1 usable videos (< 15)
backyard system of poultry,backyard system of poultry,1,unavailable,False,only 1 usable videos (< 15)
backup,backup,1,unavailable,False,only 1 usable videos (< 15)
background,background,1,unavailable,False,only 1 usable videos (< 15)
backdoor,backdoor,1,unavailable,False,only 1 usable videos (< 15)
take over,take over,1,unavailable,False,only 1 usable videos (< 15)
take hours at something,take hours at something,1,unavailable,False,only 1 usable videos (< 15)
take home pay,take home pay,1,unavailable,False,only 1 usable videos (< 15)
take a photo,take a photo,1,unavailable,False,only 1 usable videos (< 15)
take a bath,take a bath,1,unavailable,False,only 1 usable videos (< 15)
taj mahal,taj mahal,1,unavailable,False,only 1 usable videos (< 15)
taj hotel,taj hotel,1,unavailable,False,only 1 usable videos (< 15)
taiwan,taiwan,1,unavailable,False,only 1 usable videos (< 15)
tailer,tailer,1,unavailable,False,only 1 usable videos (< 15)
tagetus,tagetus,1,unavailable,False,only 1 usable videos (< 15)
tablet,tablet,1,unavailable,False,only 1 usable videos (< 15)
tabernaemontana coronaria,tabernaemontana coronaria,1,unavailable,False,only 1 usable videos (< 15)
task force,task force,1,unavailable,False,only 1 usable videos (< 15)
tariff,tariff,1,unavailable,False,only 1 usable videos (< 15)
tape,tape,1,unavailable,False,only 1 usable videos (< 15)
tanzania,tanzania,1,unavailable,False,only 1 usable videos (< 15)
tamarix gallica,tamarix gallica,1,unavailable,False,only 1 usable videos (< 15)
taluk,taluk,1,unavailable,False,only 1 usable videos (< 15)
tall shrubs,tall shrubs,1,unavailable,False,only 1 usable videos (< 15)
tall protective hedges,tall protective hedges,1,unavailable,False,only 1 usable videos (< 15)
tall ornamental hedges,tall ornamental hedges,1,unavailable,False,only 1 usable videos (< 15)
bajaj bike,bajaj bike,1,unavailable,False,only 1 usable videos (< 15)
bail,bail,1,unavailable,False,only 1 usable videos (< 15)
badminton,badminton,1,unavailable,False,only 1 usable videos (< 15)
bad debts,bad debts,1,unavailable,False,only 1 usable videos (< 15)
bad conductor,bad conductor,1,unavailable,False,only 1 usable videos (< 15)
bacterial diseases animals,bacterial diseases animals,1,unavailable,False,only 1 usable videos (< 15)
bacteria,bacteria,1,unavailable,False,only 1 usable videos (< 15)
tax property,tax property,1,unavailable,False,only 1 usable videos (< 15)
tax profession,tax profession,1,unavailable,False,only 1 usable videos (< 15)
tax exemption,tax exemption,1,unavailable,False,only 1 usable videos (< 15)
tattoo,tattoo,1,unavailable,False,only 1 usable videos (< 15)
tata mobile,tata mobile,1,unavailable,False,only 1 usable videos (< 15)
tata car,tata car,1,unavailable,False,only 1 usable videos (< 15)
backache,backache,1,unavailable,False,only 1 usable videos (< 15)
back date,back date,1,unavailable,False,only 1 usable videos (< 15)
away,away,1,unavailable,False,only 1 usable videos (< 15)
avoid,avoid,1,unavailable,False,only 1 usable videos (< 15)
avalanche,avalanche,1,unavailable,False,only 1 usable videos (< 15)
available,available,1,unavailable,False,only 1 usable videos (< 15)
autumn,autumn,1,unavailable,False,only 1 usable videos (< 15)
automobiles,automobiles,1,unavailable,False,only 1 usable videos (< 15)
automation,automation,1,unavailable,False,only 1 usable videos (< 15)
task wage,task wage,1,unavailable,False,only 1 usable videos (< 15)
audio frequency,audio frequency,1,unavailable,False,only 1 usable videos (< 15)
audience,audience,1,unavailable,False,only 1 usable videos (< 15)
audi,audi,1,unavailable,False,only 1 usable videos (< 15)
attractive force,attractive force,1,unavailable,False,only 1 usable videos (< 15)
attraction,attraction,1,unavailable,False,only 1 usable videos (< 15)
attorney general,attorney general,1,unavailable,False,only 1 usable videos (< 15)
temperate fruits,temperate fruits,1,unavailable,False,only 1 usable videos (< 15)
teller,teller,1,unavailable,False,only 1 usable videos (< 15)
telescope,telescope,1,unavailable,False,only 1 usable videos (< 15)
telegram,telegram,1,unavailable,False,only 1 usable videos (< 15)
tecoma stans,tecoma stans,1,unavailable,False,only 1 usable videos (< 15)
technology,technology,1,unavailable,False,only 1 usable videos (< 15)
technoiogy,technoiogy,1,unavailable,False,only 1 usable videos (< 15)
teaser bull,teaser bull,1,unavailable,False,only 1 usable videos (< 15)
tear sheet,tear sheet,1,unavailable,False,only 1 usable videos (< 15)
taxable,taxable,1,unavailable,False,only 1 usable videos (< 15)
terminate,terminate,1,unavailable,False,only 1 usable videos (< 15)
term technical,term technical,1,unavailable,False,only 1 usable videos (< 15)
term of office,term of office,1,unavailable,False,only 1 usable videos (< 15)
tension,tension,1,unavailable,False,only 1 usable videos (< 15)
tender,tender,1,unavailable,False,only 1 usable videos (< 15)
tenancy,tenancy,1,unavailable,False,only 1 usable videos (< 15)
ten thousand,ten thousand,1,unavailable,False,only 1 usable videos (< 15)
ten,ten,1,unavailable,False,only 1 usable videos (< 15)
authorised signature,authorised signature,1,unavailable,False,only 1 usable videos (< 15)
authorisation,authorisation,1,unavailable,False,only 1 usable videos (< 15)
austria,austria,1,unavailable,False,only 1 usable videos (< 15)
aunt,aunt,1,unavailable,False,only 1 usable videos (< 15)
auger,auger,1,unavailable,False,only 1 usable videos (< 15)
auditorium,auditorium,1,unavailable,False,only 1 usable videos (< 15)
audit,audit,1,unavailable,False,only 1 usable videos (< 15)
audiologist,audiologist,1,unavailable,False,only 1 usable videos (< 15)
these,these,1,unavailable,False,only 1 usable videos (< 15)
thermostat,thermostat,1,unavailable,False,only 1 usable videos (< 15)
thermal energy,thermal energy,1,unavailable,False,only 1 usable videos (< 15)
thermal,thermal,1,unavailable,False,only 1 usable videos (< 15)
therapist,therapist,1,unavailable,False,only 1 usable videos (< 15)
them,them,1,unavailable,False,only 1 usable videos (< 15)
theirs,theirs,1,unavailable,False,only 1 usable videos (< 15)
their,their,1,unavailable,False,only 1 usable videos (< 15)
theatre,theatre,1,unavailable,False,only 1 usable videos (< 15)
thatched roof,thatched roof,1,unavailable,False,only 1 usable videos (< 15)
thailand,thailand,1,unavailable,False,only 1 usable videos (< 15)
testament,testament,1,unavailable,False,only 1 usable videos (< 15)
test,test,1,unavailable,False,only 1 usable videos (< 15)
terrorist,terrorist,1,unavailable,False,only 1 usable videos (< 15)
territorial,territorial,1,unavailable,False,only 1 usable videos (< 15)
terms of service,terms of service,1,unavailable,False,only 1 usable videos (< 15)
at,at,1,unavailable,False,only 1 usable videos (< 15)
asystole,asystole,1,unavailable,False,only 1 usable videos (< 15)
asymmetrical design,asymmetrical design,1,unavailable,False,only 1 usable videos (< 15)
astronomy,astronomy,1,unavailable,False,only 1 usable videos (< 15)
astronaut,astronaut,1,unavailable,False,only 1 usable videos (< 15)
astigmatism,astigmatism,1,unavailable,False,only 1 usable videos (< 15)
asthma,asthma,1,unavailable,False,only 1 usable videos (< 15)
thiruvananthapuram,thiruvananthapuram,1,unavailable,False,only 1 usable videos (< 15)
thirty,thirty,1,unavailable,False,only 1 usable videos (< 15)
thirteen,thirteen,1,unavailable,False,only 1 usable videos (< 15)
thirsty,thirsty,1,unavailable,False,only 1 usable videos (< 15)
third party,third party,1,unavailable,False,only 1 usable videos (< 15)
third,third,1,unavailable,False,only 1 usable videos (< 15)
thigh,thigh,1,unavailable,False,only 1 usable videos (< 15)
thick,thick,1,unavailable,False,only 1 usable videos (< 15)
thevetia neriefolia,thevetia neriefolia,1,unavailable,False,only 1 usable videos (< 15)
three days before,three days before,1,unavailable,False,only 1 usable videos (< 15)
three days after,three days after,1,unavailable,False,only 1 usable videos (< 15)
three,three,1,unavailable,False,only 1 usable videos (< 15)
threading,threading,1,unavailable,False,only 1 usable videos (< 15)
thread gauge,thread gauge,1,unavailable,False,only 1 usable videos (< 15)
thread,thread,1,unavailable,False,only 1 usable videos (< 15)
thousand,thousand,1,unavailable,False,only 1 usable videos (< 15)
those,those,1,unavailable,False,only 1 usable videos (< 15)
attorney,attorney,1,unavailable,False,only 1 usable videos (< 15)
attendant,attendant,1,unavailable,False,only 1 usable videos (< 15)
attendance record,attendance record,1,unavailable,False,only 1 usable videos (< 15)
attachment of property,attachment of property,1,unavailable,False,only 1 usable videos (< 15)
atom,atom,1,unavailable,False,only 1 usable videos (< 15)
atmosphere,atmosphere,1,unavailable,False,only 1 usable videos (< 15)
atm,atm,1,unavailable,False,only 1 usable videos (< 15)
athlete's foot,athlete's foot,1,unavailable,False,only 1 usable videos (< 15)
time bound,time bound,1,unavailable,False,only 1 usable videos (< 15)
tilts,tilts,1,unavailable,False,only 1 usable videos (< 15)
tiller,tiller,1,unavailable,False,only 1 usable videos (< 15)
tiles cutter,tiles cutter,1,unavailable,False,only 1 usable videos (< 15)
tight tracking,tight tracking,1,unavailable,False,only 1 usable videos (< 15)
tight money  market,tight money  market,1,unavailable,False,only 1 usable videos (< 15)
tiffin box,tiffin box,1,unavailable,False,only 1 usable videos (< 15)
tiffin,tiffin,1,unavailable,False,only 1 usable videos (< 15)
ticket checker,ticket checker,1,unavailable,False,only 1 usable videos (< 15)
ticket,ticket,1,unavailable,False,only 1 usable videos (< 15)
thunder,thunder,1,unavailable,False,only 1 usable videos (< 15)
thumb lunula,thumb lunula,1,unavailable,False,only 1 usable videos (< 15)
thumb impression,thumb impression,1,unavailable,False,only 1 usable videos (< 15)
through,through,1,unavailable,False,only 1 usable videos (< 15)
throat plate,throat plate,1,unavailable,False,only 1 usable videos (< 15)
thriff,thriff,1,unavailable,False,only 1 usable videos (< 15)
assam tea gardens,assam tea gardens,1,unavailable,False,only 1 usable videos (< 15)
assailant,assailant,1,unavailable,False,only 1 usable videos (< 15)
aspiration,aspiration,1,unavailable,False,only 1 usable videos (< 15)
asphyxia,asphyxia,1,unavailable,False,only 1 usable videos (< 15)
asphalt concrete,asphalt concrete,1,unavailable,False,only 1 usable videos (< 15)
toaster,toaster,1,unavailable,False,only 1 usable videos (< 15)
toast,toast,1,unavailable,False,only 1 usable videos (< 15)
to retailers,to retailers,1,unavailable,False,only 1 usable videos (< 15)
to consumers,to consumers,1,unavailable,False,only 1 usable videos (< 15)
to,to,1,unavailable,False,only 1 usable videos (< 15)
tldal energy,tldal energy,1,unavailable,False,only 1 usable videos (< 15)
title bar,title bar,1,unavailable,False,only 1 usable videos (< 15)
title,title,1,unavailable,False,only 1 usable videos (< 15)
tipped tool,tipped tool,1,unavailable,False,only 1 usable videos (< 15)
timid,timid,1,unavailable,False,only 1 usable videos (< 15)
time limit,time limit,1,unavailable,False,only 1 usable videos (< 15)
arms and amunitions,arms and amunitions,1,unavailable,False,only 1 usable videos (< 15)
armenia,armenia,1,unavailable,False,only 1 usable videos (< 15)
arm hole,arm hole,1,unavailable,False,only 1 usable videos (< 15)
tonight,tonight,1,unavailable,False,only 1 usable videos (< 15)
tomato,tomato,1,unavailable,False,only 1 usable videos (< 15)
tom and jerry,tom and jerry,1,unavailable,False,only 1 usable videos (< 15)
toggle button,toggle button,1,unavailable,False,only 1 usable videos (< 15)
toffee,toffee,1,unavailable,False,only 1 usable videos (< 15)
toenail,toenail,1,unavailable,False,only 1 usable videos (< 15)
assume,assume,1,unavailable,False,only 1 usable videos (< 15)
association of sign language interpreters,association of sign language interpreters,1,unavailable,False,only 1 usable videos (< 15)
associate professor,associate professor,1,unavailable,False,only 1 usable videos (< 15)
assistant professor,assistant professor,1,unavailable,False,only 1 usable videos (< 15)
assistant,assistant,1,unavailable,False,only 1 usable videos (< 15)
assets,assets,1,unavailable,False,only 1 usable videos (< 15)
assault,assault,1,unavailable,False,only 1 usable videos (< 15)
tour,tour,1,unavailable,False,only 1 usable videos (< 15)
touchscreen,touchscreen,1,unavailable,False,only 1 usable videos (< 15)
total energy,total energy,1,unavailable,False,only 1 usable videos (< 15)
tornado,tornado,1,unavailable,False,only 1 usable videos (< 15)
topic,topic,1,unavailable,False,only 1 usable videos (< 15)
top management,top management,1,unavailable,False,only 1 usable videos (< 15)
toothpick,toothpick,1,unavailable,False,only 1 usable videos (< 15)
tooth,tooth,1,unavailable,False,only 1 usable videos (< 15)
tool box,tool box,1,unavailable,False,only 1 usable videos (< 15)
tool belt,tool belt,1,unavailable,False,only 1 usable videos (< 15)
asbestos,asbestos,1,unavailable,False,only 1 usable videos (< 15)
artificial,artificial,1,unavailable,False,only 1 usable videos (< 15)
artesian well,artesian well,1,unavailable,False,only 1 usable videos (< 15)
arrogate,arrogate,1,unavailable,False,only 1 usable videos (< 15)
arrears,arrears,1,unavailable,False,only 1 usable videos (< 15)
army,army,1,unavailable,False,only 1 usable videos (< 15)
aquatic plants of various colour,aquatic plants of various colour,1,unavailable,False,only 1 usable videos (< 15)
approval,approval,1,unavailable,False,only 1 usable videos (< 15)
approach,approach,1,unavailable,False,only 1 usable videos (< 15)
appreciation,appreciation,1,unavailable,False,only 1 usable videos (< 15)
applique,applique,1,unavailable,False,only 1 usable videos (< 15)
traffic lights,traffic lights,1,unavailable,False,only 1 usable videos (< 15)
traffic,traffic,1,unavailable,False,only 1 usable videos (< 15)
traditional,traditional,1,unavailable,False,only 1 usable videos (< 15)
trader,trader,1,unavailable,False,only 1 usable videos (< 15)
trade discount,trade discount,1,unavailable,False,only 1 usable videos (< 15)
tractive work,tractive work,1,unavailable,False,only 1 usable videos (< 15)
track ball,track ball,1,unavailable,False,only 1 usable videos (< 15)
track,track,1,unavailable,False,only 1 usable videos (< 15)
toyota,toyota,1,unavailable,False,only 1 usable videos (< 15)
toy,toy,1,unavailable,False,only 1 usable videos (< 15)
towards,towards,1,unavailable,False,only 1 usable videos (< 15)
translator,translator,1,unavailable,False,only 1 usable videos (< 15)
translation of motion,translation of motion,1,unavailable,False,only 1 usable videos (< 15)
transistor,transistor,1,unavailable,False,only 1 usable videos (< 15)
transgender,transgender,1,unavailable,False,only 1 usable videos (< 15)
transformer,transformer,1,unavailable,False,only 1 usable videos (< 15)
transformation of energy,transformation of energy,1,unavailable,False,only 1 usable videos (< 15)
transfer fee,transfer fee,1,unavailable,False,only 1 usable videos (< 15)
transcription,transcription,1,unavailable,False,only 1 usable videos (< 15)
transaction,transaction,1,unavailable,False,only 1 usable videos (< 15)
training,training,1,unavailable,False,only 1 usable videos (< 15)
argue,argue,1,unavailable,False,only 1 usable videos (< 15)
argentina,argentina,1,unavailable,False,only 1 usable videos (< 15)
architect,architect,1,unavailable,False,only 1 usable videos (< 15)
archery,archery,1,unavailable,False,only 1 usable videos (< 15)
archaeologist,archaeologist,1,unavailable,False,only 1 usable videos (< 15)
arc welding,arc welding,1,unavailable,False,only 1 usable videos (< 15)
apiculturist,apiculturist,1,unavailable,False,only 1 usable videos (< 15)
apiculture bee keeping,apiculture bee keeping,1,unavailable,False,only 1 usable videos (< 15)
apex court,apex court,1,unavailable,False,only 1 usable videos (< 15)
apartment,apartment,1,unavailable,False,only 1 usable videos (< 15)
anxious,anxious,1,unavailable,False,only 1 usable videos (< 15)
troughs,troughs,1,unavailable,False,only 1 usable videos (< 15)
trophy,trophy,1,unavailable,False,only 1 usable videos (< 15)
trivendrum,trivendrum,1,unavailable,False,only 1 usable videos (< 15)
trip,trip,1,unavailable,False,only 1 usable videos (< 15)
triode,triode,1,unavailable,False,only 1 usable videos (< 15)
tribunal,tribunal,1,unavailable,False,only 1 usable videos (< 15)
tribal,tribal,1,unavailable,False,only 1 usable videos (< 15)
tri square,tri square,1,unavailable,False,only 1 usable videos (< 15)
treasury,treasury,1,unavailable,False,only 1 usable videos (< 15)
transverse wave,transverse wave,1,unavailable,False,only 1 usable videos (< 15)
transport,transport,1,unavailable,False,only 1 usable videos (< 15)
anniversary,anniversary,1,unavailable,False,only 1 usable videos (< 15)
tunic,tunic,1,unavailable,False,only 1 usable videos (< 15)
tum over,tum over,1,unavailable,False,only 1 usable videos (< 15)
tulip sleeve,tulip sleeve,1,unavailable,False,only 1 usable videos (< 15)
tug of war haryana,tug of war haryana,1,unavailable,False,only 1 usable videos (< 15)
tube well,tube well,1,unavailable,False,only 1 usable videos (< 15)
trustworthiness,trustworthiness,1,unavailable,False,only 1 usable videos (< 15)
trustee,trustee,1,unavailable,False,only 1 usable videos (< 15)
trust deed,trust deed,1,unavailable,False,only 1 usable videos (< 15)
true copy,true copy,1,unavailable,False,only 1 usable videos (< 15)
appliances control,appliances control,1,unavailable,False,only 1 usable videos (< 15)
applause,applause,1,unavailable,False,only 1 usable videos (< 15)
appearance,appearance,1,unavailable,False,only 1 usable videos (< 15)
appear,appear,1,unavailable,False,only 1 usable videos (< 15)
apparatus,apparatus,1,unavailable,False,only 1 usable videos (< 15)
app,app,1,unavailable,False,only 1 usable videos (< 15)
two,two,1,unavailable,False,only 1 usable videos (< 15)
twenty one,twenty one,1,unavailable,False,only 1 usable videos (< 15)
twenty,twenty,1,unavailable,False,only 1 usable videos (< 15)
twelve,twelve,1,unavailable,False,only 1 usable videos (< 15)
tvs bike,tvs bike,1,unavailable,False,only 1 usable videos (< 15)
turnout,turnout,1,unavailable,False,only 1 usable videos (< 15)
tunisia,tunisia,1,unavailable,False,only 1 usable videos (< 15)
tuning fork,tuning fork,1,unavailable,False,only 1 usable videos (< 15)
answer,answer,1,unavailable,False,only 1 usable videos (< 15)
another,another,1,unavailable,False,only 1 usable videos (< 15)
anorak,anorak,1,unavailable,False,only 1 usable videos (< 15)
anonymous complaint,anonymous complaint,1,unavailable,False,only 1 usable videos (< 15)
annual report,annual report,1,unavailable,False,only 1 usable videos (< 15)
annual plants,annual plants,1,unavailable,False,only 1 usable videos (< 15)
annual for foliage beauty,annual for foliage beauty,1,unavailable,False,only 1 usable videos (< 15)
announce,announce,1,unavailable,False,only 1 usable videos (< 15)
ultraviolet ray glass,ultraviolet ray glass,1,unavailable,False,only 1 usable videos (< 15)
ukraine,ukraine,1,unavailable,False,only 1 usable videos (< 15)
uitraviolet ray,uitraviolet ray,1,unavailable,False,only 1 usable videos (< 15)
uitrasonic,uitrasonic,1,unavailable,False,only 1 usable videos (< 15)
ugly,ugly,1,unavailable,False,only 1 usable videos (< 15)
uganda,uganda,1,unavailable,False,only 1 usable videos (< 15)
uco bank,uco bank,1,unavailable,False,only 1 usable videos (< 15)
u neck,u neck,1,unavailable,False,only 1 usable videos (< 15)
tyre,tyre,1,unavailable,False,only 1 usable videos (< 15)
typographical error,typographical error,1,unavailable,False,only 1 usable videos (< 15)
types of water garden,types of water garden,1,unavailable,False,only 1 usable videos (< 15)
types of vegetable gardening,types of vegetable gardening,1,unavailable,False,only 1 usable videos (< 15)
types of farm planning,types of farm planning,1,unavailable,False,only 1 usable videos (< 15)
two thousand,two thousand,1,unavailable,False,only 1 usable videos (< 15)
two days before,two days before,1,unavailable,False,only 1 usable videos (< 15)
two days after,two days after,1,unavailable,False,only 1 usable videos (< 15)
amazed,amazed,1,unavailable,False,only 1 usable videos (< 15)
under developed,under developed,1,unavailable,False,only 1 usable videos (< 15)
under consideration,under consideration,1,unavailable,False,only 1 usable videos (< 15)
uncovered,uncovered,1,unavailable,False,only 1 usable videos (< 15)
unconditional,unconditional,1,unavailable,False,only 1 usable videos (< 15)
uncomfortable,uncomfortable,1,unavailable,False,only 1 usable videos (< 15)
uncle,uncle,1,unavailable,False,only 1 usable videos (< 15)
unclaimed,unclaimed,1,unavailable,False,only 1 usable videos (< 15)
uncertainity,uncertainity,1,unavailable,False,only 1 usable videos (< 15)
uncalled,uncalled,1,unavailable,False,only 1 usable videos (< 15)
unbalance,unbalance,1,unavailable,False,only 1 usable videos (< 15)
unavoidable,unavoidable,1,unavailable,False,only 1 usable videos (< 15)
unauthorised,unauthorised,1,unavailable,False,only 1 usable videos (< 15)
unanimous,unanimous,1,unavailable,False,only 1 usable videos (< 15)
umpire,umpire,1,unavailable,False,only 1 usable videos (< 15)
umaid bhawan palace,umaid bhawan palace,1,unavailable,False,only 1 usable videos (< 15)
underwriter,underwriter,1,unavailable,False,only 1 usable videos (< 15)
undertaking,undertaking,1,unavailable,False,only 1 usable videos (< 15)
underhand,underhand,1,unavailable,False,only 1 usable videos (< 15)
underground symptoms,underground symptoms,1,unavailable,False,only 1 usable videos (< 15)
under valuation,under valuation,1,unavailable,False,only 1 usable videos (< 15)
under the weather,under the weather,1,unavailable,False,only 1 usable videos (< 15)
under subscribed,under subscribed,1,unavailable,False,only 1 usable videos (< 15)
under stitch,under stitch,1,unavailable,False,only 1 usable videos (< 15)
under review,under review,1,unavailable,False,only 1 usable videos (< 15)
under mentioned,under mentioned,1,unavailable,False,only 1 usable videos (< 15)
angular velocity,angular velocity,1,unavailable,False,only 1 usable videos (< 15)
angel,angel,1,unavailable,False,only 1 usable videos (< 15)
amplitude,amplitude,1,unavailable,False,only 1 usable videos (< 15)
among,among,1,unavailable,False,only 1 usable videos (< 15)
amendments,amendments,1,unavailable,False,only 1 usable videos (< 15)
ambulance,ambulance,1,unavailable,False,only 1 usable videos (< 15)
alloy wheel,alloy wheel,1,unavailable,False,only 1 usable videos (< 15)
allowance,allowance,1,unavailable,False,only 1 usable videos (< 15)
allotment,allotment,1,unavailable,False,only 1 usable videos (< 15)
allen key,allen key,1,unavailable,False,only 1 usable videos (< 15)
unix,unix,1,unavailable,False,only 1 usable videos (< 15)
universe,universe,1,unavailable,False,only 1 usable videos (< 15)
united nations,united nations,1,unavailable,False,only 1 usable videos (< 15)
united kingdom,united kingdom,1,unavailable,False,only 1 usable videos (< 15)
united arab emirates,united arab emirates,1,unavailable,False,only 1 usable videos (< 15)
union bank of india,union bank of india,1,unavailable,False,only 1 usable videos (< 15)
union,union,1,unavailable,False,only 1 usable videos (< 15)
uniform motion,uniform motion,1,unavailable,False,only 1 usable videos (< 15)
unfit,unfit,1,unavailable,False,only 1 usable videos (< 15)
unencumbered,unencumbered,1,unavailable,False,only 1 usable videos (< 15)
unemployment,unemployment,1,unavailable,False,only 1 usable videos (< 15)
unearned,unearned,1,unavailable,False,only 1 usable videos (< 15)
urgent,urgent,1,unavailable,False,only 1 usable videos (< 15)
uranus,uranus,1,unavailable,False,only 1 usable videos (< 15)
upward,upward,1,unavailable,False,only 1 usable videos (< 15)
upper division clerk,upper division clerk,1,unavailable,False,only 1 usable videos (< 15)
upper age limit,upper age limit,1,unavailable,False,only 1 usable videos (< 15)
unregistered,unregistered,1,unavailable,False,only 1 usable videos (< 15)
unpaid,unpaid,1,unavailable,False,only 1 usable videos (< 15)
unofficial,unofficial,1,unavailable,False,only 1 usable videos (< 15)
unlucky,unlucky,1,unavailable,False,only 1 usable videos (< 15)
amalgamation,amalgamation,1,unavailable,False,only 1 usable videos (< 15)
always,always,1,unavailable,False,only 1 usable videos (< 15)
altitude,altitude,1,unavailable,False,only 1 usable videos (< 15)
alternative,alternative,1,unavailable,False,only 1 usable videos (< 15)
alphabet,alphabet,1,unavailable,False,only 1 usable videos (< 15)
alone,alone,1,unavailable,False,only 1 usable videos (< 15)
ally,ally,1,unavailable,False,only 1 usable videos (< 15)
vapour,vapour,1,unavailable,False,only 1 usable videos (< 15)
van,van,1,unavailable,False,only 1 usable videos (< 15)
value scale,value scale,1,unavailable,False,only 1 usable videos (< 15)
value,value,1,unavailable,False,only 1 usable videos (< 15)
valuable consideration,valuable consideration,1,unavailable,False,only 1 usable videos (< 15)
valid,valid,1,unavailable,False,only 1 usable videos (< 15)
vaishno devi,vaishno devi,1,unavailable,False,only 1 usable videos (< 15)
vada,vada,1,unavailable,False,only 1 usable videos (< 15)
vaccum,vaccum,1,unavailable,False,only 1 usable videos (< 15)
vacancy,vacancy,1,unavailable,False,only 1 usable videos (< 15)
v neck,v neck,1,unavailable,False,only 1 usable videos (< 15)
uzbekistan,uzbekistan,1,unavailable,False,only 1 usable videos (< 15)
uttarakhand,uttarakhand,1,unavailable,False,only 1 usable videos (< 15)
utility of mushroom,utility of mushroom,1,unavailable,False,only 1 usable videos (< 15)
us,us,1,unavailable,False,only 1 usable videos (< 15)
uruguay,uruguay,1,unavailable,False,only 1 usable videos (< 15)
venus,venus,1,unavailable,False,only 1 usable videos (< 15)
vent,vent,1,unavailable,False,only 1 usable videos (< 15)
venezuela,venezuela,1,unavailable,False,only 1 usable videos (< 15)
vendor,vendor,1,unavailable,False,only 1 usable videos (< 15)
vendee,vendee,1,unavailable,False,only 1 usable videos (< 15)
velocity,velocity,1,unavailable,False,only 1 usable videos (< 15)
velcro,velcro,1,unavailable,False,only 1 usable videos (< 15)
vehicle,vehicle,1,unavailable,False,only 1 usable videos (< 15)
vegetarian,vegetarian,1,unavailable,False,only 1 usable videos (< 15)
vegetables,vegetables,1,unavailable,False,only 1 usable videos (< 15)
vegetable preservation,vegetable preservation,1,unavailable,False,only 1 usable videos (< 15)
vector graphics,vector graphics,1,unavailable,False,only 1 usable videos (< 15)
vault safe deposit,vault safe deposit,1,unavailable,False,only 1 usable videos (< 15)
vault,vault,1,unavailable,False,only 1 usable videos (< 15)
variety,variety,1,unavailable,False,only 1 usable videos (< 15)
varieties of mushroom,varieties of mushroom,1,unavailable,False,only 1 usable videos (< 15)
alkali soil,alkali soil,1,unavailable,False,only 1 usable videos (< 15)
algeria,algeria,1,unavailable,False,only 1 usable videos (< 15)
alcohol,alcohol,1,unavailable,False,only 1 usable videos (< 15)
albania,albania,1,unavailable,False,only 1 usable videos (< 15)
alarm system,alarm system,1,unavailable,False,only 1 usable videos (< 15)
akshay kumar,akshay kumar,1,unavailable,False,only 1 usable videos (< 15)
ajmer sharif dargah,ajmer sharif dargah,1,unavailable,False,only 1 usable videos (< 15)
airtel,airtel,1,unavailable,False,only 1 usable videos (< 15)
very wealthy person,very wealthy person,1,unavailable,False,only 1 usable videos (< 15)
very,very,1,unavailable,False,only 1 usable videos (< 15)
vertical scroll bar,vertical scroll bar,1,unavailable,False,only 1 usable videos (< 15)
vertical,vertical,1,unavailable,False,only 1 usable videos (< 15)
versus,versus,1,unavailable,False,only 1 usable videos (< 15)
vernier caliper,vernier caliper,1,unavailable,False,only 1 usable videos (< 15)
verdict,verdict,1,unavailable,False,only 1 usable videos (< 15)
verb,verb,1,unavailable,False,only 1 usable videos (< 15)
video relay service,video relay service,1,unavailable,False,only 1 usable videos (< 15)
video cassette recorder,video cassette recorder,1,unavailable,False,only 1 usable videos (< 15)
video card,video card,1,unavailable,False,only 1 usable videos (< 15)
video call,video call,1,unavailable,False,only 1 usable videos (< 15)
vide,vide,1,unavailable,False,only 1 usable videos (< 15)
vice president,vice president,1,unavailable,False,only 1 usable videos (< 15)
vibration,vibration,1,unavailable,False,only 1 usable videos (< 15)
vibrant image,vibrant image,1,unavailable,False,only 1 usable videos (< 15)
veterinarian,veterinarian,1,unavailable,False,only 1 usable videos (< 15)
veteran,veteran,1,unavailable,False,only 1 usable videos (< 15)
allahabad bank,allahabad bank,1,unavailable,False,only 1 usable videos (< 15)
allah,allah,1,unavailable,False,only 1 usable videos (< 15)
all india trinamool congress,all india trinamool congress,1,unavailable,False,only 1 usable videos (< 15)
all india foundation of deaf women,all india foundation of deaf women,1,unavailable,False,only 1 usable videos (< 15)
all india federation of the deaf,all india federation of the deaf,1,unavailable,False,only 1 usable videos (< 15)
all,all,1,unavailable,False,only 1 usable videos (< 15)
agriculture,agriculture,1,unavailable,False,only 1 usable videos (< 15)
agricultural robot,agricultural robot,1,unavailable,False,only 1 usable videos (< 15)
agreement,agreement,1,unavailable,False,only 1 usable videos (< 15)
visual,visual,1,unavailable,False,only 1 usable videos (< 15)
visitor,visitor,1,unavailable,False,only 1 usable videos (< 15)
visit,visit,1,unavailable,False,only 1 usable videos (< 15)
visible ray,visible ray,1,unavailable,False,only 1 usable videos (< 15)
vishnu,vishnu,1,unavailable,False,only 1 usable videos (< 15)
virtual image,virtual image,1,unavailable,False,only 1 usable videos (< 15)
virat kohli,virat kohli,1,unavailable,False,only 1 usable videos (< 15)
viral diseases animals,viral diseases animals,1,unavailable,False,only 1 usable videos (< 15)
violin,violin,1,unavailable,False,only 1 usable videos (< 15)
violet,violet,1,unavailable,False,only 1 usable videos (< 15)
vijaya bank,vijaya bank,1,unavailable,False,only 1 usable videos (< 15)
vigilance,vigilance,1,unavailable,False,only 1 usable videos (< 15)
videographer,videographer,1,unavailable,False,only 1 usable videos (< 15)
voice,voice,1,unavailable,False,only 1 usable videos (< 15)
vodafone,vodafone,1,unavailable,False,only 1 usable videos (< 15)
vocation,vocation,1,unavailable,False,only 1 usable videos (< 15)
vocabulary,vocabulary,1,unavailable,False,only 1 usable videos (< 15)
vivekananda rock memorial,vivekananda rock memorial,1,unavailable,False,only 1 usable videos (< 15)
vital,vital,1,unavailable,False,only 1 usable videos (< 15)
visual aid,visual aid,1,unavailable,False,only 1 usable videos (< 15)
airmail,airmail,1,unavailable,False,only 1 usable videos (< 15)
airjet,airjet,1,unavailable,False,only 1 usable videos (< 15)
aircel,aircel,1,unavailable,False,only 1 usable videos (< 15)
air vistara,air vistara,1,unavailable,False,only 1 usable videos (< 15)
air india,air india,1,unavailable,False,only 1 usable videos (< 15)
air deccan,air deccan,1,unavailable,False,only 1 usable videos (< 15)
air conditioner,air conditioner,1,unavailable,False,only 1 usable videos (< 15)
ahmedabad,ahmedabad,1,unavailable,False,only 1 usable videos (< 15)
ahemedabad,ahemedabad,1,unavailable,False,only 1 usable videos (< 15)
wallet,wallet,1,unavailable,False,only 1 usable videos (< 15)
wall garden,wall garden,1,unavailable,False,only 1 usable videos (< 15)
wall,wall,1,unavailable,False,only 1 usable videos (< 15)
wales,wales,1,unavailable,False,only 1 usable videos (< 15)
wake,wake,1,unavailable,False,only 1 usable videos (< 15)
waive,waive,1,unavailable,False,only 1 usable videos (< 15)
waiting room,waiting room,1,unavailable,False,only 1 usable videos (< 15)
waiting list,waiting list,1,unavailable,False,only 1 usable videos (< 15)
waist,waist,1,unavailable,False,only 1 usable videos (< 15)
wage,wage,1,unavailable,False,only 1 usable videos (< 15)
voucher,voucher,1,unavailable,False,only 1 usable videos (< 15)
vomit,vomit,1,unavailable,False,only 1 usable videos (< 15)
voluntarily,voluntarily,1,unavailable,False,only 1 usable videos (< 15)
volleyball,volleyball,1,unavailable,False,only 1 usable videos (< 15)
volley ball,volley ball,1,unavailable,False,only 1 usable videos (< 15)
voit,voit,1,unavailable,False,only 1 usable videos (< 15)
water erosion,water erosion,1,unavailable,False,only 1 usable videos (< 15)
water bottle,water bottle,1,unavailable,False,only 1 usable videos (< 15)
wastage,wastage,1,unavailable,False,only 1 usable videos (< 15)
washroom,washroom,1,unavailable,False,only 1 usable videos (< 15)
washing machine,washing machine,1,unavailable,False,only 1 usable videos (< 15)
washerman,washerman,1,unavailable,False,only 1 usable videos (< 15)
washbasin,washbasin,1,unavailable,False,only 1 usable videos (< 15)
warning,warning,1,unavailable,False,only 1 usable videos (< 15)
warehouse,warehouse,1,unavailable,False,only 1 usable videos (< 15)
agave fillifera,agave fillifera,1,unavailable,False,only 1 usable videos (< 15)
afghanistan,afghanistan,1,unavailable,False,only 1 usable videos (< 15)
affirm,affirm,1,unavailable,False,only 1 usable videos (< 15)
affidavit,affidavit,1,unavailable,False,only 1 usable videos (< 15)
aeroplane sprayer,aeroplane sprayer,1,unavailable,False,only 1 usable videos (< 15)
advocate general,advocate general,1,unavailable,False,only 1 usable videos (< 15)
advocate,advocate,1,unavailable,False,only 1 usable videos (< 15)
adjustable screw,adjustable screw,1,unavailable,False,only 1 usable videos (< 15)
adjudge,adjudge,1,unavailable,False,only 1 usable videos (< 15)
adhesive,adhesive,1,unavailable,False,only 1 usable videos (< 15)
wavemotion,wavemotion,1,unavailable,False,only 1 usable videos (< 15)
wavegraph,wavegraph,1,unavailable,False,only 1 usable videos (< 15)
waveform,waveform,1,unavailable,False,only 1 usable videos (< 15)
wave length,wave length,1,unavailable,False,only 1 usable videos (< 15)
wattmeter,wattmeter,1,unavailable,False,only 1 usable videos (< 15)
watt,watt,1,unavailable,False,only 1 usable videos (< 15)
water pump,water pump,1,unavailable,False,only 1 usable videos (< 15)
water pollution,water pollution,1,unavailable,False,only 1 usable videos (< 15)
water pipe,water pipe,1,unavailable,False,only 1 usable videos (< 15)
water motor,water motor,1,unavailable,False,only 1 usable videos (< 15)
water logged hedges,water logged hedges,1,unavailable,False,only 1 usable videos (< 15)
water lifting equipments,water lifting equipments,1,unavailable,False,only 1 usable videos (< 15)
water filter,water filter,1,unavailable,False,only 1 usable videos (< 15)
weather,weather,1,unavailable,False,only 1 usable videos (< 15)
weapon,weapon,1,unavailable,False,only 1 usable videos (< 15)
wealthy,wealthy,1,unavailable,False,only 1 usable videos (< 15)
wealth,wealth,1,unavailable,False,only 1 usable videos (< 15)
ways,ways,1,unavailable,False,only 1 usable videos (< 15)
waxing,waxing,1,unavailable,False,only 1 usable videos (< 15)
wax,wax,1,unavailable,False,only 1 usable videos (< 15)
wavy hair,wavy hair,1,unavailable,False,only 1 usable videos (< 15)
advise,advise,1,unavailable,False,only 1 usable videos (< 15)
advantages of drainage,advantages of drainage,1,unavailable,False,only 1 usable videos (< 15)
adoptive parent,adoptive parent,1,unavailable,False,only 1 usable videos (< 15)
adoptive child,adoptive child,1,unavailable,False,only 1 usable videos (< 15)
adopt,adopt,1,unavailable,False,only 1 usable videos (< 15)
adobe acrobat reader,adobe acrobat reader,1,unavailable,False,only 1 usable videos (< 15)
admissible,admissible,1,unavailable,False,only 1 usable videos (< 15)
adjustment,adjustment,1,unavailable,False,only 1 usable videos (< 15)
actor,actor,1,unavailable,False,only 1 usable videos (< 15)
active,active,1,unavailable,False,only 1 usable videos (< 15)
acting,acting,1,unavailable,False,only 1 usable videos (< 15)
across,across,1,unavailable,False,only 1 usable videos (< 15)
acknowledgement,acknowledgement,1,unavailable,False,only 1 usable videos (< 15)
accuse,accuse,1,unavailable,False,only 1 usable videos (< 15)
accured,accured,1,unavailable,False,only 1 usable videos (< 15)
accurate,accurate,1,unavailable,False,only 1 usable videos (< 15)
welding hand screen,welding hand screen,1,unavailable,False,only 1 usable videos (< 15)
weightlifting,weightlifting,1,unavailable,False,only 1 usable videos (< 15)
weigh,weigh,1,unavailable,False,only 1 usable videos (< 15)
weekly return,weekly return,1,unavailable,False,only 1 usable videos (< 15)
weeds near to pond margin,weeds near to pond margin,1,unavailable,False,only 1 usable videos (< 15)
wedge,wedge,1,unavailable,False,only 1 usable videos (< 15)
web camera,web camera,1,unavailable,False,only 1 usable videos (< 15)
weave,weave,1,unavailable,False,only 1 usable videos (< 15)
white collar job,white collar job,1,unavailable,False,only 1 usable videos (< 15)
while,while,1,unavailable,False,only 1 usable videos (< 15)
when,when,1,unavailable,False,only 1 usable videos (< 15)
wheeled robots,wheeled robots,1,unavailable,False,only 1 usable videos (< 15)
wheat rust,wheat rust,1,unavailable,False,only 1 usable videos (< 15)
whatsapp,whatsapp,1,unavailable,False,only 1 usable videos (< 15)
whatever,whatever,1,unavailable,False,only 1 usable videos (< 15)
what is your name,what is your name,1,unavailable,False,only 1 usable videos (< 15)
what happened,what happened,1,unavailable,False,only 1 usable videos (< 15)
well,well,1,unavailable,False,only 1 usable videos (< 15)
additional,additional,1,unavailable,False,only 1 usable videos (< 15)
addendum,addendum,1,unavailable,False,only 1 usable videos (< 15)
ad infinitum,ad infinitum,1,unavailable,False,only 1 usable videos (< 15)
actuary,actuary,1,unavailable,False,only 1 usable videos (< 15)
actual,actual,1,unavailable,False,only 1 usable videos (< 15)
actress,actress,1,unavailable,False,only 1 usable videos (< 15)
account minor,account minor,1,unavailable,False,only 1 usable videos (< 15)
account margin,account margin,1,unavailable,False,only 1 usable videos (< 15)
account joint,account joint,1,unavailable,False,only 1 usable videos (< 15)
account inoperative,account inoperative,1,unavailable,False,only 1 usable videos (< 15)
account holder,account holder,1,unavailable,False,only 1 usable videos (< 15)
account head,account head,1,unavailable,False,only 1 usable videos (< 15)
account govemment,account govemment,1,unavailable,False,only 1 usable videos (< 15)
account discount,account discount,1,unavailable,False,only 1 usable videos (< 15)
account day,account day,1,unavailable,False,only 1 usable videos (< 15)
wide,wide,1,unavailable,False,only 1 usable videos (< 15)
wicketkeeper,wicketkeeper,1,unavailable,False,only 1 usable videos (< 15)
wicket,wicket,1,unavailable,False,only 1 usable videos (< 15)
whose,whose,1,unavailable,False,only 1 usable videos (< 15)
wholesale merchants,wholesale merchants,1,unavailable,False,only 1 usable videos (< 15)
wholesale,wholesale,1,unavailable,False,only 1 usable videos (< 15)
whiteboard,whiteboard,1,unavailable,False,only 1 usable videos (< 15)
window garden,window garden,1,unavailable,False,only 1 usable videos (< 15)
window dressing,window dressing,1,unavailable,False,only 1 usable videos (< 15)
winding up,winding up,1,unavailable,False,only 1 usable videos (< 15)
wind erosion,wind erosion,1,unavailable,False,only 1 usable videos (< 15)
wind energy,wind energy,1,unavailable,False,only 1 usable videos (< 15)
wind borne disease,wind borne disease,1,unavailable,False,only 1 usable videos (< 15)
will,will,1,unavailable,False,only 1 usable videos (< 15)
wild swine,wild swine,1,unavailable,False,only 1 usable videos (< 15)
wikipedia,wikipedia,1,unavailable,False,only 1 usable videos (< 15)
accumulated,accumulated,1,unavailable,False,only 1 usable videos (< 15)
accounts,accounts,1,unavailable,False,only 1 usable videos (< 15)
account suspence,account suspence,1,unavailable,False,only 1 usable videos (< 15)
account suit filed,account suit filed,1,unavailable,False,only 1 usable videos (< 15)
account rupee,account rupee,1,unavailable,False,only 1 usable videos (< 15)
account profit and loss,account profit and loss,1,unavailable,False,only 1 usable videos (< 15)
account payee only,account payee only,1,unavailable,False,only 1 usable videos (< 15)
accordion,accordion,1,unavailable,False,only 1 usable videos (< 15)
accommodation,accommodation,1,unavailable,False,only 1 usable videos (< 15)
accessories,accessories,1,unavailable,False,only 1 usable videos (< 15)
access,access,1,unavailable,False,only 1 usable videos (< 15)
women jail,women jail,1,unavailable,False,only 1 usable videos (< 15)
witness,witness,1,unavailable,False,only 1 usable videos (< 15)
without prejudice,without prejudice,1,unavailable,False,only 1 usable videos (< 15)
withhold,withhold,1,unavailable,False,only 1 usable videos (< 15)
withdrawal slip,withdrawal slip,1,unavailable,False,only 1 usable videos (< 15)
withdraw money from bank,withdraw money from bank,1,unavailable,False,only 1 usable videos (< 15)
with,with,1,unavailable,False,only 1 usable videos (< 15)
wish,wish,1,unavailable,False,only 1 usable videos (< 15)
wire stripper,wire stripper,1,unavailable,False,only 1 usable videos (< 15)
wire man,wire man,1,unavailable,False,only 1 usable videos (< 15)
wipe,wipe,1,unavailable,False,only 1 usable videos (< 15)
winter,winter,1,unavailable,False,only 1 usable videos (< 15)
working hours,working hours,1,unavailable,False,only 1 usable videos (< 15)
working capital,working capital,1,unavailable,False,only 1 usable videos (< 15)
words and figures,words and figures,1,unavailable,False,only 1 usable videos (< 15)
word pad,word pad,1,unavailable,False,only 1 usable videos (< 15)
woodpecker,woodpecker,1,unavailable,False,only 1 usable videos (< 15)
wood plane,wood plane,1,unavailable,False,only 1 usable videos (< 15)
account current,account current,1,unavailable,False,only 1 usable videos (< 15)
account currency,account currency,1,unavailable,False,only 1 usable videos (< 15)
account commission,account commission,1,unavailable,False,only 1 usable videos (< 15)
account closing,account closing,1,unavailable,False,only 1 usable videos (< 15)
account closed,account closed,1,unavailable,False,only 1 usable videos (< 15)
account charges,account charges,1,unavailable,False,only 1 usable videos (< 15)
account book,account book,1,unavailable,False,only 1 usable videos (< 15)
account blocked,account blocked,1,unavailable,False,only 1 usable videos (< 15)
account,account,1,unavailable,False,only 1 usable videos (< 15)
accordion pleats,accordion pleats,1,unavailable,False,only 1 usable videos (< 15)
yolk,yolk,1,unavailable,False,only 1 usable videos (< 15)
yahoo,yahoo,1,unavailable,False,only 1 usable videos (< 15)
xylophone,xylophone,1,unavailable,False,only 1 usable videos (< 15)
xbox,xbox,1,unavailable,False,only 1 usable videos (< 15)
x-ray,x-ray,1,unavailable,False,only 1 usable videos (< 15)
x ray,x ray,1,unavailable,False,only 1 usable videos (< 15)
written down value,written down value,1,unavailable,False,only 1 usable videos (< 15)
writer,writer,1,unavailable,False,only 1 usable videos (< 15)
writ,writ,1,unavailable,False,only 1 usable videos (< 15)
wrench,wrench,1,unavailable,False,only 1 usable videos (< 15)
woven,woven,1,unavailable,False,only 1 usable videos (< 15)
worth,worth,1,unavailable,False,only 1 usable videos (< 15)
world federation of the deaf youth section,world federation of the deaf youth section,1,unavailable,False,only 1 usable videos (< 15)
world federation of the deaf,world federation of the deaf,1,unavailable,False,only 1 usable videos (< 15)
world association of sign language interpreters,world association of sign language interpreters,1,unavailable,False,only 1 usable videos (< 15)
workshop,workshop,1,unavailable,False,only 1 usable videos (< 15)
acacia modesta,acacia modesta,1,unavailable,False,only 1 usable videos (< 15)
acacia fernesiana,acacia fernesiana,1,unavailable,False,only 1 usable videos (< 15)
abuttal,abuttal,1,unavailable,False,only 1 usable videos (< 15)
5g,5g,1,unavailable,False,only 1 usable videos (< 15)
abstract of account,abstract of account,1,unavailable,False,only 1 usable videos (< 15)
abstract,abstract,1,unavailable,False,only 1 usable videos (< 15)
abstention,abstention,1,unavailable,False,only 1 usable videos (< 15)
absorption of water,absorption of water,1,unavailable,False,only 1 usable videos (< 15)
absorption,absorption,1,unavailable,False,only 1 usable videos (< 15)
absorb,absorb,1,unavailable,False,only 1 usable videos (< 15)
absolve,absolve,1,unavailable,False,only 1 usable videos (< 15)
zero correction,zero correction,1,unavailable,False,only 1 usable videos (< 15)
zero,zero,1,unavailable,False,only 1 usable videos (< 15)
zambia,zambia,1,unavailable,False,only 1 usable videos (< 15)
yearly,yearly,1,unavailable,False,only 1 usable videos (< 15)
year under report,year under report,1,unavailable,False,only 1 usable videos (< 15)
abscond,abscond,1,unavailable,False,only 1 usable videos (< 15)
abrogate,abrogate,1,unavailable,False,only 1 usable videos (< 15)
abrasive,abrasive,1,unavailable,False,only 1 usable videos (< 15)
above,above,1,unavailable,False,only 1 usable videos (< 15)
zoom,zoom,1,unavailable,False,only 1 usable videos (< 15)
zone,zone,1,unavailable,False,only 1 usable videos (< 15)
zonal,zonal,1,unavailable,False,only 1 usable videos (< 15)
zipper foot,zipper foot,1,unavailable,False,only 1 usable videos (< 15)
zipper,zipper,1,unavailable,False,only 1 usable videos (< 15)
zinc sheet,zinc sheet,1,unavailable,False,only 1 usable videos (< 15)
zimbabwe,zimbabwe,1,unavailable,False,only 1 usable videos (< 15)
zigzag,zigzag,1,unavailable,False,only 1 usable videos (< 15)
zero error,zero error,1,unavailable,False,only 1 usable videos (< 15)
yoke,yoke,1,unavailable,False,only 1 usable videos (< 15)
yoga,yoga,1,unavailable,False,only 1 usable videos (< 15)
3g,3g,1,unavailable,False,only 1 usable videos (< 15)
